time,temperature_2m_max,temperature_2m_min,temperature_2m_mean,apparent_temperature_max,apparent_temperature_min,precipitation_sum,rain_sum,windspeed_10m_max,windgusts_10m_max,winddirection_10m_dominant,shortwave_radiation_sum,sunshine_duration,et0_fao_evapotranspiration,weathercode,city,latitude,longitude,region
2023-09-11,27.6,19.6,23.4,28.8,20.9,1.6,1.6,20.4,38.9,275,18.06,28640.79,4.04,53,Bengaluru,12.9716,77.5946,Karnataka
2023-09-12,28.8,20.0,23.6,30.0,21.0,2.5,2.5,22.5,42.8,282,21.18,38806.89,4.68,53,Bengaluru,12.9716,77.5946,Karnataka
2023-09-13,28.9,19.2,23.0,31.2,21.0,4.1,4.1,21.7,38.9,266,21.79,40015.42,4.5,61,Bengaluru,12.9716,77.5946,Karnataka
2023-09-14,28.8,19.1,22.9,31.2,20.7,0.6,0.6,19.9,38.9,258,19.21,36352.22,4.16,51,Bengaluru,12.9716,77.5946,Karnataka
2023-09-15,28.8,19.7,23.1,30.9,21.0,3.5,3.5,22.3,43.9,250,18.44,29483.39,3.94,55,Bengaluru,12.9716,77.5946,Karnataka
2023-09-16,28.6,20.0,23.5,30.9,21.5,5.8,5.8,25.4,48.2,257,17.8,30304.31,3.98,63,Bengaluru,12.9716,77.5946,Karnataka
2023-09-17,26.8,19.9,22.5,28.8,21.2,7.5,7.5,18.8,41.0,262,15.47,31701.2,3.15,63,Bengaluru,12.9716,77.5946,Karnataka
2023-09-18,28.8,19.5,22.8,32.4,21.1,4.8,4.8,25.8,44.6,261,19.36,31852.78,3.97,61,Bengaluru,12.9716,77.5946,Karnataka
2023-09-19,28.7,19.7,23.4,30.9,21.4,1.0,1.0,17.3,33.8,270,23.48,41789.29,4.82,51,Bengaluru,12.9716,77.5946,Karnataka
2023-09-20,28.7,19.1,23.3,32.4,20.8,0.3,0.3,17.8,33.5,262,21.41,41574.4,4.37,51,Bengaluru,12.9716,77.5946,Karnataka
2023-09-21,27.0,19.6,23.2,30.3,22.1,0.2,0.2,11.7,24.1,256,14.63,14944.5,3.04,51,Bengaluru,12.9716,77.5946,Karnataka
2023-09-22,28.6,19.6,23.2,33.9,21.8,6.2,6.2,16.3,44.6,260,22.11,37678.05,4.42,63,Bengaluru,12.9716,77.5946,Karnataka
2023-09-23,29.0,19.9,23.6,33.0,22.7,6.5,6.5,12.8,27.4,258,22.58,34720.98,4.63,63,Bengaluru,12.9716,77.5946,Karnataka
2023-09-24,27.1,19.9,23.0,29.3,21.8,7.5,7.5,18.4,35.3,280,16.29,29409.57,3.43,63,Bengaluru,12.9716,77.5946,Karnataka
2023-09-25,26.9,19.5,22.8,29.9,21.4,1.1,1.1,19.6,35.3,286,18.08,32614.6,3.62,53,Bengaluru,12.9716,77.5946,Karnataka
2023-09-26,28.4,19.5,23.3,31.7,21.6,1.8,1.8,14.9,29.5,265,21.71,39546.1,4.44,53,Bengaluru,12.9716,77.5946,Karnataka
2023-09-27,27.9,19.7,23.0,30.8,21.2,11.5,11.5,18.4,35.3,263,20.29,38964.58,4.17,63,Bengaluru,12.9716,77.5946,Karnataka
2023-09-28,27.1,19.0,21.9,30.8,20.6,9.4,9.4,19.7,37.1,244,16.38,27803.81,3.18,63,Bengaluru,12.9716,77.5946,Karnataka
2023-09-29,27.5,19.8,22.4,30.0,20.7,5.7,5.7,24.0,45.4,239,15.83,23611.1,3.35,63,Bengaluru,12.9716,77.5946,Karnataka
2023-09-30,28.2,19.5,23.0,30.1,20.4,2.7,2.7,25.7,48.6,238,21.15,39600.0,4.28,55,Bengaluru,12.9716,77.5946,Karnataka
2023-10-01,27.5,20.3,23.0,28.3,21.1,1.1,1.1,26.6,49.0,240,14.96,27214.28,3.46,51,Bengaluru,12.9716,77.5946,Karnataka
2023-10-02,28.1,19.8,23.5,29.1,20.8,0.3,0.3,23.1,43.2,268,22.14,40890.14,4.67,51,Bengaluru,12.9716,77.5946,Karnataka
2023-10-03,28.2,19.1,23.2,31.4,21.1,0.1,0.1,13.6,29.5,279,23.26,40674.6,4.73,51,Bengaluru,12.9716,77.5946,Karnataka
2023-10-04,28.2,19.0,23.5,31.6,21.1,0.4,0.4,10.3,24.1,293,22.29,40695.08,4.61,51,Bengaluru,12.9716,77.5946,Karnataka
2023-10-05,27.5,19.7,23.6,31.3,21.9,2.2,2.2,13.0,21.6,299,21.96,40478.63,4.45,51,Bengaluru,12.9716,77.5946,Karnataka
2023-10-06,29.5,20.2,24.5,32.8,22.2,1.5,1.5,9.7,18.7,304,21.89,38174.19,4.65,51,Bengaluru,12.9716,77.5946,Karnataka
2023-10-07,29.3,20.0,24.2,33.0,22.7,0.8,0.8,11.2,20.9,261,22.43,39808.06,4.66,51,Bengaluru,12.9716,77.5946,Karnataka
2023-10-08,29.7,20.2,23.9,33.9,22.7,14.4,14.4,12.0,23.4,166,19.88,37077.0,4.11,63,Bengaluru,12.9716,77.5946,Karnataka
2023-10-09,27.8,19.2,22.8,34.0,21.7,19.3,19.3,12.2,25.6,206,16.57,30184.29,3.3,63,Bengaluru,12.9716,77.5946,Karnataka
2023-10-10,28.7,19.5,23.3,33.9,22.4,1.9,1.9,9.2,24.1,210,19.9,36608.56,4.07,61,Bengaluru,12.9716,77.5946,Karnataka
2023-10-11,29.2,19.8,24.0,33.0,22.6,1.0,1.0,10.0,23.8,76,21.86,39600.0,4.49,51,Bengaluru,12.9716,77.5946,Karnataka
2023-10-12,30.0,19.9,24.1,31.6,21.6,0.3,0.3,13.7,28.1,98,23.33,40144.2,5.27,51,Bengaluru,12.9716,77.5946,Karnataka
2023-10-13,29.4,18.5,23.4,29.3,19.3,0.0,0.0,14.5,29.5,79,24.84,40401.86,5.61,3,Bengaluru,12.9716,77.5946,Karnataka
2023-10-14,29.2,18.4,23.7,31.0,19.9,0.0,0.0,12.6,28.4,87,23.84,39600.0,5.16,3,Bengaluru,12.9716,77.5946,Karnataka
2023-10-15,30.7,19.2,24.2,31.6,21.7,0.0,0.0,14.4,33.1,92,21.18,37066.46,4.87,3,Bengaluru,12.9716,77.5946,Karnataka
2023-10-16,30.0,20.8,24.3,32.3,22.0,0.4,0.4,19.1,36.4,105,21.16,39743.34,4.81,51,Bengaluru,12.9716,77.5946,Karnataka
2023-10-17,30.0,20.5,24.5,32.2,23.0,0.3,0.3,15.5,28.4,96,22.5,39600.0,5.12,51,Bengaluru,12.9716,77.5946,Karnataka
2023-10-18,30.4,19.1,24.3,31.1,18.8,0.0,0.0,16.7,34.2,82,23.19,39779.07,5.76,3,Bengaluru,12.9716,77.5946,Karnataka
2023-10-19,30.8,17.6,24.1,31.3,18.6,0.0,0.0,16.9,34.2,75,23.85,39600.0,5.72,3,Bengaluru,12.9716,77.5946,Karnataka
2023-10-20,31.1,18.9,24.7,31.1,20.6,0.0,0.0,17.4,35.6,84,23.79,39600.0,5.94,3,Bengaluru,12.9716,77.5946,Karnataka
2023-10-21,31.4,19.8,25.0,31.6,21.6,0.0,0.0,20.0,38.9,78,22.83,39600.0,5.79,3,Bengaluru,12.9716,77.5946,Karnataka
2023-10-22,31.6,19.1,24.9,32.2,20.2,0.0,0.0,13.8,29.5,59,22.31,38555.54,5.45,3,Bengaluru,12.9716,77.5946,Karnataka
2023-10-23,30.4,18.3,23.9,29.7,17.7,0.0,0.0,13.7,30.2,37,24.17,39861.11,6.11,3,Bengaluru,12.9716,77.5946,Karnataka
2023-10-24,29.9,17.0,23.5,30.5,15.1,0.0,0.0,11.5,24.5,46,24.52,39875.98,6.13,3,Bengaluru,12.9716,77.5946,Karnataka
2023-10-25,30.0,17.1,23.5,30.8,16.3,0.0,0.0,14.5,25.2,66,24.12,39648.86,5.78,3,Bengaluru,12.9716,77.5946,Karnataka
2023-10-26,30.0,16.5,23.7,30.4,16.7,0.0,0.0,13.8,25.9,74,23.83,39662.58,5.74,3,Bengaluru,12.9716,77.5946,Karnataka
2023-10-27,30.7,18.6,24.4,30.8,19.7,0.0,0.0,15.4,32.0,80,22.29,37624.49,5.44,3,Bengaluru,12.9716,77.5946,Karnataka
2023-10-28,30.9,20.3,25.0,32.2,22.7,0.0,0.0,15.9,31.3,103,21.33,39600.0,5.13,3,Bengaluru,12.9716,77.5946,Karnataka
2023-10-29,29.5,20.2,23.4,31.4,22.0,6.1,6.1,17.0,36.7,91,20.21,39600.0,4.43,61,Bengaluru,12.9716,77.5946,Karnataka
2023-10-30,28.7,19.5,23.3,30.3,21.7,4.1,4.1,18.5,40.0,97,18.3,34952.08,4.02,61,Bengaluru,12.9716,77.5946,Karnataka
2023-10-31,28.8,19.5,22.9,29.8,21.5,1.4,1.4,16.9,32.8,81,17.0,29153.45,3.84,53,Bengaluru,12.9716,77.5946,Karnataka
2023-11-01,29.4,18.9,23.5,30.9,20.5,1.3,1.3,13.7,28.8,79,18.14,34042.95,4.14,53,Bengaluru,12.9716,77.5946,Karnataka
2023-11-02,29.6,18.4,23.2,32.2,20.2,0.6,0.6,17.8,36.7,79,18.11,35517.24,4.05,51,Bengaluru,12.9716,77.5946,Karnataka
2023-11-03,30.0,20.7,23.6,32.6,22.8,2.0,2.0,17.8,37.4,85,20.48,36817.92,4.43,55,Bengaluru,12.9716,77.5946,Karnataka
2023-11-04,28.0,19.6,22.6,30.0,22.3,4.8,4.8,19.0,34.9,86,15.36,30761.23,3.27,61,Bengaluru,12.9716,77.5946,Karnataka
2023-11-05,27.8,19.3,22.2,31.0,21.0,22.6,22.6,13.1,26.3,98,14.32,25931.78,2.98,63,Bengaluru,12.9716,77.5946,Karnataka
2023-11-06,27.8,19.0,22.4,31.9,21.5,26.6,26.6,9.4,30.2,142,18.58,33835.73,3.68,65,Bengaluru,12.9716,77.5946,Karnataka
2023-11-07,27.1,18.9,22.0,30.9,21.6,9.2,9.2,16.3,28.4,78,14.79,25841.17,3.01,63,Bengaluru,12.9716,77.5946,Karnataka
2023-11-08,27.4,20.1,22.4,31.4,22.1,13.2,13.2,13.6,26.6,95,18.37,36398.83,3.63,65,Bengaluru,12.9716,77.5946,Karnataka
2023-11-09,27.2,19.6,22.2,29.8,21.9,6.4,6.4,17.3,37.4,92,16.2,37037.49,3.21,63,Bengaluru,12.9716,77.5946,Karnataka
2023-11-10,27.3,19.6,22.8,29.2,20.7,0.9,0.9,18.4,33.8,89,17.97,35770.24,3.87,51,Bengaluru,12.9716,77.5946,Karnataka
2023-11-11,28.1,16.9,21.9,27.6,17.3,0.0,0.0,18.5,35.6,78,22.43,39600.0,5.1,3,Bengaluru,12.9716,77.5946,Karnataka
2023-11-12,27.6,15.9,21.3,27.8,16.2,0.0,0.0,21.3,40.7,71,22.06,39600.0,4.8,3,Bengaluru,12.9716,77.5946,Karnataka
2023-11-13,27.2,16.0,21.5,27.4,16.4,0.0,0.0,21.4,40.3,65,22.02,39600.0,4.83,3,Bengaluru,12.9716,77.5946,Karnataka
2023-11-14,24.1,18.0,20.8,23.8,18.0,0.7,0.7,19.1,35.3,60,8.94,1055.7,2.43,51,Bengaluru,12.9716,77.5946,Karnataka
2023-11-15,27.4,18.2,22.0,28.9,19.3,1.0,1.0,15.6,31.3,58,16.62,31949.04,3.72,53,Bengaluru,12.9716,77.5946,Karnataka
2023-11-16,28.8,18.4,23.3,30.0,19.2,0.0,0.0,15.0,30.6,63,17.91,27140.28,4.24,3,Bengaluru,12.9716,77.5946,Karnataka
2023-11-17,29.7,19.0,23.4,31.4,20.6,0.0,0.0,15.7,32.8,87,19.09,37851.33,4.38,3,Bengaluru,12.9716,77.5946,Karnataka
2023-11-18,29.4,18.9,23.6,30.7,20.4,0.0,0.0,16.2,32.4,78,21.71,39600.0,4.97,3,Bengaluru,12.9716,77.5946,Karnataka
2023-11-19,29.2,17.3,22.7,29.2,17.5,0.0,0.0,19.4,37.8,79,19.87,39600.0,4.76,3,Bengaluru,12.9716,77.5946,Karnataka
2023-11-20,28.7,17.4,22.3,29.8,17.7,0.1,0.1,18.9,37.8,62,17.71,37994.23,4.12,51,Bengaluru,12.9716,77.5946,Karnataka
2023-11-21,28.4,19.0,22.7,30.8,20.2,3.5,3.5,19.7,37.4,44,17.54,37671.92,3.77,55,Bengaluru,12.9716,77.5946,Karnataka
2023-11-22,28.2,19.8,23.0,30.8,22.6,1.7,1.7,14.0,34.6,65,14.8,31634.06,3.15,53,Bengaluru,12.9716,77.5946,Karnataka
2023-11-23,27.1,19.6,22.1,29.8,21.5,5.4,5.4,16.7,34.2,109,14.46,29604.34,2.97,63,Bengaluru,12.9716,77.5946,Karnataka
2023-11-24,27.2,19.5,22.2,28.3,20.9,3.7,3.7,18.5,34.9,107,15.8,29706.24,3.36,63,Bengaluru,12.9716,77.5946,Karnataka
2023-11-25,27.5,19.5,22.5,28.3,20.9,1.5,1.5,22.0,41.4,92,17.26,39243.79,3.77,53,Bengaluru,12.9716,77.5946,Karnataka
2023-11-26,26.8,18.7,22.0,26.2,19.4,0.6,0.6,23.8,44.3,91,16.4,35770.73,3.69,51,Bengaluru,12.9716,77.5946,Karnataka
2023-11-27,26.5,19.4,22.3,27.8,20.7,1.9,1.9,19.3,36.7,102,15.8,39600.0,3.47,53,Bengaluru,12.9716,77.5946,Karnataka
2023-11-28,27.7,19.4,22.6,29.5,20.6,0.7,0.7,16.3,31.7,98,17.54,39600.0,3.81,51,Bengaluru,12.9716,77.5946,Karnataka
2023-11-29,28.2,19.7,22.5,29.6,21.0,0.5,0.5,19.8,38.2,82,16.8,35457.65,3.75,51,Bengaluru,12.9716,77.5946,Karnataka
2023-11-30,27.9,18.5,22.4,29.1,19.8,0.2,0.2,19.9,37.1,97,17.49,39452.2,3.87,51,Bengaluru,12.9716,77.5946,Karnataka
2023-12-01,28.0,19.3,22.2,29.7,20.8,2.9,2.9,17.1,32.8,72,16.02,37219.29,3.43,55,Bengaluru,12.9716,77.5946,Karnataka
2023-12-02,28.2,17.4,22.0,28.2,17.8,1.2,1.2,21.6,39.6,49,17.42,38687.74,3.91,55,Bengaluru,12.9716,77.5946,Karnataka
2023-12-03,26.5,19.6,22.0,26.7,20.6,2.8,2.8,25.6,47.5,33,12.9,21742.32,3.0,61,Bengaluru,12.9716,77.5946,Karnataka
2023-12-04,24.0,19.8,21.5,23.9,20.1,0.0,0.0,27.0,48.2,353,6.43,0.0,2.06,3,Bengaluru,12.9716,77.5946,Karnataka
2023-12-05,28.5,18.5,22.8,28.1,19.5,0.0,0.0,18.4,34.9,315,15.72,36580.75,3.77,3,Bengaluru,12.9716,77.5946,Karnataka
2023-12-06,28.4,17.1,22.5,30.7,18.1,0.0,0.0,9.4,22.3,312,20.68,39465.26,4.31,3,Bengaluru,12.9716,77.5946,Karnataka
2023-12-07,28.9,18.4,23.3,31.1,20.5,0.1,0.1,13.9,24.1,140,17.77,36000.0,3.86,51,Bengaluru,12.9716,77.5946,Karnataka
2023-12-08,28.4,19.8,22.9,31.1,21.7,1.9,1.9,14.0,28.4,105,14.61,33774.47,3.18,53,Bengaluru,12.9716,77.5946,Karnataka
2023-12-09,27.1,20.0,22.8,29.2,21.7,1.9,1.9,14.4,28.1,90,15.79,35595.82,3.46,51,Bengaluru,12.9716,77.5946,Karnataka
2023-12-10,28.3,18.9,23.0,30.2,19.7,0.0,0.0,14.6,30.6,88,16.03,28939.3,3.87,3,Bengaluru,12.9716,77.5946,Karnataka
2023-12-11,27.8,18.2,22.6,29.6,19.2,0.2,0.2,14.9,29.9,84,16.07,37380.68,3.64,51,Bengaluru,12.9716,77.5946,Karnataka
2023-12-12,28.1,18.4,22.3,29.1,18.1,0.0,0.0,15.2,27.7,76,19.59,36000.0,4.42,3,Bengaluru,12.9716,77.5946,Karnataka
2023-12-13,26.6,16.3,20.8,26.7,16.8,0.0,0.0,16.0,33.5,72,20.78,37506.02,4.44,3,Bengaluru,12.9716,77.5946,Karnataka
2023-12-14,26.2,16.8,21.2,26.7,16.9,0.0,0.0,18.3,34.9,84,19.3,38564.99,4.19,3,Bengaluru,12.9716,77.5946,Karnataka
2023-12-15,28.4,16.4,21.6,29.5,16.7,0.0,0.0,16.3,29.9,84,17.74,38319.79,3.91,3,Bengaluru,12.9716,77.5946,Karnataka
2023-12-16,28.6,18.8,22.5,28.6,20.3,0.7,0.7,19.5,39.2,83,16.62,39130.78,3.76,51,Bengaluru,12.9716,77.5946,Karnataka
2023-12-17,26.5,18.3,21.5,26.5,18.9,0.2,0.2,21.5,40.3,80,11.76,14098.19,2.92,51,Bengaluru,12.9716,77.5946,Karnataka
2023-12-18,26.6,18.5,21.5,26.1,18.0,0.0,0.0,21.6,39.6,83,16.21,32687.99,3.87,3,Bengaluru,12.9716,77.5946,Karnataka
2023-12-19,27.0,17.8,21.3,26.9,17.6,0.0,0.0,17.9,36.0,76,18.08,35162.18,4.09,3,Bengaluru,12.9716,77.5946,Karnataka
2023-12-20,27.0,17.1,21.1,26.6,16.8,0.0,0.0,17.9,33.5,87,15.57,37930.34,3.6,3,Bengaluru,12.9716,77.5946,Karnataka
2023-12-21,28.5,16.9,21.8,29.5,17.2,0.0,0.0,14.8,29.2,92,19.85,37899.97,4.24,3,Bengaluru,12.9716,77.5946,Karnataka
2023-12-22,28.5,17.8,22.3,29.5,19.0,0.0,0.0,14.0,27.4,66,20.45,36017.09,4.45,3,Bengaluru,12.9716,77.5946,Karnataka
2023-12-23,28.3,16.2,20.9,28.0,15.9,0.0,0.0,13.8,27.4,89,20.82,36261.67,4.56,3,Bengaluru,12.9716,77.5946,Karnataka
2023-12-24,28.9,14.0,20.9,29.5,14.0,0.0,0.0,17.9,31.7,87,20.23,39135.58,4.5,3,Bengaluru,12.9716,77.5946,Karnataka
2023-12-25,28.5,17.5,22.0,28.6,18.1,0.0,0.0,20.5,39.2,80,19.44,39352.81,4.45,3,Bengaluru,12.9716,77.5946,Karnataka
2023-12-26,28.0,14.5,20.7,25.5,14.7,0.0,0.0,19.1,37.4,81,21.72,39569.56,5.07,3,Bengaluru,12.9716,77.5946,Karnataka
2023-12-27,28.2,14.9,20.6,26.1,14.4,0.0,0.0,19.9,39.2,78,21.53,39527.13,4.97,3,Bengaluru,12.9716,77.5946,Karnataka
2023-12-28,28.0,15.4,21.1,28.0,15.4,0.0,0.0,18.9,37.1,90,19.94,36454.37,4.43,3,Bengaluru,12.9716,77.5946,Karnataka
2023-12-29,27.9,16.6,21.4,27.3,17.0,0.0,0.0,20.2,39.2,93,19.12,36000.0,4.35,3,Bengaluru,12.9716,77.5946,Karnataka
2023-12-30,27.8,17.4,21.5,28.2,17.7,0.0,0.0,15.6,31.3,97,20.74,36926.09,4.57,3,Bengaluru,12.9716,77.5946,Karnataka
2023-12-31,27.9,16.8,21.2,28.2,16.7,0.0,0.0,16.4,31.7,100,20.97,38409.23,4.55,3,Bengaluru,12.9716,77.5946,Karnataka
2024-01-01,28.4,16.6,21.7,29.4,16.8,0.0,0.0,19.1,32.4,104,20.84,38682.29,4.72,3,Bengaluru,12.9716,77.5946,Karnataka
2024-01-02,27.6,18.2,21.9,27.7,18.3,0.0,0.0,18.8,32.0,99,17.92,27758.88,4.4,3,Bengaluru,12.9716,77.5946,Karnataka
2024-01-03,27.4,16.4,21.5,28.1,16.3,0.0,0.0,16.9,29.2,95,18.0,33134.64,4.16,3,Bengaluru,12.9716,77.5946,Karnataka
2024-01-04,25.5,18.2,21.3,25.7,18.7,2.7,2.7,17.7,32.0,91,9.77,10405.69,2.77,61,Bengaluru,12.9716,77.5946,Karnataka
2024-01-05,27.0,18.6,22.4,28.5,19.5,0.2,0.2,16.2,27.7,108,16.81,37072.43,3.83,51,Bengaluru,12.9716,77.5946,Karnataka
2024-01-06,28.7,19.3,22.8,30.1,19.7,1.2,1.2,17.3,31.7,96,19.0,37576.84,4.32,51,Bengaluru,12.9716,77.5946,Karnataka
2024-01-07,27.8,17.0,22.1,27.9,17.8,0.0,0.0,18.1,36.0,85,19.63,37564.11,4.44,3,Bengaluru,12.9716,77.5946,Karnataka
2024-01-08,23.5,18.4,20.3,23.6,18.5,2.4,2.4,21.2,37.8,87,5.48,0.0,1.5,53,Bengaluru,12.9716,77.5946,Karnataka
2024-01-09,26.6,18.8,21.6,25.5,18.6,1.0,1.0,25.3,45.0,90,16.83,35529.98,3.83,51,Bengaluru,12.9716,77.5946,Karnataka
2024-01-10,25.0,17.2,20.9,24.3,16.7,0.0,0.0,19.1,36.7,96,11.4,22273.72,3.17,3,Bengaluru,12.9716,77.5946,Karnataka
2024-01-11,27.8,17.0,21.4,27.5,17.3,0.0,0.0,17.7,34.9,92,20.47,36790.76,4.7,3,Bengaluru,12.9716,77.5946,Karnataka
2024-01-12,27.3,15.6,20.8,26.0,14.7,0.0,0.0,23.4,44.3,93,21.33,40437.97,4.89,3,Bengaluru,12.9716,77.5946,Karnataka
2024-01-13,28.5,15.8,21.2,28.5,16.5,0.0,0.0,15.2,32.4,91,19.48,38162.64,4.31,3,Bengaluru,12.9716,77.5946,Karnataka
2024-01-14,28.4,16.9,21.7,28.7,17.7,0.0,0.0,16.5,34.2,68,21.26,35654.88,4.69,3,Bengaluru,12.9716,77.5946,Karnataka
2024-01-15,28.2,15.6,21.4,28.9,15.7,0.0,0.0,14.0,28.1,84,21.85,40748.66,4.72,3,Bengaluru,12.9716,77.5946,Karnataka
2024-01-16,28.3,15.7,21.5,29.0,16.4,0.0,0.0,15.5,25.9,99,21.91,38340.36,4.61,3,Bengaluru,12.9716,77.5946,Karnataka
2024-01-17,28.4,15.9,21.7,29.7,16.2,0.0,0.0,16.5,27.4,123,21.94,40795.99,4.83,3,Bengaluru,12.9716,77.5946,Karnataka
2024-01-18,28.9,16.6,22.2,29.9,16.8,0.0,0.0,14.4,25.2,139,21.39,37148.36,4.77,3,Bengaluru,12.9716,77.5946,Karnataka
2024-01-19,29.4,17.5,22.8,30.5,17.6,0.0,0.0,18.7,32.0,108,21.11,35004.73,4.93,3,Bengaluru,12.9716,77.5946,Karnataka
2024-01-20,29.2,16.6,22.5,30.2,16.2,0.0,0.0,18.1,33.1,109,20.24,38952.88,4.75,3,Bengaluru,12.9716,77.5946,Karnataka
2024-01-21,29.2,17.0,22.8,30.3,16.7,0.0,0.0,15.3,29.2,108,22.03,40588.92,5.12,3,Bengaluru,12.9716,77.5946,Karnataka
2024-01-22,29.2,17.0,23.0,30.4,18.3,0.0,0.0,18.3,30.6,111,21.97,40928.97,5.01,3,Bengaluru,12.9716,77.5946,Karnataka
2024-01-23,29.1,17.0,22.7,30.7,18.1,0.0,0.0,16.6,28.1,122,22.19,40957.73,4.89,3,Bengaluru,12.9716,77.5946,Karnataka
2024-01-24,29.7,17.3,23.0,30.9,18.4,0.0,0.0,15.4,27.7,157,21.04,38292.86,4.7,3,Bengaluru,12.9716,77.5946,Karnataka
2024-01-25,28.6,17.6,23.1,29.9,18.9,0.0,0.0,17.5,29.2,122,17.84,36000.0,4.48,3,Bengaluru,12.9716,77.5946,Karnataka
2024-01-26,28.3,16.9,22.0,27.1,16.9,0.0,0.0,19.1,37.8,96,22.8,40716.86,5.31,3,Bengaluru,12.9716,77.5946,Karnataka
2024-01-27,28.4,16.2,21.6,26.9,16.2,0.0,0.0,18.4,37.4,87,22.68,40990.08,5.28,3,Bengaluru,12.9716,77.5946,Karnataka
2024-01-28,28.4,16.0,21.6,28.1,16.1,0.0,0.0,15.7,33.1,99,21.5,38151.13,4.95,3,Bengaluru,12.9716,77.5946,Karnataka
2024-01-29,28.2,16.7,21.6,27.6,16.5,0.0,0.0,16.8,29.5,86,23.01,38736.17,5.12,3,Bengaluru,12.9716,77.5946,Karnataka
2024-01-30,29.2,15.1,21.7,30.8,14.8,0.0,0.0,15.1,25.2,91,22.86,41174.36,4.87,3,Bengaluru,12.9716,77.5946,Karnataka
2024-01-31,29.6,16.8,22.9,30.8,17.0,0.0,0.0,16.2,27.7,122,22.75,39822.13,5.11,3,Bengaluru,12.9716,77.5946,Karnataka
2024-02-01,30.0,18.4,23.4,31.2,18.9,0.0,0.0,14.9,24.1,192,22.83,40337.57,5.01,3,Bengaluru,12.9716,77.5946,Karnataka
2024-02-02,30.6,18.9,23.9,32.3,20.8,0.0,0.0,13.9,25.6,161,21.78,36897.41,4.91,3,Bengaluru,12.9716,77.5946,Karnataka
2024-02-03,30.4,19.4,24.3,31.1,20.3,0.0,0.0,19.5,32.8,109,19.82,37065.01,5.07,3,Bengaluru,12.9716,77.5946,Karnataka
2024-02-04,29.7,17.9,23.3,29.6,17.7,0.0,0.0,18.8,35.3,97,23.06,41341.92,5.7,3,Bengaluru,12.9716,77.5946,Karnataka
2024-02-05,30.6,16.7,23.1,29.9,16.4,0.0,0.0,15.4,31.3,94,23.57,41377.27,5.94,2,Bengaluru,12.9716,77.5946,Karnataka
2024-02-06,32.2,15.8,23.6,30.3,16.6,0.0,0.0,18.6,37.8,87,23.75,41413.25,6.23,0,Bengaluru,12.9716,77.5946,Karnataka
2024-02-07,32.6,16.8,24.4,30.4,17.4,0.0,0.0,18.6,37.4,86,23.94,41449.81,6.68,0,Bengaluru,12.9716,77.5946,Karnataka
2024-02-08,32.9,17.0,24.8,31.1,16.6,0.0,0.0,17.7,36.7,89,24.04,41486.92,6.91,3,Bengaluru,12.9716,77.5946,Karnataka
2024-02-09,32.3,17.1,24.5,31.4,17.7,0.0,0.0,17.5,33.5,100,23.91,41524.52,6.47,3,Bengaluru,12.9716,77.5946,Karnataka
2024-02-10,30.8,17.1,23.4,30.5,17.5,0.0,0.0,19.5,37.8,102,23.88,41562.58,5.8,3,Bengaluru,12.9716,77.5946,Karnataka
2024-02-11,30.5,17.4,23.2,29.5,18.1,0.0,0.0,18.6,38.2,102,23.94,39224.57,5.84,3,Bengaluru,12.9716,77.5946,Karnataka
2024-02-12,30.8,15.8,22.7,28.5,15.6,0.0,0.0,18.4,37.8,95,24.54,40208.89,6.3,3,Bengaluru,12.9716,77.5946,Karnataka
2024-02-13,30.7,16.4,23.2,30.2,16.8,0.0,0.0,17.3,33.1,102,24.19,41679.09,5.82,3,Bengaluru,12.9716,77.5946,Karnataka
2024-02-14,30.7,17.9,23.8,30.7,18.5,0.0,0.0,18.2,34.2,100,23.26,40461.19,5.9,3,Bengaluru,12.9716,77.5946,Karnataka
2024-02-15,30.8,17.0,23.5,29.1,15.4,0.0,0.0,18.4,37.4,97,24.45,41393.18,6.67,3,Bengaluru,12.9716,77.5946,Karnataka
2024-02-16,29.8,16.7,22.9,29.5,15.5,0.0,0.0,20.7,40.3,96,24.19,41798.22,6.07,3,Bengaluru,12.9716,77.5946,Karnataka
2024-02-17,31.3,17.1,24.0,30.3,15.5,0.0,0.0,19.3,33.1,99,24.69,41838.34,6.71,2,Bengaluru,12.9716,77.5946,Karnataka
2024-02-18,32.1,17.6,24.8,31.9,16.3,0.0,0.0,20.0,33.5,96,24.61,41878.58,6.36,3,Bengaluru,12.9716,77.5946,Karnataka
2024-02-19,31.0,17.3,24.3,30.9,17.9,0.0,0.0,19.0,34.9,109,23.97,41918.93,6.2,3,Bengaluru,12.9716,77.5946,Karnataka
2024-02-20,31.6,18.8,25.3,32.0,18.7,0.0,0.0,18.6,32.4,121,24.56,41959.34,6.0,3,Bengaluru,12.9716,77.5946,Karnataka
2024-02-21,32.1,19.7,25.7,33.8,21.2,0.0,0.0,13.1,27.7,202,23.22,41999.77,5.62,2,Bengaluru,12.9716,77.5946,Karnataka
2024-02-22,32.4,19.4,25.8,33.5,20.8,0.0,0.0,9.9,24.8,241,24.33,42040.16,5.81,3,Bengaluru,12.9716,77.5946,Karnataka
2024-02-23,32.7,18.5,25.6,33.3,19.2,0.0,0.0,12.6,23.8,247,25.01,42080.72,6.17,3,Bengaluru,12.9716,77.5946,Karnataka
2024-02-24,31.8,19.5,25.8,33.1,20.0,0.0,0.0,16.1,27.4,158,20.39,41819.47,5.32,3,Bengaluru,12.9716,77.5946,Karnataka
2024-02-25,32.1,20.2,25.5,32.5,20.4,0.0,0.0,21.4,36.4,121,24.04,42163.12,6.35,3,Bengaluru,12.9716,77.5946,Karnataka
2024-02-26,31.2,17.8,24.0,30.5,17.6,0.0,0.0,22.1,42.8,107,24.31,42204.89,6.18,3,Bengaluru,12.9716,77.5946,Karnataka
2024-02-27,31.1,18.0,24.2,31.9,18.5,0.0,0.0,19.3,35.3,102,24.64,41871.93,6.08,3,Bengaluru,12.9716,77.5946,Karnataka
2024-02-28,32.6,17.2,24.8,30.5,18.2,0.0,0.0,18.1,35.3,92,25.84,42289.37,7.0,3,Bengaluru,12.9716,77.5946,Karnataka
2024-02-29,32.2,16.4,24.5,30.1,15.4,0.0,0.0,19.9,40.0,97,26.0,42332.02,7.49,3,Bengaluru,12.9716,77.5946,Karnataka
2024-03-01,32.4,16.7,24.6,30.6,16.6,0.0,0.0,18.9,38.9,106,25.59,42374.89,7.06,3,Bengaluru,12.9716,77.5946,Karnataka
2024-03-02,32.5,17.6,25.1,31.3,17.3,0.0,0.0,18.9,38.9,125,25.21,41255.95,6.94,3,Bengaluru,12.9716,77.5946,Karnataka
2024-03-03,32.7,18.4,25.4,33.0,19.6,0.0,0.0,17.1,29.9,117,25.37,42461.16,6.54,3,Bengaluru,12.9716,77.5946,Karnataka
2024-03-04,34.4,18.9,26.6,35.3,19.6,0.0,0.0,17.4,28.8,133,25.5,42504.5,6.41,3,Bengaluru,12.9716,77.5946,Karnataka
2024-03-05,34.3,18.9,26.7,33.8,20.3,0.0,0.0,20.8,36.0,125,25.7,42547.94,6.98,3,Bengaluru,12.9716,77.5946,Karnataka
2024-03-06,34.5,20.0,27.1,35.8,20.6,0.0,0.0,20.0,33.5,160,23.89,38265.07,6.41,3,Bengaluru,12.9716,77.5946,Karnataka
2024-03-07,34.5,19.9,27.3,35.2,20.0,0.0,0.0,15.5,26.3,148,25.53,42111.46,6.49,3,Bengaluru,12.9716,77.5946,Karnataka
2024-03-08,33.6,20.8,26.9,34.8,21.6,0.0,0.0,14.8,28.8,181,21.92,42678.44,5.53,3,Bengaluru,12.9716,77.5946,Karnataka
2024-03-09,33.4,20.5,27.6,35.4,21.3,0.0,0.0,17.8,35.3,142,19.87,33736.96,5.78,3,Bengaluru,12.9716,77.5946,Karnataka
2024-03-10,33.3,22.3,27.5,35.0,23.7,0.0,0.0,22.5,38.5,138,18.07,23735.16,5.56,3,Bengaluru,12.9716,77.5946,Karnataka
2024-03-11,33.9,20.8,27.3,34.1,21.1,0.0,0.0,19.6,35.6,115,21.81,35281.01,6.67,3,Bengaluru,12.9716,77.5946,Karnataka
2024-03-12,34.2,20.3,27.3,34.6,21.5,0.0,0.0,16.8,29.5,133,25.51,42851.77,6.91,3,Bengaluru,12.9716,77.5946,Karnataka
2024-03-13,34.6,21.7,27.9,36.9,21.7,0.0,0.0,16.8,31.7,168,21.82,39666.1,5.79,3,Bengaluru,12.9716,77.5946,Karnataka
2024-03-14,34.1,21.7,27.9,36.6,21.6,0.0,0.0,15.8,31.0,197,24.51,42937.51,6.15,3,Bengaluru,12.9716,77.5946,Karnataka
2024-03-15,34.8,21.8,28.6,35.4,23.1,0.0,0.0,19.6,33.1,154,20.88,32782.27,6.54,3,Bengaluru,12.9716,77.5946,Karnataka
2024-03-16,35.5,22.6,28.3,36.6,24.1,0.0,0.0,17.8,34.6,140,25.08,41857.88,7.25,3,Bengaluru,12.9716,77.5946,Karnataka
2024-03-17,34.6,20.6,27.4,33.9,22.5,0.0,0.0,19.4,34.2,126,24.45,43020.17,7.02,2,Bengaluru,12.9716,77.5946,Karnataka
2024-03-18,34.8,20.0,27.2,35.9,21.4,0.0,0.0,15.6,31.7,138,24.29,41622.92,6.83,3,Bengaluru,12.9716,77.5946,Karnataka
2024-03-19,34.4,20.8,27.3,35.2,21.2,0.0,0.0,20.3,36.4,127,24.24,43028.43,6.95,3,Bengaluru,12.9716,77.5946,Karnataka
2024-03-20,35.2,20.2,27.3,36.6,20.7,0.0,0.0,18.8,33.1,131,25.43,42848.24,6.95,3,Bengaluru,12.9716,77.5946,Karnataka
2024-03-21,32.7,20.0,25.8,33.5,20.8,0.0,0.0,19.6,33.1,105,22.28,42630.11,6.1,3,Bengaluru,12.9716,77.5946,Karnataka
2024-03-22,34.1,20.0,26.8,34.9,21.9,0.0,0.0,18.8,33.1,93,25.11,43039.09,6.61,2,Bengaluru,12.9716,77.5946,Karnataka
2024-03-23,34.6,19.4,27.2,34.1,21.5,0.0,0.0,18.8,34.2,102,26.42,43042.36,7.45,2,Bengaluru,12.9716,77.5946,Karnataka
2024-03-24,35.0,19.7,27.5,33.7,19.7,0.0,0.0,17.2,36.0,118,26.77,43045.57,7.87,3,Bengaluru,12.9716,77.5946,Karnataka
2024-03-25,35.5,19.3,27.6,33.8,20.7,0.0,0.0,20.0,38.2,105,25.68,42604.1,7.63,1,Bengaluru,12.9716,77.5946,Karnataka
2024-03-26,35.5,19.9,27.5,33.8,21.1,0.0,0.0,19.9,40.0,104,26.78,43051.98,7.77,2,Bengaluru,12.9716,77.5946,Karnataka
2024-03-27,35.0,18.9,26.9,32.8,19.5,0.0,0.0,19.5,40.3,104,27.17,43055.26,7.58,1,Bengaluru,12.9716,77.5946,Karnataka
2024-03-28,35.3,19.8,27.7,35.1,21.6,0.0,0.0,16.3,34.9,112,26.76,43058.66,7.44,3,Bengaluru,12.9716,77.5946,Karnataka
2024-03-29,36.0,21.3,28.5,34.7,22.1,0.0,0.0,18.8,39.6,123,26.26,43062.22,7.82,3,Bengaluru,12.9716,77.5946,Karnataka
2024-03-30,35.7,20.7,28.2,34.3,20.6,0.0,0.0,20.2,39.2,117,27.02,43065.98,7.7,3,Bengaluru,12.9716,77.5946,Karnataka
2024-03-31,35.5,20.2,27.5,36.0,20.5,0.0,0.0,15.2,32.4,130,26.93,43069.99,7.29,3,Bengaluru,12.9716,77.5946,Karnataka
2024-04-01,36.1,20.4,28.1,37.8,22.7,0.0,0.0,13.5,24.8,142,26.63,43074.29,6.41,2,Bengaluru,12.9716,77.5946,Karnataka
2024-04-02,36.8,22.7,29.3,36.7,24.0,0.0,0.0,17.9,31.0,127,26.4,43078.86,7.66,3,Bengaluru,12.9716,77.5946,Karnataka
2024-04-03,36.7,21.7,29.0,36.5,22.5,0.0,0.0,18.1,34.9,133,27.0,43083.37,7.87,1,Bengaluru,12.9716,77.5946,Karnataka
2024-04-04,36.5,22.0,29.0,35.1,22.5,0.0,0.0,14.7,33.8,122,27.35,43087.8,7.8,3,Bengaluru,12.9716,77.5946,Karnataka
2024-04-05,37.5,22.3,29.4,35.6,22.0,0.0,0.0,20.0,39.2,121,26.91,43092.18,8.09,3,Bengaluru,12.9716,77.5946,Karnataka
2024-04-06,37.4,21.4,29.8,35.9,20.6,0.0,0.0,20.5,42.1,128,26.99,43096.54,8.34,3,Bengaluru,12.9716,77.5946,Karnataka
2024-04-07,37.1,22.4,29.6,35.9,22.0,0.0,0.0,17.9,36.0,139,27.18,43100.92,8.23,3,Bengaluru,12.9716,77.5946,Karnataka
2024-04-08,37.0,21.6,29.3,36.6,20.8,0.0,0.0,20.3,36.7,130,27.33,43105.35,8.08,3,Bengaluru,12.9716,77.5946,Karnataka
2024-04-09,35.4,21.5,28.4,35.0,19.9,0.0,0.0,18.2,34.6,120,27.23,43109.86,8.18,3,Bengaluru,12.9716,77.5946,Karnataka
2024-04-10,35.6,20.7,28.3,34.8,21.1,0.0,0.0,18.1,34.9,107,27.34,43114.48,8.0,3,Bengaluru,12.9716,77.5946,Karnataka
2024-04-11,35.7,20.6,28.5,35.3,22.7,0.0,0.0,22.3,38.9,120,27.01,43119.24,7.53,3,Bengaluru,12.9716,77.5946,Karnataka
2024-04-12,34.7,21.9,27.6,35.9,23.8,0.1,0.1,21.4,37.8,117,22.81,43124.18,6.52,51,Bengaluru,12.9716,77.5946,Karnataka
2024-04-13,35.0,21.4,27.8,34.8,23.7,0.0,0.0,27.1,46.4,123,25.05,38240.96,7.28,3,Bengaluru,12.9716,77.5946,Karnataka
2024-04-14,35.3,20.7,28.0,34.7,23.0,0.0,0.0,19.1,38.5,104,26.87,43134.69,7.68,3,Bengaluru,12.9716,77.5946,Karnataka
2024-04-15,36.0,20.7,28.4,34.7,20.1,0.0,0.0,20.6,39.2,102,27.2,43140.33,8.26,3,Bengaluru,12.9716,77.5946,Karnataka
2024-04-16,36.3,19.9,28.6,35.3,21.8,0.0,0.0,18.6,36.4,118,27.04,43146.27,7.76,3,Bengaluru,12.9716,77.5946,Karnataka
2024-04-17,37.6,22.7,29.7,38.2,23.2,0.0,0.0,16.0,31.3,136,25.61,43152.53,7.53,3,Bengaluru,12.9716,77.5946,Karnataka
2024-04-18,37.8,22.9,30.4,38.0,23.9,0.0,0.0,17.1,32.4,127,24.35,43159.14,7.28,3,Bengaluru,12.9716,77.5946,Karnataka
2024-04-19,38.1,24.1,31.0,38.4,26.5,0.0,0.0,16.3,34.6,138,25.37,43166.14,7.55,3,Bengaluru,12.9716,77.5946,Karnataka
2024-04-20,37.2,23.8,30.3,37.4,25.8,0.0,0.0,16.6,34.2,87,22.95,39600.0,6.42,3,Bengaluru,12.9716,77.5946,Karnataka
2024-04-21,37.1,22.9,30.3,37.5,24.6,0.0,0.0,16.8,35.3,95,25.37,43181.42,7.64,3,Bengaluru,12.9716,77.5946,Karnataka
2024-04-22,37.7,23.1,30.2,38.6,24.5,0.0,0.0,20.2,37.8,143,26.18,43189.72,7.61,3,Bengaluru,12.9716,77.5946,Karnataka
2024-04-23,37.3,22.2,29.8,35.9,22.0,0.0,0.0,18.9,38.9,130,27.29,43198.32,8.3,3,Bengaluru,12.9716,77.5946,Karnataka
2024-04-24,36.9,22.0,29.8,35.2,22.9,0.0,0.0,19.0,40.0,136,27.27,43200.0,8.31,3,Bengaluru,12.9716,77.5946,Karnataka
2024-04-25,37.5,22.6,30.3,36.6,22.0,0.0,0.0,25.3,43.9,117,25.36,36691.51,8.13,3,Bengaluru,12.9716,77.5946,Karnataka
2024-04-26,37.2,22.6,30.1,35.9,24.0,0.0,0.0,22.4,39.6,126,26.69,43200.0,8.29,3,Bengaluru,12.9716,77.5946,Karnataka
2024-04-27,37.7,21.4,29.9,35.9,22.0,0.0,0.0,18.9,38.2,118,27.39,43200.0,8.16,1,Bengaluru,12.9716,77.5946,Karnataka
2024-04-28,38.6,22.3,30.4,37.4,23.8,0.0,0.0,18.4,37.4,121,27.17,43200.0,8.23,3,Bengaluru,12.9716,77.5946,Karnataka
2024-04-29,38.0,24.0,30.4,39.0,25.0,0.0,0.0,16.9,36.4,145,26.74,43200.0,7.74,3,Bengaluru,12.9716,77.5946,Karnataka
2024-04-30,38.6,23.7,30.8,39.6,25.3,0.0,0.0,15.9,34.6,144,26.66,43200.0,7.85,3,Bengaluru,12.9716,77.5946,Karnataka
2024-05-01,39.5,23.2,31.5,41.1,25.8,0.0,0.0,14.3,29.2,236,25.42,42018.1,6.49,3,Bengaluru,12.9716,77.5946,Karnataka
2024-05-02,37.9,24.7,31.0,41.3,27.6,0.6,0.6,18.1,35.3,202,23.86,42465.69,6.56,53,Bengaluru,12.9716,77.5946,Karnataka
2024-05-03,37.5,24.7,29.7,41.9,27.2,0.2,0.2,19.4,38.2,218,20.86,37218.72,5.92,51,Bengaluru,12.9716,77.5946,Karnataka
2024-05-04,37.9,23.2,29.4,39.5,26.9,0.1,0.1,18.2,42.5,236,21.82,36217.58,6.19,51,Bengaluru,12.9716,77.5946,Karnataka
2024-05-05,37.7,23.2,30.1,38.5,25.3,0.0,0.0,17.4,33.5,233,22.64,38512.72,6.79,3,Bengaluru,12.9716,77.5946,Karnataka
2024-05-06,39.3,23.3,30.4,42.0,25.1,0.0,0.0,15.9,32.8,224,22.95,41791.88,6.27,3,Bengaluru,12.9716,77.5946,Karnataka
2024-05-07,35.9,23.6,29.2,38.9,26.3,0.1,0.1,13.6,30.6,237,22.77,38503.64,5.99,51,Bengaluru,12.9716,77.5946,Karnataka
2024-05-08,34.0,21.5,27.6,36.2,22.8,6.2,6.2,18.2,37.8,105,21.38,41127.32,5.51,63,Bengaluru,12.9716,77.5946,Karnataka
2024-05-09,32.8,22.6,27.3,37.0,24.0,4.5,4.5,16.3,31.0,153,21.18,40805.13,5.13,61,Bengaluru,12.9716,77.5946,Karnataka
2024-05-10,33.0,22.4,26.6,37.1,25.0,6.0,6.0,17.0,34.6,150,22.2,36728.33,5.32,63,Bengaluru,12.9716,77.5946,Karnataka
2024-05-11,34.0,21.7,27.4,37.6,24.5,0.0,0.0,16.7,33.1,129,24.03,39615.96,5.97,3,Bengaluru,12.9716,77.5946,Karnataka
2024-05-12,31.8,22.0,26.2,36.6,24.3,5.8,5.8,18.1,36.4,138,21.73,42348.35,4.92,63,Bengaluru,12.9716,77.5946,Karnataka
2024-05-13,32.7,20.8,26.1,36.4,23.5,4.9,4.9,15.5,29.9,103,24.43,42207.76,5.6,63,Bengaluru,12.9716,77.5946,Karnataka
2024-05-14,29.2,21.6,24.9,35.3,24.6,16.2,16.2,10.0,25.9,135,15.53,26610.77,3.5,65,Bengaluru,12.9716,77.5946,Karnataka
2024-05-15,32.2,21.2,26.2,35.3,24.0,1.0,1.0,18.7,32.8,77,24.75,43200.0,5.76,53,Bengaluru,12.9716,77.5946,Karnataka
2024-05-16,27.2,21.3,24.5,30.0,24.9,2.8,2.8,12.8,22.0,163,11.83,9511.76,2.84,61,Bengaluru,12.9716,77.5946,Karnataka
2024-05-17,29.3,20.9,24.1,34.0,23.0,15.0,15.0,14.3,33.1,9,16.33,23938.19,3.44,65,Bengaluru,12.9716,77.5946,Karnataka
2024-05-18,29.3,21.1,24.1,33.8,24.9,19.5,19.5,17.8,33.5,87,15.94,25302.3,3.29,65,Bengaluru,12.9716,77.5946,Karnataka
2024-05-19,29.3,21.5,24.3,34.9,24.9,9.1,9.1,6.5,21.6,35,16.52,23320.36,3.43,63,Bengaluru,12.9716,77.5946,Karnataka
2024-05-20,27.6,21.1,23.8,31.6,24.1,25.2,25.2,17.9,35.6,72,13.86,20490.55,2.89,65,Bengaluru,12.9716,77.5946,Karnataka
2024-05-21,29.8,21.4,24.2,33.0,24.8,10.5,10.5,17.7,36.0,58,17.42,27185.7,3.62,63,Bengaluru,12.9716,77.5946,Karnataka
2024-05-22,29.8,21.2,24.9,32.3,23.9,12.9,12.9,19.3,40.7,49,18.55,34915.79,4.11,63,Bengaluru,12.9716,77.5946,Karnataka
2024-05-23,31.5,20.5,25.8,36.8,24.1,0.7,0.7,15.7,29.2,74,22.06,37350.52,4.79,53,Bengaluru,12.9716,77.5946,Karnataka
2024-05-24,29.8,21.8,24.8,35.8,25.1,3.5,3.5,16.0,34.9,262,13.34,19491.9,2.99,55,Bengaluru,12.9716,77.5946,Karnataka
2024-05-25,29.7,22.0,25.1,30.2,22.8,0.5,0.5,21.9,41.0,272,15.59,24968.41,4.12,51,Bengaluru,12.9716,77.5946,Karnataka
2024-05-26,29.2,21.7,24.7,30.3,21.5,2.4,2.4,27.2,49.7,277,19.74,34109.58,5.08,61,Bengaluru,12.9716,77.5946,Karnataka
2024-05-27,30.6,20.7,25.5,32.7,21.6,0.0,0.0,23.8,44.3,271,23.94,39600.0,5.71,3,Bengaluru,12.9716,77.5946,Karnataka
2024-05-28,32.2,21.4,25.7,34.6,22.5,0.0,0.0,21.7,41.4,266,25.09,43200.0,5.91,3,Bengaluru,12.9716,77.5946,Karnataka
2024-05-29,32.1,20.5,26.3,34.9,22.1,0.2,0.2,22.3,39.2,276,24.48,39519.83,5.81,51,Bengaluru,12.9716,77.5946,Karnataka
2024-05-30,32.2,21.4,26.0,35.7,23.2,2.4,2.4,17.1,37.1,283,23.46,39781.11,5.47,61,Bengaluru,12.9716,77.5946,Karnataka
2024-05-31,32.2,21.6,26.5,34.8,24.4,1.2,1.2,17.7,34.6,294,20.35,30236.78,4.95,53,Bengaluru,12.9716,77.5946,Karnataka
2024-06-01,32.2,22.4,25.5,37.7,25.5,28.0,28.0,16.0,33.1,262,20.48,37733.54,4.38,65,Bengaluru,12.9716,77.5946,Karnataka
2024-06-02,30.9,22.5,25.5,35.7,25.9,10.3,10.3,11.8,32.0,306,22.32,41813.67,4.6,63,Bengaluru,12.9716,77.5946,Karnataka
2024-06-03,28.4,22.1,24.7,32.2,25.1,0.6,0.6,13.0,27.4,296,17.19,28920.35,3.67,51,Bengaluru,12.9716,77.5946,Karnataka
2024-06-04,29.4,21.3,24.6,33.5,24.6,7.1,7.1,13.4,27.4,239,18.5,30594.69,3.91,61,Bengaluru,12.9716,77.5946,Karnataka
2024-06-05,27.6,20.9,23.8,31.0,24.4,20.8,20.8,11.0,27.4,253,15.44,23031.6,3.17,65,Bengaluru,12.9716,77.5946,Karnataka
2024-06-06,28.1,21.5,23.7,31.3,24.9,8.4,8.4,20.7,36.7,249,12.36,9589.09,2.66,61,Bengaluru,12.9716,77.5946,Karnataka
2024-06-07,27.1,21.3,23.3,29.3,24.5,7.2,7.2,21.9,42.5,231,17.32,24509.1,3.42,63,Bengaluru,12.9716,77.5946,Karnataka
2024-06-08,28.8,20.7,23.8,31.5,22.3,1.9,1.9,22.7,46.8,238,21.21,35907.91,4.46,53,Bengaluru,12.9716,77.5946,Karnataka
2024-06-09,27.1,20.5,23.5,28.6,21.8,3.3,3.3,28.3,54.0,240,17.86,36677.42,3.92,61,Bengaluru,12.9716,77.5946,Karnataka
2024-06-10,27.6,20.6,23.7,29.3,21.6,2.2,2.2,28.4,53.6,252,19.93,36376.59,4.37,53,Bengaluru,12.9716,77.5946,Karnataka
2024-06-11,28.8,21.1,23.6,29.7,22.2,0.6,0.6,26.8,51.1,260,17.22,32316.91,3.94,51,Bengaluru,12.9716,77.5946,Karnataka
2024-06-12,27.7,20.7,23.0,28.4,21.9,6.9,6.9,24.2,46.1,259,15.29,22121.99,3.3,63,Bengaluru,12.9716,77.5946,Karnataka
2024-06-13,28.7,20.0,23.1,30.3,21.3,3.1,3.1,23.5,45.4,265,19.09,35519.86,4.07,61,Bengaluru,12.9716,77.5946,Karnataka
2024-06-14,28.6,20.3,23.9,30.0,21.7,0.0,0.0,21.1,40.3,269,18.93,31134.99,4.36,3,Bengaluru,12.9716,77.5946,Karnataka
2024-06-15,29.9,19.4,24.2,31.2,21.1,0.0,0.0,17.7,34.2,259,24.09,39600.0,5.39,3,Bengaluru,12.9716,77.5946,Karnataka
2024-06-16,29.3,19.6,23.9,32.0,21.3,1.0,1.0,20.6,39.6,249,21.91,43257.7,4.73,51,Bengaluru,12.9716,77.5946,Karnataka
2024-06-17,29.8,20.3,24.1,32.9,22.3,0.6,0.6,17.2,33.8,254,21.49,39228.4,4.66,53,Bengaluru,12.9716,77.5946,Karnataka
2024-06-18,29.2,20.3,23.8,32.3,22.6,4.4,4.4,22.2,43.6,260,20.08,42320.12,4.19,61,Bengaluru,12.9716,77.5946,Karnataka
2024-06-19,29.2,20.2,23.4,32.1,22.1,5.4,5.4,19.4,39.6,262,16.31,25781.68,3.55,63,Bengaluru,12.9716,77.5946,Karnataka
2024-06-20,28.3,20.4,23.5,29.7,22.0,0.6,0.6,22.4,44.6,252,15.96,26182.01,3.77,51,Bengaluru,12.9716,77.5946,Karnataka
2024-06-21,28.8,19.7,23.1,30.7,21.1,3.3,3.3,23.0,45.4,259,17.94,24875.06,3.9,63,Bengaluru,12.9716,77.5946,Karnataka
2024-06-22,28.0,20.1,23.7,30.0,21.7,1.9,1.9,20.7,38.5,264,18.03,32415.35,4.05,53,Bengaluru,12.9716,77.5946,Karnataka
2024-06-23,28.3,20.2,23.8,30.2,21.9,1.6,1.6,22.9,44.3,248,19.37,39274.09,4.49,51,Bengaluru,12.9716,77.5946,Karnataka
2024-06-24,29.8,20.5,23.7,31.0,21.0,4.1,4.1,24.8,48.6,247,19.21,33109.67,4.45,55,Bengaluru,12.9716,77.5946,Karnataka
2024-06-25,27.4,20.8,23.6,27.7,21.9,1.6,1.6,30.0,53.3,245,13.87,19885.58,3.46,51,Bengaluru,12.9716,77.5946,Karnataka
2024-06-26,28.0,20.8,23.3,29.3,21.5,2.2,2.2,31.7,57.6,244,16.76,25200.0,3.9,53,Bengaluru,12.9716,77.5946,Karnataka
2024-06-27,25.7,21.0,22.5,25.0,21.7,6.1,6.1,32.9,58.0,250,7.67,3600.0,2.2,55,Bengaluru,12.9716,77.5946,Karnataka
2024-06-28,29.1,20.1,23.9,29.4,21.3,0.8,0.8,25.8,47.5,247,19.0,36000.0,4.47,51,Bengaluru,12.9716,77.5946,Karnataka
2024-06-29,29.8,19.8,23.8,32.2,21.3,1.0,1.0,21.4,38.9,249,17.79,28509.48,4.08,51,Bengaluru,12.9716,77.5946,Karnataka
2024-06-30,28.4,20.2,23.5,30.3,22.2,1.4,1.4,19.8,38.9,242,14.21,10468.12,3.23,53,Bengaluru,12.9716,77.5946,Karnataka
2024-07-01,27.6,20.5,23.0,29.7,22.1,9.0,9.0,22.3,47.9,249,15.11,15557.57,3.27,63,Bengaluru,12.9716,77.5946,Karnataka
2024-07-02,29.4,20.1,24.0,28.8,21.2,0.1,0.1,26.7,48.6,256,14.79,23559.7,4.02,51,Bengaluru,12.9716,77.5946,Karnataka
2024-07-03,29.3,20.0,23.2,30.8,21.7,10.4,10.4,22.2,44.3,254,18.41,30338.14,3.9,63,Bengaluru,12.9716,77.5946,Karnataka
2024-07-04,26.8,20.0,22.4,27.8,21.7,3.8,3.8,19.7,42.5,262,9.6,9511.66,2.3,61,Bengaluru,12.9716,77.5946,Karnataka
2024-07-05,29.8,20.2,23.2,31.8,21.7,6.9,6.9,20.7,41.8,250,17.01,22268.15,3.78,61,Bengaluru,12.9716,77.5946,Karnataka
2024-07-06,26.6,20.0,22.6,25.9,20.7,5.9,5.9,27.3,50.4,246,11.42,4743.3,3.0,63,Bengaluru,12.9716,77.5946,Karnataka
2024-07-07,28.7,20.1,23.4,29.4,21.4,1.0,1.0,26.9,48.6,252,16.47,26837.77,3.99,53,Bengaluru,12.9716,77.5946,Karnataka
2024-07-08,27.9,20.4,23.2,29.8,21.7,5.6,5.6,22.2,41.0,252,15.74,19730.88,3.84,61,Bengaluru,12.9716,77.5946,Karnataka
2024-07-09,28.7,19.7,23.3,29.7,20.9,2.9,2.9,23.8,49.7,256,18.61,25800.33,4.35,61,Bengaluru,12.9716,77.5946,Karnataka
2024-07-10,29.3,19.4,23.3,31.6,21.1,1.5,1.5,20.6,38.9,258,21.32,43096.15,4.61,51,Bengaluru,12.9716,77.5946,Karnataka
2024-07-11,26.9,20.2,23.2,27.6,21.8,3.7,3.7,19.1,36.7,265,13.17,13098.28,3.09,55,Bengaluru,12.9716,77.5946,Karnataka
2024-07-12,29.2,19.7,22.9,32.5,21.6,17.4,17.4,23.0,44.6,256,19.61,26873.27,3.96,63,Bengaluru,12.9716,77.5946,Karnataka
2024-07-13,25.8,20.5,22.7,26.2,21.4,1.2,1.2,27.2,48.2,259,9.72,4798.43,2.6,51,Bengaluru,12.9716,77.5946,Karnataka
2024-07-14,26.5,20.6,22.5,25.4,20.6,1.5,1.5,27.8,50.0,263,8.81,2288.13,2.63,51,Bengaluru,12.9716,77.5946,Karnataka
2024-07-15,26.4,20.3,21.7,27.4,20.8,16.8,16.8,27.2,59.8,253,10.44,9808.9,2.18,63,Bengaluru,12.9716,77.5946,Karnataka
2024-07-16,24.4,20.3,21.8,24.7,20.7,16.2,16.2,29.7,58.3,250,11.65,13816.33,2.39,61,Bengaluru,12.9716,77.5946,Karnataka
2024-07-17,25.8,20.0,22.1,25.2,20.9,5.2,5.2,30.4,56.2,251,9.33,2043.76,2.3,55,Bengaluru,12.9716,77.5946,Karnataka
2024-07-18,26.0,20.5,22.1,25.2,21.0,9.3,9.3,33.3,64.4,255,9.89,7624.2,2.4,61,Bengaluru,12.9716,77.5946,Karnataka
2024-07-19,22.3,20.2,21.1,22.6,20.2,14.5,14.5,27.5,49.0,259,8.01,0.0,1.59,61,Bengaluru,12.9716,77.5946,Karnataka
2024-07-20,25.2,19.8,22.0,24.1,19.6,2.8,2.8,32.1,56.9,255,9.2,1615.79,2.51,53,Bengaluru,12.9716,77.5946,Karnataka
2024-07-21,27.2,20.5,22.9,26.3,20.7,1.1,1.1,33.0,59.8,255,14.84,17313.28,3.64,51,Bengaluru,12.9716,77.5946,Karnataka
2024-07-22,27.7,20.5,23.1,27.6,20.1,1.4,1.4,32.8,57.6,263,17.4,23728.71,4.26,51,Bengaluru,12.9716,77.5946,Karnataka
2024-07-23,27.2,20.9,23.3,27.4,20.9,2.2,2.2,29.9,54.0,264,16.25,17438.52,3.92,53,Bengaluru,12.9716,77.5946,Karnataka
2024-07-24,27.2,20.6,23.2,26.4,21.0,1.5,1.5,30.5,54.0,262,16.74,30718.19,4.06,51,Bengaluru,12.9716,77.5946,Karnataka
2024-07-25,26.9,20.6,22.9,26.4,21.1,2.3,2.3,36.1,62.6,258,18.3,36216.23,4.01,53,Bengaluru,12.9716,77.5946,Karnataka
2024-07-26,26.8,21.0,23.1,25.9,20.9,2.2,2.2,35.1,61.9,270,16.39,25853.89,3.84,53,Bengaluru,12.9716,77.5946,Karnataka
2024-07-27,27.4,20.8,23.2,26.8,20.0,0.6,0.6,34.7,62.6,272,17.38,28536.14,4.48,51,Bengaluru,12.9716,77.5946,Karnataka
2024-07-28,27.3,20.3,22.8,27.2,19.6,0.2,0.2,34.2,64.4,261,17.23,31476.51,4.3,51,Bengaluru,12.9716,77.5946,Karnataka
2024-07-29,28.4,20.6,23.3,28.8,20.5,3.7,3.7,30.1,56.9,251,18.7,30119.48,4.14,55,Bengaluru,12.9716,77.5946,Karnataka
2024-07-30,22.8,20.3,21.2,24.5,21.5,11.7,11.7,24.7,43.9,248,6.92,2340.07,1.38,61,Bengaluru,12.9716,77.5946,Karnataka
2024-07-31,26.3,20.1,22.0,27.3,21.2,10.6,10.6,21.8,41.8,254,14.2,21900.4,2.86,63,Bengaluru,12.9716,77.5946,Karnataka
2024-08-01,27.9,20.3,22.4,30.4,21.1,3.4,3.4,26.3,47.2,259,17.82,29296.76,3.54,53,Bengaluru,12.9716,77.5946,Karnataka
2024-08-02,26.8,20.3,22.6,27.8,21.7,4.3,4.3,25.9,50.0,257,14.93,24664.79,3.23,53,Bengaluru,12.9716,77.5946,Karnataka
2024-08-03,27.4,19.5,22.3,29.6,20.2,7.6,7.6,25.6,45.7,258,16.26,26964.48,3.36,63,Bengaluru,12.9716,77.5946,Karnataka
2024-08-04,28.2,19.8,23.2,30.8,21.1,2.0,2.0,21.7,41.8,262,22.45,38963.46,4.53,53,Bengaluru,12.9716,77.5946,Karnataka
2024-08-05,27.7,19.1,22.7,31.1,20.8,1.2,1.2,15.6,30.2,264,17.09,23940.34,3.55,55,Bengaluru,12.9716,77.5946,Karnataka
2024-08-06,25.4,20.1,22.2,28.2,22.1,8.6,8.6,15.3,29.2,279,12.82,11565.34,2.62,61,Bengaluru,12.9716,77.5946,Karnataka
2024-08-07,25.0,20.3,21.9,26.5,22.5,5.2,5.2,17.2,34.6,268,11.85,8285.54,2.43,53,Bengaluru,12.9716,77.5946,Karnataka
2024-08-08,27.1,19.5,22.4,30.1,21.5,16.1,16.1,17.4,33.1,283,17.68,25936.52,3.61,63,Bengaluru,12.9716,77.5946,Karnataka
2024-08-09,28.0,19.7,23.1,30.1,21.7,12.4,12.4,18.2,35.6,299,18.6,30675.01,3.83,63,Bengaluru,12.9716,77.5946,Karnataka
2024-08-10,26.6,20.3,22.8,29.2,23.0,19.2,19.2,16.6,31.7,307,14.81,22849.76,3.01,63,Bengaluru,12.9716,77.5946,Karnataka
2024-08-11,27.9,20.2,23.6,31.4,22.4,3.0,3.0,14.8,29.5,325,19.7,31805.73,4.06,53,Bengaluru,12.9716,77.5946,Karnataka
2024-08-12,28.9,20.3,24.1,32.8,22.8,2.4,2.4,13.7,27.4,347,21.86,36000.0,4.57,53,Bengaluru,12.9716,77.5946,Karnataka
2024-08-13,28.7,20.3,23.8,32.4,23.3,12.7,12.7,11.5,24.1,63,21.4,42612.0,4.3,63,Bengaluru,12.9716,77.5946,Karnataka
2024-08-14,28.5,20.3,24.5,33.1,23.7,1.5,1.5,11.2,22.3,86,22.73,39740.08,4.73,51,Bengaluru,12.9716,77.5946,Karnataka
2024-08-15,28.8,21.7,24.6,32.8,24.0,2.0,2.0,11.1,21.6,138,22.82,43200.0,4.64,55,Bengaluru,12.9716,77.5946,Karnataka
2024-08-16,28.7,20.5,23.8,34.3,23.8,13.3,13.3,11.6,22.7,185,18.18,29535.74,3.74,63,Bengaluru,12.9716,77.5946,Karnataka
2024-08-17,28.9,19.5,23.9,34.0,22.4,3.7,3.7,11.1,23.8,216,20.78,37246.78,4.27,55,Bengaluru,12.9716,77.5946,Karnataka
2024-08-18,29.0,19.2,24.1,34.0,21.8,0.1,0.1,7.6,17.6,202,21.86,40346.29,4.47,51,Bengaluru,12.9716,77.5946,Karnataka
2024-08-19,28.0,20.7,23.6,34.3,23.7,17.4,17.4,8.4,22.3,190,18.92,37476.96,3.79,63,Bengaluru,12.9716,77.5946,Karnataka
2024-08-20,28.7,19.9,23.5,34.3,22.9,19.7,19.7,15.1,25.9,172,21.02,35332.89,4.33,65,Bengaluru,12.9716,77.5946,Karnataka
2024-08-21,27.4,20.6,23.3,30.9,21.3,1.2,1.2,20.8,44.3,208,19.82,33248.69,4.1,51,Bengaluru,12.9716,77.5946,Karnataka
2024-08-22,27.4,19.6,23.1,29.0,20.3,0.4,0.4,26.7,47.2,233,18.96,38292.3,4.14,51,Bengaluru,12.9716,77.5946,Karnataka
2024-08-23,27.4,19.1,23.1,29.1,20.6,0.1,0.1,22.2,40.7,234,18.49,38189.99,4.0,51,Bengaluru,12.9716,77.5946,Karnataka
2024-08-24,27.3,19.6,22.8,28.9,20.8,3.8,3.8,26.1,48.6,240,18.26,31903.23,3.94,61,Bengaluru,12.9716,77.5946,Karnataka
2024-08-25,27.1,19.8,22.7,27.6,20.4,0.9,0.9,28.1,50.4,251,17.59,26764.6,3.95,51,Bengaluru,12.9716,77.5946,Karnataka
2024-08-26,28.2,19.4,23.0,28.5,19.7,1.2,1.2,27.7,50.8,252,19.28,32509.88,4.38,51,Bengaluru,12.9716,77.5946,Karnataka
2024-08-27,26.7,19.8,22.7,27.5,20.7,1.7,1.7,23.0,42.5,251,13.71,16662.1,3.23,53,Bengaluru,12.9716,77.5946,Karnataka
2024-08-28,26.7,19.7,22.3,26.6,20.4,1.4,1.4,23.4,41.8,258,11.7,5648.89,2.91,53,Bengaluru,12.9716,77.5946,Karnataka
2024-08-29,27.2,19.4,21.9,29.6,20.5,9.4,9.4,23.4,43.2,261,15.39,20222.1,3.1,63,Bengaluru,12.9716,77.5946,Karnataka
2024-08-30,25.9,19.8,21.8,27.6,20.8,3.9,3.9,20.9,41.4,267,13.22,14227.83,2.67,53,Bengaluru,12.9716,77.5946,Karnataka
2024-08-31,23.8,19.7,21.5,24.6,20.1,4.6,4.6,22.4,40.7,272,8.8,0.0,1.98,53,Bengaluru,12.9716,77.5946,Karnataka
2024-09-01,27.0,20.2,22.3,27.9,21.3,5.3,5.3,26.6,52.9,280,13.93,14744.94,3.01,61,Bengaluru,12.9716,77.5946,Karnataka
2024-09-02,27.5,20.4,22.9,29.6,21.6,4.1,4.1,20.5,42.8,258,19.73,39214.64,3.99,55,Bengaluru,12.9716,77.5946,Karnataka
2024-09-03,27.7,20.0,23.1,29.1,21.1,1.4,1.4,23.8,43.2,258,18.72,36831.06,3.99,51,Bengaluru,12.9716,77.5946,Karnataka
2024-09-04,27.8,19.8,23.2,29.3,20.6,0.5,0.5,25.2,51.1,267,18.6,30131.65,4.07,51,Bengaluru,12.9716,77.5946,Karnataka
2024-09-05,27.8,19.9,23.2,30.1,20.8,0.5,0.5,22.1,43.2,270,18.04,30378.48,3.98,51,Bengaluru,12.9716,77.5946,Karnataka
2024-09-06,27.1,19.8,22.8,28.1,21.0,1.6,1.6,21.3,41.0,273,15.39,22225.49,3.41,51,Bengaluru,12.9716,77.5946,Karnataka
2024-09-07,27.6,19.7,22.5,30.1,20.8,11.9,11.9,21.7,41.0,274,15.59,20740.71,3.26,63,Bengaluru,12.9716,77.5946,Karnataka
2024-09-08,25.7,20.2,22.3,26.3,21.1,2.6,2.6,23.4,42.5,265,10.99,4358.97,2.61,53,Bengaluru,12.9716,77.5946,Karnataka
2024-09-09,28.4,20.2,22.9,29.4,21.1,6.0,6.0,25.7,47.5,260,15.49,23034.8,3.57,63,Bengaluru,12.9716,77.5946,Karnataka
2024-09-10,28.4,19.8,23.3,28.5,20.9,1.9,1.9,29.9,52.6,254,21.25,40586.56,4.59,51,Bengaluru,12.9716,77.5946,Karnataka
2024-09-11,28.8,19.5,23.4,30.1,20.7,0.7,0.7,22.9,45.0,254,20.42,32992.42,4.61,51,Bengaluru,12.9716,77.5946,Karnataka
2024-09-12,29.1,19.5,23.3,30.3,20.6,0.7,0.7,22.1,41.4,262,20.29,34136.01,4.5,51,Bengaluru,12.9716,77.5946,Karnataka
2024-09-13,28.5,18.5,23.1,29.2,20.1,0.0,0.0,20.8,38.5,273,20.62,38398.07,4.59,3,Bengaluru,12.9716,77.5946,Karnataka
2024-09-14,28.4,18.8,23.1,30.0,20.8,0.9,0.9,20.9,39.2,278,22.13,37944.65,4.74,51,Bengaluru,12.9716,77.5946,Karnataka
2024-09-15,28.5,18.4,23.3,30.3,20.0,0.6,0.6,18.6,37.1,284,22.96,42437.25,4.94,51,Bengaluru,12.9716,77.5946,Karnataka
2024-09-16,28.4,17.6,22.8,28.6,19.1,0.7,0.7,22.6,42.8,287,22.91,41979.92,4.87,51,Bengaluru,12.9716,77.5946,Karnataka
2024-09-17,28.3,18.6,23.1,30.0,19.9,0.4,0.4,20.4,42.5,284,22.01,41278.73,4.62,51,Bengaluru,12.9716,77.5946,Karnataka
2024-09-18,28.4,17.9,23.0,29.7,19.1,0.0,0.0,16.8,34.6,290,26.67,42306.43,5.61,3,Bengaluru,12.9716,77.5946,Karnataka
2024-09-19,28.9,17.4,23.0,30.9,19.0,0.6,0.6,18.4,29.9,273,24.54,42043.03,5.28,51,Bengaluru,12.9716,77.5946,Karnataka
2024-09-20,28.9,19.6,23.8,30.9,21.1,0.1,0.1,13.3,29.9,271,23.68,40649.17,5.05,51,Bengaluru,12.9716,77.5946,Karnataka
2024-09-21,29.3,19.1,24.0,31.0,20.5,0.1,0.1,18.6,38.2,285,21.61,41142.47,4.95,51,Bengaluru,12.9716,77.5946,Karnataka
2024-09-22,29.1,19.5,24.0,30.3,21.0,1.4,1.4,19.3,37.8,292,19.45,32977.59,4.56,55,Bengaluru,12.9716,77.5946,Karnataka
2024-09-23,29.4,20.1,23.5,32.3,21.6,5.3,5.3,20.0,37.1,277,18.12,28302.43,4.0,63,Bengaluru,12.9716,77.5946,Karnataka
2024-09-24,28.6,20.6,23.1,30.9,21.9,4.4,4.4,23.5,45.4,260,14.81,22539.45,3.32,61,Bengaluru,12.9716,77.5946,Karnataka
2024-09-25,28.8,20.4,23.3,30.6,21.7,2.5,2.5,23.4,42.8,264,17.13,31215.57,3.8,55,Bengaluru,12.9716,77.5946,Karnataka
2024-09-26,28.8,19.6,23.6,29.8,21.1,0.6,0.6,19.5,36.0,257,17.82,31661.61,4.11,51,Bengaluru,12.9716,77.5946,Karnataka
2024-09-27,28.8,19.4,23.4,31.6,21.2,1.5,1.5,16.8,31.7,256,19.09,34838.35,4.08,53,Bengaluru,12.9716,77.5946,Karnataka
2024-09-28,28.5,19.7,23.2,32.3,22.4,3.0,3.0,15.4,25.9,16,19.98,34615.63,4.08,53,Bengaluru,12.9716,77.5946,Karnataka
2024-09-29,28.5,20.3,24.0,32.3,22.8,5.5,5.5,12.1,24.8,101,20.4,38504.77,4.25,61,Bengaluru,12.9716,77.5946,Karnataka
2024-09-30,30.2,20.5,24.5,33.4,23.5,0.1,0.1,13.6,25.6,119,23.16,38850.95,5.07,51,Bengaluru,12.9716,77.5946,Karnataka
2024-10-01,30.6,19.8,24.8,34.9,22.6,0.4,0.4,10.6,24.5,132,22.67,39600.0,4.76,51,Bengaluru,12.9716,77.5946,Karnataka
2024-10-02,29.9,20.4,24.2,34.3,22.5,9.8,9.8,14.6,29.9,200,22.17,40194.09,4.66,63,Bengaluru,12.9716,77.5946,Karnataka
2024-10-03,28.4,20.0,23.4,31.1,22.2,4.2,4.2,15.5,32.0,292,19.48,28914.24,4.0,63,Bengaluru,12.9716,77.5946,Karnataka
2024-10-04,28.6,19.9,23.6,32.3,22.7,7.2,7.2,12.3,27.7,291,19.36,29647.04,4.08,63,Bengaluru,12.9716,77.5946,Karnataka
2024-10-05,26.9,20.1,22.4,29.6,22.7,11.3,11.3,14.3,28.4,306,12.77,13355.06,2.64,61,Bengaluru,12.9716,77.5946,Karnataka
2024-10-06,27.4,19.6,23.3,29.3,22.5,0.5,0.5,11.4,24.8,90,15.96,31830.92,3.43,51,Bengaluru,12.9716,77.5946,Karnataka
2024-10-07,28.9,19.2,23.1,30.6,21.3,0.9,0.9,23.5,43.2,86,21.4,37177.44,4.5,53,Bengaluru,12.9716,77.5946,Karnataka
2024-10-08,27.9,20.0,23.2,30.1,22.9,10.7,10.7,13.4,24.1,127,15.39,28332.04,3.35,63,Bengaluru,12.9716,77.5946,Karnataka
2024-10-09,28.1,20.3,23.3,31.2,22.9,5.2,5.2,14.4,29.9,131,21.66,39626.9,4.31,63,Bengaluru,12.9716,77.5946,Karnataka
2024-10-10,27.6,19.9,22.8,30.8,22.9,6.5,6.5,17.5,32.8,150,19.2,31178.98,3.88,63,Bengaluru,12.9716,77.5946,Karnataka
2024-10-11,27.9,19.9,22.9,31.3,22.1,4.9,4.9,17.3,31.3,128,18.95,35825.81,3.78,61,Bengaluru,12.9716,77.5946,Karnataka
2024-10-12,28.1,20.3,23.2,31.7,22.9,7.2,7.2,15.3,34.2,112,17.47,35791.27,3.61,63,Bengaluru,12.9716,77.5946,Karnataka
2024-10-13,27.9,20.4,23.3,29.9,22.3,1.8,1.8,19.7,37.1,104,18.13,36934.33,3.85,51,Bengaluru,12.9716,77.5946,Karnataka
2024-10-14,23.4,19.3,21.0,25.5,22.3,14.4,14.4,13.7,28.4,1,5.38,0.0,1.23,63,Bengaluru,12.9716,77.5946,Karnataka
2024-10-15,23.2,19.8,21.2,25.9,22.0,31.5,31.5,15.9,31.7,43,7.49,371.63,1.53,63,Bengaluru,12.9716,77.5946,Karnataka
2024-10-16,22.9,19.3,20.8,25.7,22.3,13.3,13.3,11.6,27.0,316,7.72,1377.31,1.58,63,Bengaluru,12.9716,77.5946,Karnataka
2024-10-17,27.0,19.8,22.8,30.0,22.3,0.8,0.8,14.7,30.6,244,18.46,34410.13,3.71,51,Bengaluru,12.9716,77.5946,Karnataka
2024-10-18,27.6,19.6,22.2,31.3,22.1,8.4,8.4,18.5,33.1,251,15.65,23738.49,3.12,65,Bengaluru,12.9716,77.5946,Karnataka
2024-10-19,24.7,18.9,21.4,28.2,21.6,8.5,8.5,10.1,18.7,17,12.0,13759.07,2.39,61,Bengaluru,12.9716,77.5946,Karnataka
2024-10-20,26.4,19.4,21.7,29.7,22.3,21.1,21.1,11.7,25.2,60,12.85,20504.14,2.54,63,Bengaluru,12.9716,77.5946,Karnataka
2024-10-21,26.8,19.7,22.2,31.3,22.5,17.8,17.8,10.2,25.6,113,15.6,27806.56,3.06,63,Bengaluru,12.9716,77.5946,Karnataka
2024-10-22,27.6,18.4,22.0,32.7,20.6,27.3,27.3,11.9,28.8,90,18.8,29022.07,3.77,65,Bengaluru,12.9716,77.5946,Karnataka
2024-10-23,27.6,19.2,22.4,32.4,22.2,20.1,20.1,10.4,21.2,53,20.57,37378.31,4.03,65,Bengaluru,12.9716,77.5946,Karnataka
2024-10-24,26.2,19.1,22.0,30.2,21.3,1.1,1.1,6.2,18.0,255,15.49,22870.05,3.05,51,Bengaluru,12.9716,77.5946,Karnataka
2024-10-25,27.0,17.4,21.9,30.1,18.8,0.0,0.0,8.7,19.1,339,20.99,37323.0,4.2,3,Bengaluru,12.9716,77.5946,Karnataka
2024-10-26,26.7,17.1,21.6,28.5,17.7,0.0,0.0,13.2,27.4,349,22.04,39672.51,4.47,3,Bengaluru,12.9716,77.5946,Karnataka
2024-10-27,26.7,15.5,21.1,30.0,15.8,0.0,0.0,11.0,22.3,323,20.97,39600.0,4.22,2,Bengaluru,12.9716,77.5946,Karnataka
2024-10-28,27.2,16.5,21.9,31.1,17.7,0.0,0.0,9.0,18.7,263,22.15,39600.0,4.4,3,Bengaluru,12.9716,77.5946,Karnataka
2024-10-29,27.7,17.5,22.5,30.8,19.2,0.4,0.4,9.7,19.8,307,21.14,39600.0,4.3,51,Bengaluru,12.9716,77.5946,Karnataka
2024-10-30,27.3,17.8,22.4,31.8,19.1,1.1,1.1,7.5,15.8,87,20.21,39600.0,4.01,51,Bengaluru,12.9716,77.5946,Karnataka
2024-10-31,27.8,18.4,22.5,32.8,20.4,4.0,4.0,10.0,16.9,109,18.03,37688.59,3.61,63,Bengaluru,12.9716,77.5946,Karnataka
2024-11-01,26.9,19.8,22.3,30.2,22.5,8.2,8.2,9.6,19.8,104,17.18,36000.0,3.35,63,Bengaluru,12.9716,77.5946,Karnataka
2024-11-02,27.7,18.8,22.1,30.3,20.9,1.2,1.2,19.9,37.1,89,19.45,39600.0,3.92,51,Bengaluru,12.9716,77.5946,Karnataka
2024-11-03,27.7,19.5,22.4,29.6,21.8,0.7,0.7,17.6,34.2,96,18.34,39600.0,3.75,51,Bengaluru,12.9716,77.5946,Karnataka
2024-11-04,27.1,19.6,22.4,29.1,21.1,1.0,1.0,14.8,31.0,87,19.05,39600.0,3.93,51,Bengaluru,12.9716,77.5946,Karnataka
2024-11-05,27.1,17.2,21.9,28.1,18.0,0.0,0.0,13.6,28.8,64,19.74,39600.0,4.22,3,Bengaluru,12.9716,77.5946,Karnataka
2024-11-06,27.8,16.3,22.2,29.6,16.7,0.1,0.1,16.5,29.9,50,20.19,29817.58,4.6,51,Bengaluru,12.9716,77.5946,Karnataka
2024-11-07,27.4,19.1,22.6,29.1,20.4,1.3,1.3,19.9,40.3,58,17.47,37893.98,3.76,51,Bengaluru,12.9716,77.5946,Karnataka
2024-11-08,29.0,18.3,22.8,29.9,19.4,0.0,0.0,17.2,34.9,68,22.18,39600.0,4.76,3,Bengaluru,12.9716,77.5946,Karnataka
2024-11-09,27.8,18.1,22.2,28.3,18.9,0.0,0.0,17.2,33.8,65,20.92,36992.65,4.66,3,Bengaluru,12.9716,77.5946,Karnataka
2024-11-10,27.0,17.5,22.0,27.6,18.6,0.4,0.4,16.4,33.5,58,20.43,39600.0,4.46,51,Bengaluru,12.9716,77.5946,Karnataka
2024-11-11,27.8,17.3,22.2,28.3,18.2,0.0,0.0,16.9,34.6,43,21.95,39600.0,4.82,3,Bengaluru,12.9716,77.5946,Karnataka
2024-11-12,27.0,19.0,22.2,27.4,19.0,0.9,0.9,18.4,36.4,41,11.94,25184.28,2.95,51,Bengaluru,12.9716,77.5946,Karnataka
2024-11-13,27.0,19.9,22.3,28.7,21.7,9.9,9.9,17.4,42.1,72,13.4,28800.0,2.8,63,Bengaluru,12.9716,77.5946,Karnataka
2024-11-14,25.7,19.9,21.9,27.6,21.7,6.0,6.0,16.2,41.8,85,13.36,24962.44,2.65,63,Bengaluru,12.9716,77.5946,Karnataka
2024-11-15,27.0,19.9,22.1,30.1,21.9,10.0,10.0,15.4,37.4,76,14.72,30192.81,2.96,63,Bengaluru,12.9716,77.5946,Karnataka
2024-11-16,26.3,19.6,22.1,28.3,21.9,3.4,3.4,17.2,43.9,80,16.64,32833.59,3.24,55,Bengaluru,12.9716,77.5946,Karnataka
2024-11-17,27.4,19.8,22.7,29.8,21.6,0.5,0.5,14.1,36.0,79,17.84,38792.18,3.75,51,Bengaluru,12.9716,77.5946,Karnataka
2024-11-18,26.9,19.0,22.3,27.4,20.4,0.1,0.1,14.9,38.5,80,17.59,39600.0,3.74,51,Bengaluru,12.9716,77.5946,Karnataka
2024-11-19,27.3,18.6,22.3,29.1,19.8,0.0,0.0,13.6,33.5,67,18.93,39600.0,4.14,3,Bengaluru,12.9716,77.5946,Karnataka
2024-11-20,28.1,17.6,22.1,29.1,18.4,0.0,0.0,12.4,33.5,88,20.13,39565.78,4.27,3,Bengaluru,12.9716,77.5946,Karnataka
2024-11-21,27.5,17.2,22.0,28.4,18.1,0.0,0.0,12.2,26.6,77,16.93,33766.51,3.7,3,Bengaluru,12.9716,77.5946,Karnataka
2024-11-22,27.9,16.4,21.9,29.3,17.0,0.0,0.0,12.1,29.9,72,21.52,35632.0,4.57,3,Bengaluru,12.9716,77.5946,Karnataka
2024-11-23,28.7,16.7,22.3,30.4,17.3,0.0,0.0,11.0,27.7,79,20.03,30305.2,4.41,3,Bengaluru,12.9716,77.5946,Karnataka
2024-11-24,29.2,17.3,22.9,30.6,18.4,0.0,0.0,12.4,31.0,75,20.95,36188.3,4.75,3,Bengaluru,12.9716,77.5946,Karnataka
2024-11-25,27.8,17.2,22.1,27.8,18.0,0.0,0.0,11.3,31.7,66,18.23,33079.88,4.16,3,Bengaluru,12.9716,77.5946,Karnataka
2024-11-26,26.2,18.1,21.7,26.8,18.2,0.0,0.0,18.0,43.6,46,14.03,26446.96,3.42,3,Bengaluru,12.9716,77.5946,Karnataka
2024-11-27,26.4,18.9,21.7,26.7,19.3,0.0,0.0,19.9,48.6,39,14.39,21636.05,3.5,3,Bengaluru,12.9716,77.5946,Karnataka
2024-11-28,26.9,17.6,21.5,26.6,17.3,0.0,0.0,16.6,42.1,27,20.65,39600.0,4.78,3,Bengaluru,12.9716,77.5946,Karnataka
2024-11-29,25.4,18.2,21.7,25.5,16.9,0.8,0.8,20.9,51.8,26,13.82,33119.82,3.69,51,Bengaluru,12.9716,77.5946,Karnataka
2024-11-30,23.6,19.1,21.0,23.7,19.9,0.3,0.3,20.7,50.0,355,5.26,0.0,1.73,51,Bengaluru,12.9716,77.5946,Karnataka
2024-12-01,24.5,19.9,21.4,25.0,20.8,8.0,8.0,22.3,52.6,350,7.26,1065.4,1.81,63,Bengaluru,12.9716,77.5946,Karnataka
2024-12-02,23.3,20.4,21.3,26.6,21.7,35.0,35.0,18.0,40.0,40,4.16,646.9,0.94,63,Bengaluru,12.9716,77.5946,Karnataka
2024-12-03,26.1,20.0,22.2,29.7,22.3,4.7,4.7,13.7,31.3,119,13.59,31455.9,2.66,63,Bengaluru,12.9716,77.5946,Karnataka
2024-12-04,25.9,18.8,21.9,27.9,20.4,0.0,0.0,15.7,37.8,96,16.82,38912.27,3.25,3,Bengaluru,12.9716,77.5946,Karnataka
2024-12-05,26.2,19.9,22.3,29.1,22.1,0.8,0.8,11.1,29.5,102,17.09,39471.65,3.33,51,Bengaluru,12.9716,77.5946,Karnataka
2024-12-06,26.7,19.5,22.5,29.5,22.3,0.0,0.0,12.1,27.4,106,20.21,37391.17,3.96,3,Bengaluru,12.9716,77.5946,Karnataka
2024-12-07,27.0,19.3,22.3,30.4,21.9,0.6,0.6,11.3,27.7,103,19.31,38447.97,3.81,51,Bengaluru,12.9716,77.5946,Karnataka
2024-12-08,26.8,18.5,22.1,29.5,20.1,0.0,0.0,10.6,26.3,120,20.12,39369.61,3.97,3,Bengaluru,12.9716,77.5946,Karnataka
2024-12-09,27.5,18.4,22.4,30.3,20.0,0.1,0.1,10.3,26.6,99,19.57,39335.6,3.98,51,Bengaluru,12.9716,77.5946,Karnataka
2024-12-10,27.9,18.6,22.5,29.2,20.4,0.0,0.0,12.4,33.5,71,18.95,36168.17,4.08,3,Bengaluru,12.9716,77.5946,Karnataka
2024-12-11,26.4,18.3,21.9,27.2,18.6,0.0,0.0,16.4,41.8,58,15.8,30899.45,3.56,3,Bengaluru,12.9716,77.5946,Karnataka
2024-12-12,22.0,19.0,20.2,23.4,19.9,21.2,21.2,15.5,35.6,60,4.03,0.0,1.0,63,Bengaluru,12.9716,77.5946,Karnataka
2024-12-13,24.4,19.7,21.2,25.0,20.6,1.3,1.3,18.6,42.5,76,9.08,10067.91,2.07,53,Bengaluru,12.9716,77.5946,Karnataka
2024-12-14,26.1,17.6,21.2,27.8,18.2,0.0,0.0,18.2,43.9,70,20.12,39169.57,3.93,3,Bengaluru,12.9716,77.5946,Karnataka
2024-12-15,24.3,15.0,19.3,25.2,15.4,0.0,0.0,13.3,34.2,72,20.27,35107.64,3.84,3,Bengaluru,12.9716,77.5946,Karnataka
2024-12-16,24.9,15.1,19.3,26.7,15.4,0.0,0.0,11.4,28.8,64,20.91,39456.4,3.87,3,Bengaluru,12.9716,77.5946,Karnataka
2024-12-17,27.1,14.5,20.4,28.7,14.0,0.0,0.0,10.7,28.1,56,20.35,36078.76,3.98,3,Bengaluru,12.9716,77.5946,Karnataka
2024-12-18,25.9,17.1,21.6,27.4,17.8,0.3,0.3,12.3,33.8,32,15.8,36149.47,3.3,51,Bengaluru,12.9716,77.5946,Karnataka
2024-12-19,28.1,19.1,22.9,29.5,20.3,0.3,0.3,10.9,30.6,32,16.45,39070.6,3.53,51,Bengaluru,12.9716,77.5946,Karnataka
2024-12-20,27.9,18.8,22.9,29.1,20.9,0.1,0.1,12.6,33.8,359,13.82,30820.75,3.08,51,Bengaluru,12.9716,77.5946,Karnataka
2024-12-21,29.1,18.0,23.1,31.3,20.6,0.0,0.0,9.9,24.5,10,18.5,35093.85,3.9,3,Bengaluru,12.9716,77.5946,Karnataka
2024-12-22,28.1,17.9,22.9,30.1,20.3,0.0,0.0,11.5,25.9,87,16.26,32400.0,3.35,3,Bengaluru,12.9716,77.5946,Karnataka
2024-12-23,27.0,18.4,22.4,27.7,20.5,0.0,0.0,10.0,28.4,114,14.63,30477.95,3.19,3,Bengaluru,12.9716,77.5946,Karnataka
2024-12-24,27.2,17.6,22.4,28.5,18.8,0.0,0.0,11.5,27.0,66,15.4,33992.03,3.3,3,Bengaluru,12.9716,77.5946,Karnataka
2024-12-25,27.9,17.3,22.2,29.2,17.9,0.0,0.0,11.0,31.0,38,14.62,30163.66,3.43,3,Bengaluru,12.9716,77.5946,Karnataka
2024-12-26,26.2,18.5,22.2,27.6,20.0,3.6,3.6,17.5,45.0,61,15.47,38493.79,3.32,55,Bengaluru,12.9716,77.5946,Karnataka
2024-12-27,25.4,18.5,21.2,27.0,19.1,1.7,1.7,19.0,46.1,96,14.1,35640.88,2.84,51,Bengaluru,12.9716,77.5946,Karnataka
2024-12-28,26.2,17.5,21.2,27.6,18.3,0.0,0.0,15.5,36.4,96,19.44,38945.38,3.93,3,Bengaluru,12.9716,77.5946,Karnataka
2024-12-29,26.9,16.9,21.4,28.1,17.1,0.0,0.0,14.3,35.3,74,19.72,33066.9,4.15,3,Bengaluru,12.9716,77.5946,Karnataka
2024-12-30,25.7,16.7,21.2,26.1,16.6,0.0,0.0,14.4,36.4,66,13.01,30832.26,3.1,3,Bengaluru,12.9716,77.5946,Karnataka
2024-12-31,27.5,17.0,21.6,27.2,16.1,0.0,0.0,15.8,41.8,78,20.93,39574.95,4.76,3,Bengaluru,12.9716,77.5946,Karnataka
2025-01-01,26.6,16.0,20.9,26.6,15.4,0.0,0.0,14.7,40.7,77,20.78,39532.83,4.47,3,Bengaluru,12.9716,77.5946,Karnataka
2025-01-02,26.4,16.2,20.6,26.2,15.9,0.0,0.0,14.2,38.9,81,20.79,37869.47,4.29,3,Bengaluru,12.9716,77.5946,Karnataka
2025-01-03,25.9,16.4,20.3,25.4,17.0,0.0,0.0,15.9,41.0,83,20.59,39667.5,4.3,3,Bengaluru,12.9716,77.5946,Karnataka
2025-01-04,25.8,14.2,19.7,26.2,13.9,0.0,0.0,12.5,35.3,95,20.84,36615.2,4.19,3,Bengaluru,12.9716,77.5946,Karnataka
2025-01-05,26.5,14.9,20.2,27.0,14.9,0.0,0.0,11.6,28.1,91,20.58,33973.73,4.29,3,Bengaluru,12.9716,77.5946,Karnataka
2025-01-06,26.2,15.8,20.5,27.2,16.2,0.0,0.0,11.9,26.6,104,21.45,37812.55,4.39,3,Bengaluru,12.9716,77.5946,Karnataka
2025-01-07,27.3,15.3,21.3,27.8,15.3,0.0,0.0,10.2,27.4,87,20.99,37794.01,4.49,3,Bengaluru,12.9716,77.5946,Karnataka
2025-01-08,27.1,16.4,21.0,26.1,16.8,0.0,0.0,12.6,32.0,83,21.66,38032.0,4.81,3,Bengaluru,12.9716,77.5946,Karnataka
2025-01-09,25.9,14.6,19.8,25.2,14.0,0.0,0.0,16.7,41.4,93,20.68,36545.55,4.35,3,Bengaluru,12.9716,77.5946,Karnataka
2025-01-10,26.9,16.0,20.8,26.8,15.2,0.0,0.0,14.7,38.5,101,18.07,37736.59,4.05,3,Bengaluru,12.9716,77.5946,Karnataka
2025-01-11,27.7,17.7,21.8,28.7,18.5,0.0,0.0,13.7,33.1,97,17.72,36692.86,3.9,3,Bengaluru,12.9716,77.5946,Karnataka
2025-01-12,28.7,17.2,21.8,29.9,18.0,0.0,0.0,14.7,34.2,93,18.51,34574.31,4.08,3,Bengaluru,12.9716,77.5946,Karnataka
2025-01-13,28.2,19.0,22.5,29.6,20.3,0.8,0.8,14.5,39.6,82,17.02,34730.33,3.86,51,Bengaluru,12.9716,77.5946,Karnataka
2025-01-14,27.5,18.6,22.2,28.2,18.0,0.1,0.1,16.2,41.0,89,16.84,33114.7,3.89,51,Bengaluru,12.9716,77.5946,Karnataka
2025-01-15,25.5,16.8,20.4,24.5,17.1,0.2,0.2,15.7,38.9,83,13.36,23452.31,3.15,51,Bengaluru,12.9716,77.5946,Karnataka
2025-01-16,26.7,16.1,20.8,26.9,15.8,0.0,0.0,17.7,42.5,90,20.47,38950.13,4.36,3,Bengaluru,12.9716,77.5946,Karnataka
2025-01-17,26.7,16.2,20.8,27.3,16.4,0.0,0.0,14.8,39.2,86,21.32,39477.81,4.47,3,Bengaluru,12.9716,77.5946,Karnataka
2025-01-18,27.3,15.8,21.2,27.2,15.8,0.0,0.0,14.2,39.6,81,20.4,36063.76,4.51,3,Bengaluru,12.9716,77.5946,Karnataka
2025-01-19,22.9,18.3,20.0,24.5,18.2,6.0,6.0,15.6,38.9,60,6.71,6941.75,1.67,61,Bengaluru,12.9716,77.5946,Karnataka
2025-01-20,27.3,17.9,21.6,27.3,18.4,0.0,0.0,11.5,31.7,63,21.91,38495.12,4.59,3,Bengaluru,12.9716,77.5946,Karnataka
2025-01-21,27.8,15.7,21.0,26.8,15.5,0.0,0.0,11.6,33.1,73,22.23,40923.9,4.94,3,Bengaluru,12.9716,77.5946,Karnataka
2025-01-22,28.6,15.4,21.6,29.5,14.5,0.0,0.0,13.8,36.4,98,21.69,40649.17,4.94,3,Bengaluru,12.9716,77.5946,Karnataka
2025-01-23,29.7,16.7,22.4,29.0,17.4,0.0,0.0,13.0,34.9,99,21.71,38587.72,5.03,3,Bengaluru,12.9716,77.5946,Karnataka
2025-01-24,27.7,16.3,21.3,27.4,16.5,0.0,0.0,12.1,34.2,99,22.53,38617.34,4.83,3,Bengaluru,12.9716,77.5946,Karnataka
2025-01-25,29.0,14.9,21.4,28.4,15.0,0.0,0.0,13.9,34.9,84,22.63,37996.26,5.11,3,Bengaluru,12.9716,77.5946,Karnataka
2025-01-26,29.1,15.1,21.9,26.5,14.0,0.0,0.0,15.9,42.8,88,23.42,40235.37,5.89,3,Bengaluru,12.9716,77.5946,Karnataka
2025-01-27,28.2,15.0,21.4,26.7,15.3,0.0,0.0,12.0,34.9,84,23.21,39505.55,5.26,3,Bengaluru,12.9716,77.5946,Karnataka
2025-01-28,28.1,15.5,21.3,27.4,15.7,0.0,0.0,11.2,31.0,94,22.34,36289.29,4.97,3,Bengaluru,12.9716,77.5946,Karnataka
2025-01-29,29.4,15.2,21.9,28.1,14.9,0.0,0.0,12.5,35.6,84,22.39,38754.85,5.22,3,Bengaluru,12.9716,77.5946,Karnataka
2025-01-30,29.3,16.1,22.4,31.1,16.0,0.0,0.0,10.5,27.4,112,22.34,40812.31,4.88,3,Bengaluru,12.9716,77.5946,Karnataka
2025-01-31,30.5,18.5,24.2,31.7,20.1,0.0,0.0,10.9,31.0,112,22.5,38806.28,5.17,3,Bengaluru,12.9716,77.5946,Karnataka
2025-02-01,30.5,19.4,24.5,30.9,21.2,0.0,0.0,12.5,33.5,92,22.29,37972.51,5.28,3,Bengaluru,12.9716,77.5946,Karnataka
2025-02-02,31.0,17.5,24.0,30.4,18.6,0.0,0.0,12.1,32.4,86,23.52,38855.83,5.65,3,Bengaluru,12.9716,77.5946,Karnataka
2025-02-03,30.3,16.8,23.4,28.2,17.5,0.0,0.0,12.6,36.7,97,23.97,41333.81,5.89,3,Bengaluru,12.9716,77.5946,Karnataka
2025-02-04,30.7,17.0,23.9,29.5,16.9,0.0,0.0,14.3,36.0,94,23.46,41369.71,5.99,3,Bengaluru,12.9716,77.5946,Karnataka
2025-02-05,30.4,18.2,23.9,29.2,17.6,0.0,0.0,14.6,39.6,96,23.59,41406.11,6.18,3,Bengaluru,12.9716,77.5946,Karnataka
2025-02-06,29.7,17.4,23.4,28.0,15.6,0.0,0.0,13.9,39.2,99,23.99,41442.95,6.01,2,Bengaluru,12.9716,77.5946,Karnataka
2025-02-07,30.1,17.3,23.4,28.5,17.1,0.0,0.0,14.6,39.2,98,24.09,41480.19,6.1,3,Bengaluru,12.9716,77.5946,Karnataka
2025-02-08,29.9,17.6,23.6,28.9,17.0,0.0,0.0,16.1,43.6,95,23.8,41517.8,6.1,3,Bengaluru,12.9716,77.5946,Karnataka
2025-02-09,29.6,18.0,23.6,28.5,17.9,0.0,0.0,16.5,45.0,92,24.03,41555.73,5.93,3,Bengaluru,12.9716,77.5946,Karnataka
2025-02-10,28.9,17.1,22.8,28.2,17.7,0.0,0.0,13.8,38.2,91,23.91,39221.76,5.41,3,Bengaluru,12.9716,77.5946,Karnataka
2025-02-11,30.7,16.6,23.3,29.6,17.1,0.0,0.0,12.5,34.2,86,24.24,37147.1,5.77,3,Bengaluru,12.9716,77.5946,Karnataka
2025-02-12,31.6,17.0,24.3,29.2,16.6,0.0,0.0,13.3,38.5,83,25.02,41671.01,6.46,3,Bengaluru,12.9716,77.5946,Karnataka
2025-02-13,31.9,17.8,24.9,30.5,16.6,0.0,0.0,13.4,38.5,85,24.77,41709.82,6.59,3,Bengaluru,12.9716,77.5946,Karnataka
2025-02-14,32.1,18.4,25.4,31.0,17.4,0.0,0.0,11.8,34.2,85,24.78,41748.75,6.3,3,Bengaluru,12.9716,77.5946,Karnataka
2025-02-15,31.3,19.2,25.4,31.0,17.8,0.0,0.0,12.9,38.2,75,24.48,41787.77,6.16,3,Bengaluru,12.9716,77.5946,Karnataka
2025-02-16,31.9,18.8,25.1,30.9,18.2,0.0,0.0,14.0,36.7,85,24.8,41826.83,6.34,3,Bengaluru,12.9716,77.5946,Karnataka
2025-02-17,31.8,18.3,24.7,30.8,18.0,0.0,0.0,13.6,37.1,92,24.85,41866.16,6.32,1,Bengaluru,12.9716,77.5946,Karnataka
2025-02-18,31.7,18.3,24.9,30.6,19.0,0.0,0.0,14.9,37.1,98,24.84,41906.0,6.25,3,Bengaluru,12.9716,77.5946,Karnataka
2025-02-19,32.9,18.9,25.8,32.3,19.3,0.0,0.0,13.1,37.1,97,24.79,41946.3,6.42,3,Bengaluru,12.9716,77.5946,Karnataka
2025-02-20,32.7,19.5,25.7,32.4,20.2,0.0,0.0,15.3,40.0,104,24.62,41987.03,6.35,0,Bengaluru,12.9716,77.5946,Karnataka
2025-02-21,32.3,18.5,25.3,31.5,19.0,0.0,0.0,14.1,37.4,93,24.93,42028.14,6.48,0,Bengaluru,12.9716,77.5946,Karnataka
2025-02-22,32.2,18.5,25.5,31.2,20.0,0.0,0.0,16.4,42.1,74,24.76,42069.6,6.44,3,Bengaluru,12.9716,77.5946,Karnataka
2025-02-23,31.9,19.8,25.6,29.9,20.4,0.0,0.0,18.2,49.3,74,24.63,42111.39,6.81,1,Bengaluru,12.9716,77.5946,Karnataka
2025-02-24,30.5,19.2,24.7,28.7,17.8,0.0,0.0,17.2,46.8,85,25.51,42153.45,7.03,0,Bengaluru,12.9716,77.5946,Karnataka
2025-02-25,30.1,17.5,23.8,29.8,17.4,0.0,0.0,15.9,39.6,92,25.27,42195.74,6.41,3,Bengaluru,12.9716,77.5946,Karnataka
2025-02-26,30.7,18.6,24.3,29.9,17.1,0.0,0.0,17.1,45.0,81,24.98,42238.24,6.87,3,Bengaluru,12.9716,77.5946,Karnataka
2025-02-27,30.9,17.9,24.3,29.5,16.2,0.0,0.0,16.4,44.3,85,25.8,42280.92,6.94,3,Bengaluru,12.9716,77.5946,Karnataka
2025-02-28,31.4,17.7,24.5,31.2,16.4,0.0,0.0,14.8,38.2,87,25.21,42323.73,6.51,3,Bengaluru,12.9716,77.5946,Karnataka
2025-03-01,31.4,18.7,24.7,32.9,19.9,0.0,0.0,14.2,37.8,97,24.13,40405.04,5.82,3,Bengaluru,12.9716,77.5946,Karnataka
2025-03-02,32.2,19.6,25.8,32.7,21.1,0.0,0.0,14.2,31.7,100,24.56,42409.6,5.94,3,Bengaluru,12.9716,77.5946,Karnataka
2025-03-03,33.1,20.2,26.7,32.1,22.1,0.0,0.0,15.3,42.8,76,24.39,41995.68,6.4,3,Bengaluru,12.9716,77.5946,Karnataka
2025-03-04,33.1,21.6,27.2,32.2,21.8,0.0,0.0,17.5,47.2,89,24.83,37517.39,7.14,3,Bengaluru,12.9716,77.5946,Karnataka
2025-03-05,33.2,21.7,27.6,32.6,20.9,0.0,0.0,16.1,44.3,95,25.26,42538.57,6.71,3,Bengaluru,12.9716,77.5946,Karnataka
2025-03-06,33.3,21.9,27.5,34.0,21.4,0.0,0.0,15.3,38.9,71,25.34,42581.47,6.39,3,Bengaluru,12.9716,77.5946,Karnataka
2025-03-07,34.0,20.3,27.0,33.1,20.2,0.0,0.0,12.4,33.8,65,26.34,42624.27,6.45,3,Bengaluru,12.9716,77.5946,Karnataka
2025-03-08,34.2,19.7,26.8,34.8,18.3,0.0,0.0,11.2,33.8,87,25.98,42666.87,6.62,2,Bengaluru,12.9716,77.5946,Karnataka
2025-03-09,33.7,20.1,26.6,32.2,19.3,0.0,0.0,16.7,42.1,94,26.39,42709.42,7.32,3,Bengaluru,12.9716,77.5946,Karnataka
2025-03-10,31.6,17.8,24.5,30.7,18.1,0.0,0.0,16.9,45.0,91,26.31,42752.27,6.63,3,Bengaluru,12.9716,77.5946,Karnataka
2025-03-11,31.2,18.2,23.4,31.9,17.6,2.5,2.5,21.6,52.6,87,23.28,42795.35,5.6,53,Bengaluru,12.9716,77.5946,Karnataka
2025-03-12,30.7,20.0,24.5,32.1,22.1,2.3,2.3,16.7,46.8,99,22.65,42251.61,5.2,61,Bengaluru,12.9716,77.5946,Karnataka
2025-03-13,34.0,18.7,26.3,33.0,21.2,0.0,0.0,14.8,38.2,88,26.02,40263.84,6.73,3,Bengaluru,12.9716,77.5946,Karnataka
2025-03-14,34.4,19.7,27.4,32.4,21.1,0.0,0.0,15.9,43.6,103,26.75,42925.85,7.36,2,Bengaluru,12.9716,77.5946,Karnataka
2025-03-15,33.7,20.4,26.9,32.2,20.9,0.0,0.0,17.1,43.6,102,26.96,42969.65,7.39,3,Bengaluru,12.9716,77.5946,Karnataka
2025-03-16,33.4,19.8,26.7,34.1,20.9,0.0,0.0,14.9,36.4,124,26.28,43012.71,6.7,2,Bengaluru,12.9716,77.5946,Karnataka
2025-03-17,35.1,21.4,27.3,37.0,23.3,0.0,0.0,17.4,46.4,216,22.8,41439.58,5.3,3,Bengaluru,12.9716,77.5946,Karnataka
2025-03-18,34.8,21.4,27.9,34.4,23.4,0.0,0.0,15.2,37.4,118,26.37,43020.81,6.84,3,Bengaluru,12.9716,77.5946,Karnataka
2025-03-19,33.8,21.6,27.2,34.8,23.3,0.0,0.0,14.4,38.2,135,25.95,43024.61,6.69,3,Bengaluru,12.9716,77.5946,Karnataka
2025-03-20,33.1,20.2,26.4,33.5,22.2,0.0,0.0,13.2,37.4,125,26.18,42624.07,6.6,3,Bengaluru,12.9716,77.5946,Karnataka
2025-03-21,34.0,20.0,26.8,35.4,22.2,0.0,0.0,13.7,33.5,124,24.89,43031.95,6.33,3,Bengaluru,12.9716,77.5946,Karnataka
2025-03-22,33.2,21.5,24.7,36.7,23.2,23.8,23.8,18.4,42.8,156,19.66,37635.83,4.32,65,Bengaluru,12.9716,77.5946,Karnataka
2025-03-23,29.7,20.2,24.1,33.7,22.8,0.1,0.1,13.4,35.6,131,24.26,43039.23,5.04,51,Bengaluru,12.9716,77.5946,Karnataka
2025-03-24,30.7,19.8,24.7,33.2,22.6,0.0,0.0,11.9,30.2,115,23.81,40856.17,5.36,3,Bengaluru,12.9716,77.5946,Karnataka
2025-03-25,31.2,20.1,25.3,33.4,21.9,0.0,0.0,12.9,27.7,123,24.12,43046.82,5.58,3,Bengaluru,12.9716,77.5946,Karnataka
2025-03-26,33.6,19.6,26.5,34.4,21.1,0.0,0.0,12.1,29.5,123,24.6,43050.83,6.03,3,Bengaluru,12.9716,77.5946,Karnataka
2025-03-27,33.9,20.6,27.4,34.4,22.2,0.0,0.0,15.1,41.0,11,23.36,43055.06,5.99,3,Bengaluru,12.9716,77.5946,Karnataka
2025-03-28,35.2,21.8,28.0,34.9,22.0,0.0,0.0,13.0,34.2,124,23.08,43059.47,6.49,3,Bengaluru,12.9716,77.5946,Karnataka
2025-03-29,34.9,22.2,28.4,34.2,22.0,0.0,0.0,15.7,39.6,127,26.98,43063.71,7.39,2,Bengaluru,12.9716,77.5946,Karnataka
2025-03-30,34.4,22.0,28.0,33.5,19.7,0.0,0.0,17.4,42.1,115,27.11,43067.75,7.74,0,Bengaluru,12.9716,77.5946,Karnataka
2025-03-31,34.4,21.5,28.0,33.1,21.0,0.0,0.0,16.7,46.1,98,25.32,43071.64,7.16,3,Bengaluru,12.9716,77.5946,Karnataka
2025-04-01,33.3,19.6,26.4,33.8,21.0,0.0,0.0,13.9,36.0,103,26.16,43075.42,6.64,2,Bengaluru,12.9716,77.5946,Karnataka
2025-04-02,32.6,20.4,26.1,34.5,22.2,0.1,0.1,13.9,32.8,135,24.68,43079.11,6.02,51,Bengaluru,12.9716,77.5946,Karnataka
2025-04-03,32.7,20.6,25.3,34.7,23.2,8.0,8.0,11.6,35.3,130,21.41,38786.22,4.79,63,Bengaluru,12.9716,77.5946,Karnataka
2025-04-04,29.1,19.9,23.3,32.5,22.0,3.0,3.0,10.4,27.4,27,15.63,21002.7,3.43,53,Bengaluru,12.9716,77.5946,Karnataka
2025-04-05,31.1,19.5,24.9,34.3,22.3,0.0,0.0,9.8,29.2,124,24.92,43090.12,5.33,3,Bengaluru,12.9716,77.5946,Karnataka
2025-04-06,32.9,20.9,26.8,35.2,23.6,0.0,0.0,13.3,34.2,76,21.62,38257.64,5.52,3,Bengaluru,12.9716,77.5946,Karnataka
2025-04-07,34.8,21.0,27.7,34.0,23.8,0.0,0.0,16.5,45.4,92,26.64,43097.76,7.07,3,Bengaluru,12.9716,77.5946,Karnataka
2025-04-08,34.4,20.3,27.5,33.6,22.6,0.0,0.0,20.6,49.7,89,24.62,43101.78,6.88,3,Bengaluru,12.9716,77.5946,Karnataka
2025-04-09,33.3,20.6,27.4,33.5,22.1,0.0,0.0,14.2,41.0,71,24.92,43105.99,6.67,3,Bengaluru,12.9716,77.5946,Karnataka
2025-04-10,33.2,20.8,27.3,34.2,22.0,0.0,0.0,11.1,32.8,258,21.81,42373.38,5.56,3,Bengaluru,12.9716,77.5946,Karnataka
2025-04-11,34.1,20.7,26.3,35.9,22.5,4.7,4.7,13.0,52.2,263,24.48,43115.09,5.74,63,Bengaluru,12.9716,77.5946,Karnataka
2025-04-12,33.5,20.6,25.7,35.8,22.7,1.5,1.5,11.0,34.9,276,23.72,40135.33,5.44,53,Bengaluru,12.9716,77.5946,Karnataka
2025-04-13,32.1,21.1,26.3,34.1,22.6,0.3,0.3,9.0,27.4,54,22.4,43125.37,5.17,51,Bengaluru,12.9716,77.5946,Karnataka
2025-04-14,33.7,21.4,26.8,34.9,22.1,0.7,0.7,14.1,38.2,114,23.64,41843.07,5.71,51,Bengaluru,12.9716,77.5946,Karnataka
2025-04-15,33.6,20.7,27.3,35.5,22.2,0.0,0.0,12.3,32.4,113,21.43,40365.04,5.45,3,Bengaluru,12.9716,77.5946,Karnataka
2025-04-16,34.0,21.7,25.7,36.4,23.4,10.8,10.8,18.2,47.2,190,22.08,36983.9,5.18,63,Bengaluru,12.9716,77.5946,Karnataka
2025-04-17,33.3,21.1,27.2,36.1,23.0,0.1,0.1,7.6,27.0,138,23.63,43150.53,5.35,51,Bengaluru,12.9716,77.5946,Karnataka
2025-04-18,33.6,21.3,26.7,37.4,23.5,1.1,1.1,10.4,31.3,217,22.49,43157.67,5.14,51,Bengaluru,12.9716,77.5946,Karnataka
2025-04-19,32.9,21.0,26.8,35.1,23.6,0.0,0.0,9.8,29.2,293,23.57,43165.03,5.25,3,Bengaluru,12.9716,77.5946,Karnataka
2025-04-20,34.4,21.1,26.7,37.5,23.8,0.1,0.1,13.1,43.2,320,24.49,42389.07,5.64,51,Bengaluru,12.9716,77.5946,Karnataka
2025-04-21,34.2,20.9,27.5,35.1,24.1,0.0,0.0,13.7,38.2,86,25.68,43180.38,6.29,3,Bengaluru,12.9716,77.5946,Karnataka
2025-04-22,34.6,21.9,28.3,35.0,22.3,0.0,0.0,14.1,38.5,102,26.74,43188.4,7.08,3,Bengaluru,12.9716,77.5946,Karnataka
2025-04-23,35.5,21.7,29.0,36.9,23.9,0.0,0.0,12.5,37.1,111,26.45,43196.67,6.88,1,Bengaluru,12.9716,77.5946,Karnataka
2025-04-24,36.2,21.1,29.0,36.5,23.6,0.0,0.0,14.6,40.0,107,26.8,43200.0,7.09,3,Bengaluru,12.9716,77.5946,Karnataka
2025-04-25,35.6,21.8,28.8,37.0,24.7,0.0,0.0,16.3,44.3,120,24.87,43200.0,6.49,2,Bengaluru,12.9716,77.5946,Karnataka
2025-04-26,34.3,22.5,28.5,35.0,24.7,0.0,0.0,13.9,39.6,120,23.81,43200.0,6.43,3,Bengaluru,12.9716,77.5946,Karnataka
2025-04-27,34.3,21.9,28.0,35.0,24.9,0.0,0.0,14.3,37.8,105,23.82,43200.0,6.27,3,Bengaluru,12.9716,77.5946,Karnataka
2025-04-28,33.4,21.9,27.6,35.5,25.0,0.0,0.0,11.1,31.3,115,24.25,43200.0,5.91,3,Bengaluru,12.9716,77.5946,Karnataka
2025-04-29,34.3,22.1,28.1,35.8,24.7,0.2,0.2,14.4,41.0,105,24.18,43200.0,6.23,51,Bengaluru,12.9716,77.5946,Karnataka
2025-04-30,34.7,22.4,28.6,35.8,24.5,1.0,1.0,12.2,34.9,132,22.99,42988.68,5.63,51,Bengaluru,12.9716,77.5946,Karnataka
2025-05-01,34.6,23.1,28.3,36.2,24.0,1.3,1.3,10.7,30.6,165,21.93,41393.14,5.51,53,Bengaluru,12.9716,77.5946,Karnataka
2025-05-02,33.7,21.8,27.1,36.8,24.5,2.9,2.9,7.8,23.0,213,23.18,42710.28,5.27,63,Bengaluru,12.9716,77.5946,Karnataka
2025-05-03,34.5,21.3,26.5,38.1,23.9,9.3,9.3,11.1,34.6,245,22.17,38588.61,5.17,63,Bengaluru,12.9716,77.5946,Karnataka
2025-05-04,33.7,21.3,27.2,35.9,24.2,0.3,0.3,18.5,46.4,288,23.18,41304.78,5.46,51,Bengaluru,12.9716,77.5946,Karnataka
2025-05-05,35.3,21.8,28.1,35.9,24.2,0.0,0.0,10.9,31.0,189,24.37,43200.0,5.78,3,Bengaluru,12.9716,77.5946,Karnataka
2025-05-06,34.0,21.0,27.4,34.8,24.0,0.0,0.0,10.0,31.7,273,24.88,43200.0,5.83,3,Bengaluru,12.9716,77.5946,Karnataka
2025-05-07,33.5,20.8,27.5,34.6,22.5,0.0,0.0,10.7,32.0,267,24.19,43200.0,5.98,3,Bengaluru,12.9716,77.5946,Karnataka
2025-05-08,32.8,21.8,27.1,34.3,23.6,0.0,0.0,11.4,33.8,268,24.91,43200.0,6.06,3,Bengaluru,12.9716,77.5946,Karnataka
2025-05-09,32.4,20.8,26.8,35.3,22.3,0.1,0.1,9.2,27.7,282,24.29,43276.61,5.56,51,Bengaluru,12.9716,77.5946,Karnataka
2025-05-10,31.6,21.5,26.9,33.2,23.2,0.7,0.7,10.1,31.3,243,23.81,42964.48,5.51,51,Bengaluru,12.9716,77.5946,Karnataka
2025-05-11,32.1,21.0,26.0,35.1,22.7,8.0,8.0,10.9,31.7,252,21.61,38409.84,4.93,63,Bengaluru,12.9716,77.5946,Karnataka
2025-05-12,31.2,20.9,25.6,34.9,23.6,1.2,1.2,14.5,34.2,258,22.41,43200.0,4.98,53,Bengaluru,12.9716,77.5946,Karnataka
2025-05-13,33.5,20.7,25.1,37.2,21.4,4.7,4.7,17.9,45.4,268,22.26,39600.0,4.89,63,Bengaluru,12.9716,77.5946,Karnataka
2025-05-14,32.4,20.8,26.2,36.2,23.5,1.6,1.6,11.2,27.0,308,23.99,41789.14,5.24,55,Bengaluru,12.9716,77.5946,Karnataka
2025-05-15,33.1,21.1,25.8,37.4,24.1,1.8,1.8,12.8,29.9,245,23.49,42375.81,5.25,61,Bengaluru,12.9716,77.5946,Karnataka
2025-05-16,30.9,21.3,25.3,35.1,24.4,3.6,3.6,13.4,32.4,268,22.41,40398.39,4.83,61,Bengaluru,12.9716,77.5946,Karnataka
2025-05-17,29.4,21.1,23.6,33.7,24.3,22.6,22.6,12.1,32.0,283,17.27,24990.25,3.57,63,Bengaluru,12.9716,77.5946,Karnataka
2025-05-18,29.1,20.5,24.0,34.1,23.3,16.5,16.5,11.1,33.1,310,22.2,33201.61,4.47,63,Bengaluru,12.9716,77.5946,Karnataka
2025-05-19,28.3,21.1,23.2,32.9,24.3,14.9,14.9,11.1,26.3,298,14.97,16434.71,3.08,63,Bengaluru,12.9716,77.5946,Karnataka
2025-05-20,27.4,20.8,22.7,30.7,24.0,15.2,15.2,12.0,41.4,240,10.99,10347.16,2.28,65,Bengaluru,12.9716,77.5946,Karnataka
2025-05-21,26.5,20.5,22.8,28.5,21.1,7.9,7.9,18.6,44.3,250,16.55,25431.88,3.6,63,Bengaluru,12.9716,77.5946,Karnataka
2025-05-22,28.6,19.3,23.6,30.8,21.1,0.1,0.1,18.9,48.6,248,21.57,42043.24,4.67,51,Bengaluru,12.9716,77.5946,Karnataka
2025-05-23,28.1,20.5,23.6,30.3,22.6,3.1,3.1,22.2,58.3,233,21.59,42122.16,4.42,55,Bengaluru,12.9716,77.5946,Karnataka
2025-05-24,25.5,20.8,22.7,26.0,22.1,5.5,5.5,27.2,64.4,230,12.22,14485.44,2.65,61,Bengaluru,12.9716,77.5946,Karnataka
2025-05-25,26.9,20.3,22.7,27.9,20.9,7.6,7.6,29.2,73.8,235,18.47,35943.76,3.53,61,Bengaluru,12.9716,77.5946,Karnataka
2025-05-26,25.5,20.1,21.6,27.2,21.2,15.2,15.2,24.6,65.2,248,10.28,8278.92,2.05,63,Bengaluru,12.9716,77.5946,Karnataka
2025-05-27,26.3,20.4,22.8,27.0,21.0,3.2,3.2,28.8,68.0,262,17.05,29407.74,3.64,55,Bengaluru,12.9716,77.5946,Karnataka
2025-05-28,26.4,20.9,23.1,27.3,21.4,3.3,3.3,27.6,68.0,265,18.24,35349.58,3.98,55,Bengaluru,12.9716,77.5946,Karnataka
2025-05-29,26.0,20.7,22.4,26.8,21.9,6.4,6.4,24.0,56.9,252,13.06,10972.87,2.82,61,Bengaluru,12.9716,77.5946,Karnataka
2025-05-30,24.2,20.5,22.1,25.3,22.4,2.2,2.2,19.9,45.0,257,6.39,0.0,1.67,51,Bengaluru,12.9716,77.5946,Karnataka
2025-05-31,29.5,21.0,24.2,30.5,22.2,0.1,0.1,20.4,48.2,264,19.49,41142.28,4.44,51,Bengaluru,12.9716,77.5946,Karnataka
2025-06-01,29.6,19.7,24.2,32.0,21.4,0.0,0.0,16.4,43.2,259,24.81,41876.99,5.36,3,Bengaluru,12.9716,77.5946,Karnataka
2025-06-02,28.9,19.5,23.7,31.5,21.4,1.5,1.5,20.2,48.2,246,21.49,35536.11,4.66,61,Bengaluru,12.9716,77.5946,Karnataka
2025-06-03,28.8,19.9,23.6,30.7,21.3,1.8,1.8,20.9,52.6,247,20.31,40040.58,4.32,53,Bengaluru,12.9716,77.5946,Karnataka
2025-06-04,29.3,19.4,24.3,31.7,21.5,0.5,0.5,15.1,39.6,255,24.27,43200.0,5.31,53,Bengaluru,12.9716,77.5946,Karnataka
2025-06-05,30.2,19.4,24.6,32.5,21.5,0.0,0.0,12.9,37.1,273,24.68,43200.0,5.3,3,Bengaluru,12.9716,77.5946,Karnataka
2025-06-06,31.6,20.0,25.8,33.2,22.2,0.2,0.2,13.1,37.1,275,24.02,43211.87,5.52,51,Bengaluru,12.9716,77.5946,Karnataka
2025-06-07,30.9,20.2,25.6,32.8,22.5,0.3,0.3,13.0,37.1,253,24.43,43215.19,5.67,51,Bengaluru,12.9716,77.5946,Karnataka
2025-06-08,31.8,20.2,25.6,33.8,22.3,2.9,2.9,12.4,36.7,284,21.73,36669.71,5.16,61,Bengaluru,12.9716,77.5946,Karnataka
2025-06-09,28.8,20.3,23.8,31.7,22.5,11.9,11.9,16.0,42.1,286,20.82,36956.31,4.42,63,Bengaluru,12.9716,77.5946,Karnataka
2025-06-10,29.8,20.1,23.8,32.8,21.6,5.0,5.0,17.2,44.3,287,23.66,41136.54,4.92,63,Bengaluru,12.9716,77.5946,Karnataka
2025-06-11,27.8,20.4,23.3,31.1,22.4,7.0,7.0,16.9,45.0,278,20.16,35439.98,4.11,61,Bengaluru,12.9716,77.5946,Karnataka
2025-06-12,27.6,20.3,22.9,30.0,22.1,2.3,2.3,17.7,46.8,248,18.6,28973.52,3.91,51,Bengaluru,12.9716,77.5946,Karnataka
2025-06-13,26.2,20.4,22.6,28.4,22.0,3.9,3.9,17.2,46.1,236,14.97,30128.68,2.98,61,Bengaluru,12.9716,77.5946,Karnataka
2025-06-14,27.0,20.0,22.5,30.0,21.3,5.7,5.7,21.6,52.2,241,16.91,29651.81,3.36,61,Bengaluru,12.9716,77.5946,Karnataka
2025-06-15,24.3,20.5,21.9,24.7,21.2,4.0,4.0,28.8,67.7,240,14.29,17990.78,2.77,53,Bengaluru,12.9716,77.5946,Karnataka
2025-06-16,25.9,20.1,22.3,25.9,20.6,8.8,8.8,29.9,68.8,248,15.43,25270.03,3.19,61,Bengaluru,12.9716,77.5946,Karnataka
2025-06-17,26.2,20.1,22.3,27.3,20.8,6.6,6.6,23.3,55.1,249,18.0,31243.23,3.53,61,Bengaluru,12.9716,77.5946,Karnataka
2025-06-18,27.7,19.9,23.2,29.3,21.3,1.0,1.0,20.3,48.2,252,19.21,37328.11,3.99,51,Bengaluru,12.9716,77.5946,Karnataka
2025-06-19,28.7,20.0,23.7,30.3,21.4,0.0,0.0,23.1,54.0,252,22.15,39600.0,4.83,3,Bengaluru,12.9716,77.5946,Karnataka
2025-06-20,28.7,19.8,23.4,30.3,21.3,0.5,0.5,21.5,51.1,255,22.64,41059.3,4.76,51,Bengaluru,12.9716,77.5946,Karnataka
2025-06-21,28.2,19.7,23.5,29.5,20.8,0.2,0.2,22.3,52.9,264,18.75,31525.92,4.27,51,Bengaluru,12.9716,77.5946,Karnataka
2025-06-22,29.0,20.1,23.0,29.9,21.1,1.5,1.5,24.1,56.9,259,20.45,36000.0,4.45,53,Bengaluru,12.9716,77.5946,Karnataka
2025-06-23,26.9,19.9,22.8,26.5,21.0,1.1,1.1,26.5,66.2,256,15.13,22498.43,3.72,51,Bengaluru,12.9716,77.5946,Karnataka
2025-06-24,27.0,20.6,23.3,26.3,20.7,0.9,0.9,28.9,70.9,263,18.93,40184.99,4.53,51,Bengaluru,12.9716,77.5946,Karnataka
2025-06-25,27.4,20.2,22.9,28.4,20.5,8.6,8.6,25.8,61.6,262,18.46,33886.02,4.06,63,Bengaluru,12.9716,77.5946,Karnataka
2025-06-26,28.0,20.6,23.3,28.6,21.1,2.6,2.6,25.2,60.8,258,17.43,27366.47,4.04,61,Bengaluru,12.9716,77.5946,Karnataka
2025-06-27,27.9,19.5,23.0,27.4,20.2,0.6,0.6,21.4,51.1,255,12.29,13041.19,3.32,51,Bengaluru,12.9716,77.5946,Karnataka
2025-06-28,29.4,20.4,23.3,30.7,21.6,5.0,5.0,21.6,51.5,256,19.77,41060.08,4.5,63,Bengaluru,12.9716,77.5946,Karnataka
2025-06-29,29.3,20.0,23.7,27.6,21.3,0.2,0.2,25.9,62.6,261,17.0,28762.81,4.49,51,Bengaluru,12.9716,77.5946,Karnataka
2025-06-30,29.4,19.2,23.7,29.7,20.1,1.0,1.0,24.3,60.5,263,21.6,34591.81,5.06,51,Bengaluru,12.9716,77.5946,Karnataka
2025-07-01,28.5,20.1,23.7,28.6,21.2,0.1,0.1,22.4,56.9,264,17.48,30535.05,4.41,51,Bengaluru,12.9716,77.5946,Karnataka
2025-07-02,28.4,20.1,22.8,29.8,21.2,8.9,8.9,22.0,57.6,261,18.56,28048.6,4.0,63,Bengaluru,12.9716,77.5946,Karnataka
2025-07-03,25.2,19.7,22.0,25.8,20.8,5.5,5.5,23.5,54.4,253,12.88,16291.94,2.79,55,Bengaluru,12.9716,77.5946,Karnataka
2025-07-04,28.0,20.0,23.5,29.5,20.6,1.6,1.6,23.9,57.6,260,20.51,42861.15,4.65,51,Bengaluru,12.9716,77.5946,Karnataka
2025-07-05,28.3,20.4,23.2,28.7,21.1,2.8,2.8,26.7,63.0,259,20.34,34633.14,4.54,53,Bengaluru,12.9716,77.5946,Karnataka
2025-07-06,27.3,20.2,23.1,27.2,20.8,2.0,2.0,28.5,67.0,260,18.99,40035.56,4.26,51,Bengaluru,12.9716,77.5946,Karnataka
2025-07-07,28.0,20.3,23.7,27.6,20.9,0.8,0.8,27.6,65.2,264,19.68,40611.52,4.75,51,Bengaluru,12.9716,77.5946,Karnataka
2025-07-08,30.1,19.9,24.3,31.0,20.8,0.4,0.4,25.7,63.7,264,22.8,43200.0,5.44,51,Bengaluru,12.9716,77.5946,Karnataka
2025-07-09,29.0,19.7,23.8,29.7,20.6,1.5,1.5,23.5,55.4,266,19.25,40614.33,4.59,53,Bengaluru,12.9716,77.5946,Karnataka
2025-07-10,29.5,20.1,23.5,31.5,21.2,5.3,5.3,18.8,48.6,268,18.78,33270.92,4.2,61,Bengaluru,12.9716,77.5946,Karnataka
2025-07-11,28.6,19.9,23.0,31.4,21.7,5.0,5.0,19.7,44.6,265,18.44,30168.23,3.84,61,Bengaluru,12.9716,77.5946,Karnataka
2025-07-12,27.8,20.0,23.3,29.5,21.6,0.8,0.8,22.2,56.5,275,19.99,40174.85,4.23,51,Bengaluru,12.9716,77.5946,Karnataka
2025-07-13,28.2,19.7,23.0,31.1,21.1,7.6,7.6,19.2,49.0,268,18.05,30843.47,3.76,61,Bengaluru,12.9716,77.5946,Karnataka
2025-07-14,26.5,19.6,22.6,28.0,21.0,8.8,8.8,20.6,55.8,259,17.79,35478.61,3.7,61,Bengaluru,12.9716,77.5946,Karnataka
2025-07-15,27.1,20.2,22.9,28.2,21.3,2.8,2.8,24.6,59.4,265,17.42,28043.65,3.84,61,Bengaluru,12.9716,77.5946,Karnataka
2025-07-16,28.0,19.7,22.5,30.7,21.3,13.8,13.8,15.8,43.9,264,19.13,26560.31,3.75,63,Bengaluru,12.9716,77.5946,Karnataka
2025-07-17,27.6,20.1,22.1,30.6,21.7,13.9,13.9,18.7,43.2,262,15.35,28378.43,3.04,63,Bengaluru,12.9716,77.5946,Karnataka
2025-07-18,27.6,19.7,22.6,30.5,21.3,11.4,11.4,18.4,40.3,275,20.18,28145.21,4.04,63,Bengaluru,12.9716,77.5946,Karnataka
2025-07-19,26.2,19.8,21.7,29.1,21.2,21.1,21.1,17.1,39.6,278,14.81,25132.87,2.94,65,Bengaluru,12.9716,77.5946,Karnataka
2025-07-20,26.5,19.6,22.0,28.4,20.9,16.0,16.0,17.6,41.8,272,17.31,29715.42,3.5,63,Bengaluru,12.9716,77.5946,Karnataka
2025-07-21,26.6,19.5,21.5,29.7,20.9,17.5,17.5,20.4,46.8,261,14.63,16476.9,2.83,63,Bengaluru,12.9716,77.5946,Karnataka
2025-07-22,25.3,19.8,21.8,26.6,20.7,9.1,9.1,20.6,56.2,261,15.07,27073.03,3.05,63,Bengaluru,12.9716,77.5946,Karnataka
2025-07-23,25.5,19.8,22.0,25.9,20.3,7.0,7.0,24.3,57.6,263,15.66,25545.88,3.32,61,Bengaluru,12.9716,77.5946,Karnataka
2025-07-24,25.1,19.9,21.6,25.3,20.4,3.8,3.8,25.6,60.1,264,13.3,10177.2,2.78,53,Bengaluru,12.9716,77.5946,Karnataka
2025-07-25,25.7,19.8,22.0,25.2,20.3,9.2,9.2,30.2,69.5,260,14.48,17782.2,3.2,63,Bengaluru,12.9716,77.5946,Karnataka
2025-07-26,26.2,20.3,22.1,26.3,19.2,8.8,8.8,29.3,72.4,264,17.61,25933.78,3.76,63,Bengaluru,12.9716,77.5946,Karnataka
2025-07-27,25.8,19.8,22.2,25.1,19.9,1.7,1.7,29.5,74.5,269,16.99,28336.48,3.91,53,Bengaluru,12.9716,77.5946,Karnataka
2025-07-28,26.5,18.9,22.5,27.3,18.8,0.5,0.5,24.9,58.0,275,20.47,39569.65,4.45,51,Bengaluru,12.9716,77.5946,Karnataka
2025-07-29,27.2,18.8,22.5,27.8,19.0,1.1,1.1,26.8,64.1,275,19.77,34333.48,4.33,51,Bengaluru,12.9716,77.5946,Karnataka
2025-07-30,27.9,19.2,23.1,28.9,19.7,0.4,0.4,24.5,59.0,269,20.87,42633.77,4.54,51,Bengaluru,12.9716,77.5946,Karnataka
2025-07-31,27.1,19.4,22.9,29.6,20.5,1.1,1.1,19.9,46.8,266,17.12,33190.1,3.63,51,Bengaluru,12.9716,77.5946,Karnataka
2025-08-01,28.2,19.4,23.2,30.9,21.1,1.4,1.4,15.5,37.1,274,19.32,37689.27,4.03,51,Bengaluru,12.9716,77.5946,Karnataka
2025-08-02,28.5,19.5,23.5,31.8,21.8,1.2,1.2,11.9,28.8,288,20.61,36806.58,4.32,51,Bengaluru,12.9716,77.5946,Karnataka
2025-08-03,28.6,19.5,22.7,33.9,21.7,5.5,5.5,11.7,28.8,280,17.95,20052.26,3.72,61,Bengaluru,12.9716,77.5946,Karnataka
2025-08-04,28.8,19.6,23.3,33.7,21.8,2.6,2.6,11.5,28.8,292,20.38,34188.28,4.15,53,Bengaluru,12.9716,77.5946,Karnataka
2025-08-05,27.2,20.1,22.7,33.2,23.0,15.3,15.3,11.1,27.7,246,19.12,38354.83,3.8,63,Bengaluru,12.9716,77.5946,Karnataka
2025-08-06,27.9,19.7,23.2,32.5,21.7,1.4,1.4,13.6,31.0,264,21.91,38601.75,4.31,53,Bengaluru,12.9716,77.5946,Karnataka
2025-08-07,28.0,19.9,23.5,32.7,22.4,2.1,2.1,10.5,27.0,261,19.84,28800.0,4.03,53,Bengaluru,12.9716,77.5946,Karnataka
2025-08-08,27.3,20.3,22.6,32.5,23.1,6.3,6.3,8.8,23.8,298,14.51,10329.59,2.99,61,Bengaluru,12.9716,77.5946,Karnataka
2025-08-09,26.5,20.0,22.3,29.9,22.9,7.5,7.5,10.2,25.6,275,14.47,14169.77,2.96,63,Bengaluru,12.9716,77.5946,Karnataka
2025-08-10,26.5,19.9,22.0,29.7,22.0,12.9,12.9,13.2,32.0,274,17.88,25500.29,3.52,63,Bengaluru,12.9716,77.5946,Karnataka
2025-08-11,25.1,19.2,21.7,26.5,21.2,7.5,7.5,15.1,41.0,270,12.93,21420.19,2.66,61,Bengaluru,12.9716,77.5946,Karnataka
2025-08-12,25.5,19.2,21.6,27.9,20.7,5.9,5.9,18.4,44.6,277,16.53,32815.3,3.26,61,Bengaluru,12.9716,77.5946,Karnataka
2025-08-13,23.2,19.2,20.5,24.8,20.3,15.1,15.1,16.8,45.7,262,7.73,1036.69,1.5,63,Bengaluru,12.9716,77.5946,Karnataka
2025-08-14,24.7,18.9,21.1,25.5,19.7,5.1,5.1,19.3,52.6,256,15.01,25127.83,2.86,55,Bengaluru,12.9716,77.5946,Karnataka
2025-08-15,26.1,19.0,21.5,28.5,19.9,8.2,8.2,20.4,52.2,261,16.61,23471.26,3.23,63,Bengaluru,12.9716,77.5946,Karnataka
2025-08-16,26.7,19.7,22.0,28.5,20.6,5.9,5.9,22.1,55.1,266,18.28,25990.15,3.6,55,Bengaluru,12.9716,77.5946,Karnataka
2025-08-17,25.5,19.7,21.3,26.9,20.5,17.4,17.4,20.9,55.4,259,13.34,12683.19,2.67,63,Bengaluru,12.9716,77.5946,Karnataka
2025-08-18,22.7,19.3,20.7,23.8,19.8,6.9,6.9,21.7,59.0,259,9.24,2007.02,1.98,61,Bengaluru,12.9716,77.5946,Karnataka
2025-08-19,25.1,19.0,21.7,24.4,18.6,0.3,0.3,28.5,68.8,259,13.9,20935.99,3.42,51,Bengaluru,12.9716,77.5946,Karnataka
2025-08-20,27.2,19.1,22.4,28.5,19.5,1.3,1.3,22.8,55.4,258,21.2,39600.13,4.46,53,Bengaluru,12.9716,77.5946,Karnataka
2025-08-21,26.9,18.3,22.5,30.6,19.4,0.2,0.2,15.5,37.4,271,16.53,26918.27,3.46,51,Bengaluru,12.9716,77.5946,Karnataka
2025-08-22,27.0,19.2,22.5,30.6,21.7,4.6,4.6,11.6,29.5,268,17.99,30830.62,3.56,61,Bengaluru,12.9716,77.5946,Karnataka
2025-08-23,27.3,19.7,22.8,29.9,22.1,0.2,0.2,12.9,35.6,261,20.66,34718.54,4.25,51,Bengaluru,12.9716,77.5946,Karnataka
2025-08-24,28.0,18.8,23.1,30.2,20.4,0.3,0.3,16.1,40.7,274,23.25,43200.0,4.83,51,Bengaluru,12.9716,77.5946,Karnataka
2025-08-25,27.1,17.8,22.8,29.3,19.3,0.0,0.0,17.0,44.6,282,21.34,31899.85,4.51,3,Bengaluru,12.9716,77.5946,Karnataka
2025-08-26,28.4,18.5,22.6,29.5,20.1,1.6,1.6,17.8,47.2,265,21.67,40176.95,4.54,51,Bengaluru,12.9716,77.5946,Karnataka
2025-08-27,26.7,19.3,21.8,28.3,20.8,15.4,15.4,20.7,49.7,260,15.84,26138.43,3.21,65,Bengaluru,12.9716,77.5946,Karnataka
2025-08-28,25.8,19.6,21.6,27.6,20.8,8.7,8.7,18.4,48.2,245,14.07,26433.6,2.73,61,Bengaluru,12.9716,77.5946,Karnataka
2025-08-29,25.4,19.6,22.2,25.7,20.6,0.9,0.9,22.4,54.4,255,13.05,14544.04,2.95,53,Bengaluru,12.9716,77.5946,Karnataka
2025-08-30,27.8,19.6,22.8,30.4,21.2,4.0,4.0,19.9,48.6,259,22.09,39504.11,4.37,61,Bengaluru,12.9716,77.5946,Karnataka
2025-08-31,26.9,19.6,22.3,29.9,20.7,10.0,10.0,19.3,49.0,269,17.73,31652.26,3.53,63,Bengaluru,12.9716,77.5946,Karnataka
2025-09-01,26.6,19.8,22.5,28.8,20.9,4.3,4.3,21.9,52.2,278,18.8,31049.93,3.86,63,Bengaluru,12.9716,77.5946,Karnataka
2025-09-02,27.2,18.8,22.0,29.0,19.8,6.0,6.0,22.1,55.1,273,18.26,36461.92,3.72,63,Bengaluru,12.9716,77.5946,Karnataka
2025-09-03,25.5,19.6,21.6,27.0,20.4,5.5,5.5,18.9,53.6,267,14.36,19496.98,2.86,61,Bengaluru,12.9716,77.5946,Karnataka
2025-09-04,26.0,19.3,22.3,28.0,20.6,2.8,2.8,19.4,47.2,261,18.63,39964.65,3.64,53,Bengaluru,12.9716,77.5946,Karnataka
2025-09-05,26.8,19.1,22.8,28.9,20.8,1.3,1.3,13.5,35.3,262,19.37,39600.0,3.91,51,Bengaluru,12.9716,77.5946,Karnataka
2025-09-06,27.0,19.4,22.5,30.3,21.2,3.3,3.3,13.3,32.8,267,18.43,31419.87,3.77,53,Bengaluru,12.9716,77.5946,Karnataka
2025-09-07,27.7,19.6,23.1,30.8,21.9,1.8,1.8,14.3,37.4,277,23.0,40234.52,4.58,53,Bengaluru,12.9716,77.5946,Karnataka
2025-09-08,28.0,18.8,23.4,31.0,21.0,1.0,1.0,11.2,31.7,284,23.67,39145.84,4.78,51,Bengaluru,12.9716,77.5946,Karnataka
2025-09-09,28.2,19.1,23.6,32.4,21.2,1.5,1.5,8.3,22.3,297,22.83,42703.68,4.59,51,Bengaluru,12.9716,77.5946,Karnataka
2025-09-10,27.6,19.5,23.1,33.3,21.2,8.8,8.8,14.2,41.4,276,18.82,35404.01,3.79,63,Bengaluru,12.9716,77.5946,Karnataka
2025-09-11,26.3,19.3,22.4,27.7,21.2,0.4,0.4,14.5,35.3,309,18.36,34151.7,3.71,51,Bengaluru,12.9716,77.5946,Karnataka
2025-09-12,27.2,19.6,23.1,29.8,21.4,0.4,0.4,12.6,34.6,305,19.62,32400.0,4.13,51,Bengaluru,12.9716,77.5946,Karnataka
2025-09-13,28.1,18.9,23.3,31.4,20.9,1.2,1.2,11.6,31.7,271,22.08,36142.63,4.58,51,Bengaluru,12.9716,77.5946,Karnataka
2025-09-14,27.8,18.8,23.1,29.1,20.7,0.0,0.0,13.1,36.0,257,17.73,27489.49,3.84,3,Bengaluru,12.9716,77.5946,Karnataka
2025-09-15,28.4,19.1,23.2,30.9,20.8,2.0,2.0,15.8,39.6,266,21.09,42444.73,4.49,53,Bengaluru,12.9716,77.5946,Karnataka
2025-09-16,27.6,19.8,22.4,30.1,22.0,4.7,4.7,16.1,38.2,259,14.85,20576.91,3.1,61,Bengaluru,12.9716,77.5946,Karnataka
2025-09-17,25.7,19.7,22.1,28.2,22.2,10.7,10.7,10.8,28.4,265,13.77,17787.52,2.76,63,Bengaluru,12.9716,77.5946,Karnataka
2025-09-18,27.3,19.8,22.2,30.5,22.0,16.5,16.5,15.5,38.9,267,18.44,30648.0,3.58,63,Bengaluru,12.9716,77.5946,Karnataka
2025-09-19,24.3,19.3,21.3,26.8,21.3,6.8,6.8,14.5,34.9,265,9.68,7200.0,1.97,53,Bengaluru,12.9716,77.5946,Karnataka
2025-09-20,26.7,19.3,21.8,29.7,21.1,16.2,16.2,16.7,37.1,274,16.62,25466.67,3.21,65,Bengaluru,12.9716,77.5946,Karnataka
2025-09-21,27.0,18.9,22.4,30.9,20.6,3.5,3.5,14.6,35.6,287,20.6,37826.57,4.03,61,Bengaluru,12.9716,77.5946,Karnataka
2025-09-22,27.1,19.2,22.5,29.6,21.1,1.4,1.4,15.1,39.2,273,21.14,38841.1,4.23,53,Bengaluru,12.9716,77.5946,Karnataka
2025-09-23,25.3,19.8,21.9,26.9,21.3,8.4,8.4,17.7,45.0,273,13.73,20882.31,2.8,63,Bengaluru,12.9716,77.5946,Karnataka
2025-09-24,25.4,18.9,21.8,27.2,20.5,3.5,3.5,20.0,47.5,275,19.15,36769.9,3.67,55,Bengaluru,12.9716,77.5946,Karnataka
2025-09-25,27.1,18.9,22.1,29.4,20.3,8.5,8.5,18.7,48.2,277,19.54,37961.54,3.8,63,Bengaluru,12.9716,77.5946,Karnataka
2025-09-26,26.9,18.8,22.4,27.7,20.1,1.1,1.1,20.5,50.4,275,21.81,35615.9,4.56,51,Bengaluru,12.9716,77.5946,Karnataka
2025-09-27,26.6,19.4,22.2,27.4,19.9,2.8,2.8,25.2,63.0,265,20.12,40082.6,4.13,55,Bengaluru,12.9716,77.5946,Karnataka
2025-09-28,28.0,19.3,22.9,29.0,19.9,1.4,1.4,23.9,58.7,255,21.77,37189.25,4.74,51,Bengaluru,12.9716,77.5946,Karnataka
2025-09-29,28.3,19.6,23.0,28.2,20.6,0.4,0.4,23.4,58.0,259,19.72,37428.89,4.56,51,Bengaluru,12.9716,77.5946,Karnataka
2025-09-30,28.2,17.9,23.0,28.1,18.4,0.1,0.1,21.8,54.4,275,20.8,36310.36,4.79,51,Bengaluru,12.9716,77.5946,Karnataka
2025-10-01,29.2,19.4,23.6,30.7,20.6,2.4,2.4,18.8,49.3,271,20.82,36701.67,4.7,53,Bengaluru,12.9716,77.5946,Karnataka
2025-10-02,28.0,19.9,23.3,29.1,21.1,3.1,3.1,18.9,47.9,265,17.28,31522.51,3.92,63,Bengaluru,12.9716,77.5946,Karnataka
2025-10-03,29.6,19.4,23.6,32.8,21.4,10.9,10.9,11.8,34.9,284,21.07,31193.58,4.53,65,Bengaluru,12.9716,77.5946,Karnataka
2025-10-04,26.3,20.7,22.6,28.4,23.1,6.9,6.9,12.7,28.8,264,10.74,14400.0,2.3,63,Bengaluru,12.9716,77.5946,Karnataka
2025-10-05,28.6,18.3,23.1,31.2,20.7,2.1,2.1,16.6,40.0,284,20.0,37029.81,4.31,61,Bengaluru,12.9716,77.5946,Karnataka
2025-10-06,27.2,19.6,23.0,30.2,21.0,5.1,5.1,11.9,29.5,317,22.52,35071.88,4.52,55,Bengaluru,12.9716,77.5946,Karnataka
2025-10-07,28.7,18.9,23.8,32.0,21.1,0.8,0.8,8.7,25.9,330,21.97,39820.66,4.65,51,Bengaluru,12.9716,77.5946,Karnataka
2025-10-08,27.8,20.5,23.4,30.1,22.9,5.2,5.2,7.9,20.5,75,14.64,29292.35,3.02,63,Bengaluru,12.9716,77.5946,Karnataka
2025-10-09,27.5,19.1,22.6,32.5,22.0,35.4,35.4,10.3,23.0,252,20.7,36000.0,4.12,63,Bengaluru,12.9716,77.5946,Karnataka
2025-10-10,27.0,18.9,22.6,29.9,21.1,19.3,19.3,12.7,33.8,22,18.39,28709.67,3.61,63,Bengaluru,12.9716,77.5946,Karnataka
2025-10-11,27.0,19.3,22.7,30.7,21.7,9.1,9.1,10.4,27.0,45,20.09,39326.59,4.03,63,Bengaluru,12.9716,77.5946,Karnataka
2025-10-12,27.8,18.8,23.1,30.9,19.8,0.0,0.0,11.2,29.9,53,24.24,39918.2,4.98,3,Bengaluru,12.9716,77.5946,Karnataka
2025-10-13,27.8,18.9,23.1,30.4,21.2,0.0,0.0,12.4,30.2,19,23.26,37301.64,4.78,3,Bengaluru,12.9716,77.5946,Karnataka
2025-10-14,28.0,19.8,23.3,30.8,21.9,3.1,3.1,13.7,35.3,78,19.99,37577.31,4.09,61,Bengaluru,12.9716,77.5946,Karnataka
2025-10-15,26.7,20.2,22.5,29.7,22.9,4.8,4.8,15.5,38.2,76,18.05,36000.0,3.59,61,Bengaluru,12.9716,77.5946,Karnataka
2025-10-16,27.1,20.4,22.6,29.5,22.2,3.8,3.8,19.3,47.2,80,18.38,36628.45,3.61,61,Bengaluru,12.9716,77.5946,Karnataka
2025-10-17,26.3,19.6,22.2,29.9,21.5,5.1,5.1,16.1,40.3,72,15.25,26696.66,2.99,55,Bengaluru,12.9716,77.5946,Karnataka
2025-10-18,27.3,20.0,22.0,31.2,22.9,13.0,13.0,16.0,38.5,72,14.09,19431.84,2.76,63,Bengaluru,12.9716,77.5946,Karnataka
2025-10-19,27.3,19.1,22.4,32.3,21.0,22.4,22.4,9.0,26.3,88,19.07,33294.27,3.73,63,Bengaluru,12.9716,77.5946,Karnataka
2025-10-20,27.1,20.1,22.4,31.2,22.6,4.7,4.7,13.7,37.4,94,18.05,32446.75,3.55,61,Bengaluru,12.9716,77.5946,Karnataka
2025-10-21,25.4,20.0,21.5,27.3,22.2,6.0,6.0,17.6,39.6,67,9.13,6848.67,1.88,61,Bengaluru,12.9716,77.5946,Karnataka
2025-10-22,24.6,20.3,21.6,26.5,22.2,25.3,25.3,17.7,45.4,73,10.57,9142.12,2.07,63,Bengaluru,12.9716,77.5946,Karnataka
2025-10-23,25.7,19.8,22.3,28.2,22.1,1.6,1.6,13.5,37.1,211,14.81,24922.94,3.01,51,Bengaluru,12.9716,77.5946,Karnataka
2025-10-24,25.2,19.4,22.0,26.3,20.9,0.1,0.1,16.8,46.8,242,11.59,12198.01,2.63,51,Bengaluru,12.9716,77.5946,Karnataka
2025-10-25,26.6,19.6,22.8,29.1,21.5,0.0,0.0,13.9,36.0,232,22.04,39600.0,4.28,3,Bengaluru,12.9716,77.5946,Karnataka
2025-10-26,27.7,19.9,23.1,30.8,22.3,0.4,0.4,8.9,26.3,242,22.14,36000.0,4.38,51,Bengaluru,12.9716,77.5946,Karnataka
2025-10-27,23.9,19.4,21.4,25.8,21.3,2.5,2.5,13.8,40.0,272,11.08,7709.91,2.24,51,Bengaluru,12.9716,77.5946,Karnataka
2025-10-28,24.0,19.9,21.4,24.5,21.0,2.6,2.6,19.4,45.0,275,6.52,0.0,1.79,53,Bengaluru,12.9716,77.5946,Karnataka
2025-10-29,26.8,19.4,22.2,27.5,19.5,0.1,0.1,21.9,54.0,246,19.2,36451.27,4.07,51,Bengaluru,12.9716,77.5946,Karnataka
2025-10-30,26.9,18.2,22.1,27.8,18.9,0.0,0.0,20.2,48.2,241,20.81,39600.0,4.16,3,Bengaluru,12.9716,77.5946,Karnataka
2025-10-31,27.3,18.0,22.4,29.1,19.1,0.0,0.0,15.0,39.2,230,23.18,39600.0,4.68,2,Bengaluru,12.9716,77.5946,Karnataka
2025-11-01,28.4,17.9,22.9,31.3,19.8,0.0,0.0,9.1,25.6,231,23.18,39600.0,4.62,3,Bengaluru,12.9716,77.5946,Karnataka
2025-11-02,27.8,17.7,23.0,30.0,19.5,0.0,0.0,9.4,28.1,293,20.67,39600.0,4.22,3,Bengaluru,12.9716,77.5946,Karnataka
2025-11-03,28.0,18.5,23.3,30.4,20.2,0.0,0.0,9.9,29.2,309,20.5,39600.0,4.24,3,Bengaluru,12.9716,77.5946,Karnataka
2025-11-04,27.1,18.5,22.4,29.0,20.4,0.1,0.1,11.3,31.0,321,14.37,23393.75,3.16,51,Bengaluru,12.9716,77.5946,Karnataka
2025-11-05,27.4,19.5,22.7,29.9,21.5,4.5,4.5,11.1,28.4,328,15.44,32466.37,3.13,63,Bengaluru,12.9716,77.5946,Karnataka
2025-11-06,26.5,19.1,22.0,29.1,21.0,1.9,1.9,11.4,25.9,356,18.77,39600.0,3.74,53,Bengaluru,12.9716,77.5946,Karnataka
2025-11-07,27.5,18.7,22.7,29.8,21.2,0.6,0.6,10.8,26.3,48,19.57,38204.13,4.07,51,Bengaluru,12.9716,77.5946,Karnataka
2025-11-08,27.3,18.6,22.3,28.0,19.1,0.0,0.0,11.5,31.7,31,18.51,39600.0,4.15,3,Bengaluru,12.9716,77.5946,Karnataka
2025-11-09,26.6,17.2,21.7,26.9,16.5,0.0,0.0,11.0,29.5,32,23.29,39600.0,5.01,0,Bengaluru,12.9716,77.5946,Karnataka
2025-11-10,28.8,17.2,22.4,30.4,17.7,0.0,0.0,9.4,25.6,47,21.96,39600.0,4.63,3,Bengaluru,12.9716,77.5946,Karnataka
2025-11-11,27.5,18.1,22.9,29.3,19.5,0.0,0.0,10.3,22.7,64,17.47,37727.7,3.81,3,Bengaluru,12.9716,77.5946,Karnataka
2025-11-12,27.9,19.0,23.1,28.9,19.9,0.1,0.1,11.3,32.0,74,18.95,39600.0,4.17,51,Bengaluru,12.9716,77.5946,Karnataka
2025-11-13,28.1,19.4,23.2,29.5,21.4,0.6,0.6,11.0,32.8,75,19.68,39600.0,4.19,51,Bengaluru,12.9716,77.5946,Karnataka
2025-11-14,27.9,19.1,22.5,29.0,19.8,0.0,0.0,12.6,32.4,58,20.58,39600.0,4.44,3,Bengaluru,12.9716,77.5946,Karnataka
2025-11-15,26.7,16.3,21.3,27.3,16.3,0.0,0.0,12.0,29.2,66,22.37,39600.0,4.67,3,Bengaluru,12.9716,77.5946,Karnataka
2025-11-16,26.3,17.5,21.8,28.1,18.3,0.0,0.0,12.0,30.2,61,15.53,28916.43,3.54,3,Bengaluru,12.9716,77.5946,Karnataka
2025-11-17,26.5,17.1,21.4,27.5,16.5,0.0,0.0,13.2,32.0,55,14.42,29054.52,3.45,3,Bengaluru,12.9716,77.5946,Karnataka
2025-11-18,24.6,18.2,20.8,25.3,17.6,5.8,5.8,15.4,38.2,58,13.54,33626.31,2.95,63,Bengaluru,12.9716,77.5946,Karnataka
2025-11-19,26.6,18.3,21.7,28.8,19.7,0.4,0.4,13.9,33.1,86,17.81,34648.4,3.61,51,Bengaluru,12.9716,77.5946,Karnataka
2025-11-20,27.8,18.2,22.2,30.3,19.7,0.0,0.0,10.6,27.4,73,18.87,35316.27,3.94,3,Bengaluru,12.9716,77.5946,Karnataka
2025-11-21,27.2,18.1,21.7,29.6,19.2,0.6,0.6,13.7,37.1,73,16.99,36931.83,3.46,51,Bengaluru,12.9716,77.5946,Karnataka
2025-11-22,26.9,19.6,22.3,28.4,21.5,1.5,1.5,17.6,43.6,77,16.65,29726.5,3.46,53,Bengaluru,12.9716,77.5946,Karnataka
2025-11-23,26.5,19.4,22.1,27.1,21.4,0.4,0.4,17.0,40.3,79,13.28,26385.93,3.0,51,Bengaluru,12.9716,77.5946,Karnataka
2025-11-24,26.8,19.2,22.1,26.8,20.7,0.0,0.0,15.1,38.5,81,15.39,29188.57,3.41,3,Bengaluru,12.9716,77.5946,Karnataka
2025-11-25,26.5,18.0,21.5,27.2,18.6,0.0,0.0,14.4,36.7,75,16.86,35004.95,3.63,3,Bengaluru,12.9716,77.5946,Karnataka
2025-11-26,26.6,17.0,20.9,27.3,17.7,0.0,0.0,15.6,37.8,66,20.42,36779.79,4.24,3,Bengaluru,12.9716,77.5946,Karnataka
2025-11-27,25.2,16.5,20.3,25.5,16.6,0.0,0.0,15.7,40.3,64,18.23,31811.65,3.91,3,Bengaluru,12.9716,77.5946,Karnataka
2025-11-28,24.8,15.8,19.8,24.9,15.6,0.0,0.0,18.9,45.0,46,17.95,29804.13,3.78,3,Bengaluru,12.9716,77.5946,Karnataka
2025-11-29,22.2,16.2,19.0,21.8,15.9,0.1,0.1,17.6,41.0,38,7.71,4025.78,1.96,51,Bengaluru,12.9716,77.5946,Karnataka
2025-11-30,21.4,18.3,19.3,22.2,19.2,6.3,6.3,14.6,34.2,1,3.93,0.0,0.98,55,Bengaluru,12.9716,77.5946,Karnataka
2025-12-01,23.9,18.7,20.8,24.7,19.8,0.1,0.1,16.8,40.3,21,14.14,31019.82,2.82,51,Bengaluru,12.9716,77.5946,Karnataka
2025-12-02,24.8,18.5,21.2,25.8,19.7,0.3,0.3,13.8,33.8,33,11.89,21234.66,2.54,51,Bengaluru,12.9716,77.5946,Karnataka
2025-12-03,25.0,19.1,21.4,26.8,19.8,1.7,1.7,17.2,39.6,54,14.26,28892.74,2.83,51,Bengaluru,12.9716,77.5946,Karnataka
2025-12-04,25.9,19.3,21.4,28.1,20.7,7.5,7.5,14.3,34.2,79,13.94,26392.58,2.82,63,Bengaluru,12.9716,77.5946,Karnataka
2025-12-05,24.9,19.3,21.4,26.2,20.7,1.3,1.3,17.4,40.0,66,14.22,29849.9,2.95,51,Bengaluru,12.9716,77.5946,Karnataka
2025-12-06,25.6,17.4,20.9,25.6,18.1,0.0,0.0,14.1,36.7,73,16.88,38399.86,3.48,3,Bengaluru,12.9716,77.5946,Karnataka
2025-12-07,26.5,17.0,20.9,28.2,17.5,0.0,0.0,13.1,28.4,77,19.01,37408.52,3.85,3,Bengaluru,12.9716,77.5946,Karnataka
2025-12-08,27.1,15.9,20.5,26.7,16.6,0.0,0.0,13.7,33.1,54,20.92,36000.0,4.51,3,Bengaluru,12.9716,77.5946,Karnataka
2025-12-09,27.2,15.2,20.5,27.3,14.7,0.0,0.0,13.9,37.1,78,20.22,39341.2,4.24,3,Bengaluru,12.9716,77.5946,Karnataka
2025-12-10,27.4,17.0,21.2,26.8,15.5,0.0,0.0,13.5,37.1,60,21.09,39472.57,4.97,3,Bengaluru,12.9716,77.5946,Karnataka
2025-12-11,26.6,14.8,20.0,25.5,13.8,0.0,0.0,14.6,40.0,66,21.5,39430.72,4.68,0,Bengaluru,12.9716,77.5946,Karnataka
2025-12-12,26.7,13.9,19.8,26.3,13.8,0.0,0.0,11.9,28.4,69,21.43,39389.11,4.4,3,Bengaluru,12.9716,77.5946,Karnataka
2025-12-13,27.3,14.1,19.9,26.0,13.7,0.0,0.0,13.4,27.4,65,21.69,36133.01,4.56,3,Bengaluru,12.9716,77.5946,Karnataka
2025-12-14,26.1,14.2,19.7,25.3,13.8,0.0,0.0,13.2,32.8,80,21.67,39305.79,4.51,3,Bengaluru,12.9716,77.5946,Karnataka
2025-12-15,26.4,14.2,19.5,25.6,13.8,0.0,0.0,12.5,32.4,78,21.7,38438.94,4.59,3,Bengaluru,12.9716,77.5946,Karnataka
2025-12-16,25.1,15.4,20.2,24.6,15.3,0.1,0.1,21.9,53.6,84,14.24,28190.82,3.15,51,Bengaluru,12.9716,77.5946,Karnataka
2025-12-17,26.9,17.8,21.9,27.2,17.9,0.0,0.0,16.1,40.3,69,20.31,36083.95,4.43,3,Bengaluru,12.9716,77.5946,Karnataka
2025-12-18,27.0,15.0,20.2,25.6,14.0,0.0,0.0,12.9,35.3,68,21.29,39129.03,4.6,3,Bengaluru,12.9716,77.5946,Karnataka
2025-12-19,26.5,14.8,20.0,25.8,14.7,0.0,0.0,11.6,33.5,76,21.33,37406.02,4.48,3,Bengaluru,12.9716,77.5946,Karnataka
2025-12-20,25.3,13.8,19.1,25.2,13.5,0.0,0.0,10.7,30.6,89,20.55,33546.46,4.15,3,Bengaluru,12.9716,77.5946,Karnataka
2025-12-21,25.7,14.3,19.5,25.4,14.1,0.0,0.0,11.7,30.6,90,20.75,33883.06,4.23,3,Bengaluru,12.9716,77.5946,Karnataka
2025-12-22,24.8,14.3,19.2,24.8,14.2,0.0,0.0,12.7,33.8,81,19.41,32550.16,3.87,3,Bengaluru,12.9716,77.5946,Karnataka
2025-12-23,25.7,15.0,19.8,25.7,15.5,0.0,0.0,9.8,30.2,78,20.46,34982.01,4.15,3,Bengaluru,12.9716,77.5946,Karnataka
2025-12-24,25.3,14.5,19.8,25.2,14.2,0.0,0.0,11.7,27.0,81,20.85,35331.58,4.27,3,Bengaluru,12.9716,77.5946,Karnataka
2025-12-25,26.8,14.4,20.3,25.7,14.3,0.0,0.0,12.3,27.7,90,21.41,39219.76,4.46,3,Bengaluru,12.9716,77.5946,Karnataka
2025-12-26,26.4,17.4,21.2,25.8,18.0,0.0,0.0,12.6,36.0,91,18.44,36463.68,4.11,3,Bengaluru,12.9716,77.5946,Karnataka
2025-12-27,26.0,16.2,20.4,25.0,16.0,0.0,0.0,11.8,32.8,86,21.48,37391.4,4.57,3,Bengaluru,12.9716,77.5946,Karnataka
2025-12-28,26.6,15.0,20.3,27.2,14.8,0.0,0.0,12.0,27.4,90,20.28,33088.88,4.21,3,Bengaluru,12.9716,77.5946,Karnataka
2025-12-29,27.2,15.0,20.9,28.3,14.9,0.0,0.0,12.4,28.8,92,20.19,33393.74,4.28,3,Bengaluru,12.9716,77.5946,Karnataka
2025-12-30,28.7,16.5,22.1,30.3,17.3,0.0,0.0,10.2,25.6,71,19.21,33554.63,3.99,3,Bengaluru,12.9716,77.5946,Karnataka
2025-12-31,28.2,17.0,22.5,29.2,18.1,0.5,0.5,10.2,29.5,136,17.95,33977.26,3.74,51,Bengaluru,12.9716,77.5946,Karnataka
2026-01-01,27.2,18.8,22.3,28.3,20.6,0.5,0.5,13.4,31.0,97,16.04,39027.92,3.49,51,Bengaluru,12.9716,77.5946,Karnataka
2026-01-02,26.9,18.3,22.0,26.9,19.7,0.0,0.0,13.2,32.0,110,15.71,36604.49,3.57,3,Bengaluru,12.9716,77.5946,Karnataka
2026-01-03,26.5,17.3,21.7,27.0,17.2,0.0,0.0,15.5,38.5,85,16.43,29665.64,4.16,3,Bengaluru,12.9716,77.5946,Karnataka
2026-01-04,26.3,15.4,20.6,25.0,15.0,0.0,0.0,15.7,42.1,72,21.33,38109.32,4.94,3,Bengaluru,12.9716,77.5946,Karnataka
2026-01-05,26.2,14.3,20.2,25.9,13.8,0.0,0.0,13.4,35.6,82,21.45,39651.85,4.73,3,Bengaluru,12.9716,77.5946,Karnataka
2026-01-06,25.6,15.8,20.4,24.8,15.5,0.0,0.0,16.1,38.2,78,15.85,28630.08,3.7,3,Bengaluru,12.9716,77.5946,Karnataka
2026-01-07,25.8,16.4,20.4,24.4,15.3,0.0,0.0,16.6,45.0,80,21.17,39104.13,4.9,3,Bengaluru,12.9716,77.5946,Karnataka
2026-01-08,25.2,14.7,19.5,24.1,12.9,0.0,0.0,16.1,42.1,82,21.05,39285.28,4.88,3,Bengaluru,12.9716,77.5946,Karnataka
2026-01-09,26.3,14.0,19.4,25.7,12.9,0.0,0.0,13.4,36.4,71,18.75,35710.67,4.22,3,Bengaluru,12.9716,77.5946,Karnataka
2026-01-10,24.2,15.9,19.4,23.5,15.4,0.0,0.0,14.1,35.6,60,9.68,15551.6,2.71,3,Bengaluru,12.9716,77.5946,Karnataka
2026-01-11,22.1,16.1,19.0,22.3,16.1,0.0,0.0,14.8,35.3,76,6.24,1297.87,1.69,3,Bengaluru,12.9716,77.5946,Karnataka
2026-01-12,23.9,17.3,20.4,24.3,17.8,0.5,0.5,16.1,40.3,87,13.94,29165.94,3.01,51,Bengaluru,12.9716,77.5946,Karnataka
2026-01-13,26.3,17.0,21.1,26.9,17.5,0.8,0.8,14.5,34.2,89,16.88,37315.79,3.59,51,Bengaluru,12.9716,77.5946,Karnataka
2026-01-14,26.9,16.9,21.7,28.1,17.9,0.7,0.7,11.5,27.0,87,18.63,38735.88,3.92,51,Bengaluru,12.9716,77.5946,Karnataka
2026-01-15,29.1,17.2,22.7,29.0,18.7,0.0,0.0,13.0,31.0,83,18.73,38717.18,4.4,3,Bengaluru,12.9716,77.5946,Karnataka
2026-01-16,27.7,16.8,21.8,27.5,17.7,0.0,0.0,12.1,34.9,74,21.0,38422.58,4.73,3,Bengaluru,12.9716,77.5946,Karnataka
2026-01-17,27.1,14.8,20.8,25.6,14.9,0.0,0.0,10.6,33.1,69,22.31,39475.58,4.91,3,Bengaluru,12.9716,77.5946,Karnataka
2026-01-18,28.2,14.8,21.5,26.7,14.6,0.0,0.0,13.4,28.1,94,22.63,40837.17,5.18,3,Bengaluru,12.9716,77.5946,Karnataka
2026-01-19,28.9,15.5,21.8,29.8,15.1,0.0,0.0,15.3,32.8,98,22.12,40862.66,4.78,0,Bengaluru,12.9716,77.5946,Karnataka
2026-01-20,28.2,15.8,21.6,27.3,14.0,0.0,0.0,15.2,33.5,95,22.61,40888.7,5.45,2,Bengaluru,12.9716,77.5946,Karnataka
2026-01-21,26.8,14.8,20.7,25.6,13.5,0.0,0.0,14.6,36.0,89,22.73,40915.27,5.3,3,Bengaluru,12.9716,77.5946,Karnataka
2026-01-22,26.1,15.3,20.4,24.8,12.9,0.0,0.0,13.7,36.7,86,22.97,40942.41,5.45,2,Bengaluru,12.9716,77.5946,Karnataka
2026-01-23,27.1,13.9,20.3,26.3,12.6,0.0,0.0,13.9,32.4,92,22.56,40970.5,5.02,3,Bengaluru,12.9716,77.5946,Karnataka
2026-01-24,25.2,16.0,20.4,25.3,16.3,0.0,0.0,14.6,36.0,73,13.26,19962.99,3.1,3,Bengaluru,12.9716,77.5946,Karnataka
2026-01-25,25.1,17.5,21.0,25.7,17.4,0.1,0.1,15.3,40.7,81,16.22,28285.96,3.76,51,Bengaluru,12.9716,77.5946,Karnataka
2026-01-26,24.3,17.6,20.5,25.2,18.2,1.3,1.3,14.0,37.4,100,11.42,22422.08,2.57,51,Bengaluru,12.9716,77.5946,Karnataka
2026-01-27,28.3,17.2,22.1,29.1,17.2,0.0,0.0,15.3,37.8,97,20.1,33212.75,4.76,3,Bengaluru,12.9716,77.5946,Karnataka
2026-01-28,29.6,16.5,22.6,29.7,15.9,0.0,0.0,14.6,35.6,83,21.79,41123.27,5.2,3,Bengaluru,12.9716,77.5946,Karnataka
2026-01-29,27.9,16.3,21.9,27.5,15.8,0.0,0.0,13.9,36.4,85,22.86,41155.97,5.24,0,Bengaluru,12.9716,77.5946,Karnataka
2026-01-30,28.2,16.7,21.9,27.4,15.8,0.0,0.0,14.8,34.2,84,23.23,41189.28,5.6,0,Bengaluru,12.9716,77.5946,Karnataka
2026-01-31,28.3,15.8,21.7,26.6,13.5,0.0,0.0,14.3,38.5,78,23.81,41223.16,6.06,3,Bengaluru,12.9716,77.5946,Karnataka
2026-02-01,29.1,15.4,21.7,28.6,14.0,0.0,0.0,14.2,33.5,89,21.01,38920.01,5.07,3,Bengaluru,12.9716,77.5946,Karnataka
2026-02-02,28.7,16.3,22.1,28.9,15.5,0.0,0.0,15.2,36.4,86,22.36,41292.42,5.29,2,Bengaluru,12.9716,77.5946,Karnataka
2026-02-03,28.9,16.4,22.1,28.5,16.8,0.0,0.0,14.0,33.8,84,22.94,41327.74,5.44,2,Bengaluru,12.9716,77.5946,Karnataka
2026-02-04,28.1,15.2,21.6,26.2,14.6,0.0,0.0,14.8,40.0,78,23.7,41363.45,5.74,3,Bengaluru,12.9716,77.5946,Karnataka
2026-02-05,28.5,15.7,21.9,26.6,14.8,0.0,0.0,13.1,36.7,77,23.97,41399.51,5.79,0,Bengaluru,12.9716,77.5946,Karnataka
2026-02-06,28.7,16.0,22.0,27.0,14.2,0.0,0.0,16.4,44.6,76,23.75,41435.88,6.05,0,Bengaluru,12.9716,77.5946,Karnataka
2026-02-07,28.9,16.2,22.4,27.5,13.8,0.0,0.0,15.2,40.3,80,24.11,41472.53,6.15,3,Bengaluru,12.9716,77.5946,Karnataka
2026-02-08,29.4,17.0,22.9,29.0,16.6,0.0,0.0,11.7,33.5,84,23.91,41509.42,5.68,3,Bengaluru,12.9716,77.5946,Karnataka
2026-02-09,29.7,16.9,22.9,30.0,17.2,0.0,0.0,13.8,30.2,85,23.68,41546.51,5.31,3,Bengaluru,12.9716,77.5946,Karnataka
2026-02-10,29.1,16.2,22.3,27.9,16.7,0.0,0.0,14.7,37.8,71,23.85,41583.74,5.76,3,Bengaluru,12.9716,77.5946,Karnataka
2026-02-11,27.1,14.8,20.8,25.4,14.4,0.0,0.0,15.8,45.0,82,24.83,41621.1,5.84,3,Bengaluru,12.9716,77.5946,Karnataka
2026-02-12,27.8,13.2,20.7,27.8,12.1,0.0,0.0,12.1,33.1,97,24.35,41658.86,5.33,3,Bengaluru,12.9716,77.5946,Karnataka
2026-02-13,29.6,17.3,23.3,29.3,16.8,0.0,0.0,12.9,34.6,93,24.29,41697.2,6.0,3,Bengaluru,12.9716,77.5946,Karnataka
2026-02-14,29.9,16.3,23.0,29.6,16.8,0.0,0.0,13.9,32.4,97,24.3,39492.98,5.78,3,Bengaluru,12.9716,77.5946,Karnataka
2026-02-15,30.4,17.4,23.8,30.2,17.2,0.0,0.0,13.5,30.6,70,24.54,41775.44,5.74,3,Bengaluru,12.9716,77.5946,Karnataka
2026-02-16,29.5,17.5,23.2,29.1,15.6,0.0,0.0,16.1,36.7,91,24.54,41815.26,6.33,3,Bengaluru,12.9716,77.5946,Karnataka
2026-02-17,29.6,16.9,22.9,29.2,15.2,0.0,0.0,16.0,37.1,87,24.56,41855.49,6.28,2,Bengaluru,12.9716,77.5946,Karnataka
2026-02-18,29.6,17.3,22.6,29.0,15.0,0.0,0.0,15.4,36.4,104,22.06,36230.13,5.84,3,Bengaluru,12.9716,77.5946,Karnataka
2026-02-19,30.4,16.6,23.5,30.0,17.3,0.0,0.0,16.6,36.4,98,24.3,41190.95,5.9,3,Bengaluru,12.9716,77.5946,Karnataka
2026-02-20,30.5,18.4,23.9,30.7,18.0,0.0,0.0,17.5,45.7,98,20.88,37416.79,5.65,3,Bengaluru,12.9716,77.5946,Karnataka
2026-02-21,30.3,19.1,24.4,30.8,19.3,0.1,0.1,16.3,40.0,80,22.78,42019.79,5.68,51,Bengaluru,12.9716,77.5946,Karnataka
2026-02-22,31.4,19.4,25.1,31.2,20.6,0.0,0.0,14.7,34.2,70,21.98,40695.72,5.46,3,Bengaluru,12.9716,77.5946,Karnataka
2026-02-23,32.1,18.5,25.1,33.3,20.1,0.0,0.0,15.5,37.1,78,21.52,36805.26,5.43,3,Bengaluru,12.9716,77.5946,Karnataka
2026-02-24,31.3,19.6,25.2,32.4,20.7,0.0,0.0,13.8,33.1,101,23.11,42145.47,5.52,3,Bengaluru,12.9716,77.5946,Karnataka
2026-02-25,29.4,19.8,24.8,30.0,20.9,0.1,0.1,13.1,36.0,51,20.1,39507.95,4.93,51,Bengaluru,12.9716,77.5946,Karnataka
2026-02-26,30.3,19.5,25.5,30.5,20.9,0.1,0.1,13.6,33.8,74,19.68,41635.86,4.86,51,Bengaluru,12.9716,77.5946,Karnataka
2026-02-27,31.1,21.2,26.1,31.9,21.2,0.0,0.0,14.2,32.4,151,21.09,41141.96,5.1,3,Bengaluru,12.9716,77.5946,Karnataka
2026-02-28,30.8,20.2,25.5,31.7,20.1,0.0,0.0,12.9,33.5,129,21.01,39111.76,5.39,3,Bengaluru,12.9716,77.5946,Karnataka
2026-03-01,31.2,20.2,25.6,31.1,20.6,0.0,0.0,14.4,33.8,121,21.1,40983.55,5.39,3,Bengaluru,12.9716,77.5946,Karnataka
2026-03-02,32.2,20.3,26.2,31.0,20.8,0.0,0.0,13.6,37.1,98,22.48,42398.93,6.06,3,Bengaluru,12.9716,77.5946,Karnataka
2026-03-03,31.8,20.7,26.1,30.9,19.6,0.0,0.0,16.0,44.3,86,25.55,42440.98,7.17,0,Bengaluru,12.9716,77.5946,Karnataka
2026-03-04,31.7,20.2,26.0,31.2,19.6,0.0,0.0,14.3,41.8,98,25.71,42483.05,6.89,0,Bengaluru,12.9716,77.5946,Karnataka
2026-03-05,32.8,19.3,26.2,32.6,19.5,0.0,0.0,12.0,33.1,60,25.82,42525.47,6.33,0,Bengaluru,12.9716,77.5946,Karnataka
2026-03-06,33.6,20.3,27.0,33.5,19.8,0.0,0.0,10.3,29.2,92,25.87,42568.19,6.28,2,Bengaluru,12.9716,77.5946,Karnataka
2026-03-07,33.6,19.6,26.7,33.8,20.7,0.0,0.0,13.1,37.4,111,25.07,39130.87,6.3,3,Bengaluru,12.9716,77.5946,Karnataka
2026-03-08,33.1,20.8,26.8,32.9,22.1,0.0,0.0,13.8,40.0,99,25.89,42654.38,6.6,0,Bengaluru,12.9716,77.5946,Karnataka
2026-03-09,31.3,19.8,25.3,30.7,21.1,0.0,0.0,18.8,49.0,93,22.94,42697.81,6.14,2,Bengaluru,12.9716,77.5946,Karnataka
2026-03-10,29.9,18.4,24.1,29.2,19.9,0.0,0.0,15.3,40.0,93,26.21,42741.4,6.3,2,Bengaluru,12.9716,77.5946,Karnataka
2026-03-11,31.3,18.1,24.8,31.5,18.8,0.0,0.0,12.8,35.3,98,25.95,42785.14,6.21,3,Bengaluru,12.9716,77.5946,Karnataka
2026-03-12,32.4,20.2,26.3,31.4,21.0,0.0,0.0,15.8,41.8,86,26.05,42828.99,6.91,1,Bengaluru,12.9716,77.5946,Karnataka
2026-03-13,33.3,21.5,27.0,32.9,21.3,0.0,0.0,17.0,41.0,108,25.62,42872.93,7.14,1,Bengaluru,12.9716,77.5946,Karnataka
2026-03-14,32.4,20.0,26.4,32.2,20.9,0.0,0.0,15.8,37.1,123,26.33,42916.9,6.81,2,Bengaluru,12.9716,77.5946,Karnataka
2026-03-15,33.0,20.6,26.4,32.9,21.3,0.0,0.0,13.8,34.6,112,26.27,42960.9,6.66,0,Bengaluru,12.9716,77.5946,Karnataka
2026-03-16,33.1,20.7,26.7,34.8,21.6,0.1,0.1,10.7,28.8,147,24.04,40730.56,5.82,51,Bengaluru,12.9716,77.5946,Karnataka
2026-03-17,32.5,20.0,26.0,33.1,22.0,1.5,1.5,15.4,34.6,113,23.7,38041.81,5.87,53,Bengaluru,12.9716,77.5946,Karnataka
2026-03-18,31.0,19.9,24.4,32.6,20.6,1.4,1.4,12.0,35.3,103,22.38,41288.24,5.21,53,Bengaluru,12.9716,77.5946,Karnataka
2026-03-19,31.2,17.7,24.2,33.1,19.0,0.0,0.0,10.4,28.1,70,23.84,43022.51,5.27,3,Bengaluru,12.9716,77.5946,Karnataka
2026-03-20,30.4,19.0,24.6,32.7,20.1,0.0,0.0,10.7,23.0,123,24.25,43026.96,5.28,1,Bengaluru,12.9716,77.5946,Karnataka
2026-03-21,31.4,20.3,25.7,33.0,22.1,0.6,0.6,13.1,29.9,142,23.98,43031.48,5.42,53,Bengaluru,12.9716,77.5946,Karnataka
2026-03-22,31.6,21.4,26.0,34.1,23.9,1.3,1.3,12.6,30.2,134,22.8,43036.11,5.3,51,Bengaluru,12.9716,77.5946,Karnataka
2026-03-23,32.4,21.9,26.8,32.7,23.5,0.0,0.0,13.0,35.3,129,24.12,43040.82,6.23,2,Bengaluru,12.9716,77.5946,Karnataka
2026-03-24,32.4,20.7,26.6,34.4,22.7,0.0,0.0,12.0,33.8,122,24.89,43045.24,6.2,2,Bengaluru,12.9716,77.5946,Karnataka
2026-03-25,33.7,20.8,26.9,34.8,23.3,0.0,0.0,14.9,38.9,113,25.61,43049.36,6.62,1,Bengaluru,12.9716,77.5946,Karnataka
2026-03-26,33.8,20.4,27.1,32.9,21.8,0.0,0.0,15.8,43.2,99,26.71,43053.23,7.15,0,Bengaluru,12.9716,77.5946,Karnataka
2026-03-27,34.8,21.7,28.1,34.4,22.3,0.0,0.0,13.8,37.4,104,26.8,43056.87,7.31,1,Bengaluru,12.9716,77.5946,Karnataka
2026-03-28,33.6,21.9,28.0,35.1,22.1,0.0,0.0,13.4,35.3,170,23.27,43060.35,5.72,3,Bengaluru,12.9716,77.5946,Karnataka
2026-03-29,33.1,22.8,27.4,34.9,23.8,0.8,0.8,12.4,37.4,10,22.05,34217.38,5.6,51,Bengaluru,12.9716,77.5946,Karnataka
2026-03-30,31.5,22.6,27.0,32.3,23.9,0.1,0.1,13.1,36.4,126,24.32,40233.48,6.21,51,Bengaluru,12.9716,77.5946,Karnataka
2026-03-31,33.4,22.7,27.5,33.7,24.0,0.0,0.0,16.2,40.3,102,23.15,39600.0,6.27,3,Bengaluru,12.9716,77.5946,Karnataka
2026-04-01,33.6,20.6,27.0,34.0,22.5,0.0,0.0,16.3,44.3,110,26.37,43073.35,6.87,3,Bengaluru,12.9716,77.5946,Karnataka
2026-04-02,33.7,19.9,26.8,35.0,21.5,0.0,0.0,13.3,36.7,122,26.03,43076.59,6.38,3,Bengaluru,12.9716,77.5946,Karnataka
2026-04-03,34.2,21.0,27.8,36.4,21.8,0.0,0.0,10.8,31.3,204,24.28,42365.53,5.51,3,Bengaluru,12.9716,77.5946,Karnataka
2026-04-04,31.6,21.6,27.3,33.5,23.7,0.3,0.3,12.2,27.7,279,20.19,36681.41,5.23,51,Bengaluru,12.9716,77.5946,Karnataka
2026-04-05,32.4,22.2,27.7,33.2,24.5,0.3,0.3,14.9,39.6,307,23.94,43086.92,6.08,51,Bengaluru,12.9716,77.5946,Karnataka
2026-04-06,34.0,22.1,28.2,35.6,23.1,0.0,0.0,13.7,37.1,310,26.32,43090.7,6.76,3,Bengaluru,12.9716,77.5946,Karnataka
2026-04-07,34.2,22.2,28.2,34.1,23.0,0.0,0.0,12.4,37.1,286,27.09,43094.73,6.87,0,Bengaluru,12.9716,77.5946,Karnataka
2026-04-08,34.9,21.7,28.4,36.1,22.2,0.0,0.0,13.8,39.2,347,26.84,43099.04,6.53,3,Bengaluru,12.9716,77.5946,Karnataka
2026-04-09,33.6,22.8,28.6,35.3,23.9,0.1,0.1,12.3,31.3,220,24.07,42610.18,6.07,51,Bengaluru,12.9716,77.5946,Karnataka
2026-04-10,34.6,23.0,28.3,36.9,25.3,0.7,0.7,14.5,33.5,104,24.53,43088.19,6.11,51,Bengaluru,12.9716,77.5946,Karnataka
2026-04-11,35.4,23.0,29.0,37.5,26.4,0.0,0.0,12.7,32.4,121,25.17,43114.06,6.5,1,Bengaluru,12.9716,77.5946,Karnataka
2026-04-12,34.7,23.7,29.0,36.0,25.4,0.0,0.0,14.9,38.5,120,25.58,43119.85,7.05,1,Bengaluru,12.9716,77.5946,Karnataka
2026-04-13,36.5,23.4,29.4,36.8,25.0,0.0,0.0,15.6,41.4,116,26.89,43125.75,7.27,3,Bengaluru,12.9716,77.5946,Karnataka
2026-04-14,35.9,23.5,29.3,35.7,24.8,0.0,0.0,15.5,41.0,124,27.14,43131.76,7.52,3,Bengaluru,12.9716,77.5946,Karnataka
2026-04-15,35.4,22.6,29.2,36.4,22.8,0.0,0.0,14.0,34.9,140,26.32,43137.9,7.16,1,Bengaluru,12.9716,77.5946,Karnataka
2026-04-16,35.7,22.8,29.3,35.7,24.1,0.0,0.0,17.6,47.5,135,24.51,43144.18,7.02,3,Bengaluru,12.9716,77.5946,Karnataka
2026-04-17,35.7,23.2,29.6,35.4,25.1,0.0,0.0,14.5,40.0,129,26.45,43150.63,7.15,3,Bengaluru,12.9716,77.5946,Karnataka
2026-04-18,35.8,23.7,29.7,35.3,24.9,0.0,0.0,16.4,43.6,118,26.28,43157.26,7.57,3,Bengaluru,12.9716,77.5946,Karnataka
2026-04-19,35.3,23.0,29.4,35.6,24.1,0.0,0.0,13.0,37.4,136,25.67,43164.09,7.05,1,Bengaluru,12.9716,77.5946,Karnataka
2026-04-20,35.5,24.0,29.6,36.5,24.6,0.0,0.0,16.4,40.0,115,24.56,43171.14,6.77,2,Bengaluru,12.9716,77.5946,Karnataka
2026-04-21,35.9,22.8,29.1,36.1,25.3,0.0,0.0,14.3,38.9,118,27.21,43178.44,7.14,3,Bengaluru,12.9716,77.5946,Karnataka
2026-04-22,35.8,22.9,29.2,36.3,24.2,0.0,0.0,15.9,43.2,101,26.61,43185.99,7.39,3,Bengaluru,12.9716,77.5946,Karnataka
2026-04-23,36.3,23.2,29.7,35.6,23.8,0.0,0.0,16.4,43.6,113,25.44,43193.82,7.45,3,Bengaluru,12.9716,77.5946,Karnataka
2026-04-24,35.1,23.9,29.4,35.0,25.3,0.0,0.0,15.2,40.3,126,25.25,43200.0,7.06,3,Bengaluru,12.9716,77.5946,Karnataka
2026-04-25,35.1,24.3,29.5,35.3,24.7,0.0,0.0,15.0,36.4,125,24.94,41333.96,7.25,3,Bengaluru,12.9716,77.5946,Karnataka
2026-04-26,35.9,23.9,29.7,37.5,25.5,0.0,0.0,14.9,36.7,128,26.29,43200.0,7.2,3,Bengaluru,12.9716,77.5946,Karnataka
2026-04-27,36.9,23.7,30.2,38.6,24.4,0.0,0.0,11.7,33.5,161,26.3,40669.89,7.05,3,Bengaluru,12.9716,77.5946,Karnataka
2026-04-28,36.3,23.7,29.8,37.6,26.3,0.0,0.0,12.8,36.7,172,22.76,39705.97,5.81,3,Bengaluru,12.9716,77.5946,Karnataka
2026-04-29,35.6,23.8,29.3,38.5,25.1,0.1,0.1,8.9,27.0,155,24.4,42071.39,6.05,51,Bengaluru,12.9716,77.5946,Karnataka
2026-04-30,34.6,22.0,27.4,38.3,23.8,3.0,3.0,16.1,33.8,225,23.8,38217.31,5.53,63,Bengaluru,12.9716,77.5946,Karnataka
2026-05-01,31.6,21.7,25.8,35.4,24.3,0.0,0.0,10.1,25.2,269,24.4,43200.0,5.37,2,Bengaluru,12.9716,77.5946,Karnataka
2026-05-02,33.3,21.6,27.1,36.4,24.4,0.0,0.0,15.2,38.2,256,24.88,43200.0,5.7,3,Bengaluru,12.9716,77.5946,Karnataka
2026-05-03,33.5,21.7,27.1,34.9,24.6,0.0,0.0,13.1,29.2,258,24.43,42928.6,5.72,3,Bengaluru,12.9716,77.5946,Karnataka
2026-05-04,33.4,21.9,27.2,34.9,25.1,0.0,0.0,14.1,32.8,284,23.85,41461.15,5.82,3,Bengaluru,12.9716,77.5946,Karnataka
2026-05-05,31.6,22.3,26.9,33.5,24.0,0.0,0.0,12.5,34.2,268,18.59,36860.56,4.8,3,Bengaluru,12.9716,77.5946,Karnataka
2026-05-06,32.2,22.8,26.7,34.6,24.4,0.7,0.7,16.7,38.9,37,24.02,41548.53,5.99,51,Bengaluru,12.9716,77.5946,Karnataka
2026-05-07,31.9,21.9,26.6,34.7,24.7,0.0,0.0,11.7,29.5,127,23.2,43200.0,5.29,3,Bengaluru,12.9716,77.5946,Karnataka
2026-05-08,32.8,21.8,26.8,34.5,25.0,2.4,2.4,17.2,45.4,86,23.87,42346.89,5.99,53,Bengaluru,12.9716,77.5946,Karnataka
2026-05-09,32.0,21.2,25.2,34.9,24.1,6.6,6.6,15.0,44.3,86,22.27,37671.68,5.06,63,Bengaluru,12.9716,77.5946,Karnataka
2026-05-10,32.6,21.5,26.5,33.9,24.9,0.0,0.0,17.9,43.9,75,23.83,43191.59,6.04,3,Bengaluru,12.9716,77.5946,Karnataka
2026-05-11,34.0,21.7,27.8,33.9,25.1,0.0,0.0,16.9,45.4,57,23.22,42582.92,6.19,3,Bengaluru,12.9716,77.5946,Karnataka
2026-05-12,33.1,21.4,28.0,34.5,24.2,0.3,0.3,16.4,43.6,69,22.38,43200.0,6.18,51,Bengaluru,12.9716,77.5946,Karnataka
2026-05-13,33.7,22.8,28.7,34.7,24.9,0.5,0.5,12.9,37.1,37,24.38,40007.69,6.45,51,Bengaluru,12.9716,77.5946,Karnataka
2026-05-14,33.7,23.7,29.1,34.0,26.0,0.1,0.1,14.3,39.6,26,23.61,40214.06,6.5,51,Bengaluru,12.9716,77.5946,Karnataka
2026-05-15,31.1,22.5,27.7,32.0,25.3,0.4,0.4,14.1,41.0,325,13.92,18000.0,4.08,51,Bengaluru,12.9716,77.5946,Karnataka
2026-05-16,33.2,23.6,27.3,34.0,26.3,4.0,4.0,13.2,41.0,281,16.98,38820.68,4.23,55,Bengaluru,12.9716,77.5946,Karnataka
2026-05-17,34.1,22.6,28.3,35.8,26.2,0.0,0.0,13.9,33.8,304,21.57,36629.08,5.31,3,Bengaluru,12.9716,77.5946,Karnataka
2026-05-18,33.2,22.5,25.4,37.1,25.1,31.0,31.0,14.9,32.8,230,17.37,15334.96,4.05,65,Bengaluru,12.9716,77.5946,Karnataka
2026-05-19,29.0,21.4,24.4,33.0,24.3,2.9,2.9,15.4,39.2,254,21.25,37867.79,4.33,53,Bengaluru,12.9716,77.5946,Karnataka
2026-05-20,30.0,21.9,25.1,33.6,23.8,5.7,5.7,14.7,42.8,254,20.5,36420.05,4.54,63,Bengaluru,12.9716,77.5946,Karnataka
2026-05-21,32.0,22.2,26.5,35.9,24.4,0.2,0.2,13.2,33.8,255,23.79,40954.29,5.3,51,Bengaluru,12.9716,77.5946,Karnataka
2026-05-22,30.2,21.9,25.2,31.9,24.5,1.1,1.1,13.7,36.4,268,20.44,41172.09,4.6,53,Bengaluru,12.9716,77.5946,Karnataka
2026-05-23,27.0,21.7,23.7,30.4,23.9,6.9,6.9,12.0,34.6,271,17.63,27445.04,3.66,63,Bengaluru,12.9716,77.5946,Karnataka
2026-05-24,29.9,21.3,24.9,33.6,23.9,3.9,3.9,14.9,35.3,271,21.17,35056.18,4.64,61,Bengaluru,12.9716,77.5946,Karnataka
2026-05-25,31.0,20.6,25.1,35.8,22.7,6.2,6.2,15.2,35.3,264,23.16,40570.26,4.91,63,Bengaluru,12.9716,77.5946,Karnataka
2026-05-26,30.9,21.4,25.3,36.0,23.9,6.7,6.7,10.2,28.4,264,22.99,32766.93,4.85,61,Bengaluru,12.9716,77.5946,Karnataka
2026-05-27,28.5,21.1,25.0,32.2,23.4,7.3,7.3,11.7,32.8,285,21.77,38761.0,4.59,61,Bengaluru,12.9716,77.5946,Karnataka
2026-05-28,30.6,21.5,25.4,34.7,24.6,0.5,0.5,10.7,28.1,259,23.5,40956.6,4.95,51,Bengaluru,12.9716,77.5946,Karnataka
2026-05-29,31.4,21.2,25.7,35.8,24.5,1.1,1.1,14.0,30.2,261,24.14,39898.13,5.21,53,Bengaluru,12.9716,77.5946,Karnataka
2026-05-30,31.3,20.7,25.0,35.5,23.3,0.7,0.7,10.9,29.5,279,24.29,38754.27,5.1,51,Bengaluru,12.9716,77.5946,Karnataka
2026-05-31,30.5,20.9,25.2,34.0,22.0,3.7,3.7,13.2,29.2,289,21.95,39509.33,4.73,53,Bengaluru,12.9716,77.5946,Karnataka
2026-06-01,29.4,20.8,25.4,32.8,23.3,0.5,0.5,10.8,29.5,287,19.51,38509.72,4.28,51,Bengaluru,12.9716,77.5946,Karnataka
2026-06-02,30.9,22.1,26.0,35.7,24.2,3.6,3.6,9.8,26.6,257,24.54,42457.82,5.33,53,Bengaluru,12.9716,77.5946,Karnataka
2026-06-03,28.1,21.4,23.7,31.0,23.6,10.2,10.2,13.3,41.4,253,20.26,36108.52,4.08,63,Bengaluru,12.9716,77.5946,Karnataka
2026-06-04,28.9,20.3,24.3,31.5,21.8,1.2,1.2,16.0,39.2,251,21.32,41708.98,4.72,53,Bengaluru,12.9716,77.5946,Karnataka
2026-06-05,27.2,20.9,23.8,29.5,22.9,2.7,2.7,22.0,54.0,246,18.67,39055.53,4.05,53,Bengaluru,12.9716,77.5946,Karnataka
2026-06-06,28.8,20.5,23.9,30.6,22.5,0.4,0.4,19.5,51.5,243,20.81,39600.0,4.6,51,Bengaluru,12.9716,77.5946,Karnataka
2026-06-07,28.9,20.9,24.0,32.0,22.8,3.7,3.7,15.2,37.1,253,18.44,33522.09,4.08,53,Bengaluru,12.9716,77.5946,Karnataka
2026-06-08,28.7,21.1,24.1,29.5,23.4,3.7,3.7,21.2,52.6,249,19.92,36747.13,4.44,61,Bengaluru,12.9716,77.5946,Karnataka
2026-06-09,27.2,21.3,23.9,28.2,22.9,1.1,1.1,21.3,54.7,256,16.27,24227.49,3.92,51,Bengaluru,12.9716,77.5946,Karnataka
2026-06-10,30.0,20.7,24.2,31.9,22.0,2.6,2.6,20.4,51.1,276,20.43,40540.67,4.74,61,Bengaluru,12.9716,77.5946,Karnataka
2026-06-11,29.1,20.5,24.1,30.8,22.3,0.6,0.6,14.1,37.1,269,18.24,30126.67,4.09,51,Bengaluru,12.9716,77.5946,Karnataka
2026-06-12,27.7,20.5,23.5,31.2,22.6,4.1,4.1,13.2,36.4,257,17.42,31257.61,3.65,61,Bengaluru,12.9716,77.5946,Karnataka
2026-06-13,29.1,19.7,23.3,31.4,21.5,15.0,15.0,14.5,37.8,267,18.31,33458.89,3.88,63,Bengaluru,12.9716,77.5946,Karnataka
2026-06-14,28.1,21.1,23.8,29.4,23.3,4.9,4.9,15.6,41.8,280,17.26,31343.13,3.75,61,Bengaluru,12.9716,77.5946,Karnataka
2026-06-15,29.8,20.3,24.9,31.9,22.5,0.0,0.0,16.5,41.0,299,24.23,39600.0,5.48,3,Bengaluru,12.9716,77.5946,Karnataka
2026-06-16,30.3,20.8,25.5,32.9,23.1,0.4,0.4,13.4,37.4,302,24.87,43764.9,5.35,51,Bengaluru,12.9716,77.5946,Karnataka
2026-06-17,30.4,21.7,25.7,33.2,24.5,1.7,1.7,12.7,32.8,286,24.51,43770.88,5.32,53,Bengaluru,12.9716,77.5946,Karnataka
2026-06-18,27.7,21.6,23.8,30.3,24.2,6.0,6.0,13.4,34.6,264,16.1,33740.33,3.51,61,Bengaluru,12.9716,77.5946,Karnataka
2026-06-19,28.4,21.3,24.1,31.6,23.7,3.4,3.4,10.4,29.2,265,18.62,27694.84,4.01,61,Bengaluru,12.9716,77.5946,Karnataka
2026-06-20,27.9,21.1,24.2,32.8,24.0,2.5,2.5,11.3,30.2,253,19.49,32130.42,3.95,55,Bengaluru,12.9716,77.5946,Karnataka
2026-06-21,28.6,20.5,24.3,32.3,23.2,1.8,1.8,12.3,28.4,226,21.08,37758.65,4.47,53,Bengaluru,12.9716,77.5946,Karnataka
2026-06-22,29.4,20.9,24.0,32.5,22.9,2.1,2.1,14.7,46.4,243,19.86,43200.0,4.3,53,Bengaluru,12.9716,77.5946,Karnataka
2026-06-23,28.4,20.6,24.1,29.6,22.1,0.7,0.7,20.9,52.2,262,20.59,38499.82,4.88,51,Bengaluru,12.9716,77.5946,Karnataka
2026-06-24,29.6,20.5,24.0,31.8,21.6,1.6,1.6,22.2,53.6,256,17.51,26600.83,4.48,53,Bengaluru,12.9716,77.5946,Karnataka
2026-06-25,30.1,20.4,24.2,32.4,22.3,3.9,3.9,20.2,52.9,257,21.42,39711.72,4.8,61,Bengaluru,12.9716,77.5946,Karnataka
2026-06-26,29.1,20.2,24.2,30.9,22.3,3.9,3.9,16.9,44.6,268,22.33,41774.57,4.96,55,Bengaluru,12.9716,77.5946,Karnataka
2026-06-27,29.8,20.6,24.7,32.8,22.6,5.3,5.3,15.1,37.1,265,23.49,43200.0,5.16,63,Bengaluru,12.9716,77.5946,Karnataka
2026-06-28,28.9,20.7,23.7,32.1,22.5,3.2,3.2,19.9,55.8,242,20.51,40458.8,4.32,61,Bengaluru,12.9716,77.5946,Karnataka
2026-06-29,28.1,20.2,22.9,29.1,22.1,8.4,8.4,20.0,49.0,254,18.31,40956.57,3.87,61,Bengaluru,12.9716,77.5946,Karnataka
2026-06-30,29.2,20.1,23.6,29.9,20.7,1.4,1.4,23.4,58.3,263,18.77,37481.04,4.42,53,Bengaluru,12.9716,77.5946,Karnataka
2026-07-01,25.8,20.5,22.7,25.7,21.5,1.1,1.1,23.5,56.5,250,9.02,7332.97,2.74,51,Bengaluru,12.9716,77.5946,Karnataka
2026-07-02,28.9,20.8,24.0,30.3,22.0,1.2,1.2,24.1,61.6,252,17.62,30111.61,4.35,51,Bengaluru,12.9716,77.5946,Karnataka
2026-07-03,27.7,21.2,23.7,27.4,22.7,2.9,2.9,25.9,63.7,255,16.21,28075.97,4.04,53,Bengaluru,12.9716,77.5946,Karnataka
2026-07-04,27.6,20.7,23.3,26.1,21.3,3.9,3.9,27.9,66.2,255,13.87,19694.0,3.74,53,Bengaluru,12.9716,77.5946,Karnataka
2026-07-05,28.6,21.1,24.0,27.5,21.2,1.2,1.2,29.9,75.6,249,20.08,35169.12,5.22,51,Bengaluru,12.9716,77.5946,Karnataka
2026-07-06,29.1,20.7,24.3,28.6,20.8,1.1,1.1,29.7,73.8,244,23.34,39158.27,5.74,51,Bengaluru,12.9716,77.5946,Karnataka
2026-07-07,28.6,21.1,24.1,28.5,21.7,0.9,0.9,28.8,70.2,250,19.62,40340.77,4.98,51,Bengaluru,12.9716,77.5946,Karnataka
2026-07-08,28.6,21.1,24.0,28.6,21.3,2.3,2.3,25.5,62.6,253,17.14,37898.44,4.21,61,Bengaluru,12.9716,77.5946,Karnataka
2026-07-09,29.6,21.2,24.6,30.3,22.7,0.8,0.8,19.8,50.8,257,15.26,31622.0,3.89,51,Bengaluru,12.9716,77.5946,Karnataka
2026-07-10,29.9,21.4,24.3,31.9,23.1,3.3,3.3,17.2,47.5,257,20.51,36181.18,4.63,53,Bengaluru,12.9716,77.5946,Karnataka
2026-07-11,30.8,20.4,25.3,30.7,22.1,0.0,0.0,17.7,46.8,275,19.12,42414.1,4.98,3,Bengaluru,12.9716,77.5946,Karnataka
2026-07-12,31.8,20.6,25.6,33.5,22.9,0.0,0.0,17.4,46.8,267,24.63,37857.56,5.94,3,Bengaluru,12.9716,77.5946,Karnataka
2026-07-13,31.8,20.2,25.8,33.0,21.7,0.0,0.0,18.2,46.4,282,25.14,41775.37,6.2,3,Bengaluru,12.9716,77.5946,Karnataka
2026-07-14,32.1,19.9,25.8,33.3,21.8,0.0,0.0,15.3,40.3,288,25.47,43193.35,6.22,3,Bengaluru,12.9716,77.5946,Karnataka
2026-07-15,31.3,19.8,25.4,31.9,21.7,0.0,0.0,16.0,42.1,268,26.35,39600.0,6.34,3,Bengaluru,12.9716,77.5946,Karnataka
2026-07-16,30.8,19.9,25.0,31.9,21.0,0.0,0.0,14.8,41.8,259,24.14,43200.0,5.83,3,Bengaluru,12.9716,77.5946,Karnataka
2026-07-17,27.5,20.9,22.8,29.0,22.7,9.8,9.8,20.5,49.7,259,16.78,31769.89,3.53,63,Bengaluru,12.9716,77.5946,Karnataka
2026-07-18,26.6,20.3,22.8,27.6,21.4,6.0,6.0,17.5,45.0,264,16.17,33101.34,3.54,61,Bengaluru,12.9716,77.5946,Karnataka
2026-07-19,28.4,20.7,23.7,30.3,22.9,1.0,1.0,15.3,39.2,262,16.88,22031.33,3.94,53,Bengaluru,12.9716,77.5946,Karnataka
2026-07-20,28.5,20.6,22.9,30.3,22.6,8.3,8.3,19.5,49.7,261,20.94,37980.31,4.15,63,Bengaluru,12.9716,77.5946,Karnataka
2026-07-21,28.9,20.3,24.0,30.7,21.8,0.7,0.7,19.2,47.2,257,20.25,35361.36,4.65,51,Bengaluru,12.9716,77.5946,Karnataka
2026-07-22,26.6,20.1,22.5,27.6,21.8,8.9,8.9,18.8,49.7,249,14.55,16679.54,3.09,63,Bengaluru,12.9716,77.5946,Karnataka
2026-07-23,29.2,19.6,24.0,30.8,21.1,1.3,1.3,19.8,49.0,250,23.75,40785.18,5.14,53,Bengaluru,12.9716,77.5946,Karnataka
2026-07-24,29.5,19.8,24.0,31.7,21.3,8.2,8.2,21.1,51.8,261,23.21,39600.0,5.08,63,Bengaluru,12.9716,77.5946,Karnataka
2026-07-25,28.9,20.0,23.4,30.7,21.1,2.9,2.9,18.2,44.6,256,19.12,36115.86,4.24,53,Bengaluru,12.9716,77.5946,Karnataka
2026-07-26,27.3,20.3,23.6,28.6,22.1,3.1,3.1,19.6,49.7,254,18.78,28688.48,4.18,61,Bengaluru,12.9716,77.5946,Karnataka
2026-07-27,28.4,20.7,24.4,29.1,21.8,1.1,1.1,23.0,55.1,262,16.1,21069.21,4.22,53,Bengaluru,12.9716,77.5946,Karnataka
2026-07-28,29.7,21.2,24.5,30.8,22.7,1.9,1.9,22.7,58.0,258,19.58,30415.21,4.86,53,Bengaluru,12.9716,77.5946,Karnataka
2026-07-29,29.3,21.6,24.2,29.6,22.7,2.0,2.0,24.7,61.2,262,19.39,33955.24,4.67,53,Bengaluru,12.9716,77.5946,Karnataka
2026-07-30,28.3,21.0,24.0,29.2,21.9,3.1,3.1,25.0,60.1,258,19.16,38262.31,4.49,53,Bengaluru,12.9716,77.5946,Karnataka
2026-07-31,28.9,21.5,24.4,30.7,22.5,2.6,2.6,24.6,60.8,254,21.04,38412.66,4.88,53,Bengaluru,12.9716,77.5946,Karnataka
2026-08-01,27.3,21.2,23.2,28.6,22.9,17.0,17.0,19.4,50.0,257,16.38,35274.2,3.51,63,Bengaluru,12.9716,77.5946,Karnataka
2026-08-02,28.9,21.2,24.3,31.5,22.6,1.1,1.1,18.2,52.6,270,17.47,26663.2,4.23,51,Bengaluru,12.9716,77.5946,Karnataka
2026-08-03,26.1,21.1,23.3,27.7,23.4,8.9,8.9,17.0,46.8,271,17.24,34509.86,3.6,61,Bengaluru,12.9716,77.5946,Karnataka
2026-08-04,28.0,20.5,22.8,31.4,22.5,18.5,18.5,16.6,41.4,274,17.75,33270.83,3.61,63,Bengaluru,12.9716,77.5946,Karnataka
2026-08-05,27.2,20.3,22.8,29.8,22.0,9.5,9.5,20.2,48.2,267,19.21,36274.3,3.83,63,Bengaluru,12.9716,77.5946,Karnataka
2026-08-06,27.3,20.2,22.5,29.0,21.9,16.5,16.5,21.1,49.3,263,18.41,35833.77,3.64,63,Bengaluru,12.9716,77.5946,Karnataka
2026-08-07,27.5,20.6,22.1,30.2,22.3,16.8,16.8,18.9,50.0,268,15.01,22286.86,2.96,65,Bengaluru,12.9716,77.5946,Karnataka
2026-08-08,26.6,20.4,22.9,27.9,21.8,4.1,4.1,18.5,46.8,269,16.37,34845.38,3.44,61,Bengaluru,12.9716,77.5946,Karnataka
2026-08-09,28.3,20.5,23.8,31.4,22.0,2.0,2.0,16.4,42.1,272,22.92,39600.0,4.79,53,Bengaluru,12.9716,77.5946,Karnataka
2026-08-10,28.8,20.0,23.5,31.5,22.1,5.6,5.6,15.3,42.8,269,21.92,43200.0,4.53,61,Bengaluru,12.9716,77.5946,Karnataka
2026-08-11,28.3,20.3,23.8,31.1,22.7,1.5,1.5,14.6,41.0,261,20.18,30754.08,4.35,51,Bengaluru,12.9716,77.5946,Karnataka
2026-08-12,28.7,20.2,23.9,31.2,21.4,0.6,0.6,16.4,42.1,261,20.92,43200.0,4.64,51,Bengaluru,12.9716,77.5946,Karnataka
2026-08-13,28.9,20.9,24.0,32.2,22.5,5.6,5.6,18.0,45.0,270,21.44,38549.69,4.67,63,Bengaluru,12.9716,77.5946,Karnataka
2026-08-14,29.5,20.1,23.9,31.8,22.0,5.3,5.3,16.5,43.9,268,20.87,40438.88,4.65,53,Bengaluru,12.9716,77.5946,Karnataka
2026-08-15,29.3,20.4,24.3,30.5,21.8,1.1,1.1,20.0,50.0,267,20.29,37225.36,4.86,51,Bengaluru,12.9716,77.5946,Karnataka
2026-08-16,30.7,20.4,24.7,32.4,21.7,0.2,0.2,21.8,54.0,266,23.19,42474.73,5.43,51,Bengaluru,12.9716,77.5946,Karnataka
2026-08-17,29.5,20.1,24.2,30.7,21.6,1.2,1.2,17.7,45.7,265,20.79,37645.62,4.91,53,Bengaluru,12.9716,77.5946,Karnataka
2026-08-18,29.9,19.9,24.3,32.6,21.2,2.8,2.8,16.2,42.1,266,22.51,42201.1,5.09,61,Bengaluru,12.9716,77.5946,Karnataka
2026-08-19,28.3,21.2,23.8,30.5,23.2,6.8,6.8,17.6,44.3,278,17.49,29816.88,3.9,61,Bengaluru,12.9716,77.5946,Karnataka
2026-08-20,27.7,20.9,23.4,30.1,22.8,5.2,5.2,17.1,47.5,276,16.94,36524.84,3.66,55,Bengaluru,12.9716,77.5946,Karnataka
2026-08-21,28.6,19.5,23.3,30.3,21.1,2.0,2.0,17.4,41.0,267,21.43,41941.42,4.65,51,Bengaluru,12.9716,77.5946,Karnataka
2026-08-22,27.4,19.5,22.7,29.1,20.9,3.6,3.6,22.2,52.6,260,16.84,26283.98,3.69,53,Bengaluru,12.9716,77.5946,Karnataka
2026-08-23,27.4,20.0,22.9,29.3,21.7,9.8,9.8,17.9,46.8,262,18.38,32898.01,3.86,63,Bengaluru,12.9716,77.5946,Karnataka
2026-08-24,25.8,20.4,22.3,27.8,21.8,18.2,18.2,19.0,49.3,260,15.27,25349.55,3.01,63,Bengaluru,12.9716,77.5946,Karnataka
2026-08-25,27.7,20.6,22.9,29.9,21.9,6.3,6.3,19.7,52.9,259,15.76,23341.2,3.4,61,Bengaluru,12.9716,77.5946,Karnataka
2026-08-26,28.7,20.1,23.6,31.8,21.4,1.9,1.9,17.3,46.4,266,21.67,40345.21,4.59,53,Bengaluru,12.9716,77.5946,Karnataka
2026-08-27,28.8,20.2,23.8,30.8,21.4,2.0,2.0,18.9,46.4,270,21.68,38948.4,4.71,53,Bengaluru,12.9716,77.5946,Karnataka
2026-08-28,28.3,19.9,23.6,30.2,21.5,1.3,1.3,18.9,47.5,268,22.59,39600.0,4.85,51,Bengaluru,12.9716,77.5946,Karnataka
2026-08-29,28.0,19.7,23.1,30.1,20.9,2.8,2.8,22.3,54.0,270,20.42,34123.63,4.45,55,Bengaluru,12.9716,77.5946,Karnataka
2026-08-30,28.8,19.5,23.3,29.7,20.7,3.2,3.2,19.8,49.7,271,20.92,39102.36,4.71,53,Bengaluru,12.9716,77.5946,Karnataka
2026-08-31,28.6,19.3,23.7,29.9,20.4,1.0,1.0,19.3,48.6,285,22.35,43079.17,5.01,51,Bengaluru,12.9716,77.5946,Karnataka
2026-09-01,28.7,19.7,23.9,30.7,21.7,2.2,2.2,15.9,40.7,283,23.35,43040.34,5.01,51,Bengaluru,12.9716,77.5946,Karnataka
2026-09-02,30.2,19.8,24.6,33.0,22.0,1.8,1.8,13.6,44.3,276,24.61,41353.21,5.5,53,Bengaluru,12.9716,77.5946,Karnataka
2026-09-03,28.7,20.1,24.1,29.9,22.1,3.6,3.6,16.3,43.9,269,19.78,39323.27,4.49,61,Bengaluru,12.9716,77.5946,Karnataka
2026-09-04,29.3,20.5,24.7,31.6,22.8,3.5,3.5,13.1,36.4,279,21.58,40313.59,4.77,61,Bengaluru,12.9716,77.5946,Karnataka
2026-09-05,30.8,20.9,25.9,33.0,23.6,0.0,0.0,11.4,34.9,284,25.64,42878.63,5.81,3,Bengaluru,12.9716,77.5946,Karnataka
2026-09-06,30.5,21.4,26.2,32.5,23.6,1.1,1.1,12.4,35.6,275,24.48,42836.94,5.74,51,Bengaluru,12.9716,77.5946,Karnataka
2026-09-07,30.9,20.8,25.9,32.7,23.0,0.0,0.0,13.3,38.5,277,25.5,42786.6,5.85,3,Bengaluru,12.9716,77.5946,Karnataka
2026-09-08,31.0,20.8,25.5,31.7,22.8,1.6,1.6,14.9,43.2,275,23.83,42752.55,5.61,53,Bengaluru,12.9716,77.5946,Karnataka
2026-09-09,30.6,20.4,25.5,32.6,23.0,5.1,5.1,14.6,40.0,289,23.61,40887.04,5.48,63,Bengaluru,12.9716,77.5946,Karnataka
2026-09-10,30.1,21.0,25.8,32.6,23.2,1.0,1.0,13.7,38.2,299,22.21,36893.12,5.19,51,Bengaluru,12.9716,77.5946,Karnataka
2026-09-11,31.0,21.5,26.2,33.3,24.0,0.7,0.7,13.1,37.1,293,23.22,42356.26,5.4,51,Bengaluru,12.9716,77.5946,Karnataka
