time,temperature_2m_max,temperature_2m_min,temperature_2m_mean,apparent_temperature_max,apparent_temperature_min,precipitation_sum,rain_sum,windspeed_10m_max,windgusts_10m_max,winddirection_10m_dominant,shortwave_radiation_sum,sunshine_duration,et0_fao_evapotranspiration,weathercode,city,latitude,longitude,region
2023-09-11,32.5,23.9,27.9,37.4,28.5,0.0,0.0,15.5,31.3,319,20.51,41804.35,4.58,1,Chandigarh,30.7333,76.7794,Chandigarh
2023-09-12,33.0,24.7,28.5,38.3,29.4,0.0,0.0,12.7,24.5,322,19.89,41318.88,4.48,0,Chandigarh,30.7333,76.7794,Chandigarh
2023-09-13,31.5,25.2,28.3,38.0,30.6,2.9,2.9,11.2,24.1,162,17.95,35172.09,3.83,55,Chandigarh,30.7333,76.7794,Chandigarh
2023-09-14,32.6,26.1,28.7,39.4,31.0,0.0,0.0,13.9,28.1,136,19.25,36466.69,4.22,3,Chandigarh,30.7333,76.7794,Chandigarh
2023-09-15,31.0,24.5,26.9,36.1,28.8,5.6,5.6,15.8,30.2,137,15.27,25421.07,3.32,63,Chandigarh,30.7333,76.7794,Chandigarh
2023-09-16,32.7,24.1,27.9,39.0,28.5,0.6,0.6,10.2,16.6,106,19.09,39857.07,4.14,53,Chandigarh,30.7333,76.7794,Chandigarh
2023-09-17,29.6,24.7,26.3,35.9,29.8,1.0,1.0,9.7,20.9,351,9.93,16274.88,2.19,51,Chandigarh,30.7333,76.7794,Chandigarh
2023-09-18,30.9,23.9,27.1,37.5,28.2,7.8,7.8,8.7,21.6,130,16.03,34706.0,3.5,63,Chandigarh,30.7333,76.7794,Chandigarh
2023-09-19,32.2,24.2,27.6,37.8,28.0,0.3,0.3,6.4,18.0,94,19.11,39162.16,4.15,51,Chandigarh,30.7333,76.7794,Chandigarh
2023-09-20,31.4,25.0,27.6,37.7,29.8,0.4,0.4,10.7,27.0,315,18.13,39978.12,3.9,51,Chandigarh,30.7333,76.7794,Chandigarh
2023-09-21,32.2,23.7,27.5,37.9,27.9,0.1,0.1,14.0,26.3,325,18.97,40315.02,4.26,51,Chandigarh,30.7333,76.7794,Chandigarh
2023-09-22,32.3,24.2,27.7,37.5,28.2,0.1,0.1,12.2,23.0,327,18.51,39658.8,4.26,51,Chandigarh,30.7333,76.7794,Chandigarh
2023-09-23,31.5,23.7,26.8,36.1,27.1,0.0,0.0,10.0,20.2,17,17.88,37527.38,4.0,3,Chandigarh,30.7333,76.7794,Chandigarh
2023-09-24,30.8,22.5,26.1,35.6,25.5,0.0,0.0,11.5,21.2,339,17.68,39896.79,3.88,3,Chandigarh,30.7333,76.7794,Chandigarh
2023-09-25,30.8,22.2,26.1,35.6,24.7,0.7,0.7,13.4,27.7,346,18.34,39668.25,4.12,53,Chandigarh,30.7333,76.7794,Chandigarh
2023-09-26,31.7,21.2,26.4,35.2,23.3,0.0,0.0,12.7,24.5,330,19.2,39707.25,4.56,0,Chandigarh,30.7333,76.7794,Chandigarh
2023-09-27,32.1,21.0,26.5,33.3,23.3,0.0,0.0,20.4,37.4,327,19.42,39746.2,5.08,0,Chandigarh,30.7333,76.7794,Chandigarh
2023-09-28,32.3,21.7,26.8,34.3,23.3,0.0,0.0,14.0,29.2,334,19.32,39600.0,4.92,0,Chandigarh,30.7333,76.7794,Chandigarh
2023-09-29,33.0,21.1,26.9,36.3,23.5,0.0,0.0,8.7,20.9,335,18.76,39600.0,4.34,0,Chandigarh,30.7333,76.7794,Chandigarh
2023-09-30,33.7,22.4,28.0,35.4,24.0,0.0,0.0,14.3,27.0,344,18.32,38963.82,5.26,1,Chandigarh,30.7333,76.7794,Chandigarh
2023-10-01,32.1,22.1,26.9,35.4,23.8,0.0,0.0,11.5,23.8,359,17.99,39239.59,4.47,0,Chandigarh,30.7333,76.7794,Chandigarh
2023-10-02,31.7,21.6,26.2,33.1,23.5,0.0,0.0,15.3,29.2,332,18.82,39600.0,4.67,0,Chandigarh,30.7333,76.7794,Chandigarh
2023-10-03,32.6,22.0,27.0,31.7,22.2,0.0,0.0,22.9,42.5,329,18.21,39404.28,5.89,0,Chandigarh,30.7333,76.7794,Chandigarh
2023-10-04,32.7,21.0,26.6,32.0,22.7,0.0,0.0,20.9,39.6,328,18.26,39492.18,5.46,0,Chandigarh,30.7333,76.7794,Chandigarh
2023-10-05,33.1,19.8,26.2,33.9,21.3,0.0,0.0,19.1,34.6,329,18.49,39600.0,5.07,0,Chandigarh,30.7333,76.7794,Chandigarh
2023-10-06,33.3,21.6,26.6,33.8,21.6,0.0,0.0,15.6,31.0,337,18.02,39600.0,4.87,0,Chandigarh,30.7333,76.7794,Chandigarh
2023-10-07,33.3,20.3,25.8,34.7,21.6,0.0,0.0,10.9,21.2,13,17.77,39557.41,4.39,0,Chandigarh,30.7333,76.7794,Chandigarh
2023-10-08,33.5,22.2,27.4,35.0,23.3,0.0,0.0,13.8,28.1,340,17.53,39203.39,4.77,0,Chandigarh,30.7333,76.7794,Chandigarh
2023-10-09,33.0,22.3,27.1,35.4,23.4,0.0,0.0,10.2,20.5,16,16.78,39068.31,4.22,0,Chandigarh,30.7333,76.7794,Chandigarh
2023-10-10,33.3,20.9,26.7,34.1,20.0,0.0,0.0,19.2,33.5,7,16.61,38692.26,4.83,2,Chandigarh,30.7333,76.7794,Chandigarh
2023-10-11,31.5,19.7,25.1,31.4,18.3,0.0,0.0,14.2,27.4,325,17.45,39507.93,4.94,0,Chandigarh,30.7333,76.7794,Chandigarh
2023-10-12,31.3,19.0,24.6,31.2,19.0,0.0,0.0,13.8,27.0,333,17.07,39126.98,4.4,0,Chandigarh,30.7333,76.7794,Chandigarh
2023-10-13,30.9,18.8,24.9,32.0,19.6,0.0,0.0,12.4,25.6,344,16.69,38982.06,4.25,0,Chandigarh,30.7333,76.7794,Chandigarh
2023-10-14,32.3,19.5,25.1,32.6,20.1,0.0,0.0,21.2,40.7,337,15.01,38574.23,4.29,3,Chandigarh,30.7333,76.7794,Chandigarh
2023-10-15,31.0,19.2,23.8,32.0,18.7,3.3,3.3,20.6,34.6,29,14.27,34568.43,3.69,63,Chandigarh,30.7333,76.7794,Chandigarh
2023-10-16,28.4,17.8,21.3,27.8,17.5,8.1,8.1,24.7,40.7,90,8.7,16434.08,2.58,63,Chandigarh,30.7333,76.7794,Chandigarh
2023-10-17,26.3,16.1,20.5,26.4,15.4,0.1,0.1,13.3,24.5,13,12.65,28664.78,3.02,51,Chandigarh,30.7333,76.7794,Chandigarh
2023-10-18,27.1,15.3,20.5,27.0,14.6,0.0,0.0,13.8,25.9,327,16.01,38633.65,3.71,0,Chandigarh,30.7333,76.7794,Chandigarh
2023-10-19,27.6,15.0,20.8,27.7,14.4,0.0,0.0,10.2,20.2,328,15.84,38385.58,3.56,0,Chandigarh,30.7333,76.7794,Chandigarh
2023-10-20,28.3,15.8,21.1,29.1,15.5,0.0,0.0,7.2,15.5,7,15.67,38136.96,3.26,0,Chandigarh,30.7333,76.7794,Chandigarh
2023-10-21,28.6,14.7,21.1,29.2,14.3,0.0,0.0,6.9,18.4,74,15.42,37529.35,3.29,3,Chandigarh,30.7333,76.7794,Chandigarh
2023-10-22,27.6,15.4,21.3,26.9,15.4,0.0,0.0,9.9,21.2,355,12.67,35141.2,3.04,3,Chandigarh,30.7333,76.7794,Chandigarh
2023-10-23,28.7,15.9,21.3,28.5,16.0,0.0,0.0,11.3,27.4,345,14.5,37436.98,3.54,1,Chandigarh,30.7333,76.7794,Chandigarh
2023-10-24,29.1,15.8,21.3,29.0,15.2,0.0,0.0,8.8,14.0,5,15.05,37817.07,3.28,0,Chandigarh,30.7333,76.7794,Chandigarh
2023-10-25,29.0,16.2,21.9,28.7,14.9,0.0,0.0,14.0,27.0,342,14.79,37260.76,3.61,0,Chandigarh,30.7333,76.7794,Chandigarh
2023-10-26,29.4,15.9,22.1,27.8,14.7,0.0,0.0,18.1,32.8,331,14.96,37377.18,4.23,0,Chandigarh,30.7333,76.7794,Chandigarh
2023-10-27,28.9,16.2,22.1,27.6,15.1,0.0,0.0,15.6,30.2,335,14.84,37080.13,4.06,1,Chandigarh,30.7333,76.7794,Chandigarh
2023-10-28,28.4,15.8,21.8,28.4,14.6,0.0,0.0,10.0,20.2,8,14.1,35433.6,3.47,3,Chandigarh,30.7333,76.7794,Chandigarh
2023-10-29,28.7,15.7,21.5,29.0,14.7,0.0,0.0,10.0,19.4,10,14.26,36082.96,3.3,2,Chandigarh,30.7333,76.7794,Chandigarh
2023-10-30,28.8,15.8,21.7,29.5,15.2,0.0,0.0,8.5,17.3,11,13.95,36014.87,3.21,3,Chandigarh,30.7333,76.7794,Chandigarh
2023-10-31,28.4,15.7,21.4,29.8,14.8,0.0,0.0,6.8,17.6,86,14.05,36439.34,2.92,0,Chandigarh,30.7333,76.7794,Chandigarh
2023-11-01,28.9,16.6,21.7,28.7,16.4,0.0,0.0,8.4,16.6,359,14.01,36054.6,3.05,0,Chandigarh,30.7333,76.7794,Chandigarh
2023-11-02,28.4,14.8,21.2,28.5,14.4,0.0,0.0,9.6,16.9,350,13.79,35376.63,3.08,3,Chandigarh,30.7333,76.7794,Chandigarh
2023-11-03,27.2,16.1,21.1,27.3,15.5,0.0,0.0,17.8,33.1,344,11.45,33791.28,2.95,3,Chandigarh,30.7333,76.7794,Chandigarh
2023-11-04,28.2,14.5,20.6,27.8,13.9,0.0,0.0,11.8,21.6,359,13.54,35815.31,3.16,2,Chandigarh,30.7333,76.7794,Chandigarh
2023-11-05,27.9,15.2,20.8,26.4,13.9,0.0,0.0,17.1,31.3,344,13.55,35590.43,3.51,0,Chandigarh,30.7333,76.7794,Chandigarh
2023-11-06,27.0,14.3,19.9,26.3,13.9,0.0,0.0,9.2,18.4,11,13.2,34215.31,3.01,3,Chandigarh,30.7333,76.7794,Chandigarh
2023-11-07,27.1,14.1,20.1,26.1,13.2,0.0,0.0,12.6,24.5,355,13.02,34849.66,3.09,3,Chandigarh,30.7333,76.7794,Chandigarh
2023-11-08,27.8,14.6,20.6,26.5,13.3,0.0,0.0,14.3,27.4,352,12.83,33467.45,3.19,3,Chandigarh,30.7333,76.7794,Chandigarh
2023-11-09,27.8,15.1,20.6,27.1,14.5,0.0,0.0,10.0,20.9,3,12.67,34099.36,3.02,3,Chandigarh,30.7333,76.7794,Chandigarh
2023-11-10,22.9,14.9,18.1,22.2,15.1,10.7,10.7,22.8,47.9,116,7.41,20652.99,1.81,65,Chandigarh,30.7333,76.7794,Chandigarh
2023-11-11,23.9,13.2,17.9,23.6,13.0,0.0,0.0,10.2,21.2,339,12.27,33693.19,2.49,3,Chandigarh,30.7333,76.7794,Chandigarh
2023-11-12,24.6,13.0,17.6,23.2,12.0,0.0,0.0,14.8,28.4,338,12.6,34008.23,2.67,0,Chandigarh,30.7333,76.7794,Chandigarh
2023-11-13,24.2,12.4,17.7,25.0,11.4,0.0,0.0,8.1,16.2,14,12.0,33740.78,2.26,3,Chandigarh,30.7333,76.7794,Chandigarh
2023-11-14,24.8,13.7,18.3,25.0,13.6,0.0,0.0,8.8,19.4,351,11.93,33763.12,2.34,3,Chandigarh,30.7333,76.7794,Chandigarh
2023-11-15,25.5,13.4,18.3,26.0,13.1,0.0,0.0,8.2,16.9,347,12.0,33492.18,2.33,0,Chandigarh,30.7333,76.7794,Chandigarh
2023-11-16,25.4,14.0,18.8,26.0,13.4,0.0,0.0,7.3,18.4,96,11.94,33219.3,2.3,2,Chandigarh,30.7333,76.7794,Chandigarh
2023-11-17,27.0,14.1,19.5,26.6,13.3,0.0,0.0,10.2,19.4,5,12.03,33532.02,2.73,3,Chandigarh,30.7333,76.7794,Chandigarh
2023-11-18,25.9,13.3,18.4,24.6,12.2,0.0,0.0,11.8,24.8,119,11.92,33550.84,2.58,0,Chandigarh,30.7333,76.7794,Chandigarh
2023-11-19,24.6,14.2,18.9,24.2,13.4,0.0,0.0,13.7,28.8,114,11.25,32978.93,2.52,0,Chandigarh,30.7333,76.7794,Chandigarh
2023-11-20,25.1,13.8,18.9,24.7,13.6,0.0,0.0,9.7,19.4,349,11.52,33290.57,2.54,0,Chandigarh,30.7333,76.7794,Chandigarh
2023-11-21,24.8,13.9,18.7,22.7,13.2,0.0,0.0,17.4,32.0,328,11.7,33306.44,3.12,0,Chandigarh,30.7333,76.7794,Chandigarh
2023-11-22,24.7,14.4,18.5,23.0,12.4,0.0,0.0,16.1,27.4,328,11.77,33321.5,3.02,0,Chandigarh,30.7333,76.7794,Chandigarh
2023-11-23,23.0,11.6,17.0,22.3,10.6,0.0,0.0,11.4,25.2,114,11.46,33038.37,2.21,0,Chandigarh,30.7333,76.7794,Chandigarh
2023-11-24,25.3,13.2,18.1,23.2,12.9,0.0,0.0,11.5,24.1,342,11.38,33349.15,2.59,3,Chandigarh,30.7333,76.7794,Chandigarh
2023-11-25,24.4,12.9,17.6,24.2,11.6,0.0,0.0,6.6,15.5,61,10.86,32764.58,2.06,3,Chandigarh,30.7333,76.7794,Chandigarh
2023-11-26,23.8,14.4,18.0,22.4,13.7,0.0,0.0,12.6,25.9,105,10.18,27040.96,2.25,3,Chandigarh,30.7333,76.7794,Chandigarh
2023-11-27,22.7,14.3,17.7,20.4,14.1,0.0,0.0,19.2,37.1,101,5.5,3698.8,1.88,3,Chandigarh,30.7333,76.7794,Chandigarh
2023-11-28,23.8,12.8,17.7,22.6,12.6,0.0,0.0,9.9,22.0,59,9.3,29643.28,2.09,3,Chandigarh,30.7333,76.7794,Chandigarh
2023-11-29,23.8,12.6,17.4,23.5,10.5,0.0,0.0,8.2,19.4,109,10.73,32801.25,2.21,1,Chandigarh,30.7333,76.7794,Chandigarh
2023-11-30,22.3,12.7,16.5,19.4,12.4,6.2,6.2,21.0,37.8,130,8.91,29283.13,2.06,63,Chandigarh,30.7333,76.7794,Chandigarh
2023-12-01,23.6,12.1,17.2,22.4,10.8,0.0,0.0,9.3,21.2,344,10.79,32606.66,2.35,1,Chandigarh,30.7333,76.7794,Chandigarh
2023-12-02,22.8,11.4,16.2,22.6,10.1,0.0,0.0,8.6,15.5,4,10.57,32819.02,1.99,0,Chandigarh,30.7333,76.7794,Chandigarh
2023-12-03,22.6,11.7,16.2,21.8,10.2,0.0,0.0,7.9,19.1,96,10.88,33125.75,2.07,0,Chandigarh,30.7333,76.7794,Chandigarh
2023-12-04,21.3,12.0,15.8,21.2,11.0,0.0,0.0,8.0,19.4,47,8.99,30209.09,1.73,2,Chandigarh,30.7333,76.7794,Chandigarh
2023-12-05,22.2,11.1,16.0,20.3,9.9,0.0,0.0,13.4,24.8,340,10.73,33131.4,2.37,0,Chandigarh,30.7333,76.7794,Chandigarh
2023-12-06,23.2,10.4,15.7,22.9,8.7,0.0,0.0,8.6,14.8,22,10.72,33132.51,2.05,0,Chandigarh,30.7333,76.7794,Chandigarh
2023-12-07,23.6,11.3,16.2,21.7,8.8,0.0,0.0,12.1,23.8,351,10.94,33436.96,2.44,0,Chandigarh,30.7333,76.7794,Chandigarh
2023-12-08,22.2,9.9,15.4,19.8,8.4,0.0,0.0,15.3,28.8,331,11.18,33436.29,2.48,0,Chandigarh,30.7333,76.7794,Chandigarh
2023-12-09,21.7,10.7,15.4,18.5,7.5,0.0,0.0,17.1,32.8,326,11.19,33434.49,3.05,0,Chandigarh,30.7333,76.7794,Chandigarh
2023-12-10,21.5,10.5,15.1,17.7,6.5,0.0,0.0,20.2,38.5,325,11.26,33737.27,3.21,1,Chandigarh,30.7333,76.7794,Chandigarh
2023-12-11,20.7,8.9,14.0,18.8,6.8,0.0,0.0,9.0,19.8,354,10.58,31177.16,2.13,3,Chandigarh,30.7333,76.7794,Chandigarh
2023-12-12,20.6,8.2,13.4,18.5,6.5,0.0,0.0,7.9,16.6,37,10.92,33729.2,2.09,0,Chandigarh,30.7333,76.7794,Chandigarh
2023-12-13,21.1,7.8,14.0,17.6,5.0,0.0,0.0,15.8,30.2,338,11.01,33723.67,2.64,1,Chandigarh,30.7333,76.7794,Chandigarh
2023-12-14,21.4,9.9,14.5,17.4,6.1,0.0,0.0,18.4,35.3,326,10.97,32400.0,3.13,3,Chandigarh,30.7333,76.7794,Chandigarh
2023-12-15,19.2,8.0,13.3,17.6,4.8,0.0,0.0,11.8,16.9,344,9.37,30399.32,2.04,3,Chandigarh,30.7333,76.7794,Chandigarh
2023-12-16,19.4,8.4,13.2,17.1,5.0,0.0,0.0,11.7,21.6,337,11.08,33441.74,2.24,3,Chandigarh,30.7333,76.7794,Chandigarh
2023-12-17,20.2,7.8,13.4,17.3,4.8,0.0,0.0,14.8,28.4,333,10.87,33999.63,2.51,0,Chandigarh,30.7333,76.7794,Chandigarh
2023-12-18,20.6,10.0,14.1,16.7,6.7,0.0,0.0,20.9,39.6,326,11.03,33989.66,2.89,0,Chandigarh,30.7333,76.7794,Chandigarh
2023-12-19,19.6,9.3,13.7,17.0,6.0,0.0,0.0,16.7,31.3,327,11.18,34286.82,2.74,0,Chandigarh,30.7333,76.7794,Chandigarh
2023-12-20,18.6,7.7,12.9,16.8,4.9,0.0,0.0,10.1,18.0,321,10.86,34275.28,1.93,1,Chandigarh,30.7333,76.7794,Chandigarh
2023-12-21,19.7,6.4,13.2,17.9,3.9,0.0,0.0,10.4,20.9,333,11.05,34262.93,1.97,1,Chandigarh,30.7333,76.7794,Chandigarh
2023-12-22,20.7,7.5,13.8,18.8,5.0,0.0,0.0,10.2,19.4,41,9.67,26735.77,1.95,3,Chandigarh,30.7333,76.7794,Chandigarh
2023-12-23,22.0,10.5,15.8,20.3,9.7,0.0,0.0,11.8,38.9,97,10.49,34235.85,2.1,3,Chandigarh,30.7333,76.7794,Chandigarh
2023-12-24,21.8,9.9,15.2,20.8,8.2,0.0,0.0,13.0,24.5,346,9.99,32400.0,2.09,3,Chandigarh,30.7333,76.7794,Chandigarh
2023-12-25,20.2,10.4,14.7,19.8,8.1,0.0,0.0,11.8,20.5,326,10.8,34513.49,2.01,1,Chandigarh,30.7333,76.7794,Chandigarh
2023-12-26,20.4,10.4,13.9,19.0,8.2,0.0,0.0,9.3,19.4,45,9.99,33571.2,1.91,3,Chandigarh,30.7333,76.7794,Chandigarh
2023-12-27,21.6,8.9,14.4,20.3,6.8,0.0,0.0,9.8,16.6,351,10.92,34786.28,2.11,0,Chandigarh,30.7333,76.7794,Chandigarh
2023-12-28,19.2,9.3,13.2,19.0,7.0,0.0,0.0,9.3,17.3,22,10.72,34995.51,1.76,2,Chandigarh,30.7333,76.7794,Chandigarh
2023-12-29,19.7,8.0,13.3,19.6,6.8,0.0,0.0,9.0,19.4,15,10.92,34746.07,1.8,2,Chandigarh,30.7333,76.7794,Chandigarh
2023-12-30,18.8,9.7,13.0,18.6,8.2,0.0,0.0,8.8,17.6,340,9.45,32518.94,1.6,3,Chandigarh,30.7333,76.7794,Chandigarh
2023-12-31,17.3,8.5,11.7,16.6,6.7,0.0,0.0,8.4,16.9,328,10.21,34324.65,1.56,3,Chandigarh,30.7333,76.7794,Chandigarh
2024-01-01,15.8,7.6,10.4,15.0,5.5,0.0,0.0,9.2,19.8,320,9.26,29820.07,1.36,3,Chandigarh,30.7333,76.7794,Chandigarh
2024-01-02,14.9,6.6,9.6,14.2,4.3,0.0,0.0,8.8,14.8,319,8.8,29331.07,1.27,3,Chandigarh,30.7333,76.7794,Chandigarh
2024-01-03,16.1,6.6,10.6,15.2,4.5,0.0,0.0,8.0,16.2,321,10.31,35017.18,1.51,3,Chandigarh,30.7333,76.7794,Chandigarh
2024-01-04,17.0,6.4,10.6,16.0,4.3,0.0,0.0,9.8,18.4,330,10.76,35081.95,1.64,3,Chandigarh,30.7333,76.7794,Chandigarh
2024-01-05,16.0,6.1,10.0,14.4,3.6,0.0,0.0,10.5,22.0,325,10.42,35648.51,1.57,1,Chandigarh,30.7333,76.7794,Chandigarh
2024-01-06,16.9,5.9,10.3,14.6,3.3,0.0,0.0,12.1,25.2,325,11.16,35927.88,1.75,1,Chandigarh,30.7333,76.7794,Chandigarh
2024-01-07,16.5,6.1,10.2,15.6,4.3,0.0,0.0,10.6,20.5,310,10.86,34869.56,1.63,3,Chandigarh,30.7333,76.7794,Chandigarh
2024-01-08,15.9,5.6,9.7,15.0,3.4,0.0,0.0,9.2,18.4,324,11.03,35941.23,1.6,3,Chandigarh,30.7333,76.7794,Chandigarh
2024-01-09,14.9,6.2,9.3,13.0,4.1,0.0,0.0,15.0,25.6,318,10.84,34872.44,1.57,3,Chandigarh,30.7333,76.7794,Chandigarh
2024-01-10,16.7,5.3,9.4,13.8,2.9,0.0,0.0,18.6,34.2,319,11.24,34601.11,1.75,2,Chandigarh,30.7333,76.7794,Chandigarh
2024-01-11,14.5,5.2,8.8,12.2,3.0,0.0,0.0,18.3,31.3,310,10.47,31757.7,1.5,3,Chandigarh,30.7333,76.7794,Chandigarh
2024-01-12,14.7,6.0,9.3,13.1,4.1,0.0,0.0,18.2,32.8,308,9.47,27996.37,1.43,3,Chandigarh,30.7333,76.7794,Chandigarh
2024-01-13,14.9,5.8,8.9,13.8,3.0,0.0,0.0,9.7,17.6,307,8.98,21702.37,1.33,3,Chandigarh,30.7333,76.7794,Chandigarh
2024-01-14,15.5,4.8,8.9,13.8,1.6,0.0,0.0,11.6,22.7,318,11.78,36000.0,1.73,2,Chandigarh,30.7333,76.7794,Chandigarh
2024-01-15,15.2,5.9,9.7,14.4,3.4,0.0,0.0,8.9,17.6,315,11.66,35828.29,1.63,3,Chandigarh,30.7333,76.7794,Chandigarh
2024-01-16,16.6,5.3,10.6,15.3,2.4,0.0,0.0,10.4,22.3,99,12.03,36000.0,1.77,1,Chandigarh,30.7333,76.7794,Chandigarh
2024-01-17,18.2,5.9,11.3,17.1,3.7,0.0,0.0,8.4,18.0,110,12.01,36000.0,1.91,1,Chandigarh,30.7333,76.7794,Chandigarh
2024-01-18,17.0,6.6,11.3,16.3,4.3,0.0,0.0,8.8,19.4,330,12.03,35965.47,1.78,0,Chandigarh,30.7333,76.7794,Chandigarh
2024-01-19,15.6,7.1,10.2,14.7,5.0,0.0,0.0,8.8,19.8,252,10.94,34650.47,1.54,3,Chandigarh,30.7333,76.7794,Chandigarh
2024-01-20,15.1,7.4,10.1,13.2,5.4,0.0,0.0,13.5,24.8,309,8.66,25564.79,1.3,3,Chandigarh,30.7333,76.7794,Chandigarh
2024-01-21,15.2,5.7,9.4,12.5,2.9,0.0,0.0,17.4,34.2,318,12.35,35559.81,1.81,1,Chandigarh,30.7333,76.7794,Chandigarh
2024-01-22,13.7,5.0,8.2,12.4,2.5,0.0,0.0,9.0,22.3,271,11.22,33187.42,1.48,3,Chandigarh,30.7333,76.7794,Chandigarh
2024-01-23,15.3,3.9,8.8,13.4,0.9,0.0,0.0,11.0,23.0,330,12.87,36000.0,1.85,0,Chandigarh,30.7333,76.7794,Chandigarh
2024-01-24,16.0,4.6,9.6,14.8,1.5,0.0,0.0,10.0,19.4,321,12.54,35863.72,1.9,1,Chandigarh,30.7333,76.7794,Chandigarh
2024-01-25,15.7,5.7,10.1,15.1,3.4,0.0,0.0,9.4,19.8,335,11.69,30172.33,1.8,3,Chandigarh,30.7333,76.7794,Chandigarh
2024-01-26,17.1,7.6,12.1,16.1,5.2,0.0,0.0,10.3,19.4,318,12.28,35724.68,2.02,3,Chandigarh,30.7333,76.7794,Chandigarh
2024-01-27,20.2,9.0,13.5,16.6,5.8,0.0,0.0,22.9,42.1,322,13.23,36000.0,2.92,3,Chandigarh,30.7333,76.7794,Chandigarh
2024-01-28,18.4,8.7,13.2,16.8,5.8,0.0,0.0,12.2,25.2,139,11.8,34221.4,2.13,3,Chandigarh,30.7333,76.7794,Chandigarh
2024-01-29,19.5,7.7,13.1,18.4,5.7,0.0,0.0,10.7,17.6,11,13.34,36000.0,2.36,0,Chandigarh,30.7333,76.7794,Chandigarh
2024-01-30,20.0,7.8,13.5,18.2,5.6,0.0,0.0,12.1,24.8,326,13.61,36000.0,2.32,0,Chandigarh,30.7333,76.7794,Chandigarh
2024-01-31,17.3,10.0,13.3,15.1,8.5,2.6,2.6,17.1,32.4,121,8.28,28293.75,1.66,55,Chandigarh,30.7333,76.7794,Chandigarh
2024-02-01,17.3,11.3,14.2,11.6,8.6,2.1,2.1,35.7,64.1,134,9.99,25442.98,2.85,61,Chandigarh,30.7333,76.7794,Chandigarh
2024-02-02,17.5,5.8,11.3,13.7,4.4,0.0,0.0,22.5,41.8,324,14.53,36000.0,2.6,3,Chandigarh,30.7333,76.7794,Chandigarh
2024-02-03,20.4,7.4,13.0,17.9,3.2,0.3,0.3,14.2,31.0,338,8.31,12341.3,2.35,51,Chandigarh,30.7333,76.7794,Chandigarh
2024-02-04,16.1,9.7,12.6,14.6,8.4,26.8,26.8,15.6,32.8,144,4.62,2655.7,0.92,63,Chandigarh,30.7333,76.7794,Chandigarh
2024-02-05,17.2,9.1,12.6,16.1,7.3,0.7,0.7,9.3,20.9,3,12.51,35364.85,2.0,51,Chandigarh,30.7333,76.7794,Chandigarh
2024-02-06,16.9,7.5,11.5,14.2,4.7,0.0,0.0,17.3,33.8,328,15.05,36000.0,2.64,0,Chandigarh,30.7333,76.7794,Chandigarh
2024-02-07,16.4,6.6,11.1,12.2,3.7,0.0,0.0,23.7,43.6,326,13.82,36000.0,2.8,3,Chandigarh,30.7333,76.7794,Chandigarh
2024-02-08,17.3,7.8,11.7,14.0,3.5,0.0,0.0,23.4,42.8,321,15.65,36000.0,2.93,0,Chandigarh,30.7333,76.7794,Chandigarh
2024-02-09,18.3,6.4,12.2,17.6,3.1,0.0,0.0,13.7,23.4,336,15.62,36000.0,2.72,0,Chandigarh,30.7333,76.7794,Chandigarh
2024-02-10,19.2,8.7,13.3,18.7,6.9,0.0,0.0,11.2,22.0,335,15.3,36000.0,2.61,0,Chandigarh,30.7333,76.7794,Chandigarh
2024-02-11,21.1,8.4,14.0,20.5,6.4,0.0,0.0,9.0,18.4,341,15.61,36000.0,2.79,0,Chandigarh,30.7333,76.7794,Chandigarh
2024-02-12,21.0,9.3,14.8,20.4,7.9,0.0,0.0,8.0,20.5,62,14.36,32400.0,2.52,3,Chandigarh,30.7333,76.7794,Chandigarh
2024-02-13,21.6,11.1,16.1,21.1,9.9,0.0,0.0,6.8,18.0,27,15.4,36000.0,2.79,3,Chandigarh,30.7333,76.7794,Chandigarh
2024-02-14,22.2,9.5,15.5,21.6,8.0,0.0,0.0,15.3,28.8,325,15.83,36065.04,3.1,0,Chandigarh,30.7333,76.7794,Chandigarh
2024-02-15,22.3,9.5,15.4,20.9,7.8,0.0,0.0,14.8,28.1,330,16.38,36038.07,3.24,0,Chandigarh,30.7333,76.7794,Chandigarh
2024-02-16,22.8,10.1,16.1,21.5,7.7,0.0,0.0,14.0,28.4,324,16.58,36289.27,3.54,0,Chandigarh,30.7333,76.7794,Chandigarh
2024-02-17,23.5,10.5,16.5,21.1,8.3,0.0,0.0,23.9,43.6,318,16.31,35125.49,3.7,3,Chandigarh,30.7333,76.7794,Chandigarh
2024-02-18,22.9,11.4,17.4,21.5,9.8,0.0,0.0,15.5,31.0,120,12.43,28310.63,2.89,3,Chandigarh,30.7333,76.7794,Chandigarh
2024-02-19,24.5,15.5,21.0,18.2,14.4,10.5,10.5,44.3,79.6,131,15.29,34305.21,6.13,63,Chandigarh,30.7333,76.7794,Chandigarh
2024-02-20,22.9,12.9,18.4,19.6,11.2,1.7,1.7,32.5,58.3,134,15.78,36459.08,4.07,55,Chandigarh,30.7333,76.7794,Chandigarh
2024-02-21,21.7,10.3,15.4,20.8,8.1,0.2,0.2,12.4,26.3,327,17.03,36432.83,3.3,51,Chandigarh,30.7333,76.7794,Chandigarh
2024-02-22,20.7,7.0,13.5,18.1,5.2,0.0,0.0,13.4,26.3,318,17.84,36682.08,3.55,0,Chandigarh,30.7333,76.7794,Chandigarh
2024-02-23,20.6,8.6,14.3,18.3,5.1,0.0,0.0,12.5,26.6,326,17.91,36930.72,3.85,0,Chandigarh,30.7333,76.7794,Chandigarh
2024-02-24,20.0,6.6,13.1,17.6,3.7,0.0,0.0,11.6,24.8,316,17.73,36904.47,3.37,0,Chandigarh,30.7333,76.7794,Chandigarh
2024-02-25,20.9,5.8,13.6,18.3,3.3,0.0,0.0,13.1,25.6,330,17.64,36878.49,3.58,3,Chandigarh,30.7333,76.7794,Chandigarh
2024-02-26,22.5,8.7,15.7,20.1,6.5,0.0,0.0,10.8,22.3,325,17.27,36579.26,3.63,3,Chandigarh,30.7333,76.7794,Chandigarh
2024-02-27,21.7,13.2,16.1,19.3,11.0,0.0,0.0,11.2,22.3,299,9.8,10611.03,2.5,3,Chandigarh,30.7333,76.7794,Chandigarh
2024-02-28,23.1,11.5,16.6,19.2,8.6,0.0,0.0,24.6,46.4,318,18.23,37389.77,4.55,0,Chandigarh,30.7333,76.7794,Chandigarh
2024-02-29,25.0,12.6,18.1,22.9,9.8,0.0,0.0,17.4,32.8,319,18.45,37056.93,4.57,3,Chandigarh,30.7333,76.7794,Chandigarh
2024-03-01,22.1,13.3,18.4,21.6,11.5,1.6,1.6,30.8,50.4,43,5.8,3600.0,2.43,55,Chandigarh,30.7333,76.7794,Chandigarh
2024-03-02,22.6,15.2,19.0,20.2,11.1,30.6,30.6,35.5,64.1,127,8.29,12322.41,3.65,65,Chandigarh,30.7333,76.7794,Chandigarh
2024-03-03,18.5,11.7,15.2,15.9,10.8,10.4,10.4,35.3,66.6,144,13.96,37246.99,2.47,63,Chandigarh,30.7333,76.7794,Chandigarh
2024-03-04,18.7,9.3,13.4,16.9,7.3,0.0,0.0,13.8,25.9,326,18.58,35517.9,3.48,3,Chandigarh,30.7333,76.7794,Chandigarh
2024-03-05,20.0,8.3,13.6,18.6,5.4,0.0,0.0,14.2,29.9,321,16.46,29829.65,3.37,3,Chandigarh,30.7333,76.7794,Chandigarh
2024-03-06,20.9,8.9,14.2,19.6,6.4,0.0,0.0,15.8,32.8,320,19.48,38859.24,3.65,3,Chandigarh,30.7333,76.7794,Chandigarh
2024-03-07,22.9,9.0,16.0,20.5,6.7,0.0,0.0,17.0,33.1,329,19.6,38257.74,4.23,3,Chandigarh,30.7333,76.7794,Chandigarh
2024-03-08,22.7,11.1,16.5,20.8,8.7,0.0,0.0,15.9,30.6,325,19.94,39545.56,4.34,0,Chandigarh,30.7333,76.7794,Chandigarh
2024-03-09,24.4,12.1,17.5,22.2,9.4,0.0,0.0,21.2,40.7,321,20.04,40023.21,4.56,1,Chandigarh,30.7333,76.7794,Chandigarh
2024-03-10,25.4,12.1,18.5,25.1,10.2,0.0,0.0,13.1,23.4,323,16.33,26731.63,3.61,3,Chandigarh,30.7333,76.7794,Chandigarh
2024-03-11,25.4,13.2,19.7,25.1,12.0,0.4,0.4,12.0,27.0,53,19.78,40439.27,4.2,51,Chandigarh,30.7333,76.7794,Chandigarh
2024-03-12,26.8,13.0,19.8,26.1,11.8,0.0,0.0,12.3,27.4,319,19.84,40378.42,4.46,0,Chandigarh,30.7333,76.7794,Chandigarh
2024-03-13,25.4,13.4,18.7,24.7,12.2,0.8,0.8,17.0,29.2,6,13.13,27148.47,3.32,51,Chandigarh,30.7333,76.7794,Chandigarh
2024-03-14,25.9,11.5,19.1,25.0,10.6,0.0,0.0,14.7,25.2,324,20.57,41577.53,4.7,0,Chandigarh,30.7333,76.7794,Chandigarh
2024-03-15,26.8,12.6,19.0,25.4,9.5,0.0,0.0,15.4,31.0,319,21.28,42385.44,5.11,0,Chandigarh,30.7333,76.7794,Chandigarh
2024-03-16,27.3,12.6,19.6,26.9,11.0,0.0,0.0,10.3,23.4,307,21.1,42386.85,4.61,2,Chandigarh,30.7333,76.7794,Chandigarh
2024-03-17,28.5,12.0,20.6,27.3,10.8,0.0,0.0,10.1,22.3,312,19.66,37480.04,4.59,3,Chandigarh,30.7333,76.7794,Chandigarh
2024-03-18,28.7,13.4,20.9,28.0,11.6,0.0,0.0,10.3,27.0,329,20.6,42982.69,4.88,3,Chandigarh,30.7333,76.7794,Chandigarh
2024-03-19,28.3,13.3,20.9,28.7,12.1,0.0,0.0,9.5,22.3,41,19.62,42646.06,4.35,3,Chandigarh,30.7333,76.7794,Chandigarh
2024-03-20,30.5,14.0,22.3,29.5,12.2,0.0,0.0,15.1,27.0,311,21.7,43186.24,5.45,3,Chandigarh,30.7333,76.7794,Chandigarh
2024-03-21,26.3,17.1,21.7,24.2,15.6,0.0,0.0,29.6,54.4,141,20.82,42513.65,5.26,3,Chandigarh,30.7333,76.7794,Chandigarh
2024-03-22,28.8,17.5,22.8,30.2,17.5,0.0,0.0,19.1,39.6,340,20.11,43200.0,4.98,3,Chandigarh,30.7333,76.7794,Chandigarh
2024-03-23,30.6,17.3,23.7,27.5,15.6,0.0,0.0,24.4,45.4,326,21.84,42282.84,6.8,3,Chandigarh,30.7333,76.7794,Chandigarh
2024-03-24,29.0,16.5,22.6,27.9,14.2,0.0,0.0,28.9,60.5,342,13.17,20430.16,4.43,3,Chandigarh,30.7333,76.7794,Chandigarh
2024-03-25,31.1,16.8,23.8,28.8,15.1,0.0,0.0,23.4,44.6,324,21.8,43200.0,6.5,0,Chandigarh,30.7333,76.7794,Chandigarh
2024-03-26,31.1,18.9,24.5,29.1,16.6,0.0,0.0,17.9,35.6,321,17.55,35027.74,5.67,3,Chandigarh,30.7333,76.7794,Chandigarh
2024-03-27,32.9,19.0,25.5,33.0,18.8,0.0,0.0,20.0,36.4,315,19.74,35592.92,5.67,3,Chandigarh,30.7333,76.7794,Chandigarh
2024-03-28,35.5,20.4,27.6,35.0,19.0,0.0,0.0,18.6,34.9,327,18.96,32825.91,6.74,3,Chandigarh,30.7333,76.7794,Chandigarh
2024-03-29,33.3,17.6,25.2,33.2,16.0,0.0,0.0,20.1,39.6,137,21.15,39807.97,5.44,3,Chandigarh,30.7333,76.7794,Chandigarh
2024-03-30,30.3,18.1,23.2,28.3,16.1,13.2,13.2,34.2,64.8,35,17.76,36527.93,4.86,63,Chandigarh,30.7333,76.7794,Chandigarh
2024-03-31,30.5,16.3,23.4,31.5,15.1,0.0,0.0,15.4,30.2,343,20.74,43200.0,5.3,3,Chandigarh,30.7333,76.7794,Chandigarh
2024-04-01,28.5,17.2,22.0,26.8,15.2,0.0,0.0,18.4,36.4,316,20.41,42761.78,5.51,3,Chandigarh,30.7333,76.7794,Chandigarh
2024-04-02,29.5,16.4,22.5,27.5,14.6,0.0,0.0,20.8,40.7,323,22.71,39634.58,6.11,3,Chandigarh,30.7333,76.7794,Chandigarh
2024-04-03,32.1,15.4,24.0,30.7,13.8,0.0,0.0,13.4,27.0,351,21.07,38058.87,5.78,3,Chandigarh,30.7333,76.7794,Chandigarh
2024-04-04,32.7,15.6,24.8,31.1,14.0,0.0,0.0,16.6,32.4,331,23.08,43200.0,6.52,3,Chandigarh,30.7333,76.7794,Chandigarh
2024-04-05,31.8,18.5,25.0,30.1,16.5,0.0,0.0,17.1,33.5,326,22.94,39600.0,6.87,3,Chandigarh,30.7333,76.7794,Chandigarh
2024-04-06,32.3,18.2,24.9,29.4,15.5,0.0,0.0,20.4,38.2,329,23.8,43200.0,7.32,0,Chandigarh,30.7333,76.7794,Chandigarh
2024-04-07,32.1,16.4,24.0,29.2,14.2,0.0,0.0,19.8,38.9,322,23.7,43200.0,6.51,0,Chandigarh,30.7333,76.7794,Chandigarh
2024-04-08,33.1,14.9,24.3,30.5,13.3,0.0,0.0,20.6,38.5,324,23.55,43200.0,6.51,2,Chandigarh,30.7333,76.7794,Chandigarh
2024-04-09,33.6,15.4,25.0,32.6,13.0,0.0,0.0,15.2,31.7,320,23.18,43200.0,6.13,3,Chandigarh,30.7333,76.7794,Chandigarh
2024-04-10,33.9,15.8,25.2,33.0,13.9,0.0,0.0,14.8,27.7,21,23.06,42628.45,6.23,3,Chandigarh,30.7333,76.7794,Chandigarh
2024-04-11,34.3,19.4,26.6,32.5,16.7,0.0,0.0,16.8,33.8,15,23.0,42832.3,6.94,3,Chandigarh,30.7333,76.7794,Chandigarh
2024-04-12,35.3,17.1,26.9,34.2,15.9,0.0,0.0,16.4,33.1,346,23.28,43200.0,6.69,3,Chandigarh,30.7333,76.7794,Chandigarh
2024-04-13,35.4,19.1,27.5,32.8,17.6,0.0,0.0,20.1,38.5,128,19.83,29805.68,6.96,3,Chandigarh,30.7333,76.7794,Chandigarh
2024-04-14,31.6,21.7,26.2,28.8,20.9,2.3,2.3,27.3,46.1,77,13.69,19541.71,5.15,53,Chandigarh,30.7333,76.7794,Chandigarh
2024-04-15,31.4,20.7,25.8,30.8,20.1,10.7,10.7,21.5,43.2,136,15.89,31035.14,4.54,65,Chandigarh,30.7333,76.7794,Chandigarh
2024-04-16,31.6,19.9,25.7,32.0,20.0,0.0,0.0,20.7,38.2,331,23.5,43200.0,6.46,3,Chandigarh,30.7333,76.7794,Chandigarh
2024-04-17,31.5,19.5,25.5,29.8,18.7,0.0,0.0,22.1,42.8,318,24.17,42553.3,7.09,3,Chandigarh,30.7333,76.7794,Chandigarh
2024-04-18,32.6,20.8,26.8,30.9,19.6,0.0,0.0,20.5,44.3,344,18.97,33956.15,6.47,3,Chandigarh,30.7333,76.7794,Chandigarh
2024-04-19,34.6,22.3,27.9,33.1,21.8,0.8,0.8,25.4,46.8,102,20.83,40385.06,7.5,53,Chandigarh,30.7333,76.7794,Chandigarh
2024-04-20,32.4,19.0,26.7,33.7,18.5,0.0,0.0,17.5,33.8,344,22.14,42878.48,5.98,1,Chandigarh,30.7333,76.7794,Chandigarh
2024-04-21,34.0,20.4,27.2,33.5,18.8,0.0,0.0,17.1,30.6,318,23.92,43144.1,7.07,2,Chandigarh,30.7333,76.7794,Chandigarh
2024-04-22,33.3,18.5,26.1,33.1,17.7,0.0,0.0,11.4,27.7,359,22.8,42923.47,6.13,3,Chandigarh,30.7333,76.7794,Chandigarh
2024-04-23,33.4,18.5,26.0,32.9,17.8,0.0,0.0,20.2,40.3,339,20.56,41441.24,5.89,3,Chandigarh,30.7333,76.7794,Chandigarh
2024-04-24,33.1,18.1,26.0,33.0,17.5,0.0,0.0,12.3,25.6,343,23.4,42027.18,5.99,2,Chandigarh,30.7333,76.7794,Chandigarh
2024-04-25,36.1,19.2,28.3,32.9,18.0,0.0,0.0,23.4,44.6,328,24.25,43064.87,8.15,1,Chandigarh,30.7333,76.7794,Chandigarh
2024-04-26,38.5,24.4,31.2,35.9,22.4,0.0,0.0,19.1,38.5,353,23.38,42088.91,8.22,3,Chandigarh,30.7333,76.7794,Chandigarh
2024-04-27,34.8,21.5,28.2,32.3,21.5,1.0,1.0,22.3,51.1,112,19.02,38628.67,6.66,53,Chandigarh,30.7333,76.7794,Chandigarh
2024-04-28,34.6,19.1,27.7,33.3,18.6,0.0,0.0,15.6,31.7,346,22.66,41390.97,6.77,3,Chandigarh,30.7333,76.7794,Chandigarh
2024-04-29,31.1,21.1,25.5,30.2,19.2,1.5,1.5,29.5,58.7,7,12.15,17914.44,5.14,53,Chandigarh,30.7333,76.7794,Chandigarh
2024-04-30,33.3,18.1,26.2,32.2,17.2,0.0,0.0,15.6,33.1,336,24.88,42940.23,7.31,1,Chandigarh,30.7333,76.7794,Chandigarh
2024-05-01,28.9,17.2,23.0,26.8,14.6,0.0,0.0,16.7,34.2,315,24.71,42597.52,6.73,0,Chandigarh,30.7333,76.7794,Chandigarh
2024-05-02,32.9,17.5,25.7,29.7,14.6,0.0,0.0,25.0,48.2,327,24.9,42981.53,8.05,0,Chandigarh,30.7333,76.7794,Chandigarh
2024-05-03,36.0,21.1,28.9,33.2,19.1,0.0,0.0,21.5,42.8,322,22.79,34479.8,8.53,3,Chandigarh,30.7333,76.7794,Chandigarh
2024-05-04,39.0,25.8,32.5,36.6,23.6,0.0,0.0,22.6,44.6,343,23.27,42598.84,9.08,3,Chandigarh,30.7333,76.7794,Chandigarh
2024-05-05,38.5,23.0,31.4,35.2,20.6,0.0,0.0,26.5,48.2,320,24.51,42847.62,9.23,0,Chandigarh,30.7333,76.7794,Chandigarh
2024-05-06,38.8,24.3,32.1,37.3,22.0,0.0,0.0,15.7,34.2,317,24.16,42918.4,8.23,2,Chandigarh,30.7333,76.7794,Chandigarh
2024-05-07,38.3,21.9,31.2,37.0,20.8,0.0,0.0,25.8,51.5,123,23.07,42714.0,7.38,1,Chandigarh,30.7333,76.7794,Chandigarh
2024-05-08,35.9,24.9,30.4,36.9,23.0,0.7,0.7,28.0,51.1,139,19.67,37970.1,6.64,53,Chandigarh,30.7333,76.7794,Chandigarh
2024-05-09,37.1,27.0,31.4,38.0,25.4,0.0,0.0,26.0,47.5,142,22.05,36070.81,8.02,3,Chandigarh,30.7333,76.7794,Chandigarh
2024-05-10,36.5,26.9,31.6,36.9,26.4,0.0,0.0,27.4,50.8,156,19.73,38352.92,7.14,3,Chandigarh,30.7333,76.7794,Chandigarh
2024-05-11,35.2,25.5,29.8,37.6,26.1,1.6,1.6,16.2,37.1,347,20.21,35532.07,5.79,55,Chandigarh,30.7333,76.7794,Chandigarh
2024-05-12,34.8,23.1,29.2,36.6,23.4,4.0,4.0,20.3,39.6,344,19.95,37189.63,6.07,63,Chandigarh,30.7333,76.7794,Chandigarh
2024-05-13,37.8,22.6,31.0,36.2,21.6,0.0,0.0,22.0,39.2,312,24.18,42509.38,8.52,0,Chandigarh,30.7333,76.7794,Chandigarh
2024-05-14,38.4,22.2,31.9,35.9,19.7,0.0,0.0,17.3,36.0,325,24.9,42714.8,8.58,0,Chandigarh,30.7333,76.7794,Chandigarh
2024-05-15,40.0,21.4,32.0,39.0,19.2,0.0,0.0,17.6,34.2,327,24.04,42532.95,7.63,1,Chandigarh,30.7333,76.7794,Chandigarh
2024-05-16,40.5,23.5,33.2,39.5,22.4,0.0,0.0,20.6,38.9,318,24.12,42354.48,8.16,1,Chandigarh,30.7333,76.7794,Chandigarh
2024-05-17,41.7,23.9,33.8,41.5,22.2,0.0,0.0,21.9,40.0,314,23.7,42305.39,8.37,3,Chandigarh,30.7333,76.7794,Chandigarh
2024-05-18,42.5,25.6,35.3,40.9,24.0,0.0,0.0,29.8,53.6,321,24.01,42793.55,9.61,3,Chandigarh,30.7333,76.7794,Chandigarh
2024-05-19,42.8,26.4,36.0,39.9,24.8,0.0,0.0,27.2,50.4,332,24.03,42730.03,10.12,1,Chandigarh,30.7333,76.7794,Chandigarh
2024-05-20,39.9,26.9,34.4,39.8,25.2,0.0,0.0,21.3,41.4,34,21.87,41204.44,8.08,2,Chandigarh,30.7333,76.7794,Chandigarh
2024-05-21,40.2,26.7,33.4,41.5,24.8,0.0,0.0,27.8,51.5,150,23.52,42472.99,7.73,1,Chandigarh,30.7333,76.7794,Chandigarh
2024-05-22,39.6,28.5,34.1,40.2,28.5,0.1,0.1,25.8,51.1,140,21.61,41531.62,7.71,51,Chandigarh,30.7333,76.7794,Chandigarh
2024-05-23,37.9,27.0,33.0,41.2,28.9,9.6,9.6,28.3,54.0,123,21.3,40394.74,7.19,65,Chandigarh,30.7333,76.7794,Chandigarh
2024-05-24,38.7,28.9,33.7,42.1,30.4,0.1,0.1,21.3,41.8,129,21.5,40690.71,7.25,51,Chandigarh,30.7333,76.7794,Chandigarh
2024-05-25,43.0,27.7,34.9,41.3,27.7,0.0,0.0,29.9,58.0,323,24.01,42458.23,8.86,0,Chandigarh,30.7333,76.7794,Chandigarh
2024-05-26,43.5,26.4,35.4,41.4,25.4,0.0,0.0,24.1,45.7,317,24.6,43043.83,8.95,0,Chandigarh,30.7333,76.7794,Chandigarh
2024-05-27,42.9,28.1,35.6,42.9,26.2,0.0,0.0,19.8,37.4,322,24.42,43224.69,8.58,0,Chandigarh,30.7333,76.7794,Chandigarh
2024-05-28,41.8,26.3,35.1,41.3,24.4,0.0,0.0,20.4,40.3,37,25.13,43289.24,9.38,0,Chandigarh,30.7333,76.7794,Chandigarh
2024-05-29,43.9,26.6,36.5,41.9,23.1,0.0,0.0,15.3,32.8,139,24.8,42546.4,8.81,1,Chandigarh,30.7333,76.7794,Chandigarh
2024-05-30,43.3,30.6,36.8,42.2,27.1,0.0,0.0,22.6,45.0,112,23.89,40982.43,8.92,1,Chandigarh,30.7333,76.7794,Chandigarh
2024-05-31,43.4,26.2,36.2,41.6,23.4,0.0,0.0,18.7,38.2,347,24.38,42329.89,9.03,1,Chandigarh,30.7333,76.7794,Chandigarh
2024-06-01,42.9,26.7,35.2,41.5,24.6,0.0,0.0,21.6,36.7,270,22.89,42228.39,7.74,3,Chandigarh,30.7333,76.7794,Chandigarh
2024-06-02,41.4,28.4,34.7,40.7,27.2,0.0,0.0,21.1,41.4,330,23.64,42598.25,8.51,3,Chandigarh,30.7333,76.7794,Chandigarh
2024-06-03,42.5,27.3,34.9,41.4,24.6,0.0,0.0,20.9,40.3,301,23.42,42564.19,8.32,1,Chandigarh,30.7333,76.7794,Chandigarh
2024-06-04,41.5,28.3,35.0,40.6,26.2,0.0,0.0,18.0,35.3,321,22.14,41258.8,8.01,3,Chandigarh,30.7333,76.7794,Chandigarh
2024-06-05,40.3,26.6,33.6,40.9,25.2,0.0,0.0,24.4,49.0,294,19.62,31483.66,7.22,3,Chandigarh,30.7333,76.7794,Chandigarh
2024-06-06,38.7,23.8,32.3,37.8,24.0,0.4,0.4,21.9,42.5,324,21.2,33400.16,8.09,51,Chandigarh,30.7333,76.7794,Chandigarh
2024-06-07,40.3,27.4,33.7,38.9,26.4,0.0,0.0,26.3,46.4,324,23.3,41436.57,9.71,3,Chandigarh,30.7333,76.7794,Chandigarh
2024-06-08,39.0,27.5,32.9,36.4,26.0,0.0,0.0,22.7,42.8,319,18.41,34223.38,8.52,3,Chandigarh,30.7333,76.7794,Chandigarh
2024-06-09,40.6,26.8,33.4,37.8,26.1,0.0,0.0,21.3,40.7,319,24.5,42727.89,9.41,1,Chandigarh,30.7333,76.7794,Chandigarh
2024-06-10,40.9,27.9,34.0,38.6,25.3,0.0,0.0,18.9,36.0,318,23.4,41913.98,8.93,3,Chandigarh,30.7333,76.7794,Chandigarh
2024-06-11,41.9,25.3,34.7,39.9,24.0,0.0,0.0,16.6,32.0,324,24.75,42686.08,8.64,0,Chandigarh,30.7333,76.7794,Chandigarh
2024-06-12,43.3,26.7,35.3,40.3,24.5,0.0,0.0,21.9,42.1,315,24.58,42560.75,9.47,0,Chandigarh,30.7333,76.7794,Chandigarh
2024-06-13,43.4,29.4,36.5,41.5,27.3,0.0,0.0,22.5,43.2,319,23.89,42331.37,9.88,0,Chandigarh,30.7333,76.7794,Chandigarh
2024-06-14,42.9,28.7,36.1,41.1,27.0,0.0,0.0,22.9,41.0,319,23.8,42167.4,10.01,1,Chandigarh,30.7333,76.7794,Chandigarh
2024-06-15,42.6,29.0,36.2,40.7,27.3,0.0,0.0,23.1,43.2,316,23.18,42151.02,10.06,0,Chandigarh,30.7333,76.7794,Chandigarh
2024-06-16,43.2,30.3,37.0,42.0,29.7,0.0,0.0,22.9,43.6,313,23.55,42241.4,10.0,0,Chandigarh,30.7333,76.7794,Chandigarh
2024-06-17,43.6,31.7,37.4,42.7,30.6,0.0,0.0,22.7,42.5,312,23.01,41067.37,9.81,1,Chandigarh,30.7333,76.7794,Chandigarh
2024-06-18,43.2,31.5,37.3,42.7,30.1,0.0,0.0,23.7,44.6,314,22.83,41421.07,9.95,2,Chandigarh,30.7333,76.7794,Chandigarh
2024-06-19,41.6,31.7,35.5,41.9,30.8,0.1,0.1,33.1,62.6,330,20.91,40589.29,8.48,51,Chandigarh,30.7333,76.7794,Chandigarh
2024-06-20,38.0,25.2,31.0,39.7,26.7,0.2,0.2,20.1,45.7,171,19.58,31479.97,5.81,51,Chandigarh,30.7333,76.7794,Chandigarh
2024-06-21,34.2,25.3,30.0,38.3,28.3,0.1,0.1,17.7,35.3,162,17.56,31275.47,4.73,51,Chandigarh,30.7333,76.7794,Chandigarh
2024-06-22,36.4,25.7,31.5,39.0,29.1,0.1,0.1,15.3,33.5,144,20.7,37767.23,5.65,51,Chandigarh,30.7333,76.7794,Chandigarh
2024-06-23,35.7,28.3,32.0,40.6,31.7,3.4,3.4,14.7,58.3,131,19.94,35564.39,5.39,63,Chandigarh,30.7333,76.7794,Chandigarh
2024-06-24,38.0,29.0,32.9,42.4,32.8,0.3,0.3,13.8,30.2,135,20.7,38899.73,6.12,51,Chandigarh,30.7333,76.7794,Chandigarh
2024-06-25,38.5,29.1,33.2,43.1,33.9,0.0,0.0,11.8,24.1,153,20.48,40409.9,5.56,3,Chandigarh,30.7333,76.7794,Chandigarh
2024-06-26,37.0,28.7,32.4,41.9,33.1,1.8,1.8,16.7,34.9,141,17.22,33985.4,5.32,53,Chandigarh,30.7333,76.7794,Chandigarh
2024-06-27,32.7,27.3,29.7,36.3,31.1,0.8,0.8,27.3,51.8,142,18.19,30369.48,4.96,51,Chandigarh,30.7333,76.7794,Chandigarh
2024-06-28,34.4,26.8,30.0,38.3,30.0,1.9,1.9,20.3,34.2,139,21.67,40504.08,5.61,61,Chandigarh,30.7333,76.7794,Chandigarh
2024-06-29,34.2,26.6,30.5,40.3,32.2,0.7,0.7,13.2,26.6,140,18.73,33900.19,4.46,51,Chandigarh,30.7333,76.7794,Chandigarh
2024-06-30,35.6,25.2,30.3,41.4,28.6,4.0,4.0,19.9,33.8,161,20.64,35052.36,5.13,61,Chandigarh,30.7333,76.7794,Chandigarh
2024-07-01,35.2,25.2,30.2,41.6,29.2,1.0,1.0,19.0,35.3,159,20.91,38971.99,5.16,51,Chandigarh,30.7333,76.7794,Chandigarh
2024-07-02,33.8,25.9,29.0,40.8,31.3,10.8,10.8,15.1,25.6,149,17.33,23846.45,4.06,63,Chandigarh,30.7333,76.7794,Chandigarh
2024-07-03,33.2,24.8,28.5,39.3,29.3,12.7,12.7,22.9,39.2,151,18.16,27323.08,4.53,63,Chandigarh,30.7333,76.7794,Chandigarh
2024-07-04,31.2,24.7,27.6,36.4,28.7,18.7,18.7,24.2,41.0,149,13.13,18973.28,3.2,65,Chandigarh,30.7333,76.7794,Chandigarh
2024-07-05,31.1,25.5,27.3,36.7,28.6,14.0,14.0,19.1,33.5,151,15.16,26761.45,3.43,63,Chandigarh,30.7333,76.7794,Chandigarh
2024-07-06,32.9,25.3,28.3,37.8,27.9,0.1,0.1,20.1,34.2,152,18.32,39099.49,4.78,51,Chandigarh,30.7333,76.7794,Chandigarh
2024-07-07,32.9,25.4,28.5,38.1,28.3,0.2,0.2,15.8,30.6,153,17.69,27456.64,4.36,51,Chandigarh,30.7333,76.7794,Chandigarh
2024-07-08,31.7,24.8,27.9,36.4,29.1,0.1,0.1,13.5,27.0,160,14.52,26178.0,3.48,51,Chandigarh,30.7333,76.7794,Chandigarh
2024-07-09,33.4,25.1,29.4,40.1,30.4,0.4,0.4,9.4,22.0,290,20.74,40270.93,4.69,51,Chandigarh,30.7333,76.7794,Chandigarh
2024-07-10,34.6,26.1,30.4,40.7,31.0,0.4,0.4,13.4,28.4,249,21.27,40695.97,5.1,51,Chandigarh,30.7333,76.7794,Chandigarh
2024-07-11,35.5,27.2,31.1,41.5,33.2,0.9,0.9,16.7,32.8,299,21.33,41229.24,5.45,51,Chandigarh,30.7333,76.7794,Chandigarh
2024-07-12,35.8,27.1,30.5,42.5,32.5,0.0,0.0,19.6,36.7,238,21.8,42171.57,5.32,2,Chandigarh,30.7333,76.7794,Chandigarh
2024-07-13,33.9,25.3,29.2,38.7,30.4,0.3,0.3,11.3,26.3,264,16.55,25749.81,4.1,51,Chandigarh,30.7333,76.7794,Chandigarh
2024-07-14,34.9,25.4,30.5,40.1,29.8,0.0,0.0,11.5,25.9,298,20.92,41840.14,5.12,3,Chandigarh,30.7333,76.7794,Chandigarh
2024-07-15,34.5,26.6,31.1,40.1,30.6,3.2,3.2,17.9,36.0,145,20.94,41061.29,5.39,55,Chandigarh,30.7333,76.7794,Chandigarh
2024-07-16,35.5,28.2,31.8,40.1,32.6,1.0,1.0,14.7,31.3,145,19.37,37460.02,5.0,53,Chandigarh,30.7333,76.7794,Chandigarh
2024-07-17,35.5,26.2,31.1,41.5,30.3,1.3,1.3,15.9,33.5,165,20.87,38029.57,5.47,51,Chandigarh,30.7333,76.7794,Chandigarh
2024-07-18,35.8,27.5,31.3,41.8,31.8,0.6,0.6,12.3,27.0,163,20.87,39999.27,5.42,51,Chandigarh,30.7333,76.7794,Chandigarh
2024-07-19,35.8,25.8,30.2,41.7,31.2,7.0,7.0,19.2,33.5,155,21.45,39348.81,5.27,63,Chandigarh,30.7333,76.7794,Chandigarh
2024-07-20,35.8,26.4,31.0,41.7,30.7,1.3,1.3,17.7,34.6,157,21.34,40851.09,5.45,53,Chandigarh,30.7333,76.7794,Chandigarh
2024-07-21,35.4,28.2,31.3,41.3,34.0,1.1,1.1,19.2,37.4,148,21.0,40085.26,5.37,53,Chandigarh,30.7333,76.7794,Chandigarh
2024-07-22,34.2,26.4,30.0,40.7,31.0,4.7,4.7,16.6,32.4,152,21.09,39958.51,5.18,61,Chandigarh,30.7333,76.7794,Chandigarh
2024-07-23,35.2,27.3,30.4,41.4,32.5,0.2,0.2,11.3,25.9,163,19.53,30435.95,4.77,51,Chandigarh,30.7333,76.7794,Chandigarh
2024-07-24,34.4,27.0,30.4,40.3,32.6,2.9,2.9,15.4,29.2,163,19.97,39217.55,4.99,61,Chandigarh,30.7333,76.7794,Chandigarh
2024-07-25,34.6,26.5,30.5,40.6,31.4,1.7,1.7,14.9,31.0,155,20.92,40877.78,5.08,61,Chandigarh,30.7333,76.7794,Chandigarh
2024-07-26,34.4,26.4,29.7,41.2,32.3,7.1,7.1,15.5,31.3,175,20.19,40024.16,4.63,63,Chandigarh,30.7333,76.7794,Chandigarh
2024-07-27,35.2,26.5,31.0,40.3,32.7,3.7,3.7,20.6,43.2,155,20.47,39312.51,5.18,61,Chandigarh,30.7333,76.7794,Chandigarh
2024-07-28,36.8,28.5,32.5,41.5,33.9,3.8,3.8,15.3,31.0,148,18.23,33154.81,5.03,61,Chandigarh,30.7333,76.7794,Chandigarh
2024-07-29,35.6,27.6,31.6,42.5,33.1,7.5,7.5,13.7,23.8,161,19.45,29822.1,4.85,63,Chandigarh,30.7333,76.7794,Chandigarh
2024-07-30,34.5,26.7,30.1,42.0,31.4,18.8,18.8,15.8,29.2,144,17.06,24787.11,3.99,63,Chandigarh,30.7333,76.7794,Chandigarh
2024-07-31,36.1,25.7,29.4,42.6,30.0,63.4,63.4,23.2,41.0,156,18.18,28663.91,4.32,65,Chandigarh,30.7333,76.7794,Chandigarh
2024-08-01,30.6,24.8,27.2,36.1,27.3,29.8,29.8,20.4,44.6,148,10.45,8458.22,2.48,65,Chandigarh,30.7333,76.7794,Chandigarh
2024-08-02,32.3,25.7,29.0,39.0,31.1,0.6,0.6,16.9,30.6,135,20.9,39834.23,4.69,51,Chandigarh,30.7333,76.7794,Chandigarh
2024-08-03,32.5,26.1,29.2,36.8,31.1,1.0,1.0,24.4,44.3,144,21.04,38530.11,5.12,51,Chandigarh,30.7333,76.7794,Chandigarh
2024-08-04,32.7,27.1,29.5,38.7,31.8,0.0,0.0,13.8,26.3,306,20.49,36935.61,4.87,3,Chandigarh,30.7333,76.7794,Chandigarh
2024-08-05,31.5,26.8,28.6,37.0,31.6,2.9,2.9,18.1,30.2,133,13.82,24403.43,3.36,61,Chandigarh,30.7333,76.7794,Chandigarh
2024-08-06,31.7,26.6,28.5,37.1,30.5,4.3,4.3,17.2,30.6,148,16.5,33105.93,3.98,63,Chandigarh,30.7333,76.7794,Chandigarh
2024-08-07,29.8,25.1,27.0,33.0,28.6,3.0,3.0,27.5,50.4,147,17.14,29348.34,3.99,55,Chandigarh,30.7333,76.7794,Chandigarh
2024-08-08,31.1,24.4,27.8,36.9,28.5,0.3,0.3,18.2,32.0,143,19.25,39558.98,4.31,51,Chandigarh,30.7333,76.7794,Chandigarh
2024-08-09,31.2,25.5,28.1,37.1,30.4,5.2,5.2,15.9,32.0,145,18.89,36455.08,4.3,63,Chandigarh,30.7333,76.7794,Chandigarh
2024-08-10,31.3,25.9,28.2,37.3,29.9,8.7,8.7,17.1,33.5,151,16.46,28549.69,3.82,63,Chandigarh,30.7333,76.7794,Chandigarh
2024-08-11,30.8,25.6,27.5,35.2,29.6,4.1,4.1,18.5,36.7,148,14.8,22764.86,3.47,55,Chandigarh,30.7333,76.7794,Chandigarh
2024-08-12,31.7,25.7,27.7,38.7,30.5,4.5,4.5,10.3,17.6,140,15.15,16159.74,3.44,63,Chandigarh,30.7333,76.7794,Chandigarh
2024-08-13,31.7,25.6,28.3,38.6,31.5,1.5,1.5,10.5,22.7,119,17.01,30531.39,3.7,61,Chandigarh,30.7333,76.7794,Chandigarh
2024-08-14,31.5,26.2,28.6,39.5,32.4,8.6,8.6,8.2,16.2,131,15.35,27468.13,3.39,63,Chandigarh,30.7333,76.7794,Chandigarh
2024-08-15,32.3,26.3,28.8,38.8,31.7,1.2,1.2,14.5,27.4,139,15.61,27783.22,3.54,53,Chandigarh,30.7333,76.7794,Chandigarh
2024-08-16,32.3,25.2,28.4,38.0,29.8,7.5,7.5,15.5,30.6,151,18.15,33096.41,4.04,63,Chandigarh,30.7333,76.7794,Chandigarh
2024-08-17,31.0,25.4,27.7,37.0,29.6,2.3,2.3,18.8,31.3,168,14.82,18604.5,3.38,55,Chandigarh,30.7333,76.7794,Chandigarh
2024-08-18,32.7,24.9,28.5,38.7,30.7,8.6,8.6,18.4,35.6,306,20.53,38156.24,4.58,65,Chandigarh,30.7333,76.7794,Chandigarh
2024-08-19,32.3,25.2,28.1,37.5,29.9,8.9,8.9,16.7,31.7,305,20.07,36070.03,4.48,63,Chandigarh,30.7333,76.7794,Chandigarh
2024-08-20,32.0,24.9,27.4,38.4,30.3,11.6,11.6,10.8,32.8,277,20.49,39824.34,4.27,63,Chandigarh,30.7333,76.7794,Chandigarh
2024-08-21,31.6,23.9,27.5,37.8,28.3,0.4,0.4,13.5,26.6,157,18.14,39465.54,3.93,51,Chandigarh,30.7333,76.7794,Chandigarh
2024-08-22,32.8,24.2,28.5,38.2,29.5,0.5,0.5,13.5,26.6,283,20.9,41051.92,4.72,51,Chandigarh,30.7333,76.7794,Chandigarh
2024-08-23,31.7,24.6,27.9,37.0,29.1,2.7,2.7,12.4,27.4,154,19.12,36240.93,4.18,53,Chandigarh,30.7333,76.7794,Chandigarh
2024-08-24,32.5,24.4,28.4,38.9,27.9,5.3,5.3,12.7,24.8,123,18.99,36265.58,4.23,63,Chandigarh,30.7333,76.7794,Chandigarh
2024-08-25,33.4,26.1,29.3,39.7,30.5,1.0,1.0,14.8,28.1,266,20.78,38628.7,4.93,53,Chandigarh,30.7333,76.7794,Chandigarh
2024-08-26,33.4,25.9,29.1,39.8,31.5,4.2,4.2,14.7,28.8,140,18.33,36269.25,4.21,63,Chandigarh,30.7333,76.7794,Chandigarh
2024-08-27,32.7,25.9,29.3,37.6,30.2,1.3,1.3,18.6,35.6,122,17.52,34534.11,4.5,53,Chandigarh,30.7333,76.7794,Chandigarh
2024-08-28,32.5,25.6,28.9,36.4,29.3,1.2,1.2,17.1,33.1,147,19.47,39063.1,4.73,51,Chandigarh,30.7333,76.7794,Chandigarh
2024-08-29,28.8,24.0,25.8,31.6,24.9,7.2,7.2,30.0,52.6,140,7.77,1680.83,2.14,63,Chandigarh,30.7333,76.7794,Chandigarh
2024-08-30,32.4,24.5,28.2,38.3,29.3,0.5,0.5,8.7,22.7,335,19.33,37800.36,4.29,53,Chandigarh,30.7333,76.7794,Chandigarh
2024-08-31,34.3,24.9,29.2,38.9,28.9,0.0,0.0,17.7,35.3,317,21.6,41966.4,5.36,1,Chandigarh,30.7333,76.7794,Chandigarh
2024-09-01,34.1,25.6,29.5,40.2,30.8,0.7,0.7,12.5,26.3,310,20.02,40229.24,4.69,51,Chandigarh,30.7333,76.7794,Chandigarh
2024-09-02,31.0,24.3,27.2,34.7,28.1,4.2,4.2,23.6,43.9,151,18.14,33068.81,4.06,61,Chandigarh,30.7333,76.7794,Chandigarh
2024-09-03,32.4,24.9,28.2,37.8,28.6,2.0,2.0,13.6,28.4,112,20.01,39292.82,4.6,55,Chandigarh,30.7333,76.7794,Chandigarh
2024-09-04,30.7,24.9,27.0,36.3,29.9,2.4,2.4,7.9,20.9,232,16.92,36330.39,3.57,61,Chandigarh,30.7333,76.7794,Chandigarh
2024-09-05,30.7,23.3,26.7,36.9,27.8,6.0,6.0,10.0,22.3,153,17.18,39645.17,3.64,63,Chandigarh,30.7333,76.7794,Chandigarh
2024-09-06,30.4,24.7,26.9,35.5,29.9,1.7,1.7,14.1,32.0,147,16.78,38951.55,3.61,55,Chandigarh,30.7333,76.7794,Chandigarh
2024-09-07,30.8,24.1,26.7,35.7,28.8,1.0,1.0,10.8,27.4,341,15.61,34760.04,3.33,53,Chandigarh,30.7333,76.7794,Chandigarh
2024-09-08,32.5,24.4,28.2,37.9,29.0,0.0,0.0,10.5,21.2,318,17.99,34248.74,4.19,3,Chandigarh,30.7333,76.7794,Chandigarh
2024-09-09,33.0,25.1,28.5,39.1,30.1,0.3,0.3,10.9,23.0,314,17.23,35016.08,3.9,51,Chandigarh,30.7333,76.7794,Chandigarh
2024-09-10,31.0,25.7,27.9,36.5,30.4,7.2,7.2,12.1,27.7,125,15.34,34454.16,3.39,63,Chandigarh,30.7333,76.7794,Chandigarh
2024-09-11,33.9,25.1,29.1,38.9,29.4,0.1,0.1,15.3,25.9,321,18.5,36672.24,4.7,51,Chandigarh,30.7333,76.7794,Chandigarh
2024-09-12,29.3,25.2,26.8,33.5,29.1,0.9,0.9,20.7,38.9,139,10.68,15424.91,2.53,51,Chandigarh,30.7333,76.7794,Chandigarh
2024-09-13,29.5,23.3,25.7,32.4,25.5,6.8,6.8,20.9,36.7,316,7.51,1244.47,2.14,61,Chandigarh,30.7333,76.7794,Chandigarh
2024-09-14,30.6,21.4,25.6,35.4,24.8,0.0,0.0,10.3,18.4,166,17.65,34212.95,3.68,3,Chandigarh,30.7333,76.7794,Chandigarh
2024-09-15,29.5,22.8,25.7,33.5,27.4,2.6,2.6,12.8,28.4,326,12.68,34300.59,2.78,63,Chandigarh,30.7333,76.7794,Chandigarh
2024-09-16,31.9,22.8,27.2,35.3,25.8,0.0,0.0,17.4,34.2,324,20.17,41224.52,4.86,0,Chandigarh,30.7333,76.7794,Chandigarh
2024-09-17,32.6,22.9,27.3,37.9,26.2,0.1,0.1,13.4,24.8,2,19.85,40459.88,4.5,51,Chandigarh,30.7333,76.7794,Chandigarh
2024-09-18,30.3,23.5,26.2,35.0,27.1,0.7,0.7,17.1,30.6,56,9.3,10333.24,2.51,53,Chandigarh,30.7333,76.7794,Chandigarh
2024-09-19,29.5,22.6,25.9,33.1,26.6,4.2,4.2,16.2,28.8,345,14.09,26137.18,3.38,61,Chandigarh,30.7333,76.7794,Chandigarh
2024-09-20,31.6,22.5,26.9,37.4,25.4,0.0,0.0,13.7,27.0,149,19.86,40308.47,4.35,0,Chandigarh,30.7333,76.7794,Chandigarh
2024-09-21,32.6,23.5,27.9,38.1,27.6,0.0,0.0,7.6,18.7,275,18.67,40079.82,4.19,1,Chandigarh,30.7333,76.7794,Chandigarh
2024-09-22,33.8,23.4,28.6,39.0,27.4,0.0,0.0,10.6,23.4,323,19.46,40095.79,4.51,2,Chandigarh,30.7333,76.7794,Chandigarh
2024-09-23,35.3,24.4,29.7,40.7,27.9,0.0,0.0,9.1,19.4,330,19.03,39889.89,4.57,1,Chandigarh,30.7333,76.7794,Chandigarh
2024-09-24,34.7,25.8,30.0,39.9,30.6,0.0,0.0,10.5,24.1,148,19.0,39928.54,4.49,0,Chandigarh,30.7333,76.7794,Chandigarh
2024-09-25,33.4,26.1,29.5,37.9,29.6,0.1,0.1,22.0,38.2,141,17.47,39424.27,4.61,51,Chandigarh,30.7333,76.7794,Chandigarh
2024-09-26,28.8,24.1,26.4,33.0,27.1,4.9,4.9,19.2,37.4,142,8.82,5459.26,2.41,63,Chandigarh,30.7333,76.7794,Chandigarh
2024-09-27,31.6,23.6,26.7,35.1,26.6,0.6,0.6,13.3,28.1,318,17.19,36311.56,3.87,51,Chandigarh,30.7333,76.7794,Chandigarh
2024-09-28,31.6,23.1,26.6,35.2,27.2,0.0,0.0,14.8,31.0,330,16.47,36000.0,3.83,3,Chandigarh,30.7333,76.7794,Chandigarh
2024-09-29,32.0,22.5,26.6,35.2,26.4,0.1,0.1,15.3,29.9,329,16.54,37957.96,3.89,51,Chandigarh,30.7333,76.7794,Chandigarh
2024-09-30,33.0,22.0,27.1,35.4,25.1,0.0,0.0,20.5,38.2,322,18.3,39222.01,4.84,3,Chandigarh,30.7333,76.7794,Chandigarh
2024-10-01,33.4,23.6,28.2,35.2,25.6,0.0,0.0,22.0,42.1,324,18.37,39302.36,5.22,0,Chandigarh,30.7333,76.7794,Chandigarh
2024-10-02,34.9,22.1,28.5,36.1,24.6,0.0,0.0,21.9,41.4,328,18.58,39593.37,5.38,0,Chandigarh,30.7333,76.7794,Chandigarh
2024-10-03,35.3,20.7,28.0,37.3,21.7,0.0,0.0,12.7,27.4,332,18.3,39600.0,4.79,0,Chandigarh,30.7333,76.7794,Chandigarh
2024-10-04,34.4,21.6,27.7,37.6,23.0,0.0,0.0,10.0,22.7,153,17.98,39349.07,4.4,0,Chandigarh,30.7333,76.7794,Chandigarh
2024-10-05,34.5,22.4,28.0,36.8,24.4,0.0,0.0,12.3,25.9,350,17.35,39221.55,4.53,1,Chandigarh,30.7333,76.7794,Chandigarh
2024-10-06,33.8,21.5,27.6,34.4,22.7,0.0,0.0,19.6,39.6,325,16.84,39312.42,5.29,1,Chandigarh,30.7333,76.7794,Chandigarh
2024-10-07,32.7,21.1,26.7,35.6,21.3,0.0,0.0,10.3,22.3,327,17.21,39180.99,4.44,0,Chandigarh,30.7333,76.7794,Chandigarh
2024-10-08,32.8,21.7,27.0,34.7,23.0,0.0,0.0,14.7,29.9,148,16.39,38814.6,4.31,0,Chandigarh,30.7333,76.7794,Chandigarh
2024-10-09,33.5,20.3,26.9,34.2,21.9,0.0,0.0,15.1,29.5,322,16.76,38905.13,4.87,3,Chandigarh,30.7333,76.7794,Chandigarh
2024-10-10,34.0,20.1,26.8,32.1,20.0,0.0,0.0,19.1,38.2,322,17.16,39000.1,5.92,0,Chandigarh,30.7333,76.7794,Chandigarh
2024-10-11,33.0,20.5,26.3,31.1,20.4,0.0,0.0,19.4,38.5,324,17.06,39099.79,5.77,0,Chandigarh,30.7333,76.7794,Chandigarh
2024-10-12,32.2,19.4,25.8,31.9,19.3,0.0,0.0,13.8,29.5,327,16.83,39204.6,4.78,0,Chandigarh,30.7333,76.7794,Chandigarh
2024-10-13,31.8,19.3,25.3,31.9,20.4,0.0,0.0,11.5,24.8,319,16.58,38803.43,4.22,0,Chandigarh,30.7333,76.7794,Chandigarh
2024-10-14,31.5,19.8,25.5,31.4,21.2,0.0,0.0,15.0,30.2,321,15.77,38646.52,4.35,0,Chandigarh,30.7333,76.7794,Chandigarh
2024-10-15,32.7,19.6,26.0,30.8,20.5,0.0,0.0,22.2,42.8,326,16.26,38483.13,5.24,0,Chandigarh,30.7333,76.7794,Chandigarh
2024-10-16,32.7,20.1,25.8,32.7,19.8,0.0,0.0,9.4,21.2,336,15.3,38861.06,4.14,3,Chandigarh,30.7333,76.7794,Chandigarh
2024-10-17,31.9,18.6,24.9,33.1,19.7,0.0,0.0,8.1,20.5,9,15.83,38626.01,3.74,0,Chandigarh,30.7333,76.7794,Chandigarh
2024-10-18,31.3,19.2,25.2,32.6,20.1,0.0,0.0,11.4,21.6,2,15.57,38295.7,3.79,0,Chandigarh,30.7333,76.7794,Chandigarh
2024-10-19,31.6,19.8,25.1,32.9,20.7,0.0,0.0,12.5,25.2,358,15.41,38129.13,3.99,0,Chandigarh,30.7333,76.7794,Chandigarh
2024-10-20,31.1,18.7,24.7,31.8,19.3,0.0,0.0,12.1,26.3,126,15.43,38154.17,3.76,0,Chandigarh,30.7333,76.7794,Chandigarh
2024-10-21,30.6,19.1,24.4,32.1,19.8,0.0,0.0,10.2,21.2,350,14.62,37022.63,3.45,1,Chandigarh,30.7333,76.7794,Chandigarh
2024-10-22,30.6,19.3,24.1,32.1,20.5,0.1,0.1,12.6,24.5,2,14.46,36052.16,3.4,51,Chandigarh,30.7333,76.7794,Chandigarh
2024-10-23,31.7,18.8,25.0,31.1,18.7,0.0,0.0,16.9,33.8,336,14.66,37051.19,4.41,0,Chandigarh,30.7333,76.7794,Chandigarh
2024-10-24,32.2,17.9,24.6,31.4,16.9,0.0,0.0,16.8,31.3,334,15.12,37937.07,4.62,0,Chandigarh,30.7333,76.7794,Chandigarh
2024-10-25,30.7,17.4,23.9,30.6,16.4,0.0,0.0,17.2,31.3,328,15.02,37609.9,4.27,0,Chandigarh,30.7333,76.7794,Chandigarh
2024-10-26,30.4,17.8,23.6,32.1,16.6,0.0,0.0,12.5,26.3,114,14.44,37039.64,3.63,0,Chandigarh,30.7333,76.7794,Chandigarh
2024-10-27,29.7,19.4,24.2,31.6,19.5,0.0,0.0,15.9,32.0,123,14.05,36205.0,3.46,0,Chandigarh,30.7333,76.7794,Chandigarh
2024-10-28,30.0,19.6,24.5,31.6,21.2,0.0,0.0,11.7,26.3,122,13.97,36081.36,3.31,1,Chandigarh,30.7333,76.7794,Chandigarh
2024-10-29,31.2,20.1,24.7,32.4,21.9,0.0,0.0,6.4,18.4,98,14.04,36243.29,3.15,0,Chandigarh,30.7333,76.7794,Chandigarh
2024-10-30,31.7,18.8,24.9,31.6,19.5,0.0,0.0,16.1,30.6,328,13.86,36410.5,3.85,0,Chandigarh,30.7333,76.7794,Chandigarh
2024-10-31,31.7,20.0,25.3,30.2,19.2,0.0,0.0,21.1,38.9,324,14.01,36310.15,4.92,0,Chandigarh,30.7333,76.7794,Chandigarh
2024-11-01,29.9,19.1,23.8,28.7,17.9,0.0,0.0,16.7,32.0,324,14.05,36196.39,4.38,0,Chandigarh,30.7333,76.7794,Chandigarh
2024-11-02,29.4,16.5,22.7,29.0,16.2,0.0,0.0,9.7,22.3,356,13.92,36025.17,3.28,0,Chandigarh,30.7333,76.7794,Chandigarh
2024-11-03,29.4,17.2,22.7,29.5,17.1,0.0,0.0,10.0,18.0,339,13.36,35517.37,3.19,0,Chandigarh,30.7333,76.7794,Chandigarh
2024-11-04,29.5,17.1,22.8,30.7,16.9,0.0,0.0,8.1,16.6,10,13.28,35291.36,2.97,0,Chandigarh,30.7333,76.7794,Chandigarh
2024-11-05,28.5,18.6,22.8,29.7,19.0,0.0,0.0,17.0,33.8,132,12.46,34491.26,2.96,0,Chandigarh,30.7333,76.7794,Chandigarh
2024-11-06,28.9,18.0,22.6,29.4,19.0,0.0,0.0,9.9,21.6,3,12.81,34262.13,2.9,0,Chandigarh,30.7333,76.7794,Chandigarh
2024-11-07,28.8,18.4,22.9,30.1,19.2,0.0,0.0,7.8,20.5,98,12.62,34029.23,2.75,0,Chandigarh,30.7333,76.7794,Chandigarh
2024-11-08,28.4,18.0,22.6,30.3,19.0,0.0,0.0,6.7,18.4,72,12.38,33634.54,2.57,0,Chandigarh,30.7333,76.7794,Chandigarh
2024-11-09,27.8,17.6,22.2,29.3,18.7,0.0,0.0,11.2,24.8,120,11.49,33370.56,2.57,1,Chandigarh,30.7333,76.7794,Chandigarh
2024-11-10,28.2,17.5,22.0,29.4,18.2,0.0,0.0,9.4,18.4,22,12.24,33684.71,2.65,0,Chandigarh,30.7333,76.7794,Chandigarh
2024-11-11,28.1,17.0,22.1,29.2,18.0,0.0,0.0,8.3,20.5,111,12.2,33418.36,2.58,0,Chandigarh,30.7333,76.7794,Chandigarh
2024-11-12,28.1,16.3,22.3,28.6,17.2,0.0,0.0,10.1,21.6,332,11.73,33441.34,2.81,0,Chandigarh,30.7333,76.7794,Chandigarh
2024-11-13,28.8,16.9,21.9,26.8,16.8,0.0,0.0,13.1,32.8,327,12.57,34047.25,3.45,1,Chandigarh,30.7333,76.7794,Chandigarh
2024-11-14,27.4,14.9,20.6,26.5,15.3,0.0,0.0,9.5,23.0,346,12.44,32646.44,2.82,3,Chandigarh,30.7333,76.7794,Chandigarh
2024-11-15,26.8,15.7,20.4,24.7,14.9,0.0,0.0,13.8,31.7,328,12.29,33799.34,3.21,3,Chandigarh,30.7333,76.7794,Chandigarh
2024-11-16,26.5,14.7,20.2,24.4,13.9,0.0,0.0,17.0,39.6,331,11.9,33526.57,3.32,1,Chandigarh,30.7333,76.7794,Chandigarh
2024-11-17,25.8,15.0,19.5,24.6,13.5,0.0,0.0,12.1,28.8,327,12.14,33840.33,2.91,0,Chandigarh,30.7333,76.7794,Chandigarh
2024-11-18,25.0,14.4,18.9,23.5,13.7,0.0,0.0,12.2,31.3,330,12.0,33564.82,2.84,3,Chandigarh,30.7333,76.7794,Chandigarh
2024-11-19,24.2,12.7,18.2,22.8,12.4,0.0,0.0,11.4,27.4,333,11.98,33582.73,2.67,0,Chandigarh,30.7333,76.7794,Chandigarh
2024-11-20,24.7,12.7,18.1,22.8,11.7,0.0,0.0,11.6,28.4,335,12.09,33599.83,2.75,0,Chandigarh,30.7333,76.7794,Chandigarh
2024-11-21,23.9,12.5,17.8,22.1,11.0,0.0,0.0,11.0,28.1,338,12.0,33319.37,2.71,0,Chandigarh,30.7333,76.7794,Chandigarh
2024-11-22,24.5,11.0,17.7,22.9,10.5,0.0,0.0,9.8,26.3,342,11.75,33334.12,2.53,0,Chandigarh,30.7333,76.7794,Chandigarh
2024-11-23,25.6,13.5,18.3,23.9,12.1,0.0,0.0,8.1,22.7,349,11.43,31643.01,2.5,3,Chandigarh,30.7333,76.7794,Chandigarh
2024-11-24,27.0,12.7,19.2,24.6,11.7,0.0,0.0,13.4,31.7,339,11.61,33360.85,2.92,0,Chandigarh,30.7333,76.7794,Chandigarh
2024-11-25,24.9,11.8,18.1,22.5,10.4,0.0,0.0,14.9,33.8,327,11.77,33372.74,2.87,0,Chandigarh,30.7333,76.7794,Chandigarh
2024-11-26,24.4,12.3,18.2,21.3,11.2,0.0,0.0,14.8,34.9,327,11.57,33383.64,3.06,0,Chandigarh,30.7333,76.7794,Chandigarh
2024-11-27,23.9,11.8,17.5,21.8,10.4,0.0,0.0,12.5,29.2,338,11.61,33393.51,2.83,0,Chandigarh,30.7333,76.7794,Chandigarh
2024-11-28,23.9,10.3,16.5,22.0,8.9,0.0,0.0,8.0,22.0,352,11.56,33402.3,2.36,0,Chandigarh,30.7333,76.7794,Chandigarh
2024-11-29,23.9,10.6,16.6,22.3,9.6,0.0,0.0,8.6,22.7,338,11.43,33410.01,2.45,0,Chandigarh,30.7333,76.7794,Chandigarh
2024-11-30,23.7,11.1,16.9,21.6,9.6,0.0,0.0,14.1,32.8,328,11.16,33115.03,2.62,1,Chandigarh,30.7333,76.7794,Chandigarh
2024-12-01,23.9,10.4,17.0,22.0,8.9,0.0,0.0,12.4,31.3,330,11.23,33422.22,2.59,0,Chandigarh,30.7333,76.7794,Chandigarh
2024-12-02,25.7,13.0,18.6,22.8,10.5,0.0,0.0,13.6,33.1,334,11.37,33426.78,3.25,0,Chandigarh,30.7333,76.7794,Chandigarh
2024-12-03,24.9,10.9,18.3,21.8,8.9,0.0,0.0,16.8,38.5,330,11.26,33430.31,3.4,0,Chandigarh,30.7333,76.7794,Chandigarh
2024-12-04,24.6,14.2,18.3,21.0,11.1,0.0,0.0,17.9,41.4,323,11.57,33736.32,3.73,0,Chandigarh,30.7333,76.7794,Chandigarh
2024-12-05,22.7,12.3,16.8,19.1,9.5,0.0,0.0,15.5,36.4,325,11.48,33738.31,3.22,0,Chandigarh,30.7333,76.7794,Chandigarh
2024-12-06,22.0,11.8,16.2,18.2,8.8,0.0,0.0,16.4,38.9,325,11.58,33739.25,3.27,0,Chandigarh,30.7333,76.7794,Chandigarh
2024-12-07,21.2,8.8,14.5,18.3,6.8,0.0,0.0,9.2,22.0,331,11.49,33739.21,2.3,0,Chandigarh,30.7333,76.7794,Chandigarh
2024-12-08,20.6,9.3,14.1,15.1,7.0,0.6,0.6,22.5,48.6,124,9.81,29121.15,2.9,51,Chandigarh,30.7333,76.7794,Chandigarh
2024-12-09,19.7,9.7,13.9,16.3,7.3,1.2,1.2,12.9,32.0,342,10.71,33430.7,2.46,53,Chandigarh,30.7333,76.7794,Chandigarh
2024-12-10,18.8,9.2,13.3,13.8,5.5,0.0,0.0,18.8,43.2,325,11.49,33733.33,3.31,0,Chandigarh,30.7333,76.7794,Chandigarh
2024-12-11,20.0,9.0,13.4,16.4,5.1,0.0,0.0,14.1,32.0,327,11.32,33729.48,3.07,0,Chandigarh,30.7333,76.7794,Chandigarh
2024-12-12,19.3,8.2,13.1,15.4,5.2,0.0,0.0,15.1,35.3,330,11.39,34031.25,2.86,0,Chandigarh,30.7333,76.7794,Chandigarh
2024-12-13,20.3,9.3,13.8,15.9,4.8,0.0,0.0,17.7,39.6,325,11.61,33719.02,3.51,3,Chandigarh,30.7333,76.7794,Chandigarh
2024-12-14,19.7,8.7,13.4,17.6,4.4,0.0,0.0,15.5,30.6,321,11.44,34019.54,2.85,0,Chandigarh,30.7333,76.7794,Chandigarh
2024-12-15,18.7,7.4,12.1,16.9,5.0,0.0,0.0,9.5,24.8,154,11.38,34012.31,1.94,3,Chandigarh,30.7333,76.7794,Chandigarh
2024-12-16,20.6,6.2,12.5,18.6,3.9,0.0,0.0,7.0,18.7,344,11.4,34311.73,2.01,2,Chandigarh,30.7333,76.7794,Chandigarh
2024-12-17,20.3,8.2,13.5,18.7,6.6,0.0,0.0,10.0,25.9,148,11.12,33995.18,1.99,0,Chandigarh,30.7333,76.7794,Chandigarh
2024-12-18,21.9,7.7,13.8,19.8,5.8,0.0,0.0,6.2,18.4,347,11.09,34293.15,2.03,1,Chandigarh,30.7333,76.7794,Chandigarh
2024-12-19,19.5,8.0,12.8,16.2,5.8,0.0,0.0,18.9,41.8,144,11.12,34282.13,2.14,1,Chandigarh,30.7333,76.7794,Chandigarh
2024-12-20,22.4,6.3,13.8,19.5,3.8,0.0,0.0,10.7,24.5,350,11.06,34577.97,2.5,0,Chandigarh,30.7333,76.7794,Chandigarh
2024-12-21,20.3,7.0,13.4,17.6,4.4,0.0,0.0,9.5,26.3,337,11.21,34564.54,2.38,3,Chandigarh,30.7333,76.7794,Chandigarh
2024-12-22,19.9,7.9,13.1,17.4,6.4,0.0,0.0,6.6,20.9,339,10.98,31258.2,2.02,3,Chandigarh,30.7333,76.7794,Chandigarh
2024-12-23,14.9,7.7,11.7,13.0,5.5,1.4,1.4,15.1,35.3,65,1.93,0.0,0.85,51,Chandigarh,30.7333,76.7794,Chandigarh
2024-12-24,19.9,7.3,13.1,18.1,5.6,0.0,0.0,7.1,20.9,26,10.5,33283.9,1.91,3,Chandigarh,30.7333,76.7794,Chandigarh
2024-12-25,21.4,6.7,13.2,18.9,4.7,0.0,0.0,8.6,20.9,344,10.97,34807.74,2.13,0,Chandigarh,30.7333,76.7794,Chandigarh
2024-12-26,21.4,7.9,13.2,19.8,6.0,0.0,0.0,6.8,20.5,127,11.07,34788.8,1.93,3,Chandigarh,30.7333,76.7794,Chandigarh
2024-12-27,18.8,8.3,12.7,16.6,6.3,6.2,6.2,13.2,35.6,354,6.71,16512.21,1.25,63,Chandigarh,30.7333,76.7794,Chandigarh
2024-12-28,15.5,10.5,12.9,15.6,8.6,17.6,17.6,12.8,24.8,4,4.08,6754.82,0.69,63,Chandigarh,30.7333,76.7794,Chandigarh
2024-12-29,19.4,8.4,13.4,17.9,6.9,0.0,0.0,13.2,30.6,328,10.97,35342.69,1.92,2,Chandigarh,30.7333,76.7794,Chandigarh
2024-12-30,17.9,8.2,11.9,16.5,5.8,0.0,0.0,12.8,27.4,324,10.95,35412.53,1.9,3,Chandigarh,30.7333,76.7794,Chandigarh
2024-12-31,15.7,5.9,10.6,15.1,4.0,0.0,0.0,11.1,20.9,313,10.88,32199.02,1.58,3,Chandigarh,30.7333,76.7794,Chandigarh
2025-01-01,16.8,7.8,10.9,15.3,5.2,0.0,0.0,13.8,30.2,311,10.22,33129.87,1.51,3,Chandigarh,30.7333,76.7794,Chandigarh
2025-01-02,18.4,9.0,12.3,17.2,6.4,0.0,0.0,11.8,27.0,317,10.41,30606.31,1.86,3,Chandigarh,30.7333,76.7794,Chandigarh
2025-01-03,20.5,10.0,13.5,19.9,8.2,0.0,0.0,8.3,19.1,322,10.37,30038.46,1.87,3,Chandigarh,30.7333,76.7794,Chandigarh
2025-01-04,21.7,9.6,13.9,21.6,6.8,0.0,0.0,6.9,15.5,65,11.61,35921.4,2.04,3,Chandigarh,30.7333,76.7794,Chandigarh
2025-01-05,19.1,8.0,12.9,17.2,5.7,0.0,0.0,17.6,37.8,148,11.25,34067.34,1.95,3,Chandigarh,30.7333,76.7794,Chandigarh
2025-01-06,18.5,8.8,13.6,18.2,7.5,0.7,0.7,11.3,22.0,343,10.24,34678.38,1.74,53,Chandigarh,30.7333,76.7794,Chandigarh
2025-01-07,18.1,9.7,13.0,16.9,7.5,0.0,0.0,14.1,31.0,319,11.5,36000.0,1.85,2,Chandigarh,30.7333,76.7794,Chandigarh
2025-01-08,18.1,8.3,12.2,15.2,5.8,0.0,0.0,15.7,34.6,319,11.85,36000.0,2.19,2,Chandigarh,30.7333,76.7794,Chandigarh
2025-01-09,17.3,6.7,10.9,16.3,4.6,0.0,0.0,6.3,19.8,227,12.01,36000.0,1.83,2,Chandigarh,30.7333,76.7794,Chandigarh
2025-01-10,16.2,7.1,10.8,15.8,5.8,0.0,0.0,8.1,22.7,163,11.19,35653.76,1.64,3,Chandigarh,30.7333,76.7794,Chandigarh
2025-01-11,17.2,7.5,12.1,14.3,6.3,2.3,2.3,20.7,43.6,146,6.82,11932.2,1.32,55,Chandigarh,30.7333,76.7794,Chandigarh
2025-01-12,17.1,7.1,11.9,15.9,5.4,4.9,4.9,13.7,24.8,46,6.38,16714.49,1.17,55,Chandigarh,30.7333,76.7794,Chandigarh
2025-01-13,19.9,5.9,12.5,17.8,3.6,0.0,0.0,12.3,25.9,333,12.2,36000.0,2.29,0,Chandigarh,30.7333,76.7794,Chandigarh
2025-01-14,18.2,5.7,11.5,17.2,3.5,0.0,0.0,10.3,22.3,345,12.32,36000.0,1.92,1,Chandigarh,30.7333,76.7794,Chandigarh
2025-01-15,17.9,5.7,11.4,16.5,3.9,0.1,0.1,9.1,24.1,134,12.5,36000.0,1.92,51,Chandigarh,30.7333,76.7794,Chandigarh
2025-01-16,17.5,8.2,12.4,15.9,6.7,0.6,0.6,13.0,29.2,150,11.79,33177.52,1.91,51,Chandigarh,30.7333,76.7794,Chandigarh
2025-01-17,18.7,7.1,12.1,17.1,4.4,0.0,0.0,12.4,27.4,331,12.85,36000.0,2.3,3,Chandigarh,30.7333,76.7794,Chandigarh
2025-01-18,17.3,8.5,12.1,16.3,6.5,0.0,0.0,6.6,17.6,329,8.45,16706.11,1.45,3,Chandigarh,30.7333,76.7794,Chandigarh
2025-01-19,22.2,11.4,16.3,19.6,9.9,0.0,0.0,11.4,25.2,349,11.86,29862.66,2.81,3,Chandigarh,30.7333,76.7794,Chandigarh
2025-01-20,21.1,13.4,16.3,20.7,10.9,0.0,0.0,14.2,29.2,325,9.04,25601.37,2.25,3,Chandigarh,30.7333,76.7794,Chandigarh
2025-01-21,21.5,11.0,15.3,20.5,8.6,0.0,0.0,11.1,27.7,329,11.26,32474.84,2.36,3,Chandigarh,30.7333,76.7794,Chandigarh
2025-01-22,22.0,9.1,14.5,20.6,6.8,0.0,0.0,8.9,20.9,342,13.19,36000.0,2.48,1,Chandigarh,30.7333,76.7794,Chandigarh
2025-01-23,20.6,8.7,14.2,18.4,6.5,0.0,0.0,13.7,31.0,332,13.09,36000.0,2.62,0,Chandigarh,30.7333,76.7794,Chandigarh
2025-01-24,21.2,9.4,14.6,18.7,6.7,0.0,0.0,15.4,35.6,324,13.41,36000.0,2.85,0,Chandigarh,30.7333,76.7794,Chandigarh
2025-01-25,20.6,10.3,14.5,18.5,6.9,0.0,0.0,13.5,29.5,320,13.92,36000.0,2.96,0,Chandigarh,30.7333,76.7794,Chandigarh
2025-01-26,21.3,8.0,14.2,18.9,5.6,0.0,0.0,13.5,33.5,320,13.99,36000.0,2.94,0,Chandigarh,30.7333,76.7794,Chandigarh
2025-01-27,21.2,6.9,13.7,18.2,5.0,0.0,0.0,14.6,33.5,316,14.01,36000.0,2.83,1,Chandigarh,30.7333,76.7794,Chandigarh
2025-01-28,22.7,8.5,14.7,20.1,5.8,0.0,0.0,10.6,24.5,318,14.36,36000.0,2.87,0,Chandigarh,30.7333,76.7794,Chandigarh
2025-01-29,21.5,8.1,14.5,18.8,6.1,0.0,0.0,19.3,43.2,134,13.32,36000.0,2.66,3,Chandigarh,30.7333,76.7794,Chandigarh
2025-01-30,23.3,8.7,15.1,20.8,7.4,0.0,0.0,7.5,22.7,75,14.19,36000.0,2.61,1,Chandigarh,30.7333,76.7794,Chandigarh
2025-01-31,22.7,8.8,15.6,20.3,7.1,0.0,0.0,16.5,37.4,142,13.77,36000.0,2.89,0,Chandigarh,30.7333,76.7794,Chandigarh
2025-02-01,23.4,10.1,16.3,21.0,8.6,0.0,0.0,9.7,25.6,29,13.16,36000.0,2.91,1,Chandigarh,30.7333,76.7794,Chandigarh
2025-02-02,22.7,10.3,15.7,20.9,8.6,0.0,0.0,13.6,30.2,327,14.43,36000.0,3.02,3,Chandigarh,30.7333,76.7794,Chandigarh
2025-02-03,21.3,8.5,13.9,20.9,6.7,0.0,0.0,7.1,20.5,322,14.68,36000.0,2.49,1,Chandigarh,30.7333,76.7794,Chandigarh
2025-02-04,21.3,7.5,14.2,19.2,5.2,0.2,0.2,16.0,37.1,13,11.56,36000.0,2.37,51,Chandigarh,30.7333,76.7794,Chandigarh
2025-02-05,20.3,10.1,14.6,18.6,9.6,0.7,0.7,14.6,30.6,331,14.4,36000.0,2.75,51,Chandigarh,30.7333,76.7794,Chandigarh
2025-02-06,20.6,11.1,14.9,16.3,7.9,0.0,0.0,21.9,47.9,324,15.44,36000.0,4.01,0,Chandigarh,30.7333,76.7794,Chandigarh
2025-02-07,20.8,10.1,14.6,17.3,6.2,0.0,0.0,18.6,43.6,322,15.43,36000.0,3.79,2,Chandigarh,30.7333,76.7794,Chandigarh
2025-02-08,22.7,11.8,16.2,19.9,7.8,0.0,0.0,15.8,37.8,324,14.42,33371.94,3.95,3,Chandigarh,30.7333,76.7794,Chandigarh
2025-02-09,25.4,9.5,17.0,22.4,7.1,0.0,0.0,11.8,31.0,330,15.61,36000.0,3.64,1,Chandigarh,30.7333,76.7794,Chandigarh
2025-02-10,24.8,10.1,16.9,21.6,8.0,0.0,0.0,10.4,27.4,342,13.36,33237.02,3.12,3,Chandigarh,30.7333,76.7794,Chandigarh
2025-02-11,25.5,9.7,17.8,22.6,7.6,0.0,0.0,14.9,34.6,342,15.8,36000.0,3.96,2,Chandigarh,30.7333,76.7794,Chandigarh
2025-02-12,23.9,10.9,17.3,20.3,8.5,0.0,0.0,20.5,45.4,325,16.19,36000.0,4.42,0,Chandigarh,30.7333,76.7794,Chandigarh
2025-02-13,23.3,11.3,16.8,17.9,7.7,0.0,0.0,23.9,54.0,321,16.63,36070.85,4.99,3,Chandigarh,30.7333,76.7794,Chandigarh
2025-02-14,24.5,11.6,17.4,20.0,7.3,0.0,0.0,19.3,44.6,322,16.66,36322.65,5.07,3,Chandigarh,30.7333,76.7794,Chandigarh
2025-02-15,24.3,13.4,17.6,22.1,10.1,0.4,0.4,15.7,33.1,346,13.38,31902.76,3.5,51,Chandigarh,30.7333,76.7794,Chandigarh
2025-02-16,23.3,10.2,16.5,21.4,8.6,0.0,0.0,10.1,24.5,342,10.66,20489.73,2.47,3,Chandigarh,30.7333,76.7794,Chandigarh
2025-02-17,26.4,9.1,17.6,24.4,7.9,0.0,0.0,11.1,27.7,337,17.02,36519.76,3.77,3,Chandigarh,30.7333,76.7794,Chandigarh
2025-02-18,26.6,12.9,19.1,22.6,10.6,0.0,0.0,17.5,41.4,330,17.15,35836.61,4.47,3,Chandigarh,30.7333,76.7794,Chandigarh
2025-02-19,26.8,12.6,19.3,24.0,9.7,0.1,0.1,12.2,32.0,333,16.91,32400.0,4.44,51,Chandigarh,30.7333,76.7794,Chandigarh
2025-02-20,21.7,13.1,16.9,17.3,12.2,13.5,13.5,25.6,57.6,121,12.25,32400.0,3.0,63,Chandigarh,30.7333,76.7794,Chandigarh
2025-02-21,23.0,10.4,16.5,22.3,8.5,0.0,0.0,9.9,24.1,330,16.75,36414.26,3.35,3,Chandigarh,30.7333,76.7794,Chandigarh
2025-02-22,23.4,11.6,16.6,21.9,9.6,0.0,0.0,16.0,38.9,320,16.26,34289.19,3.55,3,Chandigarh,30.7333,76.7794,Chandigarh
2025-02-23,24.7,10.8,17.2,23.8,8.6,0.0,0.0,11.5,29.5,325,17.43,36911.71,3.67,1,Chandigarh,30.7333,76.7794,Chandigarh
2025-02-24,26.3,9.9,18.1,24.2,8.4,0.0,0.0,13.1,31.7,325,17.9,36611.55,4.04,3,Chandigarh,30.7333,76.7794,Chandigarh
2025-02-25,23.9,11.9,17.8,22.2,10.5,0.4,0.4,14.8,34.2,0,7.81,8923.17,2.28,51,Chandigarh,30.7333,76.7794,Chandigarh
2025-02-26,28.2,16.2,20.9,26.8,15.2,0.3,0.3,8.8,24.5,86,11.06,21485.99,2.8,51,Chandigarh,30.7333,76.7794,Chandigarh
2025-02-27,20.8,15.8,17.2,20.3,13.9,8.4,8.4,18.9,38.2,108,3.54,0.0,1.3,63,Chandigarh,30.7333,76.7794,Chandigarh
2025-02-28,19.4,14.5,16.8,17.3,13.2,21.8,21.8,24.5,49.0,123,6.39,2932.19,1.86,63,Chandigarh,30.7333,76.7794,Chandigarh
2025-03-01,23.2,10.8,16.8,23.6,10.3,0.1,0.1,12.4,29.5,126,16.95,37030.89,3.17,51,Chandigarh,30.7333,76.7794,Chandigarh
2025-03-02,23.6,9.5,16.6,23.0,7.9,0.0,0.0,14.6,33.8,324,19.05,38034.99,3.8,0,Chandigarh,30.7333,76.7794,Chandigarh
2025-03-03,25.2,10.2,17.3,24.3,9.1,1.0,1.0,18.2,41.4,20,12.21,24282.0,2.68,51,Chandigarh,30.7333,76.7794,Chandigarh
2025-03-04,23.0,12.6,17.2,22.5,11.0,1.2,1.2,20.4,43.9,323,18.24,38183.72,3.97,55,Chandigarh,30.7333,76.7794,Chandigarh
2025-03-05,21.3,10.6,15.5,17.9,7.3,0.0,0.0,24.5,53.6,317,19.85,39205.52,4.25,0,Chandigarh,30.7333,76.7794,Chandigarh
2025-03-06,24.9,11.9,17.5,22.6,8.5,0.0,0.0,18.3,42.1,320,19.93,39414.67,4.62,1,Chandigarh,30.7333,76.7794,Chandigarh
2025-03-07,26.5,10.6,18.2,23.9,7.9,0.0,0.0,18.4,41.4,323,19.82,39623.42,4.79,3,Chandigarh,30.7333,76.7794,Chandigarh
2025-03-08,27.4,13.6,19.6,25.2,11.9,0.0,0.0,18.5,41.8,329,20.0,40102.36,5.0,3,Chandigarh,30.7333,76.7794,Chandigarh
2025-03-09,29.2,11.1,19.4,27.7,9.7,0.0,0.0,12.2,31.0,135,20.3,40040.98,4.34,3,Chandigarh,30.7333,76.7794,Chandigarh
2025-03-10,29.2,15.3,21.8,28.2,14.1,0.0,0.0,14.2,34.6,142,17.82,37626.59,4.22,3,Chandigarh,30.7333,76.7794,Chandigarh
2025-03-11,30.9,12.9,21.5,29.3,12.1,0.1,0.1,11.7,29.9,328,15.48,33368.67,4.0,51,Chandigarh,30.7333,76.7794,Chandigarh
2025-03-12,31.4,15.9,22.8,29.5,14.7,0.0,0.0,19.2,43.6,326,19.73,40396.11,5.38,3,Chandigarh,30.7333,76.7794,Chandigarh
2025-03-13,29.1,15.3,21.1,28.8,13.9,3.6,3.6,11.4,33.5,352,16.89,37027.25,3.93,63,Chandigarh,30.7333,76.7794,Chandigarh
2025-03-14,29.8,14.4,21.6,28.1,13.3,3.3,3.3,17.6,33.8,113,16.07,30623.8,4.19,55,Chandigarh,30.7333,76.7794,Chandigarh
2025-03-15,25.9,15.8,19.8,25.4,13.4,5.4,5.4,20.7,45.0,30,13.53,31990.99,3.53,63,Chandigarh,30.7333,76.7794,Chandigarh
2025-03-16,26.7,14.0,19.4,27.1,13.0,0.6,0.6,12.0,28.8,15,19.83,41764.8,4.18,53,Chandigarh,30.7333,76.7794,Chandigarh
2025-03-17,26.7,11.3,19.1,25.4,10.4,0.0,0.0,13.2,31.0,324,20.74,42844.9,4.59,0,Chandigarh,30.7333,76.7794,Chandigarh
2025-03-18,27.9,12.1,20.4,25.5,10.6,0.0,0.0,22.5,50.8,328,21.35,42921.24,5.37,3,Chandigarh,30.7333,76.7794,Chandigarh
2025-03-19,29.4,16.4,22.4,27.3,15.0,0.0,0.0,18.8,43.9,336,20.19,42652.98,5.49,3,Chandigarh,30.7333,76.7794,Chandigarh
2025-03-20,29.6,13.1,21.6,27.9,11.8,0.0,0.0,14.7,34.6,334,21.71,43174.19,5.56,0,Chandigarh,30.7333,76.7794,Chandigarh
2025-03-21,29.8,16.1,22.4,26.7,13.9,0.0,0.0,18.9,43.6,331,22.07,43200.0,6.29,0,Chandigarh,30.7333,76.7794,Chandigarh
2025-03-22,30.1,13.9,21.9,29.2,11.4,0.0,0.0,11.1,27.7,332,21.57,43200.0,5.25,1,Chandigarh,30.7333,76.7794,Chandigarh
2025-03-23,29.7,13.4,21.9,29.9,11.9,0.0,0.0,13.7,33.5,136,22.16,43200.0,5.02,0,Chandigarh,30.7333,76.7794,Chandigarh
2025-03-24,30.3,14.6,22.6,30.1,13.5,0.0,0.0,10.0,27.0,128,21.91,43200.0,4.92,0,Chandigarh,30.7333,76.7794,Chandigarh
2025-03-25,31.9,15.7,23.8,31.9,15.4,0.0,0.0,10.2,25.9,13,22.02,43200.0,5.39,2,Chandigarh,30.7333,76.7794,Chandigarh
2025-03-26,33.9,16.3,25.2,32.1,15.8,0.0,0.0,12.4,28.8,19,18.77,37895.95,5.34,3,Chandigarh,30.7333,76.7794,Chandigarh
2025-03-27,33.7,18.1,26.4,34.0,17.2,0.2,0.2,11.7,25.9,106,21.28,43200.0,5.46,51,Chandigarh,30.7333,76.7794,Chandigarh
2025-03-28,30.7,18.0,23.5,29.2,13.8,0.0,0.0,18.2,40.0,325,22.91,43200.0,6.45,0,Chandigarh,30.7333,76.7794,Chandigarh
2025-03-29,29.0,14.8,21.2,25.8,11.1,0.0,0.0,19.2,45.0,321,21.63,42358.83,6.77,3,Chandigarh,30.7333,76.7794,Chandigarh
2025-03-30,30.3,17.2,23.0,27.7,13.7,0.0,0.0,18.0,43.6,327,23.4,43200.0,6.82,1,Chandigarh,30.7333,76.7794,Chandigarh
2025-03-31,32.2,16.6,24.0,29.1,13.3,0.0,0.0,18.1,42.1,329,23.52,43200.0,7.24,0,Chandigarh,30.7333,76.7794,Chandigarh
2025-04-01,32.2,18.8,25.0,28.9,15.3,0.0,0.0,21.9,50.0,334,23.58,43200.0,7.78,0,Chandigarh,30.7333,76.7794,Chandigarh
2025-04-02,33.4,15.9,25.1,30.5,12.6,0.0,0.0,17.4,40.3,344,23.98,43200.0,7.27,0,Chandigarh,30.7333,76.7794,Chandigarh
2025-04-03,34.6,16.3,25.9,32.4,14.2,0.0,0.0,15.5,37.1,10,22.78,42546.17,6.96,3,Chandigarh,30.7333,76.7794,Chandigarh
2025-04-04,34.7,19.2,26.7,32.0,16.5,0.0,0.0,17.2,39.6,340,23.36,43200.0,7.21,0,Chandigarh,30.7333,76.7794,Chandigarh
2025-04-05,34.7,20.0,27.2,32.5,17.3,0.0,0.0,16.5,39.6,332,23.53,43200.0,7.53,3,Chandigarh,30.7333,76.7794,Chandigarh
2025-04-06,36.9,20.5,29.0,35.8,18.1,0.0,0.0,12.2,32.4,342,23.5,43200.0,7.01,1,Chandigarh,30.7333,76.7794,Chandigarh
2025-04-07,37.4,19.2,29.0,36.1,18.3,0.0,0.0,14.7,36.0,134,23.19,43200.0,6.63,3,Chandigarh,30.7333,76.7794,Chandigarh
2025-04-08,37.4,20.6,29.6,35.3,19.4,0.0,0.0,23.3,52.6,132,22.97,42400.22,7.21,3,Chandigarh,30.7333,76.7794,Chandigarh
2025-04-09,36.6,21.0,29.3,35.4,20.0,0.0,0.0,16.7,39.6,48,19.02,42932.38,5.94,3,Chandigarh,30.7333,76.7794,Chandigarh
2025-04-10,34.6,21.3,27.9,35.0,20.8,0.7,0.7,15.0,36.7,131,17.63,34676.22,4.99,53,Chandigarh,30.7333,76.7794,Chandigarh
2025-04-11,33.7,23.5,27.7,34.2,22.3,1.7,1.7,18.4,41.8,138,19.16,37366.47,5.94,61,Chandigarh,30.7333,76.7794,Chandigarh
2025-04-12,28.9,19.2,24.4,30.1,20.0,3.2,3.2,14.1,34.2,126,18.78,42882.7,4.13,55,Chandigarh,30.7333,76.7794,Chandigarh
2025-04-13,33.7,16.7,25.5,34.1,17.3,0.0,0.0,9.5,22.0,357,23.01,43200.0,5.3,0,Chandigarh,30.7333,76.7794,Chandigarh
2025-04-14,33.9,19.3,27.1,34.3,19.0,0.0,0.0,19.2,43.6,132,23.27,42045.08,6.42,0,Chandigarh,30.7333,76.7794,Chandigarh
2025-04-15,34.2,22.1,28.0,34.9,22.5,0.0,0.0,16.0,37.1,119,19.39,41292.99,5.37,1,Chandigarh,30.7333,76.7794,Chandigarh
2025-04-16,35.0,22.3,28.7,36.1,22.5,0.0,0.0,14.5,34.9,106,19.47,40397.89,5.5,3,Chandigarh,30.7333,76.7794,Chandigarh
2025-04-17,36.7,22.1,29.3,38.0,22.4,0.0,0.0,14.7,34.6,345,22.3,43200.0,6.26,3,Chandigarh,30.7333,76.7794,Chandigarh
2025-04-18,36.1,21.2,28.2,38.2,21.5,0.8,0.8,17.7,40.7,135,21.48,35449.09,5.92,53,Chandigarh,30.7333,76.7794,Chandigarh
2025-04-19,33.8,23.8,28.8,32.5,22.6,0.0,0.0,28.2,62.3,128,19.12,41554.04,6.94,3,Chandigarh,30.7333,76.7794,Chandigarh
2025-04-20,35.7,24.2,29.6,34.2,23.1,0.2,0.2,25.8,59.4,115,20.22,42894.29,7.73,51,Chandigarh,30.7333,76.7794,Chandigarh
2025-04-21,38.3,21.5,30.7,36.4,20.4,0.0,0.0,17.4,40.0,119,21.79,42185.38,7.24,2,Chandigarh,30.7333,76.7794,Chandigarh
2025-04-22,37.6,22.3,30.2,37.1,21.3,0.0,0.0,13.9,31.0,345,23.72,43200.0,7.07,1,Chandigarh,30.7333,76.7794,Chandigarh
2025-04-23,37.2,21.8,30.2,34.7,19.3,0.0,0.0,17.8,42.8,331,24.79,43200.0,8.4,0,Chandigarh,30.7333,76.7794,Chandigarh
2025-04-24,37.7,19.1,30.2,35.2,17.9,0.0,0.0,15.8,38.2,348,25.17,43200.0,7.99,0,Chandigarh,30.7333,76.7794,Chandigarh
2025-04-25,38.8,19.0,30.6,36.8,16.8,0.0,0.0,19.2,44.3,339,25.16,43200.0,7.96,1,Chandigarh,30.7333,76.7794,Chandigarh
2025-04-26,39.3,24.3,32.7,36.1,21.3,0.0,0.0,18.5,42.8,344,25.31,43200.0,9.07,1,Chandigarh,30.7333,76.7794,Chandigarh
2025-04-27,39.5,21.1,31.4,37.1,18.7,0.0,0.0,12.5,32.0,344,24.79,43278.37,7.17,0,Chandigarh,30.7333,76.7794,Chandigarh
2025-04-28,37.4,21.4,30.5,36.5,18.9,0.0,0.0,17.4,41.0,134,23.07,42760.95,7.73,2,Chandigarh,30.7333,76.7794,Chandigarh
2025-04-29,35.7,25.3,30.4,36.3,23.6,0.0,0.0,24.0,52.9,139,22.63,42263.24,7.63,3,Chandigarh,30.7333,76.7794,Chandigarh
2025-04-30,35.9,25.2,30.7,37.0,25.0,0.0,0.0,19.7,45.7,139,21.95,42070.44,6.91,3,Chandigarh,30.7333,76.7794,Chandigarh
2025-05-01,33.3,26.7,29.8,33.9,25.4,0.8,0.8,21.1,46.8,138,17.62,35771.86,6.35,51,Chandigarh,30.7333,76.7794,Chandigarh
2025-05-02,31.6,23.5,27.0,31.6,23.6,0.0,0.0,30.2,63.4,134,13.19,15368.07,4.9,3,Chandigarh,30.7333,76.7794,Chandigarh
2025-05-03,32.6,20.9,27.3,33.5,22.8,0.2,0.2,12.8,36.7,135,18.85,40833.79,4.92,51,Chandigarh,30.7333,76.7794,Chandigarh
2025-05-04,35.2,20.6,28.2,34.3,20.8,0.8,0.8,12.5,38.2,137,18.06,35090.6,5.29,53,Chandigarh,30.7333,76.7794,Chandigarh
2025-05-05,31.1,22.4,26.3,32.3,24.5,3.8,3.8,14.8,43.2,115,16.73,33922.83,4.11,63,Chandigarh,30.7333,76.7794,Chandigarh
2025-05-06,34.8,20.3,27.4,35.6,22.2,0.2,0.2,17.5,43.2,135,20.91,39281.11,5.28,51,Chandigarh,30.7333,76.7794,Chandigarh
2025-05-07,34.9,23.5,28.2,36.4,24.6,0.0,0.0,18.3,49.3,87,20.49,41241.24,5.43,3,Chandigarh,30.7333,76.7794,Chandigarh
2025-05-08,35.4,22.0,28.8,36.0,23.7,0.7,0.7,12.9,34.6,150,20.84,41346.38,5.3,53,Chandigarh,30.7333,76.7794,Chandigarh
2025-05-09,35.3,23.6,29.1,36.3,25.1,0.7,0.7,14.8,38.2,89,19.71,40753.1,5.08,53,Chandigarh,30.7333,76.7794,Chandigarh
2025-05-10,34.8,23.1,28.8,36.4,25.8,1.0,1.0,13.1,41.0,77,19.93,40783.0,4.95,53,Chandigarh,30.7333,76.7794,Chandigarh
2025-05-11,37.0,21.9,29.9,37.1,24.1,0.0,0.0,19.7,42.5,327,22.31,41822.08,6.92,2,Chandigarh,30.7333,76.7794,Chandigarh
2025-05-12,35.3,20.8,29.4,36.5,22.3,0.1,0.1,17.1,41.0,336,22.37,42841.9,6.51,51,Chandigarh,30.7333,76.7794,Chandigarh
2025-05-13,38.8,21.9,31.0,39.0,22.4,0.0,0.0,16.0,38.9,356,23.53,42783.98,6.86,2,Chandigarh,30.7333,76.7794,Chandigarh
2025-05-14,38.7,21.2,31.1,37.1,21.7,0.0,0.0,19.3,43.9,333,24.04,43270.21,7.56,0,Chandigarh,30.7333,76.7794,Chandigarh
2025-05-15,40.1,22.1,32.5,38.3,22.1,0.0,0.0,19.6,44.3,337,24.47,43085.28,8.23,0,Chandigarh,30.7333,76.7794,Chandigarh
2025-05-16,39.8,23.4,32.5,39.0,23.2,0.0,0.0,18.3,39.2,348,22.56,40583.7,7.06,3,Chandigarh,30.7333,76.7794,Chandigarh
2025-05-17,40.2,24.5,33.0,40.2,24.0,0.0,0.0,15.5,37.8,159,23.55,42600.28,6.91,1,Chandigarh,30.7333,76.7794,Chandigarh
2025-05-18,38.9,28.0,33.5,40.8,27.7,0.0,0.0,22.7,51.1,145,23.27,41300.71,7.73,1,Chandigarh,30.7333,76.7794,Chandigarh
2025-05-19,35.4,24.4,30.7,38.1,27.3,16.8,16.8,21.3,48.2,124,19.63,33824.65,6.31,65,Chandigarh,30.7333,76.7794,Chandigarh
2025-05-20,39.4,26.1,33.2,40.5,25.5,0.0,0.0,19.0,43.6,125,20.97,42673.71,7.5,3,Chandigarh,30.7333,76.7794,Chandigarh
2025-05-21,39.9,27.7,33.1,42.0,28.8,0.7,0.7,19.9,43.2,137,19.98,39701.79,6.85,51,Chandigarh,30.7333,76.7794,Chandigarh
2025-05-22,36.4,27.8,31.3,37.8,28.0,0.0,0.0,27.9,60.5,145,22.58,42665.69,7.69,2,Chandigarh,30.7333,76.7794,Chandigarh
2025-05-23,37.7,27.5,32.2,40.1,29.0,0.0,0.0,18.5,42.1,149,23.46,42725.86,7.58,0,Chandigarh,30.7333,76.7794,Chandigarh
2025-05-24,37.1,22.7,32.3,37.7,24.3,10.3,10.3,20.2,52.9,138,20.7,38741.84,7.33,65,Chandigarh,30.7333,76.7794,Chandigarh
2025-05-25,29.0,23.0,25.9,30.8,25.1,7.7,7.7,21.7,40.0,129,8.49,4992.24,2.59,61,Chandigarh,30.7333,76.7794,Chandigarh
2025-05-26,37.2,23.1,30.7,40.1,25.1,0.0,0.0,11.4,31.3,154,23.49,42325.58,6.0,0,Chandigarh,30.7333,76.7794,Chandigarh
2025-05-27,36.8,25.7,31.4,40.9,28.5,0.2,0.2,13.1,32.4,153,22.0,42161.13,5.88,51,Chandigarh,30.7333,76.7794,Chandigarh
2025-05-28,38.5,27.5,32.7,41.5,29.9,0.0,0.0,17.4,43.6,160,21.87,41534.13,6.95,1,Chandigarh,30.7333,76.7794,Chandigarh
2025-05-29,40.1,26.1,33.0,41.2,27.5,0.0,0.0,16.0,37.8,145,22.29,43023.18,6.98,3,Chandigarh,30.7333,76.7794,Chandigarh
2025-05-30,37.8,24.5,30.7,37.6,25.7,2.0,2.0,21.1,43.6,59,14.39,21944.08,5.03,53,Chandigarh,30.7333,76.7794,Chandigarh
2025-05-31,38.7,22.9,29.8,40.4,23.1,3.8,3.8,17.5,40.0,135,20.61,33302.58,5.54,63,Chandigarh,30.7333,76.7794,Chandigarh
2025-06-01,37.9,20.7,30.3,37.7,21.4,0.0,0.0,18.1,45.0,17,22.3,38636.36,6.8,3,Chandigarh,30.7333,76.7794,Chandigarh
2025-06-02,35.4,24.0,30.3,34.5,23.2,0.0,0.0,13.3,33.5,157,21.3,42382.29,6.48,2,Chandigarh,30.7333,76.7794,Chandigarh
2025-06-03,35.4,23.1,29.3,35.2,21.4,1.0,1.0,19.0,40.3,131,23.01,41216.33,6.47,53,Chandigarh,30.7333,76.7794,Chandigarh
2025-06-04,33.1,20.7,27.0,33.5,21.9,4.2,4.2,19.2,51.1,96,21.72,40863.36,5.51,61,Chandigarh,30.7333,76.7794,Chandigarh
2025-06-05,36.0,20.8,29.0,36.4,21.4,0.0,0.0,12.6,30.6,327,23.46,42509.03,6.28,1,Chandigarh,30.7333,76.7794,Chandigarh
2025-06-06,37.9,22.9,30.9,38.2,23.6,0.0,0.0,17.9,40.3,337,21.92,40775.28,6.37,3,Chandigarh,30.7333,76.7794,Chandigarh
2025-06-07,39.8,25.1,32.9,41.2,26.4,0.0,0.0,18.5,43.2,340,22.04,42452.99,6.83,1,Chandigarh,30.7333,76.7794,Chandigarh
2025-06-08,41.1,27.5,34.9,42.7,29.5,0.0,0.0,20.2,45.4,284,22.78,42505.85,7.85,1,Chandigarh,30.7333,76.7794,Chandigarh
2025-06-09,42.5,27.6,35.8,43.0,29.7,0.0,0.0,18.9,44.3,297,22.88,42731.78,8.13,1,Chandigarh,30.7333,76.7794,Chandigarh
2025-06-10,41.4,28.1,35.6,43.7,28.6,0.1,0.1,18.8,43.2,175,22.92,42709.3,7.33,51,Chandigarh,30.7333,76.7794,Chandigarh
2025-06-11,40.8,32.0,36.0,44.2,33.1,1.6,1.6,22.0,49.3,145,21.82,41177.97,7.64,55,Chandigarh,30.7333,76.7794,Chandigarh
2025-06-12,40.2,31.6,35.6,43.2,34.6,0.0,0.0,17.6,40.3,147,21.03,40363.1,7.26,2,Chandigarh,30.7333,76.7794,Chandigarh
2025-06-13,38.6,31.5,34.9,42.0,34.6,0.5,0.5,17.3,42.5,149,19.47,37147.67,6.85,51,Chandigarh,30.7333,76.7794,Chandigarh
2025-06-14,41.5,30.0,35.7,42.8,32.7,0.0,0.0,15.0,36.7,207,23.08,41852.5,7.6,3,Chandigarh,30.7333,76.7794,Chandigarh
2025-06-15,38.2,26.9,33.2,41.3,33.0,2.1,2.1,16.3,36.4,151,14.43,22014.69,5.15,61,Chandigarh,30.7333,76.7794,Chandigarh
2025-06-16,37.4,28.0,31.5,41.2,31.5,0.6,0.6,18.3,47.5,152,19.35,31861.31,5.2,53,Chandigarh,30.7333,76.7794,Chandigarh
2025-06-17,33.4,24.3,29.0,36.0,27.3,1.7,1.7,12.6,30.2,330,8.84,5333.56,2.86,55,Chandigarh,30.7333,76.7794,Chandigarh
2025-06-18,37.7,26.5,30.7,41.5,31.6,0.0,0.0,10.6,25.9,185,17.49,26411.45,4.56,3,Chandigarh,30.7333,76.7794,Chandigarh
2025-06-19,36.5,26.6,31.3,41.8,31.1,2.2,2.2,11.4,28.4,140,21.38,40618.72,5.54,61,Chandigarh,30.7333,76.7794,Chandigarh
2025-06-20,34.0,26.2,30.0,40.1,31.6,9.3,9.3,13.9,32.8,139,18.4,32928.48,4.82,63,Chandigarh,30.7333,76.7794,Chandigarh
2025-06-21,35.1,27.3,31.0,39.7,32.1,2.6,2.6,14.4,34.6,151,19.48,40972.01,5.19,61,Chandigarh,30.7333,76.7794,Chandigarh
2025-06-22,35.2,26.4,30.0,40.8,31.3,4.3,4.3,12.4,31.0,151,17.09,25826.8,4.24,61,Chandigarh,30.7333,76.7794,Chandigarh
2025-06-23,34.0,24.8,29.7,40.1,30.1,7.0,7.0,14.8,31.7,148,20.42,38599.81,4.78,61,Chandigarh,30.7333,76.7794,Chandigarh
2025-06-24,34.7,25.9,30.2,39.8,30.5,3.2,3.2,15.4,36.4,153,20.3,40392.21,5.15,55,Chandigarh,30.7333,76.7794,Chandigarh
2025-06-25,32.9,27.7,29.6,36.6,31.6,0.5,0.5,20.2,42.8,144,14.12,16638.64,4.15,53,Chandigarh,30.7333,76.7794,Chandigarh
2025-06-26,34.2,28.1,30.9,39.4,31.2,0.2,0.2,15.9,36.4,145,21.19,41155.11,5.74,51,Chandigarh,30.7333,76.7794,Chandigarh
2025-06-27,33.6,27.6,31.1,39.2,32.4,2.8,2.8,13.0,33.1,139,20.17,38162.89,4.96,55,Chandigarh,30.7333,76.7794,Chandigarh
2025-06-28,33.3,24.7,28.8,39.2,29.6,48.4,48.4,11.2,23.8,83,17.54,27256.15,4.07,65,Chandigarh,30.7333,76.7794,Chandigarh
2025-06-29,31.3,24.4,26.7,36.6,28.8,44.4,44.4,13.5,28.1,151,12.97,14831.29,2.89,65,Chandigarh,30.7333,76.7794,Chandigarh
2025-06-30,30.2,23.8,26.0,34.8,28.2,42.5,42.5,12.7,29.5,152,13.46,21571.48,2.86,65,Chandigarh,30.7333,76.7794,Chandigarh
2025-07-01,32.4,23.7,27.6,38.2,28.7,4.9,4.9,14.9,30.2,154,18.54,27952.45,4.09,63,Chandigarh,30.7333,76.7794,Chandigarh
2025-07-02,33.8,24.9,29.8,39.8,30.0,0.1,0.1,11.2,26.6,136,22.5,42486.62,5.27,51,Chandigarh,30.7333,76.7794,Chandigarh
2025-07-03,32.8,26.1,29.5,38.5,30.5,0.1,0.1,14.4,33.1,132,21.47,40649.33,4.98,51,Chandigarh,30.7333,76.7794,Chandigarh
2025-07-04,32.6,25.9,29.5,39.2,30.9,3.3,3.3,14.3,32.8,134,21.2,40106.86,4.83,61,Chandigarh,30.7333,76.7794,Chandigarh
2025-07-05,33.1,27.4,29.8,40.5,32.3,1.7,1.7,12.7,24.8,143,20.27,39059.87,4.83,53,Chandigarh,30.7333,76.7794,Chandigarh
2025-07-06,32.8,25.3,29.3,39.3,30.1,8.3,8.3,12.6,27.7,159,19.13,30586.74,4.49,63,Chandigarh,30.7333,76.7794,Chandigarh
2025-07-07,33.7,25.6,29.1,41.5,29.9,1.2,1.2,16.5,35.6,155,22.64,42310.96,5.05,53,Chandigarh,30.7333,76.7794,Chandigarh
2025-07-08,33.0,25.0,28.8,39.9,30.9,4.6,4.6,12.6,29.2,300,20.06,31017.62,4.49,63,Chandigarh,30.7333,76.7794,Chandigarh
2025-07-09,32.1,25.1,27.8,39.5,30.3,8.8,8.8,16.5,32.8,227,15.95,20070.14,3.52,63,Chandigarh,30.7333,76.7794,Chandigarh
2025-07-10,28.6,23.8,25.7,32.9,27.2,11.4,11.4,14.7,32.4,147,10.84,15480.84,2.27,63,Chandigarh,30.7333,76.7794,Chandigarh
2025-07-11,32.1,24.2,28.3,37.6,29.2,0.0,0.0,13.5,25.2,130,22.15,41830.25,4.87,3,Chandigarh,30.7333,76.7794,Chandigarh
2025-07-12,31.7,24.6,28.1,36.8,29.7,0.0,0.0,11.9,29.5,344,16.14,27140.34,3.78,3,Chandigarh,30.7333,76.7794,Chandigarh
2025-07-13,33.0,25.3,28.7,40.1,30.4,1.1,1.1,9.6,24.5,141,17.36,26701.39,3.8,55,Chandigarh,30.7333,76.7794,Chandigarh
2025-07-14,32.2,24.8,28.4,38.9,30.0,3.6,3.6,9.8,20.9,110,19.27,31377.77,4.23,61,Chandigarh,30.7333,76.7794,Chandigarh
2025-07-15,32.3,25.6,29.2,36.4,28.3,0.7,0.7,19.2,44.6,140,19.46,37257.93,5.24,51,Chandigarh,30.7333,76.7794,Chandigarh
2025-07-16,31.1,24.6,27.3,34.4,27.7,7.0,7.0,21.2,41.4,142,12.41,18383.24,3.19,61,Chandigarh,30.7333,76.7794,Chandigarh
2025-07-17,31.2,26.3,28.5,35.5,30.1,0.0,0.0,20.6,43.9,140,17.91,30790.1,4.3,3,Chandigarh,30.7333,76.7794,Chandigarh
2025-07-18,31.1,25.4,27.5,36.1,30.2,2.6,2.6,12.8,29.9,23,12.64,18192.58,2.9,53,Chandigarh,30.7333,76.7794,Chandigarh
2025-07-19,33.0,24.7,29.3,39.1,29.9,0.1,0.1,10.7,25.2,138,21.39,41405.38,4.9,51,Chandigarh,30.7333,76.7794,Chandigarh
2025-07-20,33.9,26.6,30.0,39.2,31.7,0.4,0.4,9.9,20.9,140,19.75,37347.79,4.71,51,Chandigarh,30.7333,76.7794,Chandigarh
2025-07-21,28.3,24.9,26.2,33.8,30.1,19.6,19.6,14.5,29.2,137,6.29,1867.84,1.47,63,Chandigarh,30.7333,76.7794,Chandigarh
2025-07-22,32.0,24.6,27.6,37.9,30.2,0.8,0.8,8.5,21.2,312,17.59,27530.04,3.86,53,Chandigarh,30.7333,76.7794,Chandigarh
2025-07-23,32.6,25.0,28.2,39.9,29.9,1.2,1.2,9.5,23.8,203,21.83,38911.57,4.67,51,Chandigarh,30.7333,76.7794,Chandigarh
2025-07-24,33.6,24.4,29.2,40.4,30.3,0.1,0.1,10.1,24.1,308,23.04,42535.81,5.19,51,Chandigarh,30.7333,76.7794,Chandigarh
2025-07-25,34.3,25.4,29.9,41.6,31.1,0.6,0.6,11.5,28.1,322,22.8,42841.53,5.16,51,Chandigarh,30.7333,76.7794,Chandigarh
2025-07-26,33.5,26.2,30.0,40.7,32.0,0.0,0.0,15.2,30.2,147,16.7,33212.78,3.92,3,Chandigarh,30.7333,76.7794,Chandigarh
2025-07-27,32.9,26.8,29.7,40.0,32.6,2.9,2.9,15.1,34.9,135,18.86,35385.87,4.35,55,Chandigarh,30.7333,76.7794,Chandigarh
2025-07-28,33.3,25.6,29.0,40.3,31.7,5.9,5.9,11.3,26.6,162,20.26,38792.75,4.51,61,Chandigarh,30.7333,76.7794,Chandigarh
2025-07-29,30.7,25.5,27.6,34.4,31.0,4.7,4.7,20.9,44.3,150,16.01,28897.25,3.67,61,Chandigarh,30.7333,76.7794,Chandigarh
2025-07-30,32.4,26.4,28.9,38.5,30.1,0.0,0.0,16.9,40.0,151,19.24,36675.41,4.61,3,Chandigarh,30.7333,76.7794,Chandigarh
2025-07-31,30.7,25.5,27.6,35.5,30.6,2.8,2.8,18.1,45.0,139,16.78,30921.78,3.71,53,Chandigarh,30.7333,76.7794,Chandigarh
2025-08-01,31.0,25.5,27.7,37.0,30.5,13.6,13.6,18.3,39.6,152,18.03,33185.36,3.83,63,Chandigarh,30.7333,76.7794,Chandigarh
2025-08-02,31.3,25.1,27.7,37.3,30.8,10.5,10.5,15.6,36.4,153,19.78,38918.67,4.09,63,Chandigarh,30.7333,76.7794,Chandigarh
2025-08-03,31.8,24.5,27.5,39.2,30.5,11.9,11.9,8.2,19.8,149,16.19,28117.27,3.44,63,Chandigarh,30.7333,76.7794,Chandigarh
2025-08-04,32.0,24.1,27.5,38.9,28.6,21.8,21.8,9.4,29.9,220,18.61,30702.02,3.94,63,Chandigarh,30.7333,76.7794,Chandigarh
2025-08-05,27.8,23.8,26.1,35.0,28.1,26.2,26.2,9.7,27.0,355,5.77,0.0,1.31,65,Chandigarh,30.7333,76.7794,Chandigarh
2025-08-06,31.6,23.3,26.4,38.5,27.6,23.0,23.0,9.9,23.4,69,16.24,22583.94,3.46,63,Chandigarh,30.7333,76.7794,Chandigarh
2025-08-07,32.6,23.5,28.2,38.3,26.6,1.0,1.0,15.9,36.4,325,22.89,42807.97,5.12,55,Chandigarh,30.7333,76.7794,Chandigarh
2025-08-08,33.6,24.8,28.8,39.9,28.5,0.0,0.0,10.2,25.2,331,22.11,35537.29,5.01,3,Chandigarh,30.7333,76.7794,Chandigarh
2025-08-09,31.5,25.4,28.1,37.6,30.6,0.6,0.6,7.4,19.4,118,16.02,33595.44,3.54,51,Chandigarh,30.7333,76.7794,Chandigarh
2025-08-10,32.3,24.9,28.1,39.7,30.9,1.3,1.3,7.4,20.5,148,20.39,36873.8,4.31,53,Chandigarh,30.7333,76.7794,Chandigarh
2025-08-11,30.3,25.2,27.2,36.3,30.6,24.1,24.1,9.3,22.7,18,7.95,7650.03,1.79,63,Chandigarh,30.7333,76.7794,Chandigarh
2025-08-12,31.4,24.8,27.8,37.0,29.9,7.8,7.8,11.5,29.9,326,17.38,27165.08,3.9,61,Chandigarh,30.7333,76.7794,Chandigarh
2025-08-13,32.6,25.8,29.0,38.6,31.1,0.1,0.1,13.3,31.3,318,19.45,31169.61,4.36,51,Chandigarh,30.7333,76.7794,Chandigarh
2025-08-14,28.1,24.6,26.2,33.3,28.7,29.6,29.6,20.6,40.7,138,9.58,13627.1,2.0,65,Chandigarh,30.7333,76.7794,Chandigarh
2025-08-15,31.8,24.2,27.8,38.0,29.2,0.1,0.1,11.0,20.9,145,21.27,36926.27,4.51,51,Chandigarh,30.7333,76.7794,Chandigarh
2025-08-16,31.3,25.3,27.7,38.5,30.5,6.8,6.8,7.9,22.0,137,19.22,35432.56,4.06,63,Chandigarh,30.7333,76.7794,Chandigarh
2025-08-17,31.5,25.7,27.9,37.9,30.4,0.8,0.8,15.4,34.6,143,20.52,39685.2,4.3,51,Chandigarh,30.7333,76.7794,Chandigarh
2025-08-18,31.0,25.1,27.7,35.9,30.0,1.9,1.9,17.1,38.2,138,17.85,41346.24,3.94,55,Chandigarh,30.7333,76.7794,Chandigarh
2025-08-19,32.0,24.0,28.1,37.9,28.5,0.1,0.1,10.4,23.8,103,20.84,41130.9,4.52,51,Chandigarh,30.7333,76.7794,Chandigarh
2025-08-20,31.2,24.2,27.5,37.0,29.0,3.4,3.4,14.2,35.6,120,21.33,39506.9,4.43,63,Chandigarh,30.7333,76.7794,Chandigarh
2025-08-21,32.2,24.5,28.2,38.9,29.3,0.4,0.4,8.3,22.3,118,21.23,41965.38,4.55,51,Chandigarh,30.7333,76.7794,Chandigarh
2025-08-22,32.5,24.7,28.4,38.8,29.6,0.1,0.1,12.5,24.8,213,20.78,42851.09,4.55,51,Chandigarh,30.7333,76.7794,Chandigarh
2025-08-23,30.8,24.8,27.3,35.7,28.7,0.4,0.4,15.3,34.6,147,16.2,27957.01,3.57,51,Chandigarh,30.7333,76.7794,Chandigarh
2025-08-24,29.7,24.2,26.6,35.6,28.8,13.6,13.6,11.4,28.4,53,12.02,16445.36,2.6,63,Chandigarh,30.7333,76.7794,Chandigarh
2025-08-25,28.8,24.1,26.0,33.8,28.6,9.9,9.9,16.1,30.2,52,7.01,802.09,1.68,61,Chandigarh,30.7333,76.7794,Chandigarh
2025-08-26,30.2,23.8,27.1,33.1,26.2,31.7,31.7,28.5,63.0,141,16.58,26644.76,3.86,65,Chandigarh,30.7333,76.7794,Chandigarh
2025-08-27,31.6,24.8,28.2,37.6,29.2,0.0,0.0,15.1,35.6,145,20.64,41329.62,4.49,3,Chandigarh,30.7333,76.7794,Chandigarh
2025-08-28,31.8,24.6,28.1,37.6,29.5,1.1,1.1,17.2,34.6,137,19.31,38739.98,4.27,51,Chandigarh,30.7333,76.7794,Chandigarh
2025-08-29,30.8,25.3,27.7,35.6,28.8,1.3,1.3,19.8,43.2,144,18.1,31899.63,4.2,51,Chandigarh,30.7333,76.7794,Chandigarh
2025-08-30,30.9,25.6,27.6,35.5,28.4,3.1,3.1,17.5,38.5,138,16.87,30296.83,3.89,53,Chandigarh,30.7333,76.7794,Chandigarh
2025-08-31,27.6,24.4,25.8,31.9,28.4,10.8,10.8,19.5,40.7,135,7.11,2268.15,1.73,63,Chandigarh,30.7333,76.7794,Chandigarh
2025-09-01,25.0,23.0,23.8,30.9,26.9,57.7,57.7,14.7,28.8,111,3.48,0.0,0.84,65,Chandigarh,30.7333,76.7794,Chandigarh
2025-09-02,29.4,22.9,24.8,31.1,26.4,5.7,5.7,23.6,48.6,132,12.06,12840.89,2.76,55,Chandigarh,30.7333,76.7794,Chandigarh
2025-09-03,27.7,22.3,24.7,32.6,23.7,40.8,40.8,26.1,48.6,132,8.38,8044.5,2.02,65,Chandigarh,30.7333,76.7794,Chandigarh
2025-09-04,28.7,23.7,25.6,33.8,27.5,1.1,1.1,9.9,23.4,356,8.1,8065.89,1.85,51,Chandigarh,30.7333,76.7794,Chandigarh
2025-09-05,31.2,23.7,27.4,37.4,28.3,0.9,0.9,10.9,25.2,141,19.18,38773.21,4.11,53,Chandigarh,30.7333,76.7794,Chandigarh
2025-09-06,31.2,24.0,27.2,37.5,28.9,3.5,3.5,10.2,24.5,98,17.71,31022.58,3.79,61,Chandigarh,30.7333,76.7794,Chandigarh
2025-09-07,31.4,24.7,27.6,37.7,28.7,0.2,0.2,11.3,27.0,116,20.04,39828.88,4.36,51,Chandigarh,30.7333,76.7794,Chandigarh
2025-09-08,30.6,23.8,27.1,37.2,28.2,1.5,1.5,12.9,28.4,111,18.72,40501.16,3.98,53,Chandigarh,30.7333,76.7794,Chandigarh
2025-09-09,31.9,23.5,27.8,37.5,28.2,0.1,0.1,12.7,28.8,316,20.47,41557.59,4.58,51,Chandigarh,30.7333,76.7794,Chandigarh
2025-09-10,30.9,24.6,27.4,35.8,28.1,1.3,1.3,18.8,44.3,322,18.9,42231.19,4.25,51,Chandigarh,30.7333,76.7794,Chandigarh
2025-09-11,31.0,24.7,27.4,36.1,28.1,1.0,1.0,16.0,36.0,318,19.24,41358.11,4.25,51,Chandigarh,30.7333,76.7794,Chandigarh
2025-09-12,31.2,24.9,27.3,36.4,29.1,2.0,2.0,14.2,30.2,321,18.54,41603.25,4.05,53,Chandigarh,30.7333,76.7794,Chandigarh
2025-09-13,31.5,24.5,27.2,38.0,29.3,5.8,5.8,9.3,25.9,334,17.73,36655.03,3.72,63,Chandigarh,30.7333,76.7794,Chandigarh
2025-09-14,32.0,24.4,27.5,38.0,29.5,2.7,2.7,13.2,29.9,317,19.49,39316.6,4.2,53,Chandigarh,30.7333,76.7794,Chandigarh
2025-09-15,32.1,24.3,27.7,37.6,28.6,5.7,5.7,12.0,32.0,332,19.2,40911.92,4.19,63,Chandigarh,30.7333,76.7794,Chandigarh
2025-09-16,31.2,23.2,26.2,37.5,28.2,17.3,17.3,10.6,26.6,79,16.93,41485.3,3.44,63,Chandigarh,30.7333,76.7794,Chandigarh
2025-09-17,31.3,22.7,27.0,36.4,27.2,3.5,3.5,11.9,32.8,331,19.22,40988.01,4.13,61,Chandigarh,30.7333,76.7794,Chandigarh
2025-09-18,30.4,22.7,26.2,36.7,27.6,3.8,3.8,12.7,25.6,140,17.69,39781.47,3.61,61,Chandigarh,30.7333,76.7794,Chandigarh
2025-09-19,31.6,23.0,26.8,36.7,27.0,0.5,0.5,12.4,28.1,324,19.38,40529.22,4.26,51,Chandigarh,30.7333,76.7794,Chandigarh
2025-09-20,31.3,20.3,26.6,35.3,23.2,0.0,0.0,16.0,34.6,330,19.93,40567.4,4.62,0,Chandigarh,30.7333,76.7794,Chandigarh
2025-09-21,31.3,23.5,27.5,34.8,26.5,0.0,0.0,17.8,39.6,329,19.18,40324.4,4.59,1,Chandigarh,30.7333,76.7794,Chandigarh
2025-09-22,32.0,22.5,28.0,35.6,26.5,0.0,0.0,17.3,38.2,333,19.24,40108.32,4.65,0,Chandigarh,30.7333,76.7794,Chandigarh
2025-09-23,32.7,23.6,28.4,36.5,27.4,0.0,0.0,16.0,35.6,328,19.42,40146.0,4.79,0,Chandigarh,30.7333,76.7794,Chandigarh
2025-09-24,32.6,24.0,28.2,36.2,27.7,0.0,0.0,17.2,38.5,326,19.76,40183.51,4.84,0,Chandigarh,30.7333,76.7794,Chandigarh
2025-09-25,32.8,24.0,28.3,36.9,27.8,0.0,0.0,15.1,34.9,328,19.03,39685.95,4.6,0,Chandigarh,30.7333,76.7794,Chandigarh
2025-09-26,32.9,24.3,28.3,36.3,27.7,0.0,0.0,17.4,38.2,329,19.54,39723.9,4.91,0,Chandigarh,30.7333,76.7794,Chandigarh
2025-09-27,34.1,22.5,28.2,38.8,26.3,0.0,0.0,9.8,23.8,97,19.05,39762.1,4.22,0,Chandigarh,30.7333,76.7794,Chandigarh
2025-09-28,33.3,23.9,28.6,39.8,27.0,0.0,0.0,7.5,17.6,95,17.34,39600.0,3.97,1,Chandigarh,30.7333,76.7794,Chandigarh
2025-09-29,33.5,23.5,28.1,38.8,27.5,0.0,0.0,8.7,22.0,54,17.5,39600.0,3.99,1,Chandigarh,30.7333,76.7794,Chandigarh
2025-09-30,33.5,21.8,27.6,37.8,25.1,0.0,0.0,10.7,24.5,4,18.06,39600.0,4.21,1,Chandigarh,30.7333,76.7794,Chandigarh
2025-10-01,32.8,21.3,27.0,35.5,25.0,0.0,0.0,13.0,30.6,334,18.05,39287.65,4.17,1,Chandigarh,30.7333,76.7794,Chandigarh
2025-10-02,33.3,23.1,27.7,36.8,26.5,0.7,0.7,15.3,31.0,124,17.34,39576.67,4.13,53,Chandigarh,30.7333,76.7794,Chandigarh
2025-10-03,32.2,22.5,27.2,35.9,25.3,0.1,0.1,13.8,27.0,330,17.21,36000.0,4.11,51,Chandigarh,30.7333,76.7794,Chandigarh
2025-10-04,32.4,22.4,27.4,34.2,25.8,0.0,0.0,19.9,43.9,328,17.8,39544.68,4.71,1,Chandigarh,30.7333,76.7794,Chandigarh
2025-10-05,33.7,23.0,26.1,35.7,24.4,0.1,0.1,23.2,49.3,349,15.06,29502.37,3.74,51,Chandigarh,30.7333,76.7794,Chandigarh
2025-10-06,24.5,19.1,22.0,27.4,18.9,27.1,27.1,19.6,39.6,67,3.56,2147.11,1.3,65,Chandigarh,30.7333,76.7794,Chandigarh
2025-10-07,23.4,18.5,20.4,25.4,20.9,17.0,17.0,11.9,34.9,77,9.69,18191.05,1.91,63,Chandigarh,30.7333,76.7794,Chandigarh
2025-10-08,25.8,17.1,20.4,28.2,18.2,1.5,1.5,9.6,22.3,16,15.04,37100.92,2.8,61,Chandigarh,30.7333,76.7794,Chandigarh
2025-10-09,27.2,17.1,21.8,29.4,18.2,0.0,0.0,11.5,25.6,346,16.57,39118.21,3.44,1,Chandigarh,30.7333,76.7794,Chandigarh
2025-10-10,27.7,17.0,21.7,30.1,18.6,0.0,0.0,9.5,19.8,22,16.59,39216.66,3.3,0,Chandigarh,30.7333,76.7794,Chandigarh
2025-10-11,28.7,17.1,22.6,30.6,18.5,0.0,0.0,13.7,30.6,333,16.77,39076.35,3.71,0,Chandigarh,30.7333,76.7794,Chandigarh
2025-10-12,28.8,17.2,22.8,30.7,18.2,0.0,0.0,11.9,27.0,341,17.16,39600.0,3.8,0,Chandigarh,30.7333,76.7794,Chandigarh
2025-10-13,28.7,17.1,22.6,31.2,18.4,0.0,0.0,9.7,21.6,357,16.96,39034.88,3.59,0,Chandigarh,30.7333,76.7794,Chandigarh
2025-10-14,28.9,18.5,22.9,30.9,19.6,0.0,0.0,9.2,24.1,338,16.68,39144.45,3.5,0,Chandigarh,30.7333,76.7794,Chandigarh
2025-10-15,28.9,19.0,23.3,30.2,21.2,0.0,0.0,9.4,24.1,343,15.85,37662.26,3.42,1,Chandigarh,30.7333,76.7794,Chandigarh
2025-10-16,29.8,18.9,23.7,31.7,20.7,0.0,0.0,9.0,22.7,341,16.2,38564.4,3.52,0,Chandigarh,30.7333,76.7794,Chandigarh
2025-10-17,29.9,19.2,23.6,32.5,21.3,0.0,0.0,9.9,23.0,340,15.88,38619.76,3.43,0,Chandigarh,30.7333,76.7794,Chandigarh
2025-10-18,30.0,18.1,23.3,32.6,19.7,0.0,0.0,6.6,18.0,37,15.85,38647.66,3.29,0,Chandigarh,30.7333,76.7794,Chandigarh
2025-10-19,30.0,17.5,23.2,32.5,18.8,0.0,0.0,7.6,18.0,12,15.86,38675.96,3.4,0,Chandigarh,30.7333,76.7794,Chandigarh
2025-10-20,30.0,17.5,22.6,31.6,18.6,0.0,0.0,7.5,20.5,100,15.42,38151.24,3.18,0,Chandigarh,30.7333,76.7794,Chandigarh
2025-10-21,30.2,17.1,23.4,30.8,18.5,0.0,0.0,8.8,17.3,53,14.94,37467.65,3.31,1,Chandigarh,30.7333,76.7794,Chandigarh
2025-10-22,29.2,18.1,23.5,31.0,19.6,0.1,0.1,11.0,21.6,18,13.63,36374.09,3.28,51,Chandigarh,30.7333,76.7794,Chandigarh
2025-10-23,29.8,17.3,22.5,30.1,18.1,0.0,0.0,7.1,15.8,24,14.6,37727.38,3.06,0,Chandigarh,30.7333,76.7794,Chandigarh
2025-10-24,29.6,16.3,22.2,30.8,17.2,0.0,0.0,7.3,15.5,61,14.36,37181.4,2.98,1,Chandigarh,30.7333,76.7794,Chandigarh
2025-10-25,29.0,16.4,22.2,30.6,16.9,0.0,0.0,8.4,19.4,47,14.49,37737.25,3.18,0,Chandigarh,30.7333,76.7794,Chandigarh
2025-10-26,28.0,16.1,21.6,29.7,15.9,0.0,0.0,8.4,20.5,61,14.95,37758.58,3.22,0,Chandigarh,30.7333,76.7794,Chandigarh
2025-10-27,28.4,15.8,21.1,29.5,15.9,0.0,0.0,7.4,15.1,68,14.78,37514.89,3.0,0,Chandigarh,30.7333,76.7794,Chandigarh
2025-10-28,27.8,17.0,21.6,28.6,17.4,0.0,0.0,10.4,20.5,49,14.15,36550.48,3.03,3,Chandigarh,30.7333,76.7794,Chandigarh
2025-10-29,28.0,15.8,21.1,28.5,17.0,0.0,0.0,12.6,31.0,346,14.41,37006.35,3.01,0,Chandigarh,30.7333,76.7794,Chandigarh
2025-10-30,28.8,16.2,22.0,30.2,17.3,0.0,0.0,5.7,16.9,87,13.37,33998.95,2.77,3,Chandigarh,30.7333,76.7794,Chandigarh
2025-10-31,28.9,18.1,22.9,29.4,20.5,0.0,0.0,14.8,32.8,334,13.67,35981.62,3.25,1,Chandigarh,30.7333,76.7794,Chandigarh
2025-11-01,28.5,17.9,22.8,28.4,18.7,0.0,0.0,14.9,32.8,332,13.88,36439.41,3.44,0,Chandigarh,30.7333,76.7794,Chandigarh
2025-11-02,27.9,19.0,22.8,27.3,19.2,0.0,0.0,18.1,39.6,325,14.03,36293.72,3.86,0,Chandigarh,30.7333,76.7794,Chandigarh
2025-11-03,27.9,18.0,22.3,26.3,16.9,0.0,0.0,16.0,36.0,337,14.27,36640.59,3.96,0,Chandigarh,30.7333,76.7794,Chandigarh
2025-11-04,27.0,13.5,20.4,26.6,13.2,1.4,1.4,21.0,40.0,106,13.8,35271.02,3.36,55,Chandigarh,30.7333,76.7794,Chandigarh
2025-11-05,27.5,18.1,22.0,26.9,16.3,0.0,0.0,14.3,28.1,351,12.92,34761.35,3.7,1,Chandigarh,30.7333,76.7794,Chandigarh
2025-11-06,25.8,14.2,19.5,25.7,14.0,0.0,0.0,12.8,26.3,328,13.53,35391.96,3.07,0,Chandigarh,30.7333,76.7794,Chandigarh
2025-11-07,26.3,14.4,19.6,26.3,13.7,0.0,0.0,12.9,25.6,329,13.55,35162.47,3.09,0,Chandigarh,30.7333,76.7794,Chandigarh
2025-11-08,25.6,14.5,19.3,24.7,14.1,0.0,0.0,10.7,26.3,330,13.37,35220.14,3.05,0,Chandigarh,30.7333,76.7794,Chandigarh
2025-11-09,25.1,13.2,18.6,23.2,12.5,0.0,0.0,12.5,29.5,332,13.49,35277.51,3.18,0,Chandigarh,30.7333,76.7794,Chandigarh
2025-11-10,24.8,11.8,17.7,23.0,10.8,0.0,0.0,11.0,27.4,342,13.41,34756.72,2.94,0,Chandigarh,30.7333,76.7794,Chandigarh
2025-11-11,25.3,12.6,18.2,22.4,11.4,0.0,0.0,14.7,33.5,334,13.36,34812.05,3.42,0,Chandigarh,30.7333,76.7794,Chandigarh
2025-11-12,24.9,13.4,18.2,22.2,10.6,0.0,0.0,14.7,33.8,331,13.33,34575.77,3.52,0,Chandigarh,30.7333,76.7794,Chandigarh
2025-11-13,24.3,11.9,17.5,21.4,9.6,0.0,0.0,15.6,34.2,333,13.17,34339.68,3.38,0,Chandigarh,30.7333,76.7794,Chandigarh
2025-11-14,23.9,11.3,16.9,21.6,9.3,0.0,0.0,12.7,30.2,339,12.83,34099.67,2.91,0,Chandigarh,30.7333,76.7794,Chandigarh
2025-11-15,24.6,11.4,17.0,22.4,9.4,0.0,0.0,12.8,28.4,337,12.82,34150.55,2.98,0,Chandigarh,30.7333,76.7794,Chandigarh
2025-11-16,23.7,11.1,16.6,21.3,9.5,0.0,0.0,12.5,29.9,341,12.66,33816.7,2.8,0,Chandigarh,30.7333,76.7794,Chandigarh
2025-11-17,23.0,11.9,16.5,22.4,10.3,0.0,0.0,9.8,18.7,11,12.27,33837.22,2.25,3,Chandigarh,30.7333,76.7794,Chandigarh
2025-11-18,24.4,11.8,17.0,23.1,11.2,0.0,0.0,7.8,21.6,347,12.16,33562.08,2.44,3,Chandigarh,30.7333,76.7794,Chandigarh
2025-11-19,24.2,11.1,16.4,22.8,10.4,0.0,0.0,11.0,26.3,117,12.05,33580.19,2.35,3,Chandigarh,30.7333,76.7794,Chandigarh
2025-11-20,24.0,11.8,16.7,23.0,11.4,0.0,0.0,6.9,18.7,93,12.02,33597.35,2.31,3,Chandigarh,30.7333,76.7794,Chandigarh
2025-11-21,23.9,11.4,16.9,23.1,10.9,0.0,0.0,9.7,18.4,31,11.92,33613.51,2.3,0,Chandigarh,30.7333,76.7794,Chandigarh
2025-11-22,23.1,11.8,16.6,21.2,10.2,0.0,0.0,10.7,26.6,345,12.04,33628.63,2.62,0,Chandigarh,30.7333,76.7794,Chandigarh
2025-11-23,22.3,9.5,15.2,21.3,8.3,0.0,0.0,8.3,20.9,355,11.98,33642.68,2.25,0,Chandigarh,30.7333,76.7794,Chandigarh
2025-11-24,21.8,9.4,15.0,20.9,8.2,0.0,0.0,8.8,20.5,351,11.74,33655.77,2.23,0,Chandigarh,30.7333,76.7794,Chandigarh
2025-11-25,21.4,9.4,14.6,19.7,8.3,0.0,0.0,11.0,25.6,333,11.68,33369.07,2.24,0,Chandigarh,30.7333,76.7794,Chandigarh
2025-11-26,21.9,8.9,14.3,21.0,7.4,0.0,0.0,6.6,16.2,347,11.71,33379.69,2.08,0,Chandigarh,30.7333,76.7794,Chandigarh
2025-11-27,22.2,10.0,15.0,21.6,9.2,0.0,0.0,6.9,15.8,26,11.65,33389.35,1.99,3,Chandigarh,30.7333,76.7794,Chandigarh
2025-11-28,23.5,10.7,16.2,21.6,8.8,0.0,0.0,9.5,20.9,344,11.74,33698.52,2.58,3,Chandigarh,30.7333,76.7794,Chandigarh
2025-11-29,22.7,11.2,16.0,20.6,8.9,0.0,0.0,12.2,24.8,333,11.74,33706.83,2.75,1,Chandigarh,30.7333,76.7794,Chandigarh
2025-11-30,21.6,10.1,15.0,19.5,8.0,0.0,0.0,12.0,27.7,328,11.57,33412.72,2.64,3,Chandigarh,30.7333,76.7794,Chandigarh
2025-12-01,21.1,9.7,14.1,19.6,8.5,0.0,0.0,6.7,18.7,332,11.37,33026.67,2.09,3,Chandigarh,30.7333,76.7794,Chandigarh
2025-12-02,21.1,7.4,13.4,19.1,6.4,0.0,0.0,6.6,17.3,346,11.58,33726.07,2.13,0,Chandigarh,30.7333,76.7794,Chandigarh
2025-12-03,20.6,7.2,13.6,18.3,5.4,0.0,0.0,11.6,27.0,335,11.5,33427.61,2.39,0,Chandigarh,30.7333,76.7794,Chandigarh
2025-12-04,20.4,8.5,13.8,18.7,7.0,0.0,0.0,12.0,27.4,329,10.78,32063.0,2.2,3,Chandigarh,30.7333,76.7794,Chandigarh
2025-12-05,20.7,8.8,14.1,18.6,7.2,0.0,0.0,11.9,27.0,332,11.31,33432.87,2.31,1,Chandigarh,30.7333,76.7794,Chandigarh
2025-12-06,21.9,11.1,15.6,19.5,7.1,0.0,0.0,15.4,33.8,324,10.25,31866.51,3.03,3,Chandigarh,30.7333,76.7794,Chandigarh
2025-12-07,23.3,11.9,16.4,20.4,8.1,0.0,0.0,15.6,34.2,325,11.37,33739.13,3.4,3,Chandigarh,30.7333,76.7794,Chandigarh
2025-12-08,23.4,12.4,16.9,20.8,9.2,0.0,0.0,15.5,32.4,327,11.35,33738.9,3.3,1,Chandigarh,30.7333,76.7794,Chandigarh
2025-12-09,22.3,12.5,16.3,19.8,8.9,0.0,0.0,13.8,30.2,323,11.44,33737.7,3.2,3,Chandigarh,30.7333,76.7794,Chandigarh
2025-12-10,22.7,12.0,15.9,20.2,8.2,0.0,0.0,14.5,28.8,325,11.28,33735.57,2.87,3,Chandigarh,30.7333,76.7794,Chandigarh
2025-12-11,22.1,9.6,14.6,20.1,7.0,0.0,0.0,9.3,24.1,329,11.29,33732.47,2.28,0,Chandigarh,30.7333,76.7794,Chandigarh
2025-12-12,21.5,9.8,14.5,20.2,7.9,0.0,0.0,6.2,16.9,85,11.04,33421.96,1.96,3,Chandigarh,30.7333,76.7794,Chandigarh
2025-12-13,20.4,9.5,14.5,19.6,8.1,0.0,0.0,8.1,20.9,102,8.15,19871.87,1.56,3,Chandigarh,30.7333,76.7794,Chandigarh
2025-12-14,22.6,10.2,15.6,21.3,9.1,0.0,0.0,5.5,18.0,355,10.64,32400.0,1.94,3,Chandigarh,30.7333,76.7794,Chandigarh
2025-12-15,23.6,12.8,16.7,21.4,10.3,0.0,0.0,14.2,32.4,326,11.17,33187.33,2.93,3,Chandigarh,30.7333,76.7794,Chandigarh
2025-12-16,22.6,11.5,16.0,20.0,8.2,0.0,0.0,16.0,37.1,324,11.17,34008.37,2.97,3,Chandigarh,30.7333,76.7794,Chandigarh
2025-12-17,22.5,12.4,16.1,21.1,8.9,0.0,0.0,15.2,31.0,317,11.16,32768.15,2.73,3,Chandigarh,30.7333,76.7794,Chandigarh
2025-12-18,19.7,10.9,14.3,19.3,10.8,0.0,0.0,6.9,16.9,289,8.65,23003.87,1.48,3,Chandigarh,30.7333,76.7794,Chandigarh
2025-12-19,19.9,12.2,14.9,19.4,9.4,0.0,0.0,13.4,26.6,320,9.42,28422.78,1.93,3,Chandigarh,30.7333,76.7794,Chandigarh
2025-12-20,17.2,9.9,12.4,16.5,8.6,0.0,0.0,8.7,23.0,177,8.37,24436.26,1.28,3,Chandigarh,30.7333,76.7794,Chandigarh
2025-12-21,17.6,10.2,12.9,17.5,9.8,0.0,0.0,7.3,22.7,169,7.85,20757.07,1.24,3,Chandigarh,30.7333,76.7794,Chandigarh
2025-12-22,19.9,11.0,15.0,19.7,10.2,0.0,0.0,10.2,19.8,316,10.8,34550.65,1.85,3,Chandigarh,30.7333,76.7794,Chandigarh
2025-12-23,22.1,12.5,16.1,21.3,10.0,0.0,0.0,13.0,29.2,325,11.0,34534.93,2.32,0,Chandigarh,30.7333,76.7794,Chandigarh
2025-12-24,20.2,11.2,14.7,18.2,9.1,0.0,0.0,14.5,33.8,320,11.03,34572.72,2.08,3,Chandigarh,30.7333,76.7794,Chandigarh
2025-12-25,18.4,8.6,12.8,17.6,7.4,0.0,0.0,6.6,20.2,260,10.4,34500.74,1.64,3,Chandigarh,30.7333,76.7794,Chandigarh
2025-12-26,18.3,10.4,13.1,16.8,9.2,0.0,0.0,10.8,27.0,316,8.86,26163.38,1.48,3,Chandigarh,30.7333,76.7794,Chandigarh
2025-12-27,18.1,7.8,12.1,17.0,6.8,0.0,0.0,9.6,23.4,322,10.41,33473.3,1.66,3,Chandigarh,30.7333,76.7794,Chandigarh
2025-12-28,18.4,8.7,12.6,16.7,7.8,0.0,0.0,10.4,25.2,303,10.75,31849.04,1.7,3,Chandigarh,30.7333,76.7794,Chandigarh
2025-12-29,17.4,8.8,12.0,16.4,7.1,0.0,0.0,9.1,22.7,314,9.65,30579.93,1.53,3,Chandigarh,30.7333,76.7794,Chandigarh
2025-12-30,18.6,8.5,12.5,17.5,6.9,0.0,0.0,10.0,24.8,313,10.96,34900.73,1.77,3,Chandigarh,30.7333,76.7794,Chandigarh
2025-12-31,15.9,9.7,12.1,13.9,8.4,0.0,0.0,18.5,40.7,149,7.67,14307.44,1.23,3,Chandigarh,30.7333,76.7794,Chandigarh
2026-01-01,15.2,9.4,11.8,14.5,8.2,1.7,1.7,12.4,25.6,136,7.72,30200.32,1.2,61,Chandigarh,30.7333,76.7794,Chandigarh
2026-01-02,17.2,8.4,12.6,15.6,6.6,0.0,0.0,11.6,29.9,319,10.35,35910.91,1.67,3,Chandigarh,30.7333,76.7794,Chandigarh
2026-01-03,16.6,9.8,12.5,15.5,8.3,0.0,0.0,10.1,21.6,314,8.42,30697.66,1.38,3,Chandigarh,30.7333,76.7794,Chandigarh
2026-01-04,15.3,9.6,11.7,13.7,8.0,0.0,0.0,9.9,24.5,319,8.62,31963.78,1.32,3,Chandigarh,30.7333,76.7794,Chandigarh
2026-01-05,17.2,8.5,11.8,15.5,6.3,0.0,0.0,12.2,28.4,315,11.22,34549.65,1.76,2,Chandigarh,30.7333,76.7794,Chandigarh
2026-01-06,15.4,7.6,10.8,13.9,5.7,0.0,0.0,11.8,24.5,327,10.66,34595.02,1.59,2,Chandigarh,30.7333,76.7794,Chandigarh
2026-01-07,14.8,5.7,9.6,13.0,3.4,0.0,0.0,11.3,23.0,332,10.93,35929.9,1.62,2,Chandigarh,30.7333,76.7794,Chandigarh
2026-01-08,14.5,4.9,8.8,12.8,2.7,0.0,0.0,8.0,18.7,315,11.36,35928.83,1.62,3,Chandigarh,30.7333,76.7794,Chandigarh
2026-01-09,15.8,3.2,9.2,13.3,1.0,0.0,0.0,10.0,21.2,330,11.94,36000.0,1.89,2,Chandigarh,30.7333,76.7794,Chandigarh
2026-01-10,16.5,5.4,10.2,14.2,2.6,0.0,0.0,11.5,26.3,324,11.88,36000.0,2.04,3,Chandigarh,30.7333,76.7794,Chandigarh
2026-01-11,16.2,5.7,9.7,14.1,3.5,0.0,0.0,14.5,31.0,320,11.77,35634.98,1.77,3,Chandigarh,30.7333,76.7794,Chandigarh
2026-01-12,14.5,5.9,9.0,13.0,3.6,0.0,0.0,10.6,23.8,316,11.62,35089.55,1.66,3,Chandigarh,30.7333,76.7794,Chandigarh
2026-01-13,14.8,5.9,9.4,13.2,3.5,0.0,0.0,10.2,23.0,323,10.2,34281.61,1.52,3,Chandigarh,30.7333,76.7794,Chandigarh
2026-01-14,13.7,4.9,8.5,11.8,2.4,0.0,0.0,9.3,24.8,312,11.19,35309.64,1.51,3,Chandigarh,30.7333,76.7794,Chandigarh
2026-01-15,16.3,6.0,10.0,14.0,3.6,0.0,0.0,14.4,32.0,316,12.03,35542.26,1.82,3,Chandigarh,30.7333,76.7794,Chandigarh
2026-01-16,17.9,6.5,11.4,16.3,4.1,0.0,0.0,9.4,21.6,302,12.15,33323.71,2.0,3,Chandigarh,30.7333,76.7794,Chandigarh
2026-01-17,18.4,8.6,12.9,17.9,7.6,0.0,0.0,6.0,16.2,321,9.71,25531.45,1.62,3,Chandigarh,30.7333,76.7794,Chandigarh
2026-01-18,20.2,8.1,13.2,18.9,6.4,0.0,0.0,6.5,20.5,109,12.63,36000.0,2.1,3,Chandigarh,30.7333,76.7794,Chandigarh
2026-01-19,23.1,5.9,14.1,20.6,3.3,0.0,0.0,9.1,20.9,359,12.79,36000.0,2.62,3,Chandigarh,30.7333,76.7794,Chandigarh
2026-01-20,22.9,10.0,15.8,19.7,7.4,0.0,0.0,11.2,29.2,341,12.82,33501.27,3.17,3,Chandigarh,30.7333,76.7794,Chandigarh
2026-01-21,21.9,7.4,13.9,19.2,4.9,0.0,0.0,9.5,24.5,336,13.22,36000.0,2.71,0,Chandigarh,30.7333,76.7794,Chandigarh
2026-01-22,23.4,6.7,15.0,19.9,4.3,0.0,0.0,19.6,37.1,120,13.43,36000.0,3.23,3,Chandigarh,30.7333,76.7794,Chandigarh
2026-01-23,18.1,9.4,12.8,13.3,2.9,39.7,39.7,44.2,89.6,132,2.39,3540.97,2.06,65,Chandigarh,30.7333,76.7794,Chandigarh
2026-01-24,15.7,6.9,11.0,12.8,4.6,0.5,0.5,13.4,27.0,319,11.4,33392.04,2.11,51,Chandigarh,30.7333,76.7794,Chandigarh
2026-01-25,18.7,7.7,12.2,16.9,5.6,0.0,0.0,9.7,26.3,321,13.06,36000.0,2.16,3,Chandigarh,30.7333,76.7794,Chandigarh
2026-01-26,17.9,7.6,12.4,17.3,5.9,0.1,0.1,11.7,24.1,343,9.86,35234.6,1.65,51,Chandigarh,30.7333,76.7794,Chandigarh
2026-01-27,19.4,10.8,13.5,16.3,9.4,31.0,31.0,21.0,45.7,141,8.27,25124.15,1.64,65,Chandigarh,30.7333,76.7794,Chandigarh
2026-01-28,18.1,9.0,13.0,17.1,7.9,3.7,3.7,10.1,24.8,5,11.31,36000.0,1.84,61,Chandigarh,30.7333,76.7794,Chandigarh
2026-01-29,18.7,6.8,12.4,17.7,4.8,0.0,0.0,9.7,25.2,323,13.86,36000.0,2.2,3,Chandigarh,30.7333,76.7794,Chandigarh
2026-01-30,19.8,9.1,13.5,18.7,8.1,0.0,0.0,10.3,27.7,326,13.31,28800.0,2.23,3,Chandigarh,30.7333,76.7794,Chandigarh
2026-01-31,18.5,7.8,12.8,17.3,6.2,0.0,0.0,9.8,25.2,148,12.9,34747.0,2.02,3,Chandigarh,30.7333,76.7794,Chandigarh
2026-02-01,19.4,10.4,14.4,18.7,9.3,1.7,1.7,13.0,30.2,99,10.49,33949.26,1.92,53,Chandigarh,30.7333,76.7794,Chandigarh
2026-02-02,20.9,8.3,14.5,20.0,7.3,0.0,0.0,9.8,23.4,325,12.18,25957.02,2.25,3,Chandigarh,30.7333,76.7794,Chandigarh
2026-02-03,19.0,9.2,13.5,18.5,8.3,0.1,0.1,7.0,23.0,318,13.15,35478.81,2.1,51,Chandigarh,30.7333,76.7794,Chandigarh
2026-02-04,21.0,7.7,13.9,19.2,6.1,0.0,0.0,14.3,32.8,328,14.68,36000.0,2.72,1,Chandigarh,30.7333,76.7794,Chandigarh
2026-02-05,20.9,7.4,14.0,19.2,5.2,0.0,0.0,13.4,32.4,325,14.95,36000.0,2.79,2,Chandigarh,30.7333,76.7794,Chandigarh
2026-02-06,21.9,10.9,15.3,18.8,7.4,0.0,0.0,18.4,41.4,324,15.33,36000.0,3.48,1,Chandigarh,30.7333,76.7794,Chandigarh
2026-02-07,23.7,11.9,16.3,20.7,8.2,0.0,0.0,21.5,47.2,322,15.3,36000.0,3.8,3,Chandigarh,30.7333,76.7794,Chandigarh
2026-02-08,21.8,7.7,14.7,19.9,5.9,0.0,0.0,14.9,35.3,325,15.58,36000.0,3.08,3,Chandigarh,30.7333,76.7794,Chandigarh
2026-02-09,20.8,10.7,14.9,19.6,9.7,0.0,0.0,8.3,22.7,111,12.77,32400.0,2.27,3,Chandigarh,30.7333,76.7794,Chandigarh
2026-02-10,23.3,9.4,15.4,21.5,8.8,0.0,0.0,8.6,21.2,360,15.25,34536.85,2.89,3,Chandigarh,30.7333,76.7794,Chandigarh
2026-02-11,25.0,8.8,16.9,22.9,7.1,0.0,0.0,16.8,37.4,328,15.72,36000.0,3.64,3,Chandigarh,30.7333,76.7794,Chandigarh
2026-02-12,23.3,11.3,16.9,22.1,9.2,0.0,0.0,14.7,34.6,320,15.99,36105.31,3.49,3,Chandigarh,30.7333,76.7794,Chandigarh
2026-02-13,23.7,11.6,16.8,22.7,10.0,0.0,0.0,14.3,35.3,323,15.99,36078.5,3.2,3,Chandigarh,30.7333,76.7794,Chandigarh
2026-02-14,24.7,10.1,17.0,22.4,9.1,0.0,0.0,18.5,42.8,322,16.4,36051.81,3.64,3,Chandigarh,30.7333,76.7794,Chandigarh
2026-02-15,25.6,14.3,18.8,22.8,12.2,0.0,0.0,18.0,41.8,325,16.63,36303.52,4.16,0,Chandigarh,30.7333,76.7794,Chandigarh
2026-02-16,25.8,11.1,17.3,24.9,9.3,0.0,0.0,8.4,24.1,343,16.77,36276.71,3.36,0,Chandigarh,30.7333,76.7794,Chandigarh
2026-02-17,26.3,11.1,18.3,24.8,10.3,0.0,0.0,12.6,31.0,117,16.56,36176.24,3.54,3,Chandigarh,30.7333,76.7794,Chandigarh
2026-02-18,24.9,14.5,18.9,23.8,14.1,0.0,0.0,13.8,26.3,11,13.15,30466.53,2.83,3,Chandigarh,30.7333,76.7794,Chandigarh
2026-02-19,25.1,13.3,18.5,23.7,12.8,0.4,0.4,11.9,30.6,57,15.09,36197.36,3.11,51,Chandigarh,30.7333,76.7794,Chandigarh
2026-02-20,26.8,11.8,18.9,26.5,11.2,0.0,0.0,14.2,33.5,322,16.57,36447.18,3.52,0,Chandigarh,30.7333,76.7794,Chandigarh
2026-02-21,25.4,13.2,19.2,24.9,11.9,0.0,0.0,15.8,36.4,321,17.1,36696.29,3.82,1,Chandigarh,30.7333,76.7794,Chandigarh
2026-02-22,25.6,14.4,19.3,25.0,12.9,0.0,0.0,13.4,32.4,324,17.32,36669.85,3.85,0,Chandigarh,30.7333,76.7794,Chandigarh
2026-02-23,25.9,11.4,18.7,25.6,11.0,0.0,0.0,10.9,28.1,329,17.03,36918.13,3.49,2,Chandigarh,30.7333,76.7794,Chandigarh
2026-02-24,26.5,11.6,19.0,26.4,11.0,0.0,0.0,13.2,30.6,326,17.5,36891.79,3.75,0,Chandigarh,30.7333,76.7794,Chandigarh
2026-02-25,26.8,14.0,19.9,25.1,13.4,0.0,0.0,18.4,41.0,322,17.73,36865.73,4.11,0,Chandigarh,30.7333,76.7794,Chandigarh
2026-02-26,27.2,16.0,20.7,25.1,15.0,0.0,0.0,21.1,47.9,323,18.07,37201.35,4.52,0,Chandigarh,30.7333,76.7794,Chandigarh
2026-02-27,27.7,14.2,20.5,26.1,12.7,0.0,0.0,14.7,35.6,333,18.22,37414.5,4.45,1,Chandigarh,30.7333,76.7794,Chandigarh
2026-02-28,28.1,14.7,20.8,25.6,12.7,0.0,0.0,18.3,43.2,333,18.28,37627.16,4.78,1,Chandigarh,30.7333,76.7794,Chandigarh
2026-03-01,28.0,15.6,21.5,25.2,13.7,0.0,0.0,21.2,47.5,326,19.12,38111.02,5.46,0,Chandigarh,30.7333,76.7794,Chandigarh
2026-03-02,29.0,17.0,22.3,24.9,14.8,0.0,0.0,23.7,52.9,327,19.24,38322.11,6.03,2,Chandigarh,30.7333,76.7794,Chandigarh
2026-03-03,28.8,16.2,22.0,27.3,13.4,0.0,0.0,20.0,46.4,322,19.16,38261.93,5.64,1,Chandigarh,30.7333,76.7794,Chandigarh
2026-03-04,31.1,17.7,24.1,29.0,15.2,0.0,0.0,20.4,46.4,322,19.08,38743.81,6.0,0,Chandigarh,30.7333,76.7794,Chandigarh
2026-03-05,32.4,19.3,25.1,32.6,16.8,0.0,0.0,17.9,41.4,320,19.09,38682.94,5.85,0,Chandigarh,30.7333,76.7794,Chandigarh
2026-03-06,31.4,18.0,24.7,32.8,18.4,0.0,0.0,9.1,25.6,170,19.22,38081.03,4.31,3,Chandigarh,30.7333,76.7794,Chandigarh
2026-03-07,31.8,18.9,25.0,33.3,20.4,0.0,0.0,11.2,29.2,11,19.16,39101.35,4.53,0,Chandigarh,30.7333,76.7794,Chandigarh
2026-03-08,32.3,18.7,25.4,32.9,19.2,0.0,0.0,16.1,37.4,319,19.27,39579.75,4.87,0,Chandigarh,30.7333,76.7794,Chandigarh
2026-03-09,32.1,19.6,25.4,33.2,18.3,0.0,0.0,13.9,32.0,324,19.2,38438.06,4.9,3,Chandigarh,30.7333,76.7794,Chandigarh
2026-03-10,32.1,19.9,25.7,34.5,20.5,0.0,0.0,15.1,36.4,118,19.25,39186.22,4.72,3,Chandigarh,30.7333,76.7794,Chandigarh
2026-03-11,33.5,18.4,26.5,32.2,16.7,0.0,0.0,12.9,33.5,349,19.54,39124.47,5.52,3,Chandigarh,30.7333,76.7794,Chandigarh
2026-03-12,32.2,19.0,25.7,32.9,18.7,0.0,0.0,11.4,34.6,334,18.9,38463.08,4.74,3,Chandigarh,30.7333,76.7794,Chandigarh
2026-03-13,30.7,17.7,24.3,29.7,16.6,0.0,0.0,17.3,39.6,321,18.12,39002.91,5.41,3,Chandigarh,30.7333,76.7794,Chandigarh
2026-03-14,30.8,18.9,23.5,29.5,17.3,0.0,0.0,13.4,33.5,320,18.39,38900.35,5.07,3,Chandigarh,30.7333,76.7794,Chandigarh
2026-03-15,26.0,15.3,19.5,24.8,14.2,2.8,2.8,15.8,42.5,79,13.23,26512.17,3.19,61,Chandigarh,30.7333,76.7794,Chandigarh
2026-03-16,25.4,13.3,16.9,24.1,12.2,6.1,6.1,22.4,50.4,27,15.3,37873.2,3.01,63,Chandigarh,30.7333,76.7794,Chandigarh
2026-03-17,27.4,13.3,19.3,27.0,11.8,0.0,0.0,9.7,25.2,328,19.01,41843.9,4.03,3,Chandigarh,30.7333,76.7794,Chandigarh
2026-03-18,27.9,14.2,20.7,26.1,13.5,0.0,0.0,17.1,33.1,17,9.19,8552.12,2.96,3,Chandigarh,30.7333,76.7794,Chandigarh
2026-03-19,24.3,16.1,18.2,23.5,15.0,10.7,10.7,16.8,35.3,354,6.37,14794.58,1.61,61,Chandigarh,30.7333,76.7794,Chandigarh
2026-03-20,17.2,12.8,15.6,19.0,13.0,15.6,15.6,13.7,34.6,31,4.31,0.0,0.84,63,Chandigarh,30.7333,76.7794,Chandigarh
2026-03-21,23.5,9.7,17.2,23.6,9.1,0.0,0.0,12.2,29.5,321,19.56,33998.15,3.81,3,Chandigarh,30.7333,76.7794,Chandigarh
2026-03-22,26.3,14.5,19.9,25.6,13.6,0.0,0.0,20.2,46.1,318,21.07,39600.0,4.63,3,Chandigarh,30.7333,76.7794,Chandigarh
2026-03-23,26.2,15.0,20.6,26.3,14.7,0.0,0.0,12.1,31.0,335,19.06,40545.36,4.12,3,Chandigarh,30.7333,76.7794,Chandigarh
2026-03-24,27.1,13.6,20.8,25.5,13.8,0.0,0.0,20.4,47.2,324,20.86,43200.0,4.95,3,Chandigarh,30.7333,76.7794,Chandigarh
2026-03-25,29.0,18.8,23.3,28.5,17.5,0.0,0.0,17.6,41.0,324,21.74,40943.08,5.59,3,Chandigarh,30.7333,76.7794,Chandigarh
2026-03-26,31.2,17.9,24.4,30.4,17.4,0.2,0.2,20.2,46.8,328,19.06,36000.0,5.56,51,Chandigarh,30.7333,76.7794,Chandigarh
2026-03-27,28.2,18.2,22.6,27.5,17.3,0.3,0.3,17.6,41.4,328,17.02,33987.52,4.5,51,Chandigarh,30.7333,76.7794,Chandigarh
2026-03-28,29.8,17.3,23.5,29.6,17.7,0.0,0.0,11.3,28.8,337,19.42,41918.51,4.65,3,Chandigarh,30.7333,76.7794,Chandigarh
2026-03-29,30.2,18.7,23.7,30.1,19.8,0.8,0.8,13.0,30.6,106,15.9,27896.81,3.99,51,Chandigarh,30.7333,76.7794,Chandigarh
2026-03-30,31.1,19.0,24.5,31.6,18.9,0.4,0.4,14.5,34.2,114,15.28,24484.69,4.28,51,Chandigarh,30.7333,76.7794,Chandigarh
2026-03-31,31.3,18.4,24.2,30.5,18.6,0.0,0.0,14.0,34.9,326,18.91,34015.25,4.95,3,Chandigarh,30.7333,76.7794,Chandigarh
2026-04-01,30.4,16.1,23.6,30.2,16.1,0.2,0.2,11.1,27.4,337,17.07,31521.39,4.45,51,Chandigarh,30.7333,76.7794,Chandigarh
2026-04-02,33.5,18.3,25.6,33.3,17.8,0.0,0.0,13.0,32.8,351,21.74,40287.92,5.7,3,Chandigarh,30.7333,76.7794,Chandigarh
2026-04-03,29.3,18.6,22.6,31.2,19.1,5.0,5.0,22.2,54.7,86,16.51,24577.12,3.8,63,Chandigarh,30.7333,76.7794,Chandigarh
2026-04-04,27.6,17.3,22.0,28.2,18.7,2.8,2.8,13.3,38.9,7,16.18,32758.59,3.61,61,Chandigarh,30.7333,76.7794,Chandigarh
2026-04-05,27.8,16.5,21.6,28.0,16.5,0.8,0.8,14.1,30.2,340,18.66,39578.99,4.31,53,Chandigarh,30.7333,76.7794,Chandigarh
2026-04-06,29.3,15.0,22.4,29.2,14.8,0.0,0.0,10.0,27.7,15,21.45,41958.7,4.9,2,Chandigarh,30.7333,76.7794,Chandigarh
2026-04-07,27.6,15.6,20.7,23.7,15.9,5.9,5.9,25.5,59.8,129,11.24,14629.26,3.66,63,Chandigarh,30.7333,76.7794,Chandigarh
2026-04-08,22.2,12.8,17.4,22.5,12.5,4.8,4.8,18.1,41.4,135,16.48,35546.41,3.1,55,Chandigarh,30.7333,76.7794,Chandigarh
2026-04-09,25.5,13.3,19.0,26.1,12.3,0.0,0.0,13.3,30.6,345,22.41,43200.0,4.69,1,Chandigarh,30.7333,76.7794,Chandigarh
2026-04-10,27.3,15.2,21.0,25.1,13.5,0.0,0.0,23.3,51.5,326,23.91,42477.87,6.1,1,Chandigarh,30.7333,76.7794,Chandigarh
2026-04-11,29.2,17.0,22.6,28.3,15.8,0.0,0.0,17.0,40.7,335,20.64,41138.89,5.57,3,Chandigarh,30.7333,76.7794,Chandigarh
2026-04-12,29.6,17.1,23.3,29.1,16.1,0.0,0.0,16.9,39.2,329,23.88,43200.0,6.23,1,Chandigarh,30.7333,76.7794,Chandigarh
2026-04-13,31.6,19.6,25.1,30.4,17.7,0.0,0.0,18.4,42.5,331,23.78,39563.52,6.94,3,Chandigarh,30.7333,76.7794,Chandigarh
2026-04-14,33.5,17.9,26.0,31.8,16.4,0.0,0.0,16.9,41.0,338,24.43,43200.0,6.91,1,Chandigarh,30.7333,76.7794,Chandigarh
2026-04-15,34.3,20.2,27.2,32.9,18.7,0.0,0.0,17.0,40.0,337,24.31,40427.12,7.26,3,Chandigarh,30.7333,76.7794,Chandigarh
2026-04-16,36.4,18.9,27.6,34.4,17.5,0.0,0.0,14.9,35.6,353,23.95,43200.0,6.96,3,Chandigarh,30.7333,76.7794,Chandigarh
2026-04-17,36.9,21.6,28.4,36.1,20.5,0.0,0.0,14.7,36.7,73,21.3,40275.89,5.78,3,Chandigarh,30.7333,76.7794,Chandigarh
2026-04-18,37.8,18.7,29.6,37.9,18.2,0.0,0.0,11.8,27.4,351,23.48,40174.71,6.63,3,Chandigarh,30.7333,76.7794,Chandigarh
2026-04-19,37.3,20.3,29.3,36.5,20.8,0.0,0.0,20.0,46.4,336,21.41,39375.06,7.0,3,Chandigarh,30.7333,76.7794,Chandigarh
2026-04-20,36.5,21.0,29.1,35.2,19.5,0.0,0.0,18.2,43.2,325,24.07,43200.0,7.64,3,Chandigarh,30.7333,76.7794,Chandigarh
2026-04-21,36.0,23.1,29.9,34.5,21.4,0.0,0.0,18.6,43.6,334,24.49,43200.0,8.23,3,Chandigarh,30.7333,76.7794,Chandigarh
2026-04-22,37.1,22.8,30.6,36.0,21.2,0.0,0.0,19.4,44.3,334,24.39,41059.84,8.3,3,Chandigarh,30.7333,76.7794,Chandigarh
2026-04-23,38.3,26.3,32.2,37.9,25.2,0.0,0.0,18.5,45.7,335,23.64,41938.23,7.82,2,Chandigarh,30.7333,76.7794,Chandigarh
2026-04-24,39.1,24.7,32.1,38.5,24.6,0.0,0.0,17.9,44.6,337,21.88,41262.72,7.33,3,Chandigarh,30.7333,76.7794,Chandigarh
2026-04-25,39.4,25.6,32.2,38.3,25.1,0.0,0.0,26.2,59.4,328,20.76,38247.56,7.7,3,Chandigarh,30.7333,76.7794,Chandigarh
2026-04-26,39.0,25.9,32.4,37.5,24.9,0.0,0.0,20.7,45.7,330,24.44,43200.0,8.39,3,Chandigarh,30.7333,76.7794,Chandigarh
2026-04-27,38.3,25.2,32.2,36.7,23.8,0.0,0.0,20.9,45.7,332,24.48,42523.28,8.47,3,Chandigarh,30.7333,76.7794,Chandigarh
2026-04-28,34.2,24.8,29.5,33.8,24.7,0.3,0.3,16.2,37.1,7,12.11,18914.02,4.4,51,Chandigarh,30.7333,76.7794,Chandigarh
2026-04-29,34.0,21.0,27.7,34.1,22.5,1.8,1.8,13.1,34.6,34,18.05,38576.77,4.86,53,Chandigarh,30.7333,76.7794,Chandigarh
2026-04-30,34.9,20.7,26.7,34.7,22.0,0.4,0.4,15.3,37.1,137,20.87,39600.0,5.4,51,Chandigarh,30.7333,76.7794,Chandigarh
2026-05-01,33.4,20.7,27.1,34.8,21.5,0.0,0.0,16.2,37.4,140,22.9,42771.54,5.94,1,Chandigarh,30.7333,76.7794,Chandigarh
2026-05-02,34.1,21.3,27.9,35.5,22.6,0.0,0.0,14.3,33.8,116,22.37,42722.43,6.03,1,Chandigarh,30.7333,76.7794,Chandigarh
2026-05-03,32.1,20.1,27.0,32.4,18.1,7.4,7.4,29.9,62.3,123,21.84,34832.05,6.11,63,Chandigarh,30.7333,76.7794,Chandigarh
2026-05-04,30.5,21.5,25.1,29.5,21.1,0.1,0.1,20.5,45.7,131,19.32,33415.17,5.47,51,Chandigarh,30.7333,76.7794,Chandigarh
2026-05-05,29.6,19.8,24.6,29.7,18.9,2.9,2.9,16.6,42.1,116,19.0,31648.48,4.79,61,Chandigarh,30.7333,76.7794,Chandigarh
2026-05-06,32.7,19.8,25.8,32.3,20.4,0.0,0.0,19.5,46.1,353,22.57,39744.1,6.25,3,Chandigarh,30.7333,76.7794,Chandigarh
2026-05-07,31.1,20.5,25.5,30.1,20.2,0.5,0.5,20.6,46.8,138,19.37,37120.13,5.73,51,Chandigarh,30.7333,76.7794,Chandigarh
2026-05-08,31.9,19.7,26.0,32.1,20.8,1.8,1.8,15.4,37.8,133,22.09,39952.24,5.75,55,Chandigarh,30.7333,76.7794,Chandigarh
2026-05-09,35.0,20.6,28.3,36.2,22.0,0.0,0.0,10.7,28.4,121,22.35,40590.32,5.69,3,Chandigarh,30.7333,76.7794,Chandigarh
2026-05-10,33.8,22.1,28.8,35.6,24.2,0.0,0.0,16.6,39.2,133,19.61,40143.65,5.5,3,Chandigarh,30.7333,76.7794,Chandigarh
2026-05-11,33.0,24.5,28.1,35.7,27.1,1.7,1.7,17.6,41.8,98,18.1,31351.26,4.89,53,Chandigarh,30.7333,76.7794,Chandigarh
2026-05-12,33.2,22.7,28.5,35.3,25.4,0.1,0.1,19.0,43.2,132,20.74,41120.4,5.45,51,Chandigarh,30.7333,76.7794,Chandigarh
2026-05-13,34.7,22.1,28.6,35.6,24.4,0.1,0.1,16.0,37.1,117,21.98,40050.67,5.9,51,Chandigarh,30.7333,76.7794,Chandigarh
2026-05-14,36.2,20.9,28.8,37.7,21.2,0.9,0.9,14.0,29.2,31,23.48,41594.05,5.8,53,Chandigarh,30.7333,76.7794,Chandigarh
2026-05-15,35.1,23.7,29.5,34.9,25.4,0.7,0.7,17.3,38.5,319,22.04,42168.24,6.3,53,Chandigarh,30.7333,76.7794,Chandigarh
2026-05-16,35.9,24.3,30.0,36.7,23.8,0.1,0.1,17.7,36.7,329,22.88,42514.76,6.88,51,Chandigarh,30.7333,76.7794,Chandigarh
2026-05-17,37.8,25.3,31.7,37.8,24.9,0.0,0.0,19.6,43.2,324,24.54,43494.99,8.08,0,Chandigarh,30.7333,76.7794,Chandigarh
2026-05-18,39.8,26.4,33.4,40.2,26.1,0.0,0.0,16.9,38.5,328,24.63,43565.9,8.16,1,Chandigarh,30.7333,76.7794,Chandigarh
2026-05-19,40.8,30.1,34.9,42.3,30.0,0.0,0.0,14.3,31.3,357,23.32,43678.88,7.69,1,Chandigarh,30.7333,76.7794,Chandigarh
2026-05-20,41.8,26.1,34.4,41.5,25.9,0.0,0.0,9.5,26.3,127,25.2,43922.83,6.97,0,Chandigarh,30.7333,76.7794,Chandigarh
2026-05-21,41.4,25.5,34.1,42.6,26.6,0.0,0.0,16.3,33.5,337,22.95,43634.95,7.17,3,Chandigarh,30.7333,76.7794,Chandigarh
2026-05-22,38.7,28.8,33.3,37.4,29.0,0.3,0.3,26.1,68.8,355,22.08,42532.09,8.13,51,Chandigarh,30.7333,76.7794,Chandigarh
2026-05-23,38.6,26.3,33.3,37.8,26.6,0.0,0.0,17.4,37.8,340,24.03,43819.24,8.54,3,Chandigarh,30.7333,76.7794,Chandigarh
2026-05-24,39.8,27.3,33.2,37.3,25.3,0.3,0.3,22.6,51.5,338,23.34,43191.13,8.44,51,Chandigarh,30.7333,76.7794,Chandigarh
2026-05-25,40.3,24.3,33.3,39.8,25.5,0.0,0.0,15.1,33.8,316,24.14,43727.14,7.13,1,Chandigarh,30.7333,76.7794,Chandigarh
2026-05-26,39.7,26.3,33.5,37.3,25.1,0.0,0.0,24.6,54.0,327,25.69,43999.76,9.08,0,Chandigarh,30.7333,76.7794,Chandigarh
2026-05-27,40.7,26.5,34.0,39.8,24.8,0.0,0.0,17.5,37.8,324,25.28,43975.34,7.98,0,Chandigarh,30.7333,76.7794,Chandigarh
2026-05-28,37.7,26.3,32.6,39.3,24.8,0.0,0.0,24.1,53.3,132,20.93,40555.46,7.19,3,Chandigarh,30.7333,76.7794,Chandigarh
2026-05-29,35.0,25.7,30.3,34.7,26.0,0.1,0.1,27.1,59.4,140,22.09,41875.72,7.63,51,Chandigarh,30.7333,76.7794,Chandigarh
2026-05-30,29.0,20.7,24.1,30.2,21.6,14.6,14.6,19.5,41.4,73,9.76,8664.88,2.78,63,Chandigarh,30.7333,76.7794,Chandigarh
2026-05-31,28.1,21.6,25.0,29.2,24.5,0.0,0.0,18.0,40.0,117,13.58,18602.57,3.58,3,Chandigarh,30.7333,76.7794,Chandigarh
2026-06-01,31.7,23.2,27.6,33.7,26.3,0.1,0.1,17.9,43.6,126,17.47,27781.41,4.38,51,Chandigarh,30.7333,76.7794,Chandigarh
2026-06-02,34.2,23.9,29.4,37.4,27.2,0.6,0.6,11.7,26.3,95,22.52,42438.62,5.59,51,Chandigarh,30.7333,76.7794,Chandigarh
2026-06-03,35.6,24.9,30.5,38.6,27.9,0.3,0.3,10.4,28.1,345,23.3,42749.02,6.03,51,Chandigarh,30.7333,76.7794,Chandigarh
2026-06-04,36.7,23.1,29.5,38.8,25.1,5.7,5.7,21.3,49.3,92,23.47,40330.26,6.25,63,Chandigarh,30.7333,76.7794,Chandigarh
2026-06-05,33.8,24.0,28.8,36.9,25.9,0.0,0.0,11.7,27.0,101,20.97,38652.1,5.13,3,Chandigarh,30.7333,76.7794,Chandigarh
2026-06-06,36.0,24.4,30.3,37.1,27.2,0.0,0.0,12.9,31.3,320,24.0,43502.77,6.42,1,Chandigarh,30.7333,76.7794,Chandigarh
2026-06-07,36.8,23.4,30.6,40.0,23.8,0.0,0.0,11.4,25.9,28,23.84,43343.76,6.32,1,Chandigarh,30.7333,76.7794,Chandigarh
2026-06-08,37.7,23.1,31.2,39.5,25.3,0.0,0.0,13.1,29.9,342,24.42,43825.53,6.67,0,Chandigarh,30.7333,76.7794,Chandigarh
2026-06-09,38.8,23.9,32.2,40.2,25.7,0.0,0.0,15.1,33.8,326,24.72,44064.89,7.24,1,Chandigarh,30.7333,76.7794,Chandigarh
2026-06-10,39.9,25.9,33.0,42.3,27.1,0.0,0.0,14.7,32.0,138,24.55,43820.96,6.75,0,Chandigarh,30.7333,76.7794,Chandigarh
2026-06-11,35.0,23.3,30.1,36.8,27.5,5.9,5.9,26.1,56.5,139,23.45,39789.77,6.93,61,Chandigarh,30.7333,76.7794,Chandigarh
2026-06-12,31.6,22.3,27.2,33.9,22.9,3.5,3.5,25.7,54.4,143,20.97,42891.22,5.57,53,Chandigarh,30.7333,76.7794,Chandigarh
2026-06-13,31.2,22.0,26.6,34.6,22.6,3.8,3.8,21.6,49.7,109,16.62,34263.84,3.99,61,Chandigarh,30.7333,76.7794,Chandigarh
2026-06-14,33.8,21.8,28.3,37.8,24.5,0.0,0.0,8.3,21.6,325,24.45,43422.17,5.56,1,Chandigarh,30.7333,76.7794,Chandigarh
2026-06-15,34.3,23.7,28.9,38.4,26.6,1.6,1.6,9.2,28.1,72,22.27,42803.65,5.1,55,Chandigarh,30.7333,76.7794,Chandigarh
2026-06-16,34.1,23.4,28.5,38.1,26.3,0.8,0.8,18.7,36.0,254,23.06,40293.26,5.41,51,Chandigarh,30.7333,76.7794,Chandigarh
2026-06-17,34.7,24.2,29.4,38.2,29.1,0.1,0.1,7.4,19.8,299,21.45,42451.32,5.03,51,Chandigarh,30.7333,76.7794,Chandigarh
2026-06-18,35.6,24.7,30.4,40.0,28.8,2.2,2.2,12.6,28.8,328,22.62,43133.53,5.7,61,Chandigarh,30.7333,76.7794,Chandigarh
2026-06-19,35.0,25.5,30.2,39.0,29.5,0.0,0.0,13.3,29.5,323,22.05,40120.65,5.5,3,Chandigarh,30.7333,76.7794,Chandigarh
2026-06-20,36.1,26.1,31.4,38.6,29.0,0.0,0.0,15.9,35.3,317,24.61,43372.07,6.97,3,Chandigarh,30.7333,76.7794,Chandigarh
2026-06-21,37.4,27.0,32.1,38.7,28.4,0.0,0.0,18.0,39.6,321,23.9,43654.62,7.3,3,Chandigarh,30.7333,76.7794,Chandigarh
2026-06-22,33.8,24.9,29.0,33.4,29.0,0.0,0.0,18.0,41.0,335,11.78,16677.28,3.99,3,Chandigarh,30.7333,76.7794,Chandigarh
2026-06-23,36.3,25.5,30.9,37.8,27.7,0.5,0.5,14.2,34.6,321,23.57,43377.46,6.48,51,Chandigarh,30.7333,76.7794,Chandigarh
2026-06-24,36.6,25.7,30.7,40.4,29.4,0.8,0.8,7.9,25.2,118,22.93,41261.7,5.55,51,Chandigarh,30.7333,76.7794,Chandigarh
2026-06-25,35.5,25.9,31.2,39.7,29.9,3.6,3.6,10.5,27.4,106,23.33,43031.26,5.63,61,Chandigarh,30.7333,76.7794,Chandigarh
2026-06-26,37.2,26.9,32.3,41.5,31.9,0.3,0.3,8.8,22.3,321,23.95,43481.92,5.99,51,Chandigarh,30.7333,76.7794,Chandigarh
2026-06-27,37.8,27.5,32.7,41.8,32.2,0.2,0.2,11.5,28.8,312,23.82,41607.78,5.98,51,Chandigarh,30.7333,76.7794,Chandigarh
2026-06-28,37.8,29.0,33.3,42.1,33.7,1.9,1.9,12.2,28.1,322,22.69,43271.76,5.95,53,Chandigarh,30.7333,76.7794,Chandigarh
2026-06-29,35.6,25.9,31.6,40.6,30.8,7.0,7.0,13.4,34.2,64,19.04,39783.75,4.79,63,Chandigarh,30.7333,76.7794,Chandigarh
2026-06-30,35.0,26.8,30.5,42.2,32.8,7.8,7.8,16.9,34.6,142,18.8,30032.76,4.62,63,Chandigarh,30.7333,76.7794,Chandigarh
2026-07-01,28.6,25.2,26.7,33.4,29.0,9.2,9.2,18.7,37.4,137,7.59,699.72,1.85,61,Chandigarh,30.7333,76.7794,Chandigarh
2026-07-02,31.2,24.4,28.0,36.5,29.4,4.7,4.7,17.8,40.7,146,17.82,32035.12,3.92,63,Chandigarh,30.7333,76.7794,Chandigarh
2026-07-03,35.1,26.3,29.7,41.1,32.0,2.3,2.3,10.9,25.6,74,22.6,40595.47,5.03,55,Chandigarh,30.7333,76.7794,Chandigarh
2026-07-04,32.4,26.6,29.0,38.7,32.8,10.4,10.4,9.0,23.0,331,16.46,28481.57,3.68,63,Chandigarh,30.7333,76.7794,Chandigarh
2026-07-05,34.2,26.4,30.4,41.3,33.4,1.4,1.4,14.8,29.2,150,23.45,42224.94,5.38,51,Chandigarh,30.7333,76.7794,Chandigarh
2026-07-06,33.0,25.6,29.0,38.8,30.2,19.2,19.2,15.7,29.9,135,14.6,25175.88,3.29,63,Chandigarh,30.7333,76.7794,Chandigarh
2026-07-07,33.8,27.5,29.7,39.5,34.0,1.3,1.3,12.0,26.3,146,17.4,28375.95,3.99,51,Chandigarh,30.7333,76.7794,Chandigarh
2026-07-08,29.7,25.7,27.7,36.0,31.7,5.9,5.9,13.2,29.2,139,10.83,13061.67,2.43,61,Chandigarh,30.7333,76.7794,Chandigarh
2026-07-09,27.2,25.6,26.5,34.3,31.6,28.8,28.8,8.8,21.2,349,5.66,658.95,1.27,63,Chandigarh,30.7333,76.7794,Chandigarh
2026-07-10,30.1,24.5,26.7,35.2,29.0,24.6,24.6,9.2,20.5,39,11.53,17357.58,2.55,63,Chandigarh,30.7333,76.7794,Chandigarh
2026-07-11,31.8,25.1,28.4,38.9,30.5,1.3,1.3,9.0,22.3,329,18.95,36000.0,4.2,53,Chandigarh,30.7333,76.7794,Chandigarh
2026-07-12,33.5,25.6,28.8,39.5,30.9,3.9,3.9,23.4,52.9,320,18.73,36754.16,4.25,63,Chandigarh,30.7333,76.7794,Chandigarh
2026-07-13,33.7,26.5,29.9,39.6,29.5,0.0,0.0,13.5,32.8,319,22.1,43537.4,5.3,3,Chandigarh,30.7333,76.7794,Chandigarh
2026-07-14,33.6,25.4,30.3,39.4,30.4,1.9,1.9,12.4,24.5,323,22.46,43551.31,5.29,53,Chandigarh,30.7333,76.7794,Chandigarh
2026-07-15,34.5,25.3,30.6,39.4,30.9,0.0,0.0,14.7,32.4,320,24.17,43565.31,5.92,1,Chandigarh,30.7333,76.7794,Chandigarh
2026-07-16,34.6,26.5,30.8,39.7,32.0,0.0,0.0,14.6,32.0,317,24.3,43579.41,5.9,1,Chandigarh,30.7333,76.7794,Chandigarh
2026-07-17,34.8,27.1,31.1,39.2,32.5,0.4,0.4,15.4,34.9,333,23.62,42433.75,5.88,51,Chandigarh,30.7333,76.7794,Chandigarh
2026-07-18,34.6,28.7,31.4,39.6,34.4,0.0,0.0,12.7,30.2,335,21.81,39808.32,5.3,3,Chandigarh,30.7333,76.7794,Chandigarh
2026-07-19,33.6,27.5,30.5,39.5,33.4,1.1,1.1,11.3,27.7,150,18.27,36868.39,4.38,51,Chandigarh,30.7333,76.7794,Chandigarh
2026-07-20,30.6,26.1,27.5,36.5,30.7,17.3,17.3,15.1,31.0,146,13.74,15876.21,3.07,63,Chandigarh,30.7333,76.7794,Chandigarh
2026-07-21,30.5,25.0,27.4,36.0,28.6,5.0,5.0,17.5,33.1,139,10.39,4048.64,2.48,55,Chandigarh,30.7333,76.7794,Chandigarh
2026-07-22,31.2,25.7,28.5,36.0,29.9,1.9,1.9,19.6,46.4,142,19.28,29594.92,4.53,53,Chandigarh,30.7333,76.7794,Chandigarh
2026-07-23,31.8,24.7,28.4,37.1,28.4,2.8,2.8,16.8,42.8,130,21.84,35702.07,4.66,55,Chandigarh,30.7333,76.7794,Chandigarh
2026-07-24,32.9,26.2,29.3,40.1,30.1,1.7,1.7,15.3,31.7,130,22.11,40520.01,5.11,53,Chandigarh,30.7333,76.7794,Chandigarh
2026-07-25,31.4,27.1,28.8,37.1,30.4,1.8,1.8,21.1,45.7,145,21.73,41593.42,4.99,53,Chandigarh,30.7333,76.7794,Chandigarh
2026-07-26,33.9,25.9,30.1,41.3,32.2,0.6,0.6,6.9,17.3,171,22.31,40208.74,4.94,51,Chandigarh,30.7333,76.7794,Chandigarh
2026-07-27,33.0,26.3,29.1,40.3,31.9,6.2,6.2,9.9,23.0,157,18.95,32678.69,4.13,61,Chandigarh,30.7333,76.7794,Chandigarh
2026-07-28,28.5,24.2,26.2,34.2,28.4,25.0,25.0,14.1,28.8,144,11.34,10461.5,2.38,65,Chandigarh,30.7333,76.7794,Chandigarh
2026-07-29,33.1,25.2,28.9,39.3,30.8,1.0,1.0,10.8,27.7,143,22.84,41413.46,4.98,53,Chandigarh,30.7333,76.7794,Chandigarh
2026-07-30,32.4,25.2,28.6,37.4,30.8,2.9,2.9,16.0,35.3,149,21.11,39446.36,4.79,53,Chandigarh,30.7333,76.7794,Chandigarh
2026-07-31,31.9,27.1,29.0,36.8,30.5,3.0,3.0,18.4,40.0,134,20.7,37724.77,4.89,61,Chandigarh,30.7333,76.7794,Chandigarh
2026-08-01,32.4,26.4,29.1,38.7,31.5,1.5,1.5,14.6,30.6,103,20.23,35694.63,4.61,53,Chandigarh,30.7333,76.7794,Chandigarh
2026-08-02,32.6,26.9,29.5,38.7,32.6,0.3,0.3,13.8,33.5,130,21.92,39930.36,4.8,51,Chandigarh,30.7333,76.7794,Chandigarh
2026-08-03,32.7,26.6,29.2,39.4,31.6,3.0,3.0,14.1,34.2,149,19.1,31086.92,4.32,53,Chandigarh,30.7333,76.7794,Chandigarh
2026-08-04,29.7,25.6,27.1,36.0,30.9,7.1,7.1,9.4,21.6,127,12.66,18122.18,2.7,63,Chandigarh,30.7333,76.7794,Chandigarh
2026-08-05,31.8,25.0,28.2,38.1,31.0,0.8,0.8,9.0,21.6,22,16.63,30197.83,3.64,51,Chandigarh,30.7333,76.7794,Chandigarh
2026-08-06,28.1,24.8,26.4,34.3,29.9,11.2,11.2,15.4,34.9,139,9.06,7210.88,2.0,63,Chandigarh,30.7333,76.7794,Chandigarh
2026-08-07,30.4,25.8,27.7,36.0,31.9,2.6,2.6,12.4,27.4,346,10.07,7466.41,2.37,61,Chandigarh,30.7333,76.7794,Chandigarh
2026-08-08,31.4,25.7,28.1,38.2,31.2,3.4,3.4,11.3,22.0,5,16.7,32821.92,3.57,55,Chandigarh,30.7333,76.7794,Chandigarh
2026-08-09,32.9,26.3,29.6,39.2,32.7,0.4,0.4,13.8,31.7,137,22.32,41846.91,4.93,51,Chandigarh,30.7333,76.7794,Chandigarh
2026-08-10,29.0,25.4,27.5,33.9,30.7,3.9,3.9,16.1,36.7,139,13.27,14424.73,2.97,61,Chandigarh,30.7333,76.7794,Chandigarh
2026-08-11,29.8,26.0,26.9,34.3,30.3,9.2,9.2,15.9,34.6,144,11.58,16707.27,2.56,61,Chandigarh,30.7333,76.7794,Chandigarh
2026-08-12,33.9,25.3,29.6,41.0,32.0,0.1,0.1,10.1,25.9,311,22.36,42728.63,4.87,51,Chandigarh,30.7333,76.7794,Chandigarh
2026-08-13,33.3,27.0,30.2,41.2,33.8,1.4,1.4,7.0,21.2,349,21.19,41141.16,4.64,53,Chandigarh,30.7333,76.7794,Chandigarh
2026-08-14,31.6,26.2,28.4,38.4,32.0,11.2,11.2,11.3,30.6,135,17.4,32794.61,3.63,63,Chandigarh,30.7333,76.7794,Chandigarh
2026-08-15,31.9,25.0,28.0,38.3,30.7,4.9,4.9,10.8,27.4,285,18.63,36722.47,4.03,55,Chandigarh,30.7333,76.7794,Chandigarh
2026-08-16,33.1,25.9,29.2,38.8,31.2,1.4,1.4,15.6,33.5,320,21.93,41069.29,4.89,53,Chandigarh,30.7333,76.7794,Chandigarh
2026-08-17,33.0,25.3,28.4,39.8,30.9,3.7,3.7,11.2,27.7,306,21.13,39820.6,4.44,55,Chandigarh,30.7333,76.7794,Chandigarh
2026-08-18,32.5,25.5,27.6,39.9,30.5,9.4,9.4,15.8,30.2,343,20.01,32324.17,4.16,63,Chandigarh,30.7333,76.7794,Chandigarh
2026-08-19,32.1,24.0,28.0,39.1,29.0,37.1,37.1,9.3,20.9,345,19.53,30606.31,4.23,65,Chandigarh,30.7333,76.7794,Chandigarh
2026-08-20,32.6,25.7,28.6,41.0,31.8,2.1,2.1,9.1,19.1,210,20.62,39542.35,4.42,51,Chandigarh,30.7333,76.7794,Chandigarh
2026-08-21,31.4,25.4,28.4,37.5,31.5,1.2,1.2,12.5,29.2,311,20.92,40793.75,4.46,53,Chandigarh,30.7333,76.7794,Chandigarh
2026-08-22,32.5,25.8,28.6,38.1,31.6,0.6,0.6,12.2,30.2,320,21.14,42286.21,4.55,51,Chandigarh,30.7333,76.7794,Chandigarh
2026-08-23,32.3,24.5,28.2,38.0,29.3,1.3,1.3,11.3,26.3,325,20.28,41039.64,4.41,53,Chandigarh,30.7333,76.7794,Chandigarh
2026-08-24,33.7,25.2,29.5,39.2,30.8,0.0,0.0,11.3,28.8,334,22.26,42245.49,5.1,3,Chandigarh,30.7333,76.7794,Chandigarh
2026-08-25,32.8,25.3,28.5,39.9,30.7,1.8,1.8,9.2,22.3,141,20.26,40593.81,4.31,53,Chandigarh,30.7333,76.7794,Chandigarh
2026-08-26,32.8,26.3,29.0,39.1,33.1,1.3,1.3,11.6,31.0,336,20.48,39915.6,4.48,53,Chandigarh,30.7333,76.7794,Chandigarh
2026-08-27,33.7,26.9,29.6,39.4,32.4,3.1,3.1,12.5,29.9,340,20.7,41129.93,4.72,61,Chandigarh,30.7333,76.7794,Chandigarh
2026-08-28,33.9,26.0,29.7,39.0,32.0,0.2,0.2,11.5,28.1,310,21.07,41712.41,4.81,51,Chandigarh,30.7333,76.7794,Chandigarh
2026-08-29,34.0,27.0,30.1,39.5,32.8,1.6,1.6,11.9,29.2,321,20.35,39018.71,4.73,51,Chandigarh,30.7333,76.7794,Chandigarh
2026-08-30,34.2,25.7,29.0,40.1,31.3,11.5,11.5,10.3,25.6,34,19.95,37235.85,4.4,63,Chandigarh,30.7333,76.7794,Chandigarh
2026-08-31,33.1,26.1,28.8,39.3,32.5,1.9,1.9,9.8,26.3,350,17.96,35233.29,4.0,53,Chandigarh,30.7333,76.7794,Chandigarh
2026-09-01,32.3,25.8,28.2,38.5,29.9,2.9,2.9,14.0,43.2,121,19.05,37976.02,4.15,61,Chandigarh,30.7333,76.7794,Chandigarh
2026-09-02,31.2,24.9,27.1,36.6,29.8,8.8,8.8,9.8,25.6,139,17.77,36051.78,3.78,63,Chandigarh,30.7333,76.7794,Chandigarh
2026-09-03,31.7,24.4,27.4,37.4,29.3,2.3,2.3,10.1,31.0,140,19.24,39820.28,4.03,61,Chandigarh,30.7333,76.7794,Chandigarh
2026-09-04,30.9,23.9,26.9,36.6,28.8,0.8,0.8,10.9,25.6,145,18.04,37541.49,3.78,51,Chandigarh,30.7333,76.7794,Chandigarh
2026-09-05,31.2,24.4,27.3,37.0,29.8,1.0,1.0,7.6,20.9,56,19.16,39569.93,4.05,51,Chandigarh,30.7333,76.7794,Chandigarh
2026-09-06,31.2,23.3,27.1,37.0,27.8,0.7,0.7,10.2,23.0,115,19.0,39476.39,4.03,51,Chandigarh,30.7333,76.7794,Chandigarh
2026-09-07,32.1,23.0,27.5,37.0,27.4,0.1,0.1,7.5,19.1,343,19.87,40223.33,4.27,51,Chandigarh,30.7333,76.7794,Chandigarh
2026-09-08,32.6,23.4,28.2,36.3,27.7,0.1,0.1,13.6,31.0,331,20.04,40382.2,4.81,51,Chandigarh,30.7333,76.7794,Chandigarh
2026-09-09,32.8,25.6,29.1,36.6,29.3,0.1,0.1,16.8,37.8,335,19.92,40588.32,5.09,51,Chandigarh,30.7333,76.7794,Chandigarh
2026-09-10,33.9,25.3,29.5,38.0,28.9,0.0,0.0,10.6,26.6,335,20.08,40991.64,4.93,0,Chandigarh,30.7333,76.7794,Chandigarh
2026-09-11,32.8,25.3,28.4,37.3,30.3,1.9,1.9,15.3,40.3,136,18.37,38695.19,4.24,53,Chandigarh,30.7333,76.7794,Chandigarh
