time,temperature_2m_max,temperature_2m_min,temperature_2m_mean,apparent_temperature_max,apparent_temperature_min,precipitation_sum,rain_sum,windspeed_10m_max,windgusts_10m_max,winddirection_10m_dominant,shortwave_radiation_sum,sunshine_duration,et0_fao_evapotranspiration,weathercode,city,latitude,longitude,region
2023-09-11,34.9,27.2,30.0,39.3,31.0,0.0,0.0,19.1,38.5,239,19.96,32208.43,5.38,3,Chennai,13.0827,80.2707,Tamil Nadu
2023-09-12,35.3,26.8,29.5,40.0,30.3,5.6,5.6,18.9,38.2,243,20.01,30497.91,5.51,63,Chennai,13.0827,80.2707,Tamil Nadu
2023-09-13,35.2,26.5,30.1,39.6,30.0,0.6,0.6,20.9,41.0,216,20.04,39082.13,5.57,51,Chennai,13.0827,80.2707,Tamil Nadu
2023-09-14,36.1,26.0,29.8,40.5,29.7,2.5,2.5,23.0,39.6,221,20.18,34499.06,5.68,61,Chennai,13.0827,80.2707,Tamil Nadu
2023-09-15,34.8,25.7,29.3,39.9,29.2,0.9,0.9,19.1,38.5,223,23.26,39600.0,5.65,53,Chennai,13.0827,80.2707,Tamil Nadu
2023-09-16,33.9,26.0,28.8,39.7,29.8,16.7,16.7,23.2,37.1,217,18.92,34888.63,4.49,63,Chennai,13.0827,80.2707,Tamil Nadu
2023-09-17,32.6,25.6,27.7,39.3,28.5,4.9,4.9,21.6,45.0,234,18.44,27035.59,4.11,55,Chennai,13.0827,80.2707,Tamil Nadu
2023-09-18,33.1,25.0,27.9,40.3,28.5,4.2,4.2,18.4,42.1,215,20.92,32247.04,4.63,61,Chennai,13.0827,80.2707,Tamil Nadu
2023-09-19,33.7,25.2,28.9,39.8,28.7,0.3,0.3,15.7,31.0,222,19.23,37999.27,4.72,51,Chennai,13.0827,80.2707,Tamil Nadu
2023-09-20,34.0,26.0,29.2,40.6,30.2,0.2,0.2,15.1,28.8,217,20.79,33534.82,4.84,51,Chennai,13.0827,80.2707,Tamil Nadu
2023-09-21,32.0,25.6,28.5,38.7,30.1,5.1,5.1,16.1,28.1,196,18.05,29328.15,4.15,63,Chennai,13.0827,80.2707,Tamil Nadu
2023-09-22,32.8,25.5,28.9,40.4,30.0,2.6,2.6,17.3,33.1,193,23.0,39815.46,5.14,61,Chennai,13.0827,80.2707,Tamil Nadu
2023-09-23,32.1,25.4,28.8,40.3,29.7,17.3,17.3,18.5,33.5,191,22.35,39837.26,4.91,65,Chennai,13.0827,80.2707,Tamil Nadu
2023-09-24,33.8,24.6,28.2,40.9,28.5,18.6,18.6,17.1,32.4,246,22.4,38010.93,4.86,63,Chennai,13.0827,80.2707,Tamil Nadu
2023-09-25,33.2,25.0,28.6,41.4,29.1,9.2,9.2,14.2,28.8,245,22.76,39645.22,4.96,63,Chennai,13.0827,80.2707,Tamil Nadu
2023-09-26,32.8,24.8,27.8,40.3,28.2,21.7,21.7,18.4,40.3,245,21.78,36228.31,4.74,65,Chennai,13.0827,80.2707,Tamil Nadu
2023-09-27,33.1,25.0,28.0,41.5,29.0,5.3,5.3,13.0,31.0,236,22.84,39600.0,4.86,63,Chennai,13.0827,80.2707,Tamil Nadu
2023-09-28,33.7,25.7,28.8,40.2,29.7,8.2,8.2,16.7,32.8,253,22.79,39600.0,5.13,63,Chennai,13.0827,80.2707,Tamil Nadu
2023-09-29,33.0,26.3,28.5,39.9,29.9,9.8,9.8,18.5,35.6,238,22.69,39600.0,5.01,63,Chennai,13.0827,80.2707,Tamil Nadu
2023-09-30,32.4,25.7,28.7,38.2,30.1,2.7,2.7,18.6,34.6,208,20.74,36000.0,4.66,63,Chennai,13.0827,80.2707,Tamil Nadu
2023-10-01,32.7,26.2,29.1,38.9,29.3,2.7,2.7,17.8,36.4,203,20.96,39600.0,5.18,63,Chennai,13.0827,80.2707,Tamil Nadu
2023-10-02,33.4,26.5,29.6,38.6,29.4,0.3,0.3,21.2,38.9,208,22.06,39600.0,5.56,51,Chennai,13.0827,80.2707,Tamil Nadu
2023-10-03,34.5,26.7,29.9,39.4,30.0,0.1,0.1,18.8,33.1,213,22.75,39600.0,5.81,51,Chennai,13.0827,80.2707,Tamil Nadu
2023-10-04,33.9,26.3,29.1,41.0,30.6,10.0,10.0,14.2,27.7,219,21.14,39600.0,4.83,65,Chennai,13.0827,80.2707,Tamil Nadu
2023-10-05,34.4,25.2,28.7,42.1,29.1,5.5,5.5,18.1,36.0,241,21.78,39600.0,4.97,63,Chennai,13.0827,80.2707,Tamil Nadu
2023-10-06,34.2,26.1,28.9,41.1,29.2,3.1,3.1,17.8,30.6,223,19.18,30792.64,4.58,61,Chennai,13.0827,80.2707,Tamil Nadu
2023-10-07,33.1,26.0,29.1,41.4,31.5,2.6,2.6,15.5,34.6,187,21.79,39600.0,4.63,61,Chennai,13.0827,80.2707,Tamil Nadu
2023-10-08,32.7,25.9,29.0,39.7,31.2,0.0,0.0,16.4,33.5,187,22.69,39600.0,4.9,3,Chennai,13.0827,80.2707,Tamil Nadu
2023-10-09,32.4,26.2,28.9,39.9,31.5,1.4,1.4,16.3,34.2,190,22.19,39600.0,4.75,55,Chennai,13.0827,80.2707,Tamil Nadu
2023-10-10,32.3,25.3,28.5,41.5,29.7,0.6,0.6,13.5,26.6,191,22.14,39600.0,4.66,51,Chennai,13.0827,80.2707,Tamil Nadu
2023-10-11,32.0,23.9,28.2,40.0,29.0,0.2,0.2,11.8,25.2,129,22.95,39600.0,4.77,51,Chennai,13.0827,80.2707,Tamil Nadu
2023-10-12,31.2,25.4,28.3,38.3,31.3,0.4,0.4,11.6,27.0,95,22.81,39600.0,4.72,51,Chennai,13.0827,80.2707,Tamil Nadu
2023-10-13,30.2,24.7,27.6,36.6,30.2,1.8,1.8,10.5,27.0,62,19.08,39600.0,3.93,53,Chennai,13.0827,80.2707,Tamil Nadu
2023-10-14,29.2,23.8,26.7,34.7,28.4,22.5,22.5,11.0,24.1,81,14.72,26080.29,3.11,63,Chennai,13.0827,80.2707,Tamil Nadu
2023-10-15,29.1,24.9,27.2,35.3,29.8,2.6,2.6,9.8,24.8,97,15.46,30235.99,3.27,55,Chennai,13.0827,80.2707,Tamil Nadu
2023-10-16,29.6,24.9,27.1,35.7,29.5,12.6,12.6,10.9,25.2,116,17.77,32048.64,3.64,63,Chennai,13.0827,80.2707,Tamil Nadu
2023-10-17,31.5,25.0,28.2,36.6,30.9,0.2,0.2,15.5,31.7,57,22.29,39600.0,4.9,51,Chennai,13.0827,80.2707,Tamil Nadu
2023-10-18,31.2,25.0,28.4,36.4,29.6,0.1,0.1,15.6,32.8,58,22.17,39600.0,5.02,51,Chennai,13.0827,80.2707,Tamil Nadu
2023-10-19,31.9,24.7,28.1,36.1,30.0,0.1,0.1,18.8,37.4,35,22.35,39600.0,5.02,51,Chennai,13.0827,80.2707,Tamil Nadu
2023-10-20,31.6,24.6,28.1,36.9,29.1,0.2,0.2,14.8,31.3,39,22.31,39600.0,4.97,51,Chennai,13.0827,80.2707,Tamil Nadu
2023-10-21,31.3,24.3,27.4,36.2,28.8,4.8,4.8,21.5,43.2,27,17.68,36748.34,3.88,53,Chennai,13.0827,80.2707,Tamil Nadu
2023-10-22,31.7,25.0,28.1,36.2,29.8,2.4,2.4,18.6,38.9,24,20.69,39600.0,4.63,53,Chennai,13.0827,80.2707,Tamil Nadu
2023-10-23,33.7,24.0,27.8,38.1,26.9,0.3,0.3,18.6,37.1,75,22.48,39600.0,5.22,51,Chennai,13.0827,80.2707,Tamil Nadu
2023-10-24,33.3,23.2,27.8,37.8,25.6,0.1,0.1,17.9,35.6,161,22.35,39792.29,5.23,51,Chennai,13.0827,80.2707,Tamil Nadu
2023-10-25,33.9,23.7,28.0,39.2,27.8,0.4,0.4,15.6,35.6,134,21.96,39600.0,5.02,51,Chennai,13.0827,80.2707,Tamil Nadu
2023-10-26,30.6,23.9,27.6,36.2,28.0,1.4,1.4,18.2,31.3,60,19.05,39600.0,4.32,53,Chennai,13.0827,80.2707,Tamil Nadu
2023-10-27,30.7,24.6,27.7,35.7,29.0,1.9,1.9,16.3,31.3,70,18.67,39029.86,4.17,51,Chennai,13.0827,80.2707,Tamil Nadu
2023-10-28,30.2,24.5,27.4,35.3,29.0,4.8,4.8,14.9,33.1,68,17.7,39165.65,3.89,63,Chennai,13.0827,80.2707,Tamil Nadu
2023-10-29,29.8,24.4,27.6,34.6,28.2,5.7,5.7,18.0,36.0,81,17.97,38409.93,4.07,55,Chennai,13.0827,80.2707,Tamil Nadu
2023-10-30,30.0,24.3,26.7,34.8,29.2,8.9,8.9,16.4,32.0,23,16.21,28534.25,3.52,63,Chennai,13.0827,80.2707,Tamil Nadu
2023-10-31,31.0,25.1,27.9,34.8,29.7,1.5,1.5,20.7,40.3,44,18.64,37964.79,4.49,53,Chennai,13.0827,80.2707,Tamil Nadu
2023-11-01,30.4,25.2,27.4,35.2,29.5,13.4,13.4,21.8,43.6,50,17.86,33232.09,3.91,63,Chennai,13.0827,80.2707,Tamil Nadu
2023-11-02,29.2,24.2,26.6,34.2,28.8,10.7,10.7,15.8,32.0,52,14.81,29995.34,3.17,63,Chennai,13.0827,80.2707,Tamil Nadu
2023-11-03,29.1,24.3,26.3,34.3,28.3,14.2,14.2,16.5,33.1,52,16.03,32138.95,3.27,63,Chennai,13.0827,80.2707,Tamil Nadu
2023-11-04,27.7,24.7,25.7,32.6,30.0,34.6,34.6,14.5,28.8,75,10.56,10137.94,2.2,63,Chennai,13.0827,80.2707,Tamil Nadu
2023-11-05,28.8,23.9,25.7,35.5,28.4,22.2,22.2,11.1,24.8,96,11.75,13972.16,2.42,63,Chennai,13.0827,80.2707,Tamil Nadu
2023-11-06,29.1,23.8,26.1,34.5,28.6,14.9,14.9,15.5,29.2,20,14.01,29155.37,2.89,63,Chennai,13.0827,80.2707,Tamil Nadu
2023-11-07,28.9,24.2,26.2,33.3,28.7,13.8,13.8,16.6,33.8,42,16.27,34231.75,3.25,63,Chennai,13.0827,80.2707,Tamil Nadu
2023-11-08,28.8,24.3,26.0,34.1,29.2,13.5,13.5,17.2,35.6,43,14.5,35441.56,2.86,63,Chennai,13.0827,80.2707,Tamil Nadu
2023-11-09,28.6,23.5,25.7,33.9,27.6,12.8,12.8,15.7,37.1,51,12.97,26870.27,2.64,63,Chennai,13.0827,80.2707,Tamil Nadu
2023-11-10,30.0,23.3,27.3,34.5,27.7,1.6,1.6,18.8,36.0,49,19.35,39600.0,4.34,53,Chennai,13.0827,80.2707,Tamil Nadu
2023-11-11,30.0,25.3,27.7,33.4,29.2,0.0,0.0,21.9,42.1,43,19.28,39600.0,4.8,3,Chennai,13.0827,80.2707,Tamil Nadu
2023-11-12,29.9,25.3,27.7,32.6,28.1,0.0,0.0,21.7,42.5,36,19.88,39600.0,5.06,3,Chennai,13.0827,80.2707,Tamil Nadu
2023-11-13,29.9,24.9,27.3,33.3,27.8,3.8,3.8,23.7,45.0,36,18.3,32718.43,4.55,61,Chennai,13.0827,80.2707,Tamil Nadu
2023-11-14,27.7,22.6,25.5,31.6,24.2,51.8,51.8,24.3,43.2,30,6.18,0.0,1.86,63,Chennai,13.0827,80.2707,Tamil Nadu
2023-11-15,25.1,23.4,24.2,28.7,25.2,35.4,35.4,22.6,43.2,11,5.13,0.0,1.39,63,Chennai,13.0827,80.2707,Tamil Nadu
2023-11-16,29.4,23.2,26.5,33.1,27.2,1.0,1.0,19.3,37.4,26,15.83,34956.24,3.51,51,Chennai,13.0827,80.2707,Tamil Nadu
2023-11-17,29.5,24.3,27.4,33.6,29.2,2.2,2.2,21.2,41.0,42,18.09,39600.0,4.0,53,Chennai,13.0827,80.2707,Tamil Nadu
2023-11-18,29.7,25.4,27.5,33.8,30.0,1.1,1.1,21.0,40.3,35,19.62,39600.0,4.33,51,Chennai,13.0827,80.2707,Tamil Nadu
2023-11-19,29.7,25.3,27.3,33.9,29.2,0.2,0.2,19.7,38.5,37,19.86,38273.36,4.43,51,Chennai,13.0827,80.2707,Tamil Nadu
2023-11-20,27.2,24.8,25.6,30.5,28.2,16.9,16.9,21.2,38.2,15,5.19,491.31,1.45,61,Chennai,13.0827,80.2707,Tamil Nadu
2023-11-21,27.5,24.2,25.5,33.0,28.9,25.3,25.3,14.8,30.2,69,9.29,5119.03,1.95,65,Chennai,13.0827,80.2707,Tamil Nadu
2023-11-22,28.2,23.8,26.0,34.7,29.0,4.3,4.3,11.6,25.2,73,14.83,30893.7,2.96,53,Chennai,13.0827,80.2707,Tamil Nadu
2023-11-23,26.6,24.7,25.7,31.7,29.7,10.8,10.8,12.1,26.3,69,12.14,24905.31,2.5,61,Chennai,13.0827,80.2707,Tamil Nadu
2023-11-24,28.0,24.2,25.8,33.3,28.7,26.3,26.3,16.2,31.7,58,15.6,37316.78,3.08,65,Chennai,13.0827,80.2707,Tamil Nadu
2023-11-25,28.6,23.9,26.4,33.3,28.4,5.1,5.1,19.4,41.4,45,15.36,37687.1,3.34,55,Chennai,13.0827,80.2707,Tamil Nadu
2023-11-26,29.1,23.4,26.5,33.5,26.5,15.8,15.8,22.7,43.6,58,18.22,39363.53,3.82,63,Chennai,13.0827,80.2707,Tamil Nadu
2023-11-27,29.7,24.0,26.8,34.0,28.0,3.2,3.2,16.9,33.8,73,16.66,39600.0,3.59,55,Chennai,13.0827,80.2707,Tamil Nadu
2023-11-28,28.9,23.3,25.7,33.2,26.6,6.4,6.4,19.2,37.4,59,15.1,39600.0,3.06,55,Chennai,13.0827,80.2707,Tamil Nadu
2023-11-29,27.5,23.1,25.0,31.2,27.0,13.7,13.7,19.2,36.7,48,11.58,21805.34,2.31,63,Chennai,13.0827,80.2707,Tamil Nadu
2023-11-30,26.7,23.9,25.1,30.4,28.3,13.5,13.5,15.0,30.2,37,8.54,12585.69,1.84,63,Chennai,13.0827,80.2707,Tamil Nadu
2023-12-01,29.4,23.4,26.5,32.8,26.8,3.3,3.3,24.2,45.4,26,17.27,39600.0,3.87,61,Chennai,13.0827,80.2707,Tamil Nadu
2023-12-02,27.2,24.4,25.5,29.4,26.9,25.3,25.3,27.5,51.5,26,9.48,9207.36,2.28,63,Chennai,13.0827,80.2707,Tamil Nadu
2023-12-03,26.1,24.1,24.9,28.1,24.9,54.0,54.0,34.4,61.2,3,6.28,1219.38,1.6,65,Chennai,13.0827,80.2707,Tamil Nadu
2023-12-04,25.2,23.8,24.3,25.4,22.2,255.8,255.8,50.1,89.6,292,1.26,0.0,1.33,65,Chennai,13.0827,80.2707,Tamil Nadu
2023-12-05,31.0,23.5,26.6,35.3,24.7,14.3,14.3,26.0,55.4,209,12.86,24806.06,3.39,63,Chennai,13.0827,80.2707,Tamil Nadu
2023-12-06,30.1,23.1,26.0,37.3,26.9,17.1,17.1,15.6,28.8,185,15.92,39600.0,3.24,63,Chennai,13.0827,80.2707,Tamil Nadu
2023-12-07,28.9,23.5,25.5,35.3,28.0,5.6,5.6,13.4,25.9,12,15.97,34527.99,3.15,61,Chennai,13.0827,80.2707,Tamil Nadu
2023-12-08,28.7,23.7,26.2,33.7,28.5,1.5,1.5,14.4,29.9,40,15.85,39600.0,3.24,53,Chennai,13.0827,80.2707,Tamil Nadu
2023-12-09,29.5,24.3,26.8,34.4,28.4,0.3,0.3,17.3,34.9,38,18.1,39600.0,3.83,51,Chennai,13.0827,80.2707,Tamil Nadu
2023-12-10,29.0,24.6,26.7,32.7,28.8,0.0,0.0,18.9,37.1,37,18.53,39600.0,4.07,3,Chennai,13.0827,80.2707,Tamil Nadu
2023-12-11,28.2,25.0,26.4,31.6,27.9,0.6,0.6,17.1,34.2,48,16.42,39600.0,3.81,51,Chennai,13.0827,80.2707,Tamil Nadu
2023-12-12,28.1,23.5,25.6,30.9,26.4,1.4,1.4,18.2,36.0,45,17.25,39600.0,3.83,53,Chennai,13.0827,80.2707,Tamil Nadu
2023-12-13,27.6,22.4,25.2,29.5,25.0,0.4,0.4,20.0,38.5,40,15.66,39600.0,3.82,51,Chennai,13.0827,80.2707,Tamil Nadu
2023-12-14,29.0,23.9,26.2,31.1,25.8,0.4,0.4,22.2,43.6,31,17.82,36134.97,4.6,51,Chennai,13.0827,80.2707,Tamil Nadu
2023-12-15,26.4,24.7,25.6,29.4,27.9,6.1,6.1,23.4,43.9,35,5.71,3265.53,1.91,61,Chennai,13.0827,80.2707,Tamil Nadu
2023-12-16,28.3,24.3,26.2,31.1,27.9,3.2,3.2,22.6,42.8,53,15.39,38052.54,3.53,51,Chennai,13.0827,80.2707,Tamil Nadu
2023-12-17,28.0,24.3,26.2,30.6,27.3,3.1,3.1,23.9,45.0,57,14.89,31963.89,3.57,53,Chennai,13.0827,80.2707,Tamil Nadu
2023-12-18,27.5,24.9,26.0,29.0,26.3,0.3,0.3,24.8,46.4,46,15.96,37155.49,3.97,51,Chennai,13.0827,80.2707,Tamil Nadu
2023-12-19,27.8,23.8,26.1,29.4,25.2,0.0,0.0,23.0,43.6,30,19.2,39600.0,4.92,3,Chennai,13.0827,80.2707,Tamil Nadu
2023-12-20,28.0,24.8,26.2,30.3,26.4,0.0,0.0,21.7,41.8,30,17.02,36000.0,4.42,3,Chennai,13.0827,80.2707,Tamil Nadu
2023-12-21,28.1,24.1,25.8,30.6,26.1,0.0,0.0,20.2,39.6,35,17.62,36000.0,4.2,3,Chennai,13.0827,80.2707,Tamil Nadu
2023-12-22,27.8,22.8,24.9,30.2,25.4,0.0,0.0,17.9,36.4,28,18.54,39572.02,3.93,3,Chennai,13.0827,80.2707,Tamil Nadu
2023-12-23,27.7,20.9,24.3,30.7,23.4,0.0,0.0,14.8,28.8,24,17.03,31059.44,3.74,3,Chennai,13.0827,80.2707,Tamil Nadu
2023-12-24,28.4,21.7,25.4,29.7,23.4,0.4,0.4,24.7,46.8,19,14.35,32409.45,3.56,51,Chennai,13.0827,80.2707,Tamil Nadu
2023-12-25,28.0,24.0,25.6,30.7,27.4,3.4,3.4,23.4,45.0,40,15.69,39482.23,3.26,51,Chennai,13.0827,80.2707,Tamil Nadu
2023-12-26,27.9,21.3,24.9,29.9,23.7,0.1,0.1,23.1,44.3,22,16.92,39463.37,3.64,51,Chennai,13.0827,80.2707,Tamil Nadu
2023-12-27,28.2,23.4,25.9,29.9,26.3,0.3,0.3,22.9,43.9,29,18.8,39437.02,4.43,51,Chennai,13.0827,80.2707,Tamil Nadu
2023-12-28,28.4,24.3,26.0,31.1,27.5,2.0,2.0,22.7,43.6,35,17.22,37687.64,3.85,51,Chennai,13.0827,80.2707,Tamil Nadu
2023-12-29,28.4,24.3,25.9,31.1,27.5,2.0,2.0,23.9,45.4,42,16.38,37698.54,3.67,51,Chennai,13.0827,80.2707,Tamil Nadu
2023-12-30,28.3,23.9,25.6,31.4,26.6,0.9,0.9,18.8,36.4,38,18.68,39359.91,4.14,51,Chennai,13.0827,80.2707,Tamil Nadu
2023-12-31,28.1,23.3,25.5,30.9,26.0,0.2,0.2,17.6,35.6,44,18.47,39335.09,4.15,51,Chennai,13.0827,80.2707,Tamil Nadu
2024-01-01,28.7,22.9,25.5,31.5,25.5,0.0,0.0,17.1,34.6,41,18.68,39310.84,4.31,3,Chennai,13.0827,80.2707,Tamil Nadu
2024-01-02,27.8,23.0,25.5,29.6,25.8,0.0,0.0,16.5,32.8,47,10.13,24080.98,3.01,3,Chennai,13.0827,80.2707,Tamil Nadu
2024-01-03,28.2,23.7,26.1,29.5,26.4,0.0,0.0,16.9,34.6,63,13.43,37395.51,3.71,3,Chennai,13.0827,80.2707,Tamil Nadu
2024-01-04,29.0,24.7,26.3,30.8,27.6,1.0,1.0,19.4,39.6,69,14.64,33643.37,3.82,51,Chennai,13.0827,80.2707,Tamil Nadu
2024-01-05,29.0,24.5,26.5,31.4,27.7,0.3,0.3,16.9,33.5,45,13.82,25200.0,3.66,51,Chennai,13.0827,80.2707,Tamil Nadu
2024-01-06,28.3,24.1,26.1,30.7,27.6,2.7,2.7,23.4,44.6,46,15.34,36731.78,3.63,53,Chennai,13.0827,80.2707,Tamil Nadu
2024-01-07,26.6,24.1,25.4,29.3,26.6,20.3,20.3,23.8,44.3,43,10.0,21549.72,2.52,63,Chennai,13.0827,80.2707,Tamil Nadu
2024-01-08,26.8,24.0,25.3,29.4,26.7,25.5,25.5,23.7,41.4,57,3.71,0.0,1.54,63,Chennai,13.0827,80.2707,Tamil Nadu
2024-01-09,28.4,25.4,26.5,31.4,27.8,0.1,0.1,20.7,41.0,55,17.32,31948.1,4.19,51,Chennai,13.0827,80.2707,Tamil Nadu
2024-01-10,28.2,24.6,26.1,31.7,27.1,0.0,0.0,18.3,40.3,52,16.34,32571.02,3.75,3,Chennai,13.0827,80.2707,Tamil Nadu
2024-01-11,28.2,23.9,25.9,31.9,27.2,0.0,0.0,16.4,33.8,42,19.63,37791.72,4.17,3,Chennai,13.0827,80.2707,Tamil Nadu
2024-01-12,28.4,23.4,25.8,32.9,26.9,0.0,0.0,14.5,30.2,54,19.45,39102.28,4.0,3,Chennai,13.0827,80.2707,Tamil Nadu
2024-01-13,28.5,22.1,25.2,32.6,25.7,0.2,0.2,14.7,31.0,40,19.09,39090.5,3.74,51,Chennai,13.0827,80.2707,Tamil Nadu
2024-01-14,28.4,20.7,24.7,33.5,24.3,0.3,0.3,12.6,27.4,67,19.33,36849.68,3.79,51,Chennai,13.0827,80.2707,Tamil Nadu
2024-01-15,28.4,21.5,24.8,32.5,23.4,0.0,0.0,11.7,25.2,76,20.42,39263.23,4.14,3,Chennai,13.0827,80.2707,Tamil Nadu
2024-01-16,28.1,20.5,24.3,31.7,22.0,0.0,0.0,10.1,23.0,99,20.86,39491.45,4.3,3,Chennai,13.0827,80.2707,Tamil Nadu
2024-01-17,28.1,20.5,24.2,32.6,22.1,0.0,0.0,13.2,27.4,92,20.49,38718.99,4.18,3,Chennai,13.0827,80.2707,Tamil Nadu
2024-01-18,28.5,20.6,25.0,32.9,23.7,0.0,0.0,11.6,23.8,79,19.24,38700.54,3.95,3,Chennai,13.0827,80.2707,Tamil Nadu
2024-01-19,28.6,22.2,25.3,33.2,25.4,0.1,0.1,13.8,29.9,57,19.02,39417.87,3.83,51,Chennai,13.0827,80.2707,Tamil Nadu
2024-01-20,28.7,23.9,26.0,32.6,27.6,0.0,0.0,14.6,31.3,68,20.21,39395.32,4.19,3,Chennai,13.0827,80.2707,Tamil Nadu
2024-01-21,29.1,22.2,25.4,33.4,25.1,0.0,0.0,12.6,28.1,97,20.59,39626.42,4.21,3,Chennai,13.0827,80.2707,Tamil Nadu
2024-01-22,28.6,22.0,25.0,32.8,24.9,0.0,0.0,12.9,29.2,111,20.27,38359.75,4.08,3,Chennai,13.0827,80.2707,Tamil Nadu
2024-01-23,29.0,22.5,25.8,32.7,25.6,0.0,0.0,15.3,32.0,124,20.16,39586.11,4.33,3,Chennai,13.0827,80.2707,Tamil Nadu
2024-01-24,29.4,22.3,25.8,32.2,25.8,0.0,0.0,16.9,34.9,157,20.14,39819.13,4.46,3,Chennai,13.0827,80.2707,Tamil Nadu
2024-01-25,29.2,21.3,25.5,32.8,24.5,0.0,0.0,15.3,32.0,136,20.3,39801.57,4.26,3,Chennai,13.0827,80.2707,Tamil Nadu
2024-01-26,29.1,22.1,25.6,32.8,24.7,1.0,1.0,14.8,28.8,64,18.91,39778.12,4.12,53,Chennai,13.0827,80.2707,Tamil Nadu
2024-01-27,29.3,24.0,26.3,32.7,27.1,0.3,0.3,16.6,34.2,53,20.2,39752.16,4.5,51,Chennai,13.0827,80.2707,Tamil Nadu
2024-01-28,28.9,23.3,26.1,32.1,26.8,0.2,0.2,17.0,34.9,63,20.17,39756.47,4.47,51,Chennai,13.0827,80.2707,Tamil Nadu
2024-01-29,28.7,22.9,25.6,30.8,25.3,0.0,0.0,16.9,35.3,47,21.91,39993.66,4.98,3,Chennai,13.0827,80.2707,Tamil Nadu
2024-01-30,29.8,20.5,25.2,33.3,22.7,0.0,0.0,18.8,37.8,48,19.93,39982.33,4.57,3,Chennai,13.0827,80.2707,Tamil Nadu
2024-01-31,29.4,22.2,26.2,33.8,25.4,0.0,0.0,13.8,30.6,76,19.61,40221.19,4.37,3,Chennai,13.0827,80.2707,Tamil Nadu
2024-02-01,29.2,23.9,26.6,34.0,28.1,0.6,0.6,14.4,31.0,114,18.82,36627.29,3.93,51,Chennai,13.0827,80.2707,Tamil Nadu
2024-02-02,29.9,23.5,26.8,34.6,27.9,0.3,0.3,15.0,32.0,131,19.67,39957.2,4.16,51,Chennai,13.0827,80.2707,Tamil Nadu
2024-02-03,29.8,23.5,26.3,34.2,27.7,0.0,0.0,12.6,29.2,94,21.25,40694.54,4.38,3,Chennai,13.0827,80.2707,Tamil Nadu
2024-02-04,30.0,22.6,26.2,34.2,25.9,0.0,0.0,13.4,30.6,72,21.82,40689.52,4.59,3,Chennai,13.0827,80.2707,Tamil Nadu
2024-02-05,29.8,22.1,25.8,33.9,25.7,0.0,0.0,13.6,31.0,72,21.79,40932.77,4.59,3,Chennai,13.0827,80.2707,Tamil Nadu
2024-02-06,29.8,21.6,25.7,34.2,25.0,0.0,0.0,13.7,31.3,78,21.83,40218.86,4.49,3,Chennai,13.0827,80.2707,Tamil Nadu
2024-02-07,30.3,21.5,25.1,34.9,24.9,0.0,0.0,12.8,29.5,75,21.99,39199.19,4.48,3,Chennai,13.0827,80.2707,Tamil Nadu
2024-02-08,31.0,21.0,25.3,35.4,24.1,0.0,0.0,12.3,28.8,127,22.62,41420.8,4.62,3,Chennai,13.0827,80.2707,Tamil Nadu
2024-02-09,30.1,22.3,26.2,35.0,26.5,0.1,0.1,14.4,31.3,99,21.72,40128.3,4.57,51,Chennai,13.0827,80.2707,Tamil Nadu
2024-02-10,30.9,24.4,27.5,34.7,28.6,0.1,0.1,16.2,34.9,89,21.18,41179.06,4.89,51,Chennai,13.0827,80.2707,Tamil Nadu
2024-02-11,30.0,24.0,26.9,32.9,27.4,0.1,0.1,19.2,39.6,69,21.25,41182.92,4.89,51,Chennai,13.0827,80.2707,Tamil Nadu
2024-02-12,29.6,22.1,26.3,32.5,25.3,0.0,0.0,17.2,36.7,66,21.03,41432.1,4.89,3,Chennai,13.0827,80.2707,Tamil Nadu
2024-02-13,30.2,24.0,27.1,33.8,27.1,1.1,1.1,19.6,40.7,59,20.62,40008.18,4.75,51,Chennai,13.0827,80.2707,Tamil Nadu
2024-02-14,30.5,24.6,27.2,34.2,29.0,0.1,0.1,16.8,36.4,63,22.43,41688.49,4.97,51,Chennai,13.0827,80.2707,Tamil Nadu
2024-02-15,29.8,22.9,26.4,33.6,27.2,0.0,0.0,15.8,34.2,57,22.64,40724.39,4.83,3,Chennai,13.0827,80.2707,Tamil Nadu
2024-02-16,30.5,23.7,26.9,34.1,27.5,0.0,0.0,17.4,36.4,52,22.8,41782.49,5.01,3,Chennai,13.0827,80.2707,Tamil Nadu
2024-02-17,31.1,22.4,26.5,34.0,26.3,0.0,0.0,16.1,34.9,43,23.12,41823.05,5.02,2,Chennai,13.0827,80.2707,Tamil Nadu
2024-02-18,30.6,21.9,25.8,35.2,25.9,0.0,0.0,15.1,32.8,82,22.74,40720.94,4.69,3,Chennai,13.0827,80.2707,Tamil Nadu
2024-02-19,31.7,22.1,26.9,34.8,26.2,0.0,0.0,18.4,37.4,134,22.68,41904.56,5.0,3,Chennai,13.0827,80.2707,Tamil Nadu
2024-02-20,30.9,23.3,26.7,34.9,27.4,0.1,0.1,16.8,35.3,143,22.84,41945.43,4.96,51,Chennai,13.0827,80.2707,Tamil Nadu
2024-02-21,32.2,23.2,27.3,36.4,27.5,0.0,0.0,20.8,42.1,165,22.86,41986.32,5.07,3,Chennai,13.0827,80.2707,Tamil Nadu
2024-02-22,31.9,24.0,27.6,36.9,28.8,1.2,1.2,23.8,47.2,166,21.15,40951.44,4.77,53,Chennai,13.0827,80.2707,Tamil Nadu
2024-02-23,33.4,25.6,28.5,37.1,29.7,0.9,0.9,25.6,50.0,165,22.0,42036.64,5.22,53,Chennai,13.0827,80.2707,Tamil Nadu
2024-02-24,30.8,26.0,28.1,34.6,29.3,0.1,0.1,21.4,43.6,148,19.22,39652.95,4.77,51,Chennai,13.0827,80.2707,Tamil Nadu
2024-02-25,30.7,25.5,28.0,34.6,29.4,0.0,0.0,16.2,35.3,115,22.77,41113.61,5.42,1,Chennai,13.0827,80.2707,Tamil Nadu
2024-02-26,30.9,25.8,28.1,33.7,28.2,1.0,1.0,20.5,41.0,82,20.87,41374.57,5.41,53,Chennai,13.0827,80.2707,Tamil Nadu
2024-02-27,30.9,25.1,27.6,35.0,28.7,0.0,0.0,19.5,40.0,60,23.36,42233.31,5.19,3,Chennai,13.0827,80.2707,Tamil Nadu
2024-02-28,31.5,23.8,26.9,35.1,28.7,0.0,0.0,16.3,34.9,45,24.31,42243.86,5.25,3,Chennai,13.0827,80.2707,Tamil Nadu
2024-02-29,32.0,22.1,27.0,36.3,25.9,0.0,0.0,14.2,31.3,61,24.11,42253.89,5.22,3,Chennai,13.0827,80.2707,Tamil Nadu
2024-03-01,32.0,23.6,27.5,36.0,28.3,0.0,0.0,14.8,33.8,77,23.83,41849.92,5.15,3,Chennai,13.0827,80.2707,Tamil Nadu
2024-03-02,33.0,22.9,27.5,36.6,27.8,0.0,0.0,18.0,35.6,135,23.47,39329.92,5.46,3,Chennai,13.0827,80.2707,Tamil Nadu
2024-03-03,31.6,24.0,27.6,35.7,28.5,0.0,0.0,18.6,39.6,130,24.23,42281.24,5.34,3,Chennai,13.0827,80.2707,Tamil Nadu
2024-03-04,30.8,22.3,26.8,34.9,26.1,0.1,0.1,17.2,37.1,135,24.01,42061.35,5.21,51,Chennai,13.0827,80.2707,Tamil Nadu
2024-03-05,31.3,22.9,27.2,36.1,26.9,0.0,0.0,16.4,36.4,141,24.21,41519.07,5.25,3,Chennai,13.0827,80.2707,Tamil Nadu
2024-03-06,32.7,23.2,27.4,38.0,27.4,0.0,0.0,20.8,40.3,148,23.22,42305.27,5.25,3,Chennai,13.0827,80.2707,Tamil Nadu
2024-03-07,34.1,23.5,28.3,36.5,27.8,0.0,0.0,21.7,43.6,154,24.64,41091.58,6.05,3,Chennai,13.0827,80.2707,Tamil Nadu
2024-03-08,32.1,23.8,28.0,37.3,28.3,0.0,0.0,22.0,45.4,152,23.12,42271.86,5.24,2,Chennai,13.0827,80.2707,Tamil Nadu
2024-03-09,32.8,24.3,28.4,38.3,29.4,0.0,0.0,21.3,42.8,133,22.88,42326.96,5.18,3,Chennai,13.0827,80.2707,Tamil Nadu
2024-03-10,32.7,24.6,28.5,37.8,29.7,0.0,0.0,18.1,38.9,117,23.99,42333.84,5.51,1,Chennai,13.0827,80.2707,Tamil Nadu
2024-03-11,32.7,24.7,28.5,37.1,29.8,0.0,0.0,18.3,36.0,130,24.35,42340.62,5.56,3,Chennai,13.0827,80.2707,Tamil Nadu
2024-03-12,33.4,24.2,28.3,38.0,28.5,0.0,0.0,21.8,43.6,159,24.3,42347.31,5.67,3,Chennai,13.0827,80.2707,Tamil Nadu
2024-03-13,33.8,24.8,28.7,37.5,29.1,0.0,0.0,25.8,50.8,169,23.9,42353.9,5.81,3,Chennai,13.0827,80.2707,Tamil Nadu
2024-03-14,33.6,24.8,28.6,38.2,29.7,0.0,0.0,22.0,45.0,163,23.23,40562.52,5.57,3,Chennai,13.0827,80.2707,Tamil Nadu
2024-03-15,32.6,24.6,28.5,36.2,28.8,0.3,0.3,23.3,47.5,159,23.83,41219.61,5.78,51,Chennai,13.0827,80.2707,Tamil Nadu
2024-03-16,32.2,25.9,28.9,36.6,29.6,0.4,0.4,24.2,47.2,151,23.32,42029.16,5.66,51,Chennai,13.0827,80.2707,Tamil Nadu
2024-03-17,31.9,25.4,28.3,35.6,30.1,0.3,0.3,19.9,41.0,140,24.4,42125.4,5.58,51,Chennai,13.0827,80.2707,Tamil Nadu
2024-03-18,32.8,24.8,28.2,37.1,29.1,0.0,0.0,19.9,41.4,144,25.02,42380.3,5.69,1,Chennai,13.0827,80.2707,Tamil Nadu
2024-03-19,32.5,24.8,28.2,36.8,29.8,0.0,0.0,16.9,37.1,136,25.15,42384.53,5.69,1,Chennai,13.0827,80.2707,Tamil Nadu
2024-03-20,32.2,24.8,28.4,36.4,29.1,0.0,0.0,18.7,39.6,128,24.72,41983.6,5.87,1,Chennai,13.0827,80.2707,Tamil Nadu
2024-03-21,30.4,26.2,28.1,35.1,30.0,3.5,3.5,17.4,37.8,87,22.41,42217.6,5.16,61,Chennai,13.0827,80.2707,Tamil Nadu
2024-03-22,31.9,24.9,28.3,36.9,29.9,0.2,0.2,15.2,34.6,112,24.3,42395.94,5.43,51,Chennai,13.0827,80.2707,Tamil Nadu
2024-03-23,33.1,23.9,28.5,38.2,28.7,0.0,0.0,18.2,38.5,145,24.89,42399.46,5.77,1,Chennai,13.0827,80.2707,Tamil Nadu
2024-03-24,32.6,24.3,28.3,37.0,29.3,0.0,0.0,20.6,42.8,148,25.21,41976.7,5.68,3,Chennai,13.0827,80.2707,Tamil Nadu
2024-03-25,31.9,23.8,27.7,36.8,28.2,0.0,0.0,16.5,36.0,122,25.26,42406.35,5.43,3,Chennai,13.0827,80.2707,Tamil Nadu
2024-03-26,31.9,23.7,27.8,35.5,27.8,0.0,0.0,20.5,42.5,140,25.79,42409.81,5.9,2,Chennai,13.0827,80.2707,Tamil Nadu
2024-03-27,32.8,23.8,28.4,37.8,28.4,0.0,0.0,18.2,39.6,141,25.3,42413.33,5.76,2,Chennai,13.0827,80.2707,Tamil Nadu
2024-03-28,33.7,23.6,28.5,38.6,28.3,0.0,0.0,20.2,42.1,152,25.55,42416.98,5.87,3,Chennai,13.0827,80.2707,Tamil Nadu
2024-03-29,34.1,25.1,29.3,39.9,30.1,0.0,0.0,23.1,46.8,167,25.09,42420.78,5.95,3,Chennai,13.0827,80.2707,Tamil Nadu
2024-03-30,34.7,24.6,29.0,38.6,29.7,0.0,0.0,22.3,44.6,167,26.01,42424.78,6.41,3,Chennai,13.0827,80.2707,Tamil Nadu
2024-03-31,33.6,24.5,28.9,39.0,29.5,0.0,0.0,22.3,44.3,157,25.23,42429.03,5.85,3,Chennai,13.0827,80.2707,Tamil Nadu
2024-04-01,33.7,25.3,29.3,39.2,30.9,0.1,0.1,22.3,45.7,160,24.89,42433.57,5.83,51,Chennai,13.0827,80.2707,Tamil Nadu
2024-04-02,34.8,26.0,29.9,40.6,31.2,0.0,0.0,24.9,49.3,167,25.59,41697.68,6.08,3,Chennai,13.0827,80.2707,Tamil Nadu
2024-04-03,35.1,26.7,30.1,39.7,32.2,0.0,0.0,25.9,51.5,170,25.42,42443.12,6.21,3,Chennai,13.0827,80.2707,Tamil Nadu
2024-04-04,34.9,26.7,30.2,40.6,32.2,0.0,0.0,24.3,49.3,170,25.81,42447.78,6.13,3,Chennai,13.0827,80.2707,Tamil Nadu
2024-04-05,35.0,26.3,29.9,41.3,31.9,0.0,0.0,23.4,47.2,171,25.62,42444.88,5.97,3,Chennai,13.0827,80.2707,Tamil Nadu
2024-04-06,36.5,26.2,30.4,41.7,31.5,0.0,0.0,23.8,46.8,176,25.7,42457.01,6.42,3,Chennai,13.0827,80.2707,Tamil Nadu
2024-04-07,36.9,25.8,30.3,41.8,31.1,0.0,0.0,24.0,47.5,176,26.32,42461.62,6.54,3,Chennai,13.0827,80.2707,Tamil Nadu
2024-04-08,36.2,26.5,30.2,39.5,31.8,0.0,0.0,23.3,45.7,160,26.29,42466.29,6.49,3,Chennai,13.0827,80.2707,Tamil Nadu
2024-04-09,33.3,25.9,29.5,38.8,31.4,0.0,0.0,16.9,36.0,97,25.92,42471.04,5.97,3,Chennai,13.0827,80.2707,Tamil Nadu
2024-04-10,33.7,26.4,30.0,38.9,31.7,0.0,0.0,16.1,36.0,103,24.98,42475.89,5.96,3,Chennai,13.0827,80.2707,Tamil Nadu
2024-04-11,33.4,26.5,30.1,38.9,31.4,0.0,0.0,20.0,39.2,105,25.15,42451.38,6.15,3,Chennai,13.0827,80.2707,Tamil Nadu
2024-04-12,33.3,28.1,30.3,38.7,33.4,0.0,0.0,18.8,40.3,105,24.65,42486.06,5.97,3,Chennai,13.0827,80.2707,Tamil Nadu
2024-04-13,34.0,26.4,30.0,39.1,32.5,0.5,0.5,16.3,36.4,106,25.01,42491.43,5.82,51,Chennai,13.0827,80.2707,Tamil Nadu
2024-04-14,33.5,25.7,29.6,39.2,31.9,0.0,0.0,15.6,35.3,103,25.77,42497.04,5.78,3,Chennai,13.0827,80.2707,Tamil Nadu
2024-04-15,34.2,25.0,29.4,39.7,30.6,0.0,0.0,16.3,35.6,135,25.97,42502.91,5.93,3,Chennai,13.0827,80.2707,Tamil Nadu
2024-04-16,34.8,25.2,29.7,39.3,30.7,0.0,0.0,22.7,45.7,167,26.05,42779.23,6.34,3,Chennai,13.0827,80.2707,Tamil Nadu
2024-04-17,36.2,26.0,30.4,40.8,31.0,0.0,0.0,26.9,53.3,174,25.14,40781.38,6.33,3,Chennai,13.0827,80.2707,Tamil Nadu
2024-04-18,37.0,26.6,30.8,42.7,31.6,0.0,0.0,24.1,48.6,175,25.24,41981.99,6.33,3,Chennai,13.0827,80.2707,Tamil Nadu
2024-04-19,36.1,27.8,31.0,42.0,33.6,0.0,0.0,25.9,51.8,173,25.69,42529.62,6.32,3,Chennai,13.0827,80.2707,Tamil Nadu
2024-04-20,35.8,28.1,31.0,42.2,33.8,0.2,0.2,25.5,52.2,165,24.24,40818.38,5.83,51,Chennai,13.0827,80.2707,Tamil Nadu
2024-04-21,35.5,27.6,30.8,41.4,34.2,0.0,0.0,27.5,53.3,170,24.63,42545.33,5.96,3,Chennai,13.0827,80.2707,Tamil Nadu
2024-04-22,35.6,26.9,30.6,42.5,32.9,0.0,0.0,24.2,47.2,167,25.96,42553.85,6.16,3,Chennai,13.0827,80.2707,Tamil Nadu
2024-04-23,34.7,26.3,30.1,39.7,32.3,0.0,0.0,21.4,43.6,161,25.91,42562.67,6.26,3,Chennai,13.0827,80.2707,Tamil Nadu
2024-04-24,35.6,25.8,30.3,42.1,31.3,0.0,0.0,22.2,45.4,167,25.7,42726.08,6.14,3,Chennai,13.0827,80.2707,Tamil Nadu
2024-04-25,34.8,27.0,30.4,40.3,33.1,0.0,0.0,22.8,45.7,165,25.35,42092.51,6.08,3,Chennai,13.0827,80.2707,Tamil Nadu
2024-04-26,34.6,26.5,30.4,39.9,32.4,0.0,0.0,23.5,46.4,163,25.69,42471.86,6.16,3,Chennai,13.0827,80.2707,Tamil Nadu
2024-04-27,34.7,26.0,30.1,40.6,32.0,0.0,0.0,22.8,45.0,161,25.93,42959.78,6.16,3,Chennai,13.0827,80.2707,Tamil Nadu
2024-04-28,35.6,26.5,30.6,41.7,32.3,0.0,0.0,24.0,47.9,167,25.65,42715.34,6.21,3,Chennai,13.0827,80.2707,Tamil Nadu
2024-04-29,35.5,27.6,31.0,42.6,33.9,0.0,0.0,23.4,47.2,162,25.32,42621.53,6.07,3,Chennai,13.0827,80.2707,Tamil Nadu
2024-04-30,35.7,28.0,31.3,42.3,34.4,0.0,0.0,27.6,53.6,168,25.47,42800.32,6.27,3,Chennai,13.0827,80.2707,Tamil Nadu
2024-05-01,37.8,28.7,32.4,43.8,34.4,0.0,0.0,28.0,55.4,173,25.57,41812.98,6.83,3,Chennai,13.0827,80.2707,Tamil Nadu
2024-05-02,38.3,29.8,32.8,44.2,32.9,0.0,0.0,32.8,62.6,179,25.08,41498.22,7.17,3,Chennai,13.0827,80.2707,Tamil Nadu
2024-05-03,38.5,28.0,32.2,44.1,30.8,0.0,0.0,29.8,56.2,176,24.23,42232.51,6.84,3,Chennai,13.0827,80.2707,Tamil Nadu
2024-05-04,37.4,29.3,32.5,43.5,33.5,0.0,0.0,30.0,58.7,174,24.16,39759.8,6.64,3,Chennai,13.0827,80.2707,Tamil Nadu
2024-05-05,36.4,29.5,32.4,42.1,33.7,0.0,0.0,30.2,59.4,173,24.01,42015.73,6.57,3,Chennai,13.0827,80.2707,Tamil Nadu
2024-05-06,37.1,29.8,32.6,42.8,34.4,0.0,0.0,32.6,63.0,169,24.11,41513.76,6.64,3,Chennai,13.0827,80.2707,Tamil Nadu
2024-05-07,36.9,29.8,32.2,42.8,34.7,0.1,0.1,24.8,49.7,159,23.29,41985.76,6.44,51,Chennai,13.0827,80.2707,Tamil Nadu
2024-05-08,33.5,26.8,30.4,39.5,32.2,2.2,2.2,18.9,41.0,139,21.84,39521.7,5.3,61,Chennai,13.0827,80.2707,Tamil Nadu
2024-05-09,32.9,27.0,30.3,39.0,33.4,2.8,2.8,21.4,44.3,149,21.77,39583.66,5.18,63,Chennai,13.0827,80.2707,Tamil Nadu
2024-05-10,32.7,27.5,30.0,39.3,33.9,7.0,7.0,19.6,40.3,147,21.0,37887.81,5.02,63,Chennai,13.0827,80.2707,Tamil Nadu
2024-05-11,34.2,25.6,30.4,39.5,31.1,0.6,0.6,19.9,41.4,165,20.82,33528.16,5.22,51,Chennai,13.0827,80.2707,Tamil Nadu
2024-05-12,33.4,29.4,31.2,39.3,34.8,3.2,3.2,19.3,37.4,146,19.45,39278.51,5.03,61,Chennai,13.0827,80.2707,Tamil Nadu
2024-05-13,33.1,26.3,30.0,40.2,31.1,8.4,8.4,15.6,33.5,105,21.27,41729.8,4.98,63,Chennai,13.0827,80.2707,Tamil Nadu
2024-05-14,33.7,27.6,30.8,39.5,34.9,0.9,0.9,17.1,36.4,139,20.09,40693.11,4.82,53,Chennai,13.0827,80.2707,Tamil Nadu
2024-05-15,34.0,27.1,30.3,40.2,34.4,2.9,2.9,20.1,38.2,100,19.82,28081.93,4.92,61,Chennai,13.0827,80.2707,Tamil Nadu
2024-05-16,29.6,25.9,28.3,35.3,31.4,19.4,19.4,14.9,31.0,148,12.38,12652.16,2.87,63,Chennai,13.0827,80.2707,Tamil Nadu
2024-05-17,30.6,26.5,28.8,35.9,32.2,1.6,1.6,18.9,36.0,161,14.47,17791.17,3.45,55,Chennai,13.0827,80.2707,Tamil Nadu
2024-05-18,30.6,26.1,28.8,36.1,32.3,6.6,6.6,14.9,29.5,136,14.37,23774.49,3.38,63,Chennai,13.0827,80.2707,Tamil Nadu
2024-05-19,33.1,26.2,29.2,39.8,32.2,9.5,9.5,17.6,37.8,150,20.26,32757.64,4.52,63,Chennai,13.0827,80.2707,Tamil Nadu
2024-05-20,31.3,26.7,28.6,36.4,32.3,13.9,13.9,16.6,31.0,144,11.26,7501.47,2.86,63,Chennai,13.0827,80.2707,Tamil Nadu
2024-05-21,30.6,26.6,28.4,36.9,32.8,24.0,24.0,14.5,31.7,72,13.15,12105.65,2.93,65,Chennai,13.0827,80.2707,Tamil Nadu
2024-05-22,31.3,25.7,28.5,36.3,30.4,21.3,21.3,18.6,36.0,35,10.18,4818.36,2.52,65,Chennai,13.0827,80.2707,Tamil Nadu
2024-05-23,32.5,26.6,29.2,40.9,33.0,24.7,24.7,14.1,29.5,156,17.99,26358.04,4.04,65,Chennai,13.0827,80.2707,Tamil Nadu
2024-05-24,36.1,26.6,31.2,43.6,31.9,0.0,0.0,22.6,41.4,185,17.97,32597.01,4.87,3,Chennai,13.0827,80.2707,Tamil Nadu
2024-05-25,36.1,27.5,30.8,40.0,31.6,16.6,16.6,18.8,46.1,227,12.73,19097.92,4.03,65,Chennai,13.0827,80.2707,Tamil Nadu
2024-05-26,39.1,28.1,32.8,42.3,32.1,0.6,0.6,21.6,42.1,254,17.35,29777.26,6.03,51,Chennai,13.0827,80.2707,Tamil Nadu
2024-05-27,40.9,30.4,34.8,46.4,31.9,0.1,0.1,23.5,44.6,234,24.11,41933.81,8.18,51,Chennai,13.0827,80.2707,Tamil Nadu
2024-05-28,41.0,30.1,34.3,46.6,32.7,0.0,0.0,23.2,45.0,205,23.51,40915.46,7.76,3,Chennai,13.0827,80.2707,Tamil Nadu
2024-05-29,40.7,30.3,33.9,46.7,32.4,0.0,0.0,25.2,48.6,194,24.37,42179.09,7.67,3,Chennai,13.0827,80.2707,Tamil Nadu
2024-05-30,39.3,29.8,33.7,46.0,34.7,0.0,0.0,21.0,42.8,173,24.24,44028.92,6.92,3,Chennai,13.0827,80.2707,Tamil Nadu
2024-05-31,40.2,29.0,33.4,47.2,33.0,21.9,21.9,21.1,39.2,208,23.63,41023.15,6.99,65,Chennai,13.0827,80.2707,Tamil Nadu
2024-06-01,36.8,27.8,32.7,44.3,31.4,1.0,1.0,27.0,52.6,178,24.22,41837.49,6.49,51,Chennai,13.0827,80.2707,Tamil Nadu
2024-06-02,33.5,27.1,29.6,40.9,30.8,22.0,22.0,18.7,40.0,143,21.6,36461.88,5.07,65,Chennai,13.0827,80.2707,Tamil Nadu
2024-06-03,30.7,27.1,29.1,36.8,33.1,9.4,9.4,14.4,31.7,331,10.13,2240.59,2.62,63,Chennai,13.0827,80.2707,Tamil Nadu
2024-06-04,34.5,26.9,30.0,41.7,33.0,9.6,9.6,11.2,25.9,205,18.49,33783.65,4.35,63,Chennai,13.0827,80.2707,Tamil Nadu
2024-06-05,32.5,26.3,28.7,39.7,29.5,35.5,35.5,24.6,42.1,194,13.27,17588.46,3.22,65,Chennai,13.0827,80.2707,Tamil Nadu
2024-06-06,32.2,26.1,27.9,38.6,30.3,28.1,28.1,18.9,33.1,225,13.11,18000.0,3.04,63,Chennai,13.0827,80.2707,Tamil Nadu
2024-06-07,31.0,25.9,28.1,36.1,30.8,5.1,5.1,16.2,29.5,202,9.83,778.49,2.59,53,Chennai,13.0827,80.2707,Tamil Nadu
2024-06-08,33.7,26.7,29.4,38.9,31.0,2.1,2.1,23.4,42.5,196,18.86,28766.05,4.86,53,Chennai,13.0827,80.2707,Tamil Nadu
2024-06-09,34.8,27.0,30.2,39.1,30.6,0.5,0.5,21.3,41.4,199,20.57,37743.4,5.56,51,Chennai,13.0827,80.2707,Tamil Nadu
2024-06-10,36.5,27.5,30.4,41.8,31.9,7.0,7.0,25.9,50.4,209,21.42,39278.1,5.61,63,Chennai,13.0827,80.2707,Tamil Nadu
2024-06-11,36.2,27.7,30.7,40.6,31.1,10.4,10.4,17.4,43.6,235,19.53,35911.16,5.71,65,Chennai,13.0827,80.2707,Tamil Nadu
2024-06-12,33.8,26.8,30.0,36.1,30.4,0.6,0.6,20.5,44.3,249,13.61,10596.95,4.46,51,Chennai,13.0827,80.2707,Tamil Nadu
2024-06-13,35.4,27.5,30.8,38.5,30.2,0.1,0.1,20.2,39.6,263,19.43,29479.72,5.66,51,Chennai,13.0827,80.2707,Tamil Nadu
2024-06-14,35.9,27.6,30.7,38.3,31.1,0.1,0.1,22.7,42.5,253,17.79,29919.11,5.3,51,Chennai,13.0827,80.2707,Tamil Nadu
2024-06-15,35.5,27.2,30.5,38.7,31.3,2.3,2.3,16.4,29.5,223,15.92,27128.41,4.78,61,Chennai,13.0827,80.2707,Tamil Nadu
2024-06-16,36.3,27.1,30.9,41.9,32.3,0.2,0.2,17.3,31.3,195,22.12,41642.9,5.8,51,Chennai,13.0827,80.2707,Tamil Nadu
2024-06-17,36.4,27.6,31.0,42.0,31.1,0.3,0.3,20.6,40.0,198,23.07,39847.76,6.25,51,Chennai,13.0827,80.2707,Tamil Nadu
2024-06-18,37.0,27.3,31.0,42.0,30.6,0.7,0.7,19.1,36.7,218,23.21,43200.0,6.3,51,Chennai,13.0827,80.2707,Tamil Nadu
2024-06-19,35.3,25.6,29.3,41.2,29.4,16.6,16.6,23.2,41.0,224,21.08,43063.33,5.27,63,Chennai,13.0827,80.2707,Tamil Nadu
2024-06-20,35.6,25.6,29.9,40.4,29.8,2.1,2.1,16.2,35.6,225,21.21,42128.1,5.61,55,Chennai,13.0827,80.2707,Tamil Nadu
2024-06-21,36.0,27.4,30.1,40.3,30.4,5.6,5.6,19.1,39.2,235,22.41,42109.46,6.17,63,Chennai,13.0827,80.2707,Tamil Nadu
2024-06-22,36.3,27.9,31.3,39.7,30.7,0.2,0.2,19.6,36.4,234,21.5,41846.49,6.45,51,Chennai,13.0827,80.2707,Tamil Nadu
2024-06-23,36.5,27.6,31.0,41.9,31.3,0.9,0.9,18.9,38.9,206,22.83,40706.42,6.28,51,Chennai,13.0827,80.2707,Tamil Nadu
2024-06-24,36.1,27.9,30.8,40.1,31.0,0.2,0.2,24.3,45.7,216,20.8,36000.0,6.07,51,Chennai,13.0827,80.2707,Tamil Nadu
2024-06-25,35.2,27.8,31.0,38.8,30.8,0.6,0.6,19.8,38.5,231,18.33,36344.77,5.8,51,Chennai,13.0827,80.2707,Tamil Nadu
2024-06-26,36.5,28.8,31.5,39.0,31.9,0.5,0.5,21.1,42.1,237,14.4,13461.14,5.57,51,Chennai,13.0827,80.2707,Tamil Nadu
2024-06-27,34.9,27.1,31.0,36.8,30.5,1.0,1.0,25.9,51.1,236,14.46,19508.32,5.43,53,Chennai,13.0827,80.2707,Tamil Nadu
2024-06-28,37.1,28.5,31.5,40.7,31.3,0.0,0.0,24.2,44.3,207,20.58,38572.25,6.5,3,Chennai,13.0827,80.2707,Tamil Nadu
2024-06-29,37.8,27.7,31.5,42.2,31.0,2.1,2.1,21.1,43.2,204,21.23,39769.01,6.31,61,Chennai,13.0827,80.2707,Tamil Nadu
2024-06-30,34.4,28.2,30.5,37.9,32.3,0.0,0.0,21.6,39.2,188,12.71,13924.74,4.14,3,Chennai,13.0827,80.2707,Tamil Nadu
2024-07-01,33.9,26.5,30.0,37.2,31.4,2.0,2.0,18.4,33.8,216,14.03,20707.45,4.28,55,Chennai,13.0827,80.2707,Tamil Nadu
2024-07-02,36.0,27.7,30.7,38.6,30.8,0.0,0.0,17.9,33.8,211,16.41,27145.36,5.2,3,Chennai,13.0827,80.2707,Tamil Nadu
2024-07-03,37.5,27.4,31.3,42.3,31.0,4.2,4.2,16.9,34.6,210,23.0,41858.77,6.36,61,Chennai,13.0827,80.2707,Tamil Nadu
2024-07-04,34.8,26.6,30.0,37.5,30.9,2.6,2.6,15.2,34.2,220,14.43,18916.61,4.48,61,Chennai,13.0827,80.2707,Tamil Nadu
2024-07-05,36.1,27.0,30.6,40.6,30.6,0.0,0.0,23.8,43.2,200,21.26,38210.12,5.84,3,Chennai,13.0827,80.2707,Tamil Nadu
2024-07-06,32.2,26.1,28.8,36.0,31.1,2.2,2.2,14.5,31.0,207,11.79,9696.34,3.26,53,Chennai,13.0827,80.2707,Tamil Nadu
2024-07-07,36.1,26.7,29.8,40.4,30.3,1.2,1.2,18.0,42.1,217,18.08,30479.01,5.0,53,Chennai,13.0827,80.2707,Tamil Nadu
2024-07-08,32.7,26.5,28.9,35.6,31.5,11.6,11.6,15.8,34.6,220,12.62,17745.21,3.62,63,Chennai,13.0827,80.2707,Tamil Nadu
2024-07-09,33.9,25.8,28.9,37.3,30.2,5.2,5.2,17.6,34.2,192,16.17,25735.11,4.18,61,Chennai,13.0827,80.2707,Tamil Nadu
2024-07-10,35.5,27.0,30.3,41.4,31.6,0.2,0.2,15.9,33.5,185,22.8,43200.0,5.79,51,Chennai,13.0827,80.2707,Tamil Nadu
2024-07-11,33.3,26.1,29.3,36.5,31.0,1.0,1.0,15.5,29.2,230,15.77,24828.13,4.22,53,Chennai,13.0827,80.2707,Tamil Nadu
2024-07-12,35.7,27.3,30.3,40.0,30.6,2.6,2.6,23.4,45.0,217,20.16,37279.7,5.59,61,Chennai,13.0827,80.2707,Tamil Nadu
2024-07-13,29.6,25.6,27.9,34.3,29.0,8.0,8.0,17.3,31.7,237,7.6,0.0,2.5,61,Chennai,13.0827,80.2707,Tamil Nadu
2024-07-14,28.5,25.4,27.0,33.5,29.4,8.9,8.9,14.6,26.3,231,7.56,0.0,2.17,55,Chennai,13.0827,80.2707,Tamil Nadu
2024-07-15,30.2,25.2,26.9,33.6,28.6,8.2,8.2,19.5,38.2,217,9.53,4579.89,2.61,61,Chennai,13.0827,80.2707,Tamil Nadu
2024-07-16,31.3,25.5,27.3,35.4,28.1,2.8,2.8,21.8,41.0,224,12.49,10450.72,3.45,61,Chennai,13.0827,80.2707,Tamil Nadu
2024-07-17,31.4,25.8,28.5,34.8,29.1,0.1,0.1,20.9,44.3,231,9.47,363.94,3.55,51,Chennai,13.0827,80.2707,Tamil Nadu
2024-07-18,31.9,27.1,28.9,34.6,28.9,1.1,1.1,23.4,42.5,242,10.12,1578.05,4.07,53,Chennai,13.0827,80.2707,Tamil Nadu
2024-07-19,30.1,26.2,27.7,32.3,29.2,0.5,0.5,22.6,42.5,242,8.19,2335.7,3.27,51,Chennai,13.0827,80.2707,Tamil Nadu
2024-07-20,33.0,25.9,28.6,35.6,28.6,0.1,0.1,25.5,51.5,240,13.92,11201.01,4.19,51,Chennai,13.0827,80.2707,Tamil Nadu
2024-07-21,35.6,27.0,30.2,37.8,29.4,2.6,2.6,21.9,43.2,238,17.03,30941.83,5.24,61,Chennai,13.0827,80.2707,Tamil Nadu
2024-07-22,35.2,27.4,30.9,39.0,29.5,0.0,0.0,24.9,49.7,242,14.42,16288.63,5.37,3,Chennai,13.0827,80.2707,Tamil Nadu
2024-07-23,36.6,27.0,31.2,38.9,29.2,0.1,0.1,27.4,55.8,240,23.33,42766.58,7.16,51,Chennai,13.0827,80.2707,Tamil Nadu
2024-07-24,36.7,28.0,31.6,37.6,29.9,0.0,0.0,28.9,54.7,252,21.08,37361.36,7.25,3,Chennai,13.0827,80.2707,Tamil Nadu
2024-07-25,37.8,27.8,31.5,38.6,29.9,1.1,1.1,30.3,56.9,251,19.83,31878.14,7.27,53,Chennai,13.0827,80.2707,Tamil Nadu
2024-07-26,36.5,27.5,31.2,38.1,29.5,4.6,4.6,27.8,59.8,257,18.98,35081.75,6.56,63,Chennai,13.0827,80.2707,Tamil Nadu
2024-07-27,34.8,28.4,31.5,36.6,30.3,0.3,0.3,30.4,57.2,267,19.8,39269.28,7.12,51,Chennai,13.0827,80.2707,Tamil Nadu
2024-07-28,37.1,28.0,31.5,37.8,28.4,0.1,0.1,26.6,49.7,247,19.21,36873.56,7.33,51,Chennai,13.0827,80.2707,Tamil Nadu
2024-07-29,36.7,26.7,30.8,38.9,29.5,5.8,5.8,22.1,45.0,238,19.26,35847.86,6.17,61,Chennai,13.0827,80.2707,Tamil Nadu
2024-07-30,36.0,26.9,30.4,40.7,30.4,1.5,1.5,19.5,41.4,256,21.43,41076.68,5.92,55,Chennai,13.0827,80.2707,Tamil Nadu
2024-07-31,36.0,27.0,30.4,40.3,30.1,1.5,1.5,17.3,35.3,240,17.94,38444.32,5.17,53,Chennai,13.0827,80.2707,Tamil Nadu
2024-08-01,35.8,28.1,30.6,38.9,30.9,2.6,2.6,23.5,45.4,247,16.49,26694.28,5.19,63,Chennai,13.0827,80.2707,Tamil Nadu
2024-08-02,35.7,27.4,29.8,40.3,30.3,4.5,4.5,19.8,39.2,253,18.6,33599.06,4.96,63,Chennai,13.0827,80.2707,Tamil Nadu
2024-08-03,34.8,26.3,29.6,41.2,30.1,7.7,7.7,15.8,29.9,234,22.94,41794.13,5.41,63,Chennai,13.0827,80.2707,Tamil Nadu
2024-08-04,35.3,26.6,29.8,41.5,30.8,0.2,0.2,13.8,29.9,230,23.37,39440.75,5.53,51,Chennai,13.0827,80.2707,Tamil Nadu
2024-08-05,32.0,24.7,28.0,38.5,29.1,0.8,0.8,15.0,31.3,200,19.04,26219.23,4.3,51,Chennai,13.0827,80.2707,Tamil Nadu
2024-08-06,33.1,25.0,28.4,40.4,29.3,19.1,19.1,18.4,32.0,231,19.4,39126.38,4.45,65,Chennai,13.0827,80.2707,Tamil Nadu
2024-08-07,32.3,24.9,27.7,37.4,29.3,8.8,8.8,13.0,27.0,248,17.33,27753.89,3.86,61,Chennai,13.0827,80.2707,Tamil Nadu
2024-08-08,32.0,25.5,28.0,39.7,29.3,10.9,10.9,12.6,27.4,227,22.45,39011.58,4.87,63,Chennai,13.0827,80.2707,Tamil Nadu
2024-08-09,32.8,24.9,27.9,40.3,28.3,20.9,20.9,19.2,33.5,241,23.82,42226.88,5.07,63,Chennai,13.0827,80.2707,Tamil Nadu
2024-08-10,31.8,24.6,27.9,38.7,28.7,4.1,4.1,14.3,25.9,239,22.07,41989.64,4.62,55,Chennai,13.0827,80.2707,Tamil Nadu
2024-08-11,33.5,25.0,28.5,41.0,30.2,16.2,16.2,13.8,25.9,209,23.67,43105.26,5.09,65,Chennai,13.0827,80.2707,Tamil Nadu
2024-08-12,33.6,24.6,28.4,41.1,29.1,11.4,11.4,15.3,28.1,200,24.34,43076.65,5.25,63,Chennai,13.0827,80.2707,Tamil Nadu
2024-08-13,32.1,25.6,28.6,39.6,29.5,0.5,0.5,16.7,33.8,193,24.51,43047.42,5.33,51,Chennai,13.0827,80.2707,Tamil Nadu
2024-08-14,30.9,26.0,28.6,37.8,32.2,1.0,1.0,13.5,31.0,148,23.4,43017.59,4.81,51,Chennai,13.0827,80.2707,Tamil Nadu
2024-08-15,32.0,26.1,28.8,39.3,31.4,1.6,1.6,18.7,35.6,173,22.35,42987.21,4.88,53,Chennai,13.0827,80.2707,Tamil Nadu
2024-08-16,32.0,26.9,29.1,37.8,31.7,0.9,0.9,20.6,40.0,177,23.19,42770.72,5.25,51,Chennai,13.0827,80.2707,Tamil Nadu
2024-08-17,32.5,26.0,29.2,39.9,31.5,0.1,0.1,15.0,32.4,154,24.03,42924.9,5.32,51,Chennai,13.0827,80.2707,Tamil Nadu
2024-08-18,32.8,26.1,29.1,40.6,31.3,1.6,1.6,15.0,28.8,161,23.89,42893.04,5.25,53,Chennai,13.0827,80.2707,Tamil Nadu
2024-08-19,33.1,27.2,29.4,39.7,32.4,1.7,1.7,21.4,42.5,181,23.45,41592.05,5.42,53,Chennai,13.0827,80.2707,Tamil Nadu
2024-08-20,32.1,25.7,28.6,39.0,30.8,4.7,4.7,22.3,40.7,183,22.19,40408.97,5.02,61,Chennai,13.0827,80.2707,Tamil Nadu
2024-08-21,31.9,26.7,29.0,36.5,30.5,1.0,1.0,24.0,46.8,188,19.34,37431.1,4.9,51,Chennai,13.0827,80.2707,Tamil Nadu
2024-08-22,32.8,26.6,29.2,38.0,29.6,0.0,0.0,26.2,47.9,194,20.12,33760.34,5.45,3,Chennai,13.0827,80.2707,Tamil Nadu
2024-08-23,34.1,26.6,29.8,40.1,30.4,0.1,0.1,22.7,40.7,191,22.9,39600.0,5.85,51,Chennai,13.0827,80.2707,Tamil Nadu
2024-08-24,34.6,27.0,30.2,39.2,29.8,0.2,0.2,22.8,40.3,201,21.38,33828.63,5.91,51,Chennai,13.0827,80.2707,Tamil Nadu
2024-08-25,35.2,27.2,30.6,38.5,30.6,0.4,0.4,19.4,40.7,215,22.67,39381.99,6.36,51,Chennai,13.0827,80.2707,Tamil Nadu
2024-08-26,35.2,27.9,30.7,39.0,28.7,1.0,1.0,23.3,47.9,232,23.4,41446.05,6.82,53,Chennai,13.0827,80.2707,Tamil Nadu
2024-08-27,34.1,26.5,29.6,37.7,30.7,5.1,5.1,16.2,36.4,222,14.79,11958.02,4.37,63,Chennai,13.0827,80.2707,Tamil Nadu
2024-08-28,29.2,25.7,27.4,33.4,29.7,5.1,5.1,12.4,22.7,229,6.96,0.0,2.21,55,Chennai,13.0827,80.2707,Tamil Nadu
2024-08-29,33.8,24.8,27.6,37.9,28.4,8.9,8.9,22.6,38.9,237,10.99,3739.8,3.18,63,Chennai,13.0827,80.2707,Tamil Nadu
2024-08-30,32.2,25.8,28.0,35.3,29.4,5.0,5.0,22.4,42.5,256,11.27,5993.59,3.33,55,Chennai,13.0827,80.2707,Tamil Nadu
2024-08-31,31.6,25.5,28.5,34.4,28.8,0.3,0.3,19.4,37.4,260,12.76,6250.84,4.02,51,Chennai,13.0827,80.2707,Tamil Nadu
2024-09-01,34.4,26.6,29.6,37.4,29.6,0.0,0.0,19.8,41.8,235,20.27,36608.56,5.68,3,Chennai,13.0827,80.2707,Tamil Nadu
2024-09-02,35.1,25.9,29.6,39.7,29.1,2.5,2.5,19.4,37.1,219,23.18,40279.17,5.92,55,Chennai,13.0827,80.2707,Tamil Nadu
2024-09-03,33.3,25.3,28.6,39.3,30.3,5.1,5.1,14.5,31.7,209,19.85,36652.69,4.53,63,Chennai,13.0827,80.2707,Tamil Nadu
2024-09-04,33.7,26.1,28.9,36.4,30.4,0.0,0.0,17.2,37.4,246,13.7,11063.61,3.77,3,Chennai,13.0827,80.2707,Tamil Nadu
2024-09-05,34.7,26.8,29.5,39.6,30.8,0.7,0.7,18.8,38.9,240,21.36,37535.5,5.25,51,Chennai,13.0827,80.2707,Tamil Nadu
2024-09-06,33.7,25.1,28.6,37.1,29.9,17.3,17.3,19.3,38.5,265,12.97,10266.43,3.46,65,Chennai,13.0827,80.2707,Tamil Nadu
2024-09-07,32.6,25.7,29.2,37.2,28.4,2.9,2.9,17.6,37.4,255,12.64,6089.78,3.55,61,Chennai,13.0827,80.2707,Tamil Nadu
2024-09-08,34.0,27.1,29.8,37.2,30.2,0.0,0.0,21.5,47.5,256,17.52,28901.21,5.19,3,Chennai,13.0827,80.2707,Tamil Nadu
2024-09-09,34.2,27.3,29.9,36.6,30.5,0.0,0.0,24.4,48.6,230,18.88,32659.08,5.54,3,Chennai,13.0827,80.2707,Tamil Nadu
2024-09-10,36.2,27.6,30.5,40.4,29.2,1.1,1.1,21.6,46.1,217,22.38,40050.81,6.22,53,Chennai,13.0827,80.2707,Tamil Nadu
2024-09-11,35.1,27.7,30.2,39.5,29.6,1.2,1.2,23.5,41.0,211,20.12,35741.02,5.67,53,Chennai,13.0827,80.2707,Tamil Nadu
2024-09-12,36.4,27.3,30.2,40.5,29.6,0.8,0.8,18.8,38.2,228,24.47,39600.0,6.21,51,Chennai,13.0827,80.2707,Tamil Nadu
2024-09-13,35.9,26.8,30.3,40.8,32.4,0.1,0.1,17.4,36.0,183,21.75,39600.0,5.45,51,Chennai,13.0827,80.2707,Tamil Nadu
2024-09-14,36.0,26.9,30.7,41.2,32.5,0.5,0.5,20.0,39.6,189,23.13,38299.31,5.9,51,Chennai,13.0827,80.2707,Tamil Nadu
2024-09-15,36.5,26.7,30.7,41.2,31.9,3.6,3.6,16.8,36.7,210,23.23,39682.2,5.96,55,Chennai,13.0827,80.2707,Tamil Nadu
2024-09-16,35.8,26.9,30.7,40.2,30.7,0.4,0.4,19.2,36.4,222,23.62,40499.96,6.09,51,Chennai,13.0827,80.2707,Tamil Nadu
2024-09-17,36.3,27.6,30.8,41.8,30.4,0.6,0.6,17.1,35.3,208,24.06,40049.41,6.48,51,Chennai,13.0827,80.2707,Tamil Nadu
2024-09-18,34.8,26.9,30.0,40.9,31.2,1.5,1.5,13.8,34.9,101,22.44,40218.61,5.33,53,Chennai,13.0827,80.2707,Tamil Nadu
2024-09-19,33.9,25.3,29.3,40.5,27.9,2.0,2.0,18.3,36.0,159,23.6,39600.0,5.45,55,Chennai,13.0827,80.2707,Tamil Nadu
2024-09-20,35.9,26.5,30.5,41.3,31.0,0.4,0.4,14.7,33.5,223,22.95,38411.74,5.6,51,Chennai,13.0827,80.2707,Tamil Nadu
2024-09-21,31.0,25.6,28.5,35.6,30.9,3.9,3.9,17.0,34.6,311,9.87,4584.9,2.66,55,Chennai,13.0827,80.2707,Tamil Nadu
2024-09-22,33.6,25.1,28.3,38.9,30.0,12.9,12.9,15.7,31.3,281,14.16,14911.89,3.46,63,Chennai,13.0827,80.2707,Tamil Nadu
2024-09-23,33.0,24.8,28.5,41.2,28.5,15.5,15.5,13.3,33.8,233,21.77,39600.0,4.78,63,Chennai,13.0827,80.2707,Tamil Nadu
2024-09-24,33.4,25.6,28.9,39.0,30.7,12.4,12.4,15.5,31.3,239,20.6,37420.6,4.86,65,Chennai,13.0827,80.2707,Tamil Nadu
2024-09-25,33.9,25.7,28.7,40.3,30.8,11.2,11.2,16.3,34.9,234,20.62,39600.0,4.65,63,Chennai,13.0827,80.2707,Tamil Nadu
2024-09-26,30.5,26.6,28.2,35.6,31.8,0.8,0.8,14.7,27.7,165,9.99,1932.23,2.58,53,Chennai,13.0827,80.2707,Tamil Nadu
2024-09-27,31.4,25.5,28.3,38.8,29.0,7.8,7.8,17.3,34.2,183,20.67,37267.55,4.42,61,Chennai,13.0827,80.2707,Tamil Nadu
2024-09-28,30.8,24.3,27.6,39.2,28.3,14.1,14.1,14.6,29.2,162,22.44,39600.0,4.66,65,Chennai,13.0827,80.2707,Tamil Nadu
2024-09-29,30.8,24.5,27.7,38.0,29.5,0.7,0.7,16.3,34.2,173,22.28,39600.0,4.58,51,Chennai,13.0827,80.2707,Tamil Nadu
2024-09-30,30.1,25.1,27.5,36.5,30.8,0.9,0.9,14.3,30.2,167,22.1,39600.0,4.45,53,Chennai,13.0827,80.2707,Tamil Nadu
2024-10-01,31.6,25.6,28.3,37.8,30.7,0.6,0.6,17.3,35.3,175,22.92,39600.0,5.03,51,Chennai,13.0827,80.2707,Tamil Nadu
2024-10-02,34.4,25.5,29.5,39.4,29.7,0.0,0.0,19.2,36.0,197,23.87,39600.0,5.69,3,Chennai,13.0827,80.2707,Tamil Nadu
2024-10-03,34.0,26.4,29.5,42.2,29.5,1.6,1.6,15.0,29.5,220,22.05,39701.27,5.2,55,Chennai,13.0827,80.2707,Tamil Nadu
2024-10-04,32.8,26.5,29.0,40.2,30.7,2.2,2.2,18.3,31.7,213,20.16,36678.04,4.7,61,Chennai,13.0827,80.2707,Tamil Nadu
2024-10-05,33.5,25.5,28.9,40.5,29.3,0.1,0.1,14.5,26.3,226,22.1,39600.0,5.01,51,Chennai,13.0827,80.2707,Tamil Nadu
2024-10-06,32.2,25.5,28.6,39.2,31.7,0.0,0.0,13.3,27.7,84,22.95,39600.0,4.99,3,Chennai,13.0827,80.2707,Tamil Nadu
2024-10-07,30.0,25.6,27.9,36.4,31.3,1.4,1.4,12.3,27.7,113,18.82,39433.22,3.97,51,Chennai,13.0827,80.2707,Tamil Nadu
2024-10-08,30.3,24.8,27.7,37.0,29.8,1.4,1.4,13.2,29.2,130,21.23,39600.0,4.44,51,Chennai,13.0827,80.2707,Tamil Nadu
2024-10-09,30.0,25.0,27.6,36.5,29.6,2.0,2.0,14.9,31.7,126,20.48,37453.91,4.27,53,Chennai,13.0827,80.2707,Tamil Nadu
2024-10-10,29.8,24.3,27.1,36.2,29.1,16.5,16.5,14.8,31.0,128,17.83,29765.69,3.69,63,Chennai,13.0827,80.2707,Tamil Nadu
2024-10-11,29.8,24.6,27.4,35.4,29.7,7.4,7.4,14.2,32.4,137,19.25,39600.0,4.04,63,Chennai,13.0827,80.2707,Tamil Nadu
2024-10-12,29.6,25.2,27.4,35.6,29.9,3.3,3.3,15.8,33.1,109,20.88,36091.96,4.33,53,Chennai,13.0827,80.2707,Tamil Nadu
2024-10-13,29.9,24.1,27.3,36.5,29.2,2.5,2.5,13.8,29.9,101,20.21,39600.0,4.14,61,Chennai,13.0827,80.2707,Tamil Nadu
2024-10-14,26.7,24.3,25.6,30.7,28.2,69.2,69.2,24.2,42.5,31,6.14,467.56,1.49,65,Chennai,13.0827,80.2707,Tamil Nadu
2024-10-15,28.2,24.7,26.1,32.4,28.7,63.4,63.4,19.5,34.9,60,8.69,3762.21,2.04,65,Chennai,13.0827,80.2707,Tamil Nadu
2024-10-16,28.6,23.9,25.8,33.0,27.9,39.7,39.7,14.5,30.2,326,10.79,13063.58,2.31,65,Chennai,13.0827,80.2707,Tamil Nadu
2024-10-17,30.3,23.9,27.2,37.2,29.1,3.2,3.2,10.5,24.5,147,20.75,39600.0,4.28,61,Chennai,13.0827,80.2707,Tamil Nadu
2024-10-18,28.8,24.4,26.8,35.4,29.8,11.6,11.6,14.1,31.3,126,14.13,28025.83,2.87,65,Chennai,13.0827,80.2707,Tamil Nadu
2024-10-19,29.3,24.1,26.8,35.1,28.9,8.0,8.0,10.8,25.6,36,16.25,34057.51,3.33,63,Chennai,13.0827,80.2707,Tamil Nadu
2024-10-20,29.9,24.5,27.1,36.8,29.4,5.8,5.8,13.5,27.7,34,18.81,36000.0,3.85,63,Chennai,13.0827,80.2707,Tamil Nadu
2024-10-21,30.1,25.4,27.7,37.4,30.8,1.6,1.6,10.9,24.5,113,19.86,39600.0,4.08,51,Chennai,13.0827,80.2707,Tamil Nadu
2024-10-22,30.3,24.3,27.2,36.9,29.1,1.0,1.0,12.6,26.6,14,19.86,39600.0,4.04,51,Chennai,13.0827,80.2707,Tamil Nadu
2024-10-23,31.5,24.1,27.5,37.7,28.6,0.0,0.0,12.9,27.7,356,22.1,39600.0,4.58,3,Chennai,13.0827,80.2707,Tamil Nadu
2024-10-24,31.2,25.1,27.6,35.5,29.5,0.0,0.0,12.7,26.3,252,14.9,27935.47,3.46,3,Chennai,13.0827,80.2707,Tamil Nadu
2024-10-25,32.7,24.0,27.9,37.7,28.0,0.0,0.0,12.9,23.0,225,21.22,39600.0,4.76,3,Chennai,13.0827,80.2707,Tamil Nadu
2024-10-26,33.5,24.2,28.3,37.2,27.5,0.0,0.0,13.1,24.8,252,22.11,39600.0,5.17,3,Chennai,13.0827,80.2707,Tamil Nadu
2024-10-27,32.3,24.1,28.0,37.9,28.4,0.6,0.6,11.2,24.5,253,20.96,39600.0,4.6,51,Chennai,13.0827,80.2707,Tamil Nadu
2024-10-28,32.2,24.3,27.7,38.4,27.4,1.7,1.7,11.8,24.5,207,20.72,39600.0,4.63,53,Chennai,13.0827,80.2707,Tamil Nadu
2024-10-29,32.1,24.6,28.3,39.4,29.8,1.1,1.1,12.7,28.4,177,20.94,39600.0,4.53,53,Chennai,13.0827,80.2707,Tamil Nadu
2024-10-30,31.5,25.5,27.8,38.8,29.3,4.8,4.8,13.1,25.9,195,19.56,39600.0,4.12,63,Chennai,13.0827,80.2707,Tamil Nadu
2024-10-31,30.1,25.1,27.3,36.5,30.5,1.9,1.9,13.9,32.0,119,18.77,39600.0,3.85,55,Chennai,13.0827,80.2707,Tamil Nadu
2024-11-01,29.2,24.8,26.7,36.5,30.5,5.9,5.9,11.8,26.3,72,18.02,36727.52,3.62,63,Chennai,13.0827,80.2707,Tamil Nadu
2024-11-02,29.2,24.2,26.7,35.8,29.6,4.4,4.4,9.9,28.1,75,18.58,38524.2,3.7,61,Chennai,13.0827,80.2707,Tamil Nadu
2024-11-03,29.6,23.7,26.6,34.9,28.6,3.7,3.7,17.3,34.2,44,19.18,39600.0,3.87,61,Chennai,13.0827,80.2707,Tamil Nadu
2024-11-04,30.1,23.5,26.9,35.5,28.5,1.2,1.2,14.2,28.1,36,20.55,39600.0,4.35,53,Chennai,13.0827,80.2707,Tamil Nadu
2024-11-05,30.5,23.9,27.3,33.5,27.6,0.1,0.1,19.1,37.8,9,20.69,39600.0,4.76,51,Chennai,13.0827,80.2707,Tamil Nadu
2024-11-06,28.7,24.6,26.0,32.4,27.4,14.9,14.9,18.8,37.4,9,15.22,34751.37,3.26,63,Chennai,13.0827,80.2707,Tamil Nadu
2024-11-07,29.6,24.0,26.9,34.6,27.6,2.6,2.6,20.7,42.5,17,17.83,39600.0,3.87,51,Chennai,13.0827,80.2707,Tamil Nadu
2024-11-08,30.4,26.1,28.1,34.9,30.0,0.2,0.2,20.1,40.0,35,20.06,39600.0,4.72,51,Chennai,13.0827,80.2707,Tamil Nadu
2024-11-09,30.4,24.7,27.5,33.6,28.7,1.0,1.0,21.8,42.5,27,18.93,39600.0,4.63,51,Chennai,13.0827,80.2707,Tamil Nadu
2024-11-10,30.3,24.3,27.3,32.8,28.3,1.5,1.5,23.2,43.9,16,19.86,39600.0,4.73,53,Chennai,13.0827,80.2707,Tamil Nadu
2024-11-11,30.2,24.0,26.8,32.2,27.3,4.4,4.4,27.2,51.5,359,17.93,35142.03,4.21,61,Chennai,13.0827,80.2707,Tamil Nadu
2024-11-12,27.5,24.0,25.5,32.2,27.9,42.4,42.4,13.1,25.9,29,5.33,0.0,1.33,65,Chennai,13.0827,80.2707,Tamil Nadu
2024-11-13,26.9,24.0,25.6,31.4,28.8,33.1,33.1,13.5,32.0,51,5.82,0.0,1.4,63,Chennai,13.0827,80.2707,Tamil Nadu
2024-11-14,28.9,24.3,26.0,34.9,27.9,12.6,12.6,15.4,37.8,41,14.95,34713.39,3.0,63,Chennai,13.0827,80.2707,Tamil Nadu
2024-11-15,28.1,24.1,26.0,33.1,28.7,16.9,16.9,13.5,35.6,33,13.8,32145.27,2.79,63,Chennai,13.0827,80.2707,Tamil Nadu
2024-11-16,27.7,24.0,26.1,32.5,28.5,11.2,11.2,13.9,40.0,50,15.62,38916.72,3.02,61,Chennai,13.0827,80.2707,Tamil Nadu
2024-11-17,29.5,24.0,27.0,33.7,29.1,2.5,2.5,19.3,46.1,43,20.06,39600.0,4.36,61,Chennai,13.0827,80.2707,Tamil Nadu
2024-11-18,29.2,25.8,27.2,32.4,29.1,0.0,0.0,18.6,45.0,44,20.42,39600.0,4.7,3,Chennai,13.0827,80.2707,Tamil Nadu
2024-11-19,28.7,25.4,26.8,31.8,28.1,0.5,0.5,19.4,49.7,31,19.17,39600.0,4.57,51,Chennai,13.0827,80.2707,Tamil Nadu
2024-11-20,28.9,25.0,26.7,32.1,28.0,0.0,0.0,16.8,42.8,36,20.06,39600.0,4.7,3,Chennai,13.0827,80.2707,Tamil Nadu
2024-11-21,29.0,25.2,26.6,32.1,27.4,0.0,0.0,17.3,43.9,34,19.09,39600.0,4.73,3,Chennai,13.0827,80.2707,Tamil Nadu
2024-11-22,29.2,23.1,26.3,31.9,25.3,0.0,0.0,18.2,43.9,19,19.47,39600.0,4.5,3,Chennai,13.0827,80.2707,Tamil Nadu
2024-11-23,28.9,23.5,26.4,32.1,26.5,1.1,1.1,18.0,43.6,24,16.58,39600.0,3.78,51,Chennai,13.0827,80.2707,Tamil Nadu
2024-11-24,29.6,25.5,27.0,32.8,28.9,0.1,0.1,18.1,43.6,30,15.21,23223.03,3.93,51,Chennai,13.0827,80.2707,Tamil Nadu
2024-11-25,29.6,24.3,26.6,31.4,27.5,1.3,1.3,23.0,55.4,18,18.33,36000.0,4.46,53,Chennai,13.0827,80.2707,Tamil Nadu
2024-11-26,26.8,23.6,25.0,30.7,27.1,22.5,22.5,19.6,42.1,22,7.47,1728.21,1.78,63,Chennai,13.0827,80.2707,Tamil Nadu
2024-11-27,27.7,24.5,26.4,28.5,26.8,5.4,5.4,26.8,61.2,19,7.95,0.0,3.35,61,Chennai,13.0827,80.2707,Tamil Nadu
2024-11-28,26.4,23.9,25.2,27.9,25.2,21.0,21.0,27.5,75.2,356,6.4,1310.98,2.41,63,Chennai,13.0827,80.2707,Tamil Nadu
2024-11-29,25.1,23.3,24.3,28.3,25.0,25.6,25.6,23.3,48.6,352,6.69,1800.09,1.59,63,Chennai,13.0827,80.2707,Tamil Nadu
2024-11-30,26.5,23.9,25.2,27.9,24.3,158.4,158.4,48.7,95.8,20,0.67,0.0,0.99,65,Chennai,13.0827,80.2707,Tamil Nadu
2024-12-01,27.8,24.8,26.1,30.7,27.8,25.3,25.3,28.6,63.0,95,8.22,9468.77,2.21,65,Chennai,13.0827,80.2707,Tamil Nadu
2024-12-02,28.9,25.3,26.8,32.8,28.4,10.2,10.2,20.4,47.9,141,16.89,39063.28,3.57,63,Chennai,13.0827,80.2707,Tamil Nadu
2024-12-03,29.4,24.6,27.0,35.4,28.9,4.0,4.0,13.9,33.1,129,18.31,39530.57,3.75,53,Chennai,13.0827,80.2707,Tamil Nadu
2024-12-04,28.8,24.8,26.8,34.3,30.1,3.5,3.5,10.7,26.3,57,16.24,38008.23,3.26,61,Chennai,13.0827,80.2707,Tamil Nadu
2024-12-05,29.1,23.7,26.0,35.1,28.4,0.8,0.8,11.5,28.4,13,17.02,39600.0,3.28,51,Chennai,13.0827,80.2707,Tamil Nadu
2024-12-06,28.0,24.2,26.2,34.0,29.3,1.8,1.8,11.4,29.2,37,15.87,38541.8,3.09,51,Chennai,13.0827,80.2707,Tamil Nadu
2024-12-07,29.2,24.1,26.6,34.6,29.3,0.4,0.4,10.8,27.7,76,19.06,39241.49,3.85,51,Chennai,13.0827,80.2707,Tamil Nadu
2024-12-08,29.4,23.8,26.8,34.7,28.8,0.0,0.0,9.8,26.3,88,19.08,39600.0,3.9,3,Chennai,13.0827,80.2707,Tamil Nadu
2024-12-09,29.2,23.3,26.5,34.1,28.3,1.0,1.0,12.2,31.3,33,17.99,39600.0,3.74,51,Chennai,13.0827,80.2707,Tamil Nadu
2024-12-10,29.3,24.7,26.9,32.3,29.1,0.2,0.2,17.9,43.6,21,16.68,36524.1,3.85,51,Chennai,13.0827,80.2707,Tamil Nadu
2024-12-11,27.2,24.1,25.6,29.8,27.6,16.1,16.1,24.9,51.5,29,5.19,0.0,1.75,61,Chennai,13.0827,80.2707,Tamil Nadu
2024-12-12,26.0,23.8,25.0,29.5,27.6,47.9,47.9,18.8,38.9,56,5.53,373.48,1.47,65,Chennai,13.0827,80.2707,Tamil Nadu
2024-12-13,27.9,25.2,26.3,30.9,27.5,2.1,2.1,20.1,47.5,46,16.5,35097.35,3.87,53,Chennai,13.0827,80.2707,Tamil Nadu
2024-12-14,28.4,24.6,26.2,30.3,26.9,0.0,0.0,19.5,46.4,34,16.78,39600.0,4.26,3,Chennai,13.0827,80.2707,Tamil Nadu
2024-12-15,27.5,24.3,25.6,28.8,26.1,0.0,0.0,22.4,55.4,28,17.51,39600.0,4.53,3,Chennai,13.0827,80.2707,Tamil Nadu
2024-12-16,27.0,22.7,24.8,28.5,24.5,0.0,0.0,20.4,48.2,13,18.44,39600.0,4.41,3,Chennai,13.0827,80.2707,Tamil Nadu
2024-12-17,26.3,22.1,23.9,27.7,23.6,8.2,8.2,22.9,54.4,344,6.4,772.13,2.26,63,Chennai,13.0827,80.2707,Tamil Nadu
2024-12-18,26.3,22.0,24.0,29.6,23.8,24.1,24.1,20.5,45.7,353,7.21,5906.95,1.66,63,Chennai,13.0827,80.2707,Tamil Nadu
2024-12-19,27.3,23.5,25.2,31.0,26.6,7.0,7.0,17.4,42.5,354,9.66,10527.31,2.08,61,Chennai,13.0827,80.2707,Tamil Nadu
2024-12-20,28.8,24.0,25.9,33.1,27.8,15.9,15.9,19.1,43.2,341,13.96,29711.23,2.91,65,Chennai,13.0827,80.2707,Tamil Nadu
2024-12-21,28.6,24.1,26.0,33.7,28.4,1.5,1.5,16.0,37.8,354,16.62,38391.31,3.3,53,Chennai,13.0827,80.2707,Tamil Nadu
2024-12-22,28.4,24.1,25.8,32.3,27.9,0.2,0.2,16.2,39.6,12,17.82,39558.26,3.6,51,Chennai,13.0827,80.2707,Tamil Nadu
2024-12-23,28.6,23.1,25.7,31.7,26.8,0.0,0.0,20.0,49.0,358,16.85,35929.14,3.62,3,Chennai,13.0827,80.2707,Tamil Nadu
2024-12-24,27.9,23.5,25.2,31.4,25.2,7.6,7.6,18.4,43.6,344,12.03,25702.22,2.76,63,Chennai,13.0827,80.2707,Tamil Nadu
2024-12-25,27.5,23.1,24.8,30.8,24.9,2.8,2.8,19.2,47.9,341,10.36,18411.93,2.36,53,Chennai,13.0827,80.2707,Tamil Nadu
2024-12-26,28.2,24.5,26.2,32.9,28.1,10.1,10.1,19.7,45.4,79,16.34,36889.72,3.26,61,Chennai,13.0827,80.2707,Tamil Nadu
2024-12-27,28.5,23.7,26.2,30.9,27.0,4.1,4.1,22.2,52.6,62,17.98,37685.29,3.93,55,Chennai,13.0827,80.2707,Tamil Nadu
2024-12-28,28.3,24.9,26.4,32.2,28.1,0.2,0.2,15.0,36.7,46,18.62,39388.73,4.02,51,Chennai,13.0827,80.2707,Tamil Nadu
2024-12-29,27.9,24.3,26.0,30.4,27.9,1.0,1.0,19.6,44.6,33,15.43,32822.42,3.56,51,Chennai,13.0827,80.2707,Tamil Nadu
2024-12-30,28.0,23.8,25.8,31.4,27.4,3.5,3.5,19.9,46.8,30,17.52,38760.75,3.58,53,Chennai,13.0827,80.2707,Tamil Nadu
2024-12-31,28.2,24.5,26.1,31.3,28.0,0.1,0.1,18.7,44.6,32,18.16,39311.72,3.87,51,Chennai,13.0827,80.2707,Tamil Nadu
2025-01-01,27.9,23.7,25.7,31.6,27.0,0.0,0.0,16.7,41.0,38,19.45,39287.77,4.04,3,Chennai,13.0827,80.2707,Tamil Nadu
2025-01-02,27.9,23.2,25.4,30.2,25.7,0.0,0.0,15.9,39.2,35,18.32,39264.83,4.09,3,Chennai,13.0827,80.2707,Tamil Nadu
2025-01-03,28.3,22.9,25.4,29.7,24.9,0.1,0.1,18.4,45.4,29,18.21,38793.31,4.35,51,Chennai,13.0827,80.2707,Tamil Nadu
2025-01-04,27.7,21.6,24.8,29.9,24.8,0.1,0.1,12.9,32.8,32,18.36,39222.28,3.98,51,Chennai,13.0827,80.2707,Tamil Nadu
2025-01-05,28.3,21.4,24.9,30.7,23.8,0.0,0.0,12.2,33.1,26,19.1,39202.86,4.13,3,Chennai,13.0827,80.2707,Tamil Nadu
2025-01-06,28.6,21.7,25.2,31.1,23.7,0.5,0.5,11.1,30.6,30,17.39,39184.77,3.82,51,Chennai,13.0827,80.2707,Tamil Nadu
2025-01-07,27.3,22.8,25.0,29.3,25.8,2.3,2.3,14.7,37.1,28,15.93,38813.25,3.52,53,Chennai,13.0827,80.2707,Tamil Nadu
2025-01-08,28.1,21.4,25.2,30.3,23.9,0.0,0.0,17.9,43.9,34,19.58,39152.51,4.64,1,Chennai,13.0827,80.2707,Tamil Nadu
2025-01-09,28.5,24.4,26.1,29.0,25.6,0.1,0.1,19.3,47.2,47,18.31,37790.74,4.87,51,Chennai,13.0827,80.2707,Tamil Nadu
2025-01-10,28.4,23.6,25.9,29.5,26.5,1.0,1.0,20.2,48.6,45,15.85,37531.36,3.93,51,Chennai,13.0827,80.2707,Tamil Nadu
2025-01-11,28.5,24.6,26.3,29.8,26.6,0.0,0.0,19.5,48.2,43,18.02,38048.93,4.68,3,Chennai,13.0827,80.2707,Tamil Nadu
2025-01-12,26.8,24.1,25.4,28.6,25.8,1.4,1.4,16.7,40.0,28,5.34,0.0,2.19,51,Chennai,13.0827,80.2707,Tamil Nadu
2025-01-13,26.9,23.6,25.4,29.6,27.2,4.6,4.6,19.2,46.1,55,12.96,33995.4,2.82,55,Chennai,13.0827,80.2707,Tamil Nadu
2025-01-14,28.2,24.6,26.1,30.8,27.9,0.3,0.3,19.8,47.9,43,18.43,39075.73,4.15,51,Chennai,13.0827,80.2707,Tamil Nadu
2025-01-15,28.9,25.2,26.6,30.8,27.2,0.0,0.0,20.8,50.0,49,18.71,39065.98,4.79,3,Chennai,13.0827,80.2707,Tamil Nadu
2025-01-16,28.3,24.8,26.1,29.9,26.6,0.1,0.1,19.3,46.8,52,17.83,38979.39,4.54,51,Chennai,13.0827,80.2707,Tamil Nadu
2025-01-17,27.4,23.7,25.5,29.1,26.0,0.4,0.4,20.1,48.6,45,17.78,39049.35,4.3,51,Chennai,13.0827,80.2707,Tamil Nadu
2025-01-18,28.2,23.1,25.4,28.6,24.8,2.1,2.1,20.5,48.6,29,9.17,13842.5,3.11,61,Chennai,13.0827,80.2707,Tamil Nadu
2025-01-19,27.4,23.3,25.2,30.0,26.4,12.1,12.1,20.0,47.9,34,15.1,34430.17,3.16,63,Chennai,13.0827,80.2707,Tamil Nadu
2025-01-20,27.6,23.2,25.1,30.2,26.4,0.0,0.0,18.0,43.6,22,19.49,36262.6,4.09,3,Chennai,13.0827,80.2707,Tamil Nadu
2025-01-21,27.8,22.4,25.0,30.5,24.8,0.0,0.0,12.1,32.0,36,19.56,39124.72,4.29,3,Chennai,13.0827,80.2707,Tamil Nadu
2025-01-22,28.4,22.4,25.3,30.7,25.5,0.0,0.0,14.8,38.5,35,18.6,38596.62,4.06,3,Chennai,13.0827,80.2707,Tamil Nadu
2025-01-23,29.0,22.6,25.7,31.8,26.1,0.0,0.0,11.8,32.8,55,19.04,35027.25,4.22,3,Chennai,13.0827,80.2707,Tamil Nadu
2025-01-24,28.5,21.7,25.1,30.8,24.8,0.0,0.0,14.1,38.5,45,19.54,39550.12,4.26,3,Chennai,13.0827,80.2707,Tamil Nadu
2025-01-25,28.7,21.5,24.9,31.0,25.0,0.1,0.1,14.5,37.8,32,20.46,39531.52,4.38,51,Chennai,13.0827,80.2707,Tamil Nadu
2025-01-26,28.6,19.9,24.6,31.7,22.5,0.0,0.0,12.0,34.9,25,20.78,37494.92,4.25,3,Chennai,13.0827,80.2707,Tamil Nadu
2025-01-27,29.3,20.8,25.1,32.2,23.8,0.0,0.0,10.8,32.4,40,20.19,35757.0,4.23,3,Chennai,13.0827,80.2707,Tamil Nadu
2025-01-28,29.4,22.0,25.8,31.6,25.9,0.0,0.0,11.4,34.2,68,20.92,38955.98,4.52,3,Chennai,13.0827,80.2707,Tamil Nadu
2025-01-29,29.0,22.1,25.9,30.6,25.3,0.0,0.0,15.8,42.1,39,21.33,38929.72,4.88,3,Chennai,13.0827,80.2707,Tamil Nadu
2025-01-30,30.8,23.1,26.3,34.5,25.6,0.0,0.0,15.2,40.3,39,19.86,40224.42,4.47,3,Chennai,13.0827,80.2707,Tamil Nadu
2025-01-31,30.1,23.0,26.6,34.7,27.6,0.4,0.4,14.1,37.1,81,19.95,36912.0,4.2,51,Chennai,13.0827,80.2707,Tamil Nadu
2025-02-01,30.5,23.9,26.9,34.9,29.6,1.1,1.1,11.4,32.8,85,19.93,40209.4,4.27,51,Chennai,13.0827,80.2707,Tamil Nadu
2025-02-02,30.8,23.0,26.4,35.1,28.0,0.4,0.4,13.5,37.8,71,20.91,39817.02,4.54,51,Chennai,13.0827,80.2707,Tamil Nadu
2025-02-03,30.9,20.4,25.7,34.7,23.3,0.0,0.0,12.4,34.2,79,21.79,37854.42,4.61,3,Chennai,13.0827,80.2707,Tamil Nadu
2025-02-04,32.0,20.8,26.1,34.1,24.5,0.0,0.0,10.9,32.4,63,21.56,35117.76,4.68,3,Chennai,13.0827,80.2707,Tamil Nadu
2025-02-05,32.0,22.7,26.7,34.9,27.1,0.0,0.0,12.2,34.6,106,21.61,39481.21,4.81,3,Chennai,13.0827,80.2707,Tamil Nadu
2025-02-06,30.7,22.5,26.6,33.6,26.8,0.0,0.0,10.6,31.3,84,22.12,40687.99,4.75,3,Chennai,13.0827,80.2707,Tamil Nadu
2025-02-07,31.0,22.0,26.1,34.7,25.9,0.0,0.0,11.6,34.2,72,21.55,40163.76,4.55,3,Chennai,13.0827,80.2707,Tamil Nadu
2025-02-08,31.6,22.0,26.5,34.8,26.1,0.0,0.0,12.2,35.3,66,21.5,38902.29,4.67,3,Chennai,13.0827,80.2707,Tamil Nadu
2025-02-09,30.4,22.2,26.5,34.1,26.2,0.2,0.2,12.3,35.3,60,20.75,35295.01,4.54,51,Chennai,13.0827,80.2707,Tamil Nadu
2025-02-10,30.3,23.8,27.1,31.8,28.1,0.1,0.1,13.0,34.6,67,21.95,40810.03,5.17,51,Chennai,13.0827,80.2707,Tamil Nadu
2025-02-11,30.9,23.1,26.7,34.5,26.8,0.0,0.0,13.3,36.7,84,22.96,41431.7,5.09,3,Chennai,13.0827,80.2707,Tamil Nadu
2025-02-12,31.6,21.4,26.2,36.0,25.1,0.0,0.0,12.2,34.9,85,22.98,39495.71,4.93,3,Chennai,13.0827,80.2707,Tamil Nadu
2025-02-13,31.8,21.1,25.9,35.0,24.6,0.0,0.0,12.2,33.8,138,23.36,41693.08,5.01,3,Chennai,13.0827,80.2707,Tamil Nadu
2025-02-14,32.3,20.7,25.9,35.5,23.5,0.0,0.0,12.4,34.6,159,22.74,38391.92,4.97,3,Chennai,13.0827,80.2707,Tamil Nadu
2025-02-15,31.3,21.9,26.4,36.0,25.5,0.0,0.0,14.4,39.6,142,22.9,41212.66,4.96,3,Chennai,13.0827,80.2707,Tamil Nadu
2025-02-16,31.7,22.9,26.9,35.3,26.8,0.0,0.0,13.4,37.4,117,23.26,41811.41,5.24,1,Chennai,13.0827,80.2707,Tamil Nadu
2025-02-17,31.2,23.2,27.0,35.0,27.6,0.0,0.0,13.0,36.7,125,22.74,41210.99,5.0,3,Chennai,13.0827,80.2707,Tamil Nadu
2025-02-18,31.0,22.7,26.7,35.0,26.8,0.0,0.0,14.1,39.2,146,22.94,40237.77,5.05,3,Chennai,13.0827,80.2707,Tamil Nadu
2025-02-19,31.1,21.8,26.6,35.5,25.1,0.0,0.0,13.5,37.4,139,23.34,41932.24,5.06,2,Chennai,13.0827,80.2707,Tamil Nadu
2025-02-20,31.1,22.8,27.0,34.8,26.9,0.0,0.0,12.6,36.7,140,23.33,41973.43,5.13,1,Chennai,13.0827,80.2707,Tamil Nadu
2025-02-21,31.1,23.8,27.1,35.4,28.6,0.3,0.3,11.9,34.6,87,22.92,42015.02,4.95,51,Chennai,13.0827,80.2707,Tamil Nadu
2025-02-22,31.4,23.6,27.2,36.5,28.1,0.0,0.0,14.5,39.6,99,22.93,42056.95,4.92,2,Chennai,13.0827,80.2707,Tamil Nadu
2025-02-23,32.4,23.5,27.5,37.4,28.2,0.0,0.0,12.7,37.1,106,23.16,42099.21,5.11,1,Chennai,13.0827,80.2707,Tamil Nadu
2025-02-24,31.0,23.5,27.3,34.7,28.2,0.0,0.0,15.7,42.5,57,22.93,40139.95,5.07,2,Chennai,13.0827,80.2707,Tamil Nadu
2025-02-25,31.3,24.1,27.9,34.1,28.9,0.0,0.0,17.1,45.4,39,23.67,41853.33,5.62,3,Chennai,13.0827,80.2707,Tamil Nadu
2025-02-26,31.6,25.4,28.2,34.5,29.3,0.0,0.0,19.1,46.8,40,23.79,42114.87,5.79,3,Chennai,13.0827,80.2707,Tamil Nadu
2025-02-27,31.2,24.9,27.9,34.9,29.0,0.0,0.0,16.7,42.8,46,23.51,41627.68,5.59,3,Chennai,13.0827,80.2707,Tamil Nadu
2025-02-28,31.1,25.2,28.0,34.4,29.2,0.1,0.1,17.8,46.8,49,21.67,41857.85,5.19,51,Chennai,13.0827,80.2707,Tamil Nadu
2025-03-01,30.8,25.8,28.2,35.9,30.4,0.4,0.4,16.3,42.8,69,22.61,41849.27,5.17,51,Chennai,13.0827,80.2707,Tamil Nadu
2025-03-02,32.2,25.6,28.4,37.0,30.7,0.0,0.0,13.0,36.7,90,23.59,42268.5,5.25,3,Chennai,13.0827,80.2707,Tamil Nadu
2025-03-03,33.0,24.7,28.3,38.4,30.0,0.0,0.0,14.9,41.0,127,23.35,40835.21,5.17,3,Chennai,13.0827,80.2707,Tamil Nadu
2025-03-04,33.2,23.9,28.2,38.1,28.7,0.0,0.0,14.0,38.9,150,24.47,42286.77,5.43,3,Chennai,13.0827,80.2707,Tamil Nadu
2025-03-05,34.5,23.9,28.4,39.1,28.5,0.0,0.0,13.5,36.7,153,23.42,42295.51,5.38,3,Chennai,13.0827,80.2707,Tamil Nadu
2025-03-06,35.2,23.6,28.9,39.1,28.2,0.0,0.0,16.6,42.8,64,24.75,41882.23,6.05,3,Chennai,13.0827,80.2707,Tamil Nadu
2025-03-07,33.1,22.8,27.5,36.2,25.5,0.0,0.0,14.1,39.2,101,25.55,42312.37,5.75,3,Chennai,13.0827,80.2707,Tamil Nadu
2025-03-08,32.9,23.1,27.6,36.7,27.3,0.0,0.0,16.1,43.2,154,25.05,42320.48,5.7,1,Chennai,13.0827,80.2707,Tamil Nadu
2025-03-09,31.2,23.4,27.5,35.8,28.1,0.0,0.0,14.9,40.7,108,24.49,42328.04,5.52,3,Chennai,13.0827,80.2707,Tamil Nadu
2025-03-10,31.5,25.6,28.3,34.2,28.4,0.1,0.1,17.4,43.6,59,24.7,42023.17,6.13,51,Chennai,13.0827,80.2707,Tamil Nadu
2025-03-11,30.0,24.5,26.9,35.1,29.0,14.8,14.8,18.6,52.2,54,15.85,30389.72,3.85,63,Chennai,13.0827,80.2707,Tamil Nadu
2025-03-12,30.1,24.0,26.8,36.7,29.1,1.8,1.8,12.1,33.5,106,21.72,40769.18,4.38,55,Chennai,13.0827,80.2707,Tamil Nadu
2025-03-13,33.3,24.0,28.1,39.6,29.1,0.0,0.0,14.8,40.0,142,24.68,42353.22,5.38,3,Chennai,13.0827,80.2707,Tamil Nadu
2025-03-14,33.4,24.7,28.6,39.7,29.9,0.0,0.0,16.2,43.6,165,24.81,41300.47,5.62,3,Chennai,13.0827,80.2707,Tamil Nadu
2025-03-15,34.0,25.0,28.9,38.9,29.8,0.0,0.0,16.7,43.9,153,25.26,42363.39,5.93,3,Chennai,13.0827,80.2707,Tamil Nadu
2025-03-16,32.9,25.1,28.9,38.1,30.4,0.4,0.4,14.4,38.9,140,23.52,42217.05,5.36,51,Chennai,13.0827,80.2707,Tamil Nadu
2025-03-17,34.0,25.9,29.4,38.7,31.7,0.1,0.1,18.2,47.9,157,23.67,42372.41,5.5,51,Chennai,13.0827,80.2707,Tamil Nadu
2025-03-18,33.1,25.9,29.4,38.7,31.5,0.2,0.2,17.2,44.3,155,23.86,42376.61,5.56,51,Chennai,13.0827,80.2707,Tamil Nadu
2025-03-19,33.4,26.4,29.5,37.8,31.6,0.4,0.4,17.0,45.0,140,24.36,42380.66,5.73,51,Chennai,13.0827,80.2707,Tamil Nadu
2025-03-20,33.6,27.0,29.7,37.7,32.0,0.0,0.0,16.3,42.5,134,25.25,42384.61,6.03,1,Chennai,13.0827,80.2707,Tamil Nadu
2025-03-21,33.2,27.4,29.7,37.8,32.2,0.0,0.0,15.6,41.8,125,25.21,42388.5,6.07,3,Chennai,13.0827,80.2707,Tamil Nadu
2025-03-22,32.7,27.0,29.5,37.6,32.5,0.4,0.4,16.8,45.0,136,22.96,41745.31,5.41,51,Chennai,13.0827,80.2707,Tamil Nadu
2025-03-23,32.9,27.0,29.6,37.7,32.3,0.2,0.2,14.4,38.9,122,23.52,41743.5,5.69,51,Chennai,13.0827,80.2707,Tamil Nadu
2025-03-24,32.0,26.2,29.0,37.0,32.7,0.6,0.6,15.4,40.0,98,23.03,41790.61,5.2,51,Chennai,13.0827,80.2707,Tamil Nadu
2025-03-25,32.6,24.9,28.8,38.1,30.5,0.0,0.0,14.8,41.0,107,24.72,42404.35,5.59,3,Chennai,13.0827,80.2707,Tamil Nadu
2025-03-26,33.2,24.7,29.0,37.9,29.5,0.0,0.0,16.2,43.2,148,24.42,42408.6,5.77,3,Chennai,13.0827,80.2707,Tamil Nadu
2025-03-27,35.9,25.3,29.8,40.1,30.4,0.0,0.0,18.2,46.8,163,24.98,41461.98,6.16,3,Chennai,13.0827,80.2707,Tamil Nadu
2025-03-28,36.3,25.4,30.1,40.7,29.4,0.0,0.0,19.2,47.9,173,24.34,41972.3,6.21,3,Chennai,13.0827,80.2707,Tamil Nadu
2025-03-29,37.1,24.7,30.4,39.0,29.5,0.0,0.0,15.8,41.8,170,26.3,42422.19,6.73,3,Chennai,13.0827,80.2707,Tamil Nadu
2025-03-30,34.2,24.3,29.4,37.7,29.0,0.0,0.0,17.2,45.4,166,25.86,42426.48,6.28,1,Chennai,13.0827,80.2707,Tamil Nadu
2025-03-31,32.7,25.5,29.2,36.7,30.7,0.0,0.0,15.2,41.8,145,24.91,42430.61,6.0,3,Chennai,13.0827,80.2707,Tamil Nadu
2025-04-01,32.8,25.0,29.2,35.9,29.4,0.2,0.2,15.5,42.5,141,25.1,42434.63,6.18,51,Chennai,13.0827,80.2707,Tamil Nadu
2025-04-02,32.9,27.2,29.9,37.6,31.6,0.8,0.8,15.5,42.8,133,24.09,41259.33,5.97,51,Chennai,13.0827,80.2707,Tamil Nadu
2025-04-03,32.4,26.1,29.1,37.0,30.4,0.0,0.0,14.9,40.7,155,19.62,32622.81,4.73,3,Chennai,13.0827,80.2707,Tamil Nadu
2025-04-04,30.3,26.4,28.4,36.5,30.9,7.3,7.3,13.2,36.4,80,21.39,38075.29,4.58,63,Chennai,13.0827,80.2707,Tamil Nadu
2025-04-05,33.2,24.8,29.1,39.1,29.8,2.9,2.9,13.5,36.4,119,22.49,37393.47,5.1,61,Chennai,13.0827,80.2707,Tamil Nadu
2025-04-06,34.3,26.5,30.0,39.5,31.8,0.1,0.1,13.8,39.6,112,20.85,40507.95,5.01,51,Chennai,13.0827,80.2707,Tamil Nadu
2025-04-07,33.9,26.6,30.1,39.7,33.0,0.2,0.2,15.7,42.8,102,24.71,42447.38,5.69,51,Chennai,13.0827,80.2707,Tamil Nadu
2025-04-08,33.6,26.5,30.2,38.7,32.9,0.0,0.0,16.3,42.5,48,24.98,42448.57,5.96,3,Chennai,13.0827,80.2707,Tamil Nadu
2025-04-09,33.9,26.9,30.1,38.4,31.7,0.0,0.0,16.6,45.0,39,24.94,42211.9,5.97,3,Chennai,13.0827,80.2707,Tamil Nadu
2025-04-10,37.4,25.9,30.9,42.5,31.3,0.5,0.5,15.3,40.7,161,22.65,41974.87,5.71,53,Chennai,13.0827,80.2707,Tamil Nadu
2025-04-11,36.0,28.5,31.4,42.1,34.3,0.0,0.0,14.6,40.7,144,24.26,41737.47,5.97,3,Chennai,13.0827,80.2707,Tamil Nadu
2025-04-12,38.8,27.3,31.8,43.1,31.5,0.0,0.0,14.8,40.0,176,24.06,41976.83,6.28,3,Chennai,13.0827,80.2707,Tamil Nadu
2025-04-13,36.2,27.2,31.2,41.8,35.1,2.3,2.3,12.5,38.9,137,23.44,40979.64,5.54,61,Chennai,13.0827,80.2707,Tamil Nadu
2025-04-14,34.5,26.7,30.3,39.7,32.5,0.1,0.1,14.3,39.6,150,23.53,39375.72,5.59,51,Chennai,13.0827,80.2707,Tamil Nadu
2025-04-15,34.4,27.3,30.3,39.7,33.2,2.9,2.9,16.9,45.0,154,21.83,36395.9,5.45,61,Chennai,13.0827,80.2707,Tamil Nadu
2025-04-16,34.1,27.9,30.5,38.9,33.2,2.0,2.0,17.8,46.1,155,21.67,41980.15,5.62,53,Chennai,13.0827,80.2707,Tamil Nadu
2025-04-17,34.3,27.7,30.2,39.6,32.9,4.2,4.2,18.2,44.6,153,23.35,41980.78,5.53,63,Chennai,13.0827,80.2707,Tamil Nadu
2025-04-18,36.2,27.6,31.0,41.3,33.2,0.0,0.0,20.2,52.2,171,23.8,42225.13,6.07,1,Chennai,13.0827,80.2707,Tamil Nadu
2025-04-19,36.7,28.0,31.6,41.8,33.7,0.0,0.0,17.0,45.4,165,24.06,41501.31,6.22,3,Chennai,13.0827,80.2707,Tamil Nadu
2025-04-20,36.7,28.2,31.6,41.7,34.5,0.0,0.0,20.6,51.8,164,25.24,42536.22,6.43,3,Chennai,13.0827,80.2707,Tamil Nadu
2025-04-21,35.1,28.1,31.0,40.5,34.9,0.2,0.2,18.0,47.2,153,25.16,42544.23,6.12,51,Chennai,13.0827,80.2707,Tamil Nadu
2025-04-22,34.7,26.8,30.8,39.9,32.7,0.0,0.0,17.9,46.8,162,24.88,42410.84,6.19,3,Chennai,13.0827,80.2707,Tamil Nadu
2025-04-23,35.5,27.5,31.2,40.3,33.2,0.0,0.0,18.6,47.2,169,25.05,42468.08,6.43,1,Chennai,13.0827,80.2707,Tamil Nadu
2025-04-24,35.2,27.9,31.2,41.0,33.9,0.0,0.0,19.3,49.3,163,25.21,42727.46,6.35,3,Chennai,13.0827,80.2707,Tamil Nadu
2025-04-25,34.6,28.0,31.0,40.3,34.1,0.4,0.4,19.6,49.7,159,24.84,42723.08,6.15,51,Chennai,13.0827,80.2707,Tamil Nadu
2025-04-26,34.2,27.9,30.9,39.6,33.9,0.4,0.4,19.8,49.3,160,24.97,42603.24,6.19,51,Chennai,13.0827,80.2707,Tamil Nadu
2025-04-27,34.3,28.1,30.8,39.7,33.9,0.2,0.2,17.6,41.8,146,23.78,42105.97,5.9,51,Chennai,13.0827,80.2707,Tamil Nadu
2025-04-28,33.7,27.5,30.6,38.6,33.4,0.3,0.3,16.5,41.4,152,22.29,41474.39,5.77,51,Chennai,13.0827,80.2707,Tamil Nadu
2025-04-29,33.3,28.0,30.6,38.7,33.9,0.5,0.5,18.4,43.6,152,23.95,42325.92,5.9,51,Chennai,13.0827,80.2707,Tamil Nadu
2025-04-30,35.6,28.0,31.3,41.5,33.8,0.0,0.0,17.4,46.8,156,24.7,41826.71,6.35,3,Chennai,13.0827,80.2707,Tamil Nadu
2025-05-01,36.8,28.1,31.6,41.6,33.6,1.2,1.2,18.2,45.4,165,23.72,41561.29,6.27,55,Chennai,13.0827,80.2707,Tamil Nadu
2025-05-02,35.6,28.9,31.5,40.8,35.3,0.4,0.4,18.3,47.9,161,22.74,37732.75,5.96,51,Chennai,13.0827,80.2707,Tamil Nadu
2025-05-03,37.5,28.3,32.0,42.9,33.2,0.5,0.5,19.1,49.0,166,23.67,41303.6,6.39,53,Chennai,13.0827,80.2707,Tamil Nadu
2025-05-04,38.1,28.9,31.8,43.6,33.5,1.0,1.0,16.0,45.4,162,23.57,41782.32,6.15,53,Chennai,13.0827,80.2707,Tamil Nadu
2025-05-05,34.6,26.7,30.3,40.8,30.7,0.0,0.0,18.1,45.0,168,24.26,38874.21,5.92,3,Chennai,13.0827,80.2707,Tamil Nadu
2025-05-06,37.6,27.4,31.3,43.2,33.6,0.0,0.0,17.2,47.2,167,23.48,42254.1,5.82,3,Chennai,13.0827,80.2707,Tamil Nadu
2025-05-07,36.2,27.9,31.4,41.4,32.9,0.6,0.6,15.9,43.6,153,23.7,42245.12,5.97,53,Chennai,13.0827,80.2707,Tamil Nadu
2025-05-08,36.9,26.6,31.0,41.9,31.8,9.6,9.6,14.4,42.5,169,22.65,41496.44,5.62,63,Chennai,13.0827,80.2707,Tamil Nadu
2025-05-09,36.5,26.2,30.9,41.5,32.0,0.2,0.2,15.3,42.5,124,23.37,38748.29,5.77,51,Chennai,13.0827,80.2707,Tamil Nadu
2025-05-10,37.0,27.0,31.6,41.7,31.9,1.4,1.4,15.8,43.2,179,23.8,42219.57,6.17,53,Chennai,13.0827,80.2707,Tamil Nadu
2025-05-11,36.9,28.5,32.0,42.3,35.5,0.1,0.1,14.1,42.1,172,23.06,42211.46,5.94,51,Chennai,13.0827,80.2707,Tamil Nadu
2025-05-12,39.0,28.1,32.6,43.0,33.2,0.1,0.1,14.7,41.8,158,23.76,42451.81,6.31,51,Chennai,13.0827,80.2707,Tamil Nadu
2025-05-13,38.6,28.9,32.9,43.0,33.7,0.0,0.0,16.2,43.2,133,23.59,40953.0,6.43,3,Chennai,13.0827,80.2707,Tamil Nadu
2025-05-14,36.9,28.6,32.2,42.2,36.0,0.0,0.0,15.9,43.6,110,24.0,42437.71,5.96,3,Chennai,13.0827,80.2707,Tamil Nadu
2025-05-15,36.5,28.7,32.1,41.9,35.6,0.5,0.5,14.2,40.3,115,24.4,42223.3,6.08,53,Chennai,13.0827,80.2707,Tamil Nadu
2025-05-16,36.2,27.3,31.6,42.5,32.3,2.9,2.9,16.3,43.9,99,22.84,40052.28,5.59,61,Chennai,13.0827,80.2707,Tamil Nadu
2025-05-17,33.4,25.7,29.5,38.3,29.8,2.4,2.4,13.3,38.5,255,12.52,16643.35,3.45,55,Chennai,13.0827,80.2707,Tamil Nadu
2025-05-18,33.3,25.9,29.4,38.1,31.0,12.4,12.4,14.1,36.0,10,19.5,38932.22,4.69,65,Chennai,13.0827,80.2707,Tamil Nadu
2025-05-19,31.6,24.9,27.6,38.3,29.9,21.1,21.1,10.0,24.1,311,13.73,24369.85,2.95,63,Chennai,13.0827,80.2707,Tamil Nadu
2025-05-20,31.6,26.3,28.1,37.8,31.9,2.7,2.7,12.0,27.4,246,12.29,9040.33,2.81,51,Chennai,13.0827,80.2707,Tamil Nadu
2025-05-21,33.9,26.3,29.6,39.0,32.0,0.8,0.8,10.9,27.0,237,18.57,30891.53,4.34,53,Chennai,13.0827,80.2707,Tamil Nadu
2025-05-22,34.1,26.6,30.0,39.2,28.8,0.3,0.3,14.5,29.9,230,19.87,27463.48,5.31,51,Chennai,13.0827,80.2707,Tamil Nadu
2025-05-23,35.2,26.9,30.4,40.8,31.4,6.1,6.1,17.5,40.7,196,24.03,42384.23,5.93,63,Chennai,13.0827,80.2707,Tamil Nadu
2025-05-24,35.9,27.4,31.3,39.9,32.7,0.2,0.2,17.1,45.7,214,18.06,22732.65,5.32,51,Chennai,13.0827,80.2707,Tamil Nadu
2025-05-25,36.9,27.4,31.7,41.7,31.6,0.0,0.0,16.9,42.1,221,20.61,30996.78,6.08,3,Chennai,13.0827,80.2707,Tamil Nadu
2025-05-26,34.0,27.7,30.5,36.6,31.5,0.5,0.5,22.2,54.4,232,11.6,15304.79,4.5,51,Chennai,13.0827,80.2707,Tamil Nadu
2025-05-27,36.4,28.2,31.7,37.8,30.5,0.0,0.0,25.5,62.3,249,14.41,25740.81,5.7,3,Chennai,13.0827,80.2707,Tamil Nadu
2025-05-28,37.4,29.3,31.5,39.2,31.2,3.6,3.6,24.5,60.1,261,18.15,30480.78,6.25,61,Chennai,13.0827,80.2707,Tamil Nadu
2025-05-29,37.8,28.9,32.2,40.5,31.3,2.1,2.1,26.6,61.9,245,19.24,26703.5,6.91,55,Chennai,13.0827,80.2707,Tamil Nadu
2025-05-30,36.0,27.8,30.1,40.3,31.2,9.6,9.6,17.2,48.2,233,15.73,20957.68,4.72,63,Chennai,13.0827,80.2707,Tamil Nadu
2025-05-31,36.2,27.7,30.5,41.8,31.2,0.0,0.0,13.9,29.9,220,21.45,37298.67,5.37,3,Chennai,13.0827,80.2707,Tamil Nadu
2025-06-01,37.4,27.1,30.9,42.1,30.0,0.0,0.0,16.5,33.1,214,24.34,43110.97,6.14,3,Chennai,13.0827,80.2707,Tamil Nadu
2025-06-02,36.2,27.6,31.1,41.3,29.6,0.3,0.3,17.1,40.0,211,22.64,39600.0,6.11,51,Chennai,13.0827,80.2707,Tamil Nadu
2025-06-03,38.3,28.2,32.1,41.8,31.2,1.4,1.4,18.5,47.9,238,22.99,39776.69,6.5,53,Chennai,13.0827,80.2707,Tamil Nadu
2025-06-04,37.8,28.7,31.8,43.6,32.0,2.3,2.3,15.8,45.7,195,22.69,37055.22,6.12,61,Chennai,13.0827,80.2707,Tamil Nadu
2025-06-05,37.3,28.1,32.0,41.9,34.5,0.3,0.3,15.8,39.6,144,23.75,43357.59,6.09,51,Chennai,13.0827,80.2707,Tamil Nadu
2025-06-06,37.9,28.4,32.2,43.3,33.8,1.6,1.6,13.8,35.6,185,23.66,43649.15,6.12,53,Chennai,13.0827,80.2707,Tamil Nadu
2025-06-07,38.1,28.6,32.8,43.5,32.2,1.0,1.0,13.9,36.0,212,22.93,42838.56,6.15,55,Chennai,13.0827,80.2707,Tamil Nadu
2025-06-08,38.0,28.8,32.2,43.6,31.4,2.3,2.3,12.2,39.2,228,22.66,41502.55,6.1,61,Chennai,13.0827,80.2707,Tamil Nadu
2025-06-09,37.2,27.9,30.8,42.8,30.8,6.2,6.2,14.1,32.8,244,20.46,39779.59,5.51,63,Chennai,13.0827,80.2707,Tamil Nadu
2025-06-10,37.0,27.4,30.7,44.1,31.1,0.3,0.3,15.3,34.9,235,23.23,41476.56,6.07,51,Chennai,13.0827,80.2707,Tamil Nadu
2025-06-11,36.0,25.7,29.6,42.1,29.4,7.8,7.8,16.4,34.2,241,18.98,32244.66,4.93,63,Chennai,13.0827,80.2707,Tamil Nadu
2025-06-12,35.9,25.6,29.8,41.5,29.2,3.0,3.0,19.7,45.7,208,21.26,30837.21,5.32,61,Chennai,13.0827,80.2707,Tamil Nadu
2025-06-13,35.7,26.9,30.6,40.4,31.6,3.6,3.6,16.3,42.8,201,22.96,42702.67,5.75,61,Chennai,13.0827,80.2707,Tamil Nadu
2025-06-14,35.3,27.5,30.5,40.1,31.5,2.5,2.5,17.3,42.8,211,22.25,40880.65,5.7,61,Chennai,13.0827,80.2707,Tamil Nadu
2025-06-15,34.6,27.4,30.4,37.9,30.8,0.0,0.0,19.3,51.1,221,16.45,23736.51,5.05,3,Chennai,13.0827,80.2707,Tamil Nadu
2025-06-16,34.6,26.8,31.2,36.5,30.0,0.0,0.0,24.6,62.6,225,16.07,20241.74,5.95,3,Chennai,13.0827,80.2707,Tamil Nadu
2025-06-17,37.1,27.9,32.2,39.6,30.7,0.2,0.2,18.7,47.2,239,18.23,30840.33,6.43,51,Chennai,13.0827,80.2707,Tamil Nadu
2025-06-18,37.6,28.3,32.3,41.2,30.8,0.3,0.3,20.0,44.3,225,23.02,42888.13,7.02,51,Chennai,13.0827,80.2707,Tamil Nadu
2025-06-19,37.4,29.0,32.2,41.0,31.6,0.5,0.5,19.2,41.8,215,20.9,41475.88,6.46,51,Chennai,13.0827,80.2707,Tamil Nadu
2025-06-20,38.8,28.1,32.5,41.6,31.1,0.6,0.6,17.7,40.3,225,22.4,41223.51,6.73,51,Chennai,13.0827,80.2707,Tamil Nadu
2025-06-21,37.9,28.0,31.9,41.6,31.9,0.5,0.5,14.5,42.1,227,20.12,41260.77,5.72,51,Chennai,13.0827,80.2707,Tamil Nadu
2025-06-22,37.0,27.8,31.0,40.9,31.1,1.6,1.6,15.8,43.2,232,17.85,27902.16,5.42,61,Chennai,13.0827,80.2707,Tamil Nadu
2025-06-23,34.1,27.4,30.2,36.6,30.1,0.0,0.0,18.0,41.8,248,12.58,12727.64,4.56,3,Chennai,13.0827,80.2707,Tamil Nadu
2025-06-24,36.9,27.9,31.8,38.8,30.0,0.1,0.1,23.8,59.4,248,17.55,25824.89,6.25,51,Chennai,13.0827,80.2707,Tamil Nadu
2025-06-25,35.8,28.4,31.3,38.1,31.0,0.5,0.5,21.2,49.0,238,14.26,15017.88,5.38,51,Chennai,13.0827,80.2707,Tamil Nadu
2025-06-26,36.0,28.3,31.3,39.0,30.9,0.5,0.5,18.4,47.2,230,15.55,24882.49,5.44,51,Chennai,13.0827,80.2707,Tamil Nadu
2025-06-27,37.5,28.1,32.2,41.2,31.3,0.3,0.3,16.1,39.2,227,21.13,41521.93,6.32,51,Chennai,13.0827,80.2707,Tamil Nadu
2025-06-28,37.4,28.9,32.0,41.7,31.4,0.5,0.5,15.2,37.8,226,16.64,28404.5,5.6,53,Chennai,13.0827,80.2707,Tamil Nadu
2025-06-29,39.7,29.0,32.6,41.9,30.8,0.9,0.9,18.2,49.3,257,22.39,33561.47,7.19,53,Chennai,13.0827,80.2707,Tamil Nadu
2025-06-30,37.9,29.2,31.8,41.0,31.0,0.3,0.3,18.0,40.3,256,16.87,23938.25,5.67,51,Chennai,13.0827,80.2707,Tamil Nadu
2025-07-01,37.2,27.7,31.1,39.4,31.5,1.1,1.1,14.9,44.6,238,15.97,19864.72,5.07,53,Chennai,13.0827,80.2707,Tamil Nadu
2025-07-02,36.9,27.2,30.5,40.5,30.2,1.3,1.3,15.4,38.2,230,15.73,19179.11,4.81,53,Chennai,13.0827,80.2707,Tamil Nadu
2025-07-03,33.0,27.2,29.9,36.0,30.8,0.0,0.0,15.0,35.6,228,14.51,17177.81,4.58,3,Chennai,13.0827,80.2707,Tamil Nadu
2025-07-04,38.2,27.2,31.9,41.8,30.1,0.1,0.1,16.5,40.0,246,21.12,35841.61,6.15,51,Chennai,13.0827,80.2707,Tamil Nadu
2025-07-05,37.3,28.3,32.0,41.9,30.9,2.7,2.7,17.1,44.6,253,22.01,41704.56,6.34,61,Chennai,13.0827,80.2707,Tamil Nadu
2025-07-06,37.9,28.7,32.3,39.0,30.9,2.2,2.2,21.2,51.5,256,17.7,32566.27,6.45,55,Chennai,13.0827,80.2707,Tamil Nadu
2025-07-07,38.4,29.6,33.5,39.8,31.2,0.1,0.1,20.9,54.7,252,20.46,40848.23,7.43,51,Chennai,13.0827,80.2707,Tamil Nadu
2025-07-08,40.0,27.9,32.6,44.0,30.0,1.3,1.3,22.1,54.4,232,22.41,42668.05,7.23,51,Chennai,13.0827,80.2707,Tamil Nadu
2025-07-09,37.5,27.4,31.8,42.5,30.8,2.5,2.5,12.7,36.7,219,22.47,39600.0,6.11,61,Chennai,13.0827,80.2707,Tamil Nadu
2025-07-10,36.5,27.9,31.4,41.6,31.2,1.2,1.2,18.4,46.4,211,21.3,42655.9,6.02,51,Chennai,13.0827,80.2707,Tamil Nadu
2025-07-11,37.6,28.5,31.8,42.9,31.5,5.9,5.9,15.6,43.2,211,22.57,42808.7,6.46,63,Chennai,13.0827,80.2707,Tamil Nadu
2025-07-12,37.7,26.2,30.5,41.6,29.2,22.1,22.1,20.9,52.6,267,21.82,37071.38,5.7,65,Chennai,13.0827,80.2707,Tamil Nadu
2025-07-13,35.1,27.1,29.8,40.7,30.4,0.8,0.8,13.2,32.4,247,20.2,38368.51,5.19,51,Chennai,13.0827,80.2707,Tamil Nadu
2025-07-14,35.5,26.1,29.9,39.4,30.0,5.2,5.2,19.7,45.0,238,22.15,40167.83,5.56,61,Chennai,13.0827,80.2707,Tamil Nadu
2025-07-15,37.2,26.5,30.8,41.5,30.4,1.8,1.8,14.3,40.0,247,21.85,42057.15,5.73,55,Chennai,13.0827,80.2707,Tamil Nadu
2025-07-16,36.9,26.1,30.8,42.5,30.5,16.2,16.2,16.1,39.6,222,23.21,41394.87,6.22,65,Chennai,13.0827,80.2707,Tamil Nadu
2025-07-17,34.5,25.5,29.0,40.2,30.5,4.4,4.4,16.6,38.5,243,18.39,31907.59,4.51,55,Chennai,13.0827,80.2707,Tamil Nadu
2025-07-18,31.6,25.7,28.4,37.9,29.3,9.2,9.2,14.6,28.8,236,18.5,39099.43,4.17,63,Chennai,13.0827,80.2707,Tamil Nadu
2025-07-19,31.1,25.1,27.6,36.3,29.4,7.0,7.0,16.3,34.9,247,12.36,14750.32,3.11,61,Chennai,13.0827,80.2707,Tamil Nadu
2025-07-20,32.6,26.6,29.0,37.7,30.0,0.2,0.2,14.4,34.9,252,15.22,17070.76,4.12,51,Chennai,13.0827,80.2707,Tamil Nadu
2025-07-21,30.0,26.0,27.7,35.3,30.1,2.5,2.5,12.1,30.6,246,11.97,13880.42,3.0,53,Chennai,13.0827,80.2707,Tamil Nadu
2025-07-22,32.0,26.3,28.8,36.0,29.2,1.1,1.1,19.5,49.7,246,18.77,34798.5,5.05,53,Chennai,13.0827,80.2707,Tamil Nadu
2025-07-23,29.6,25.5,27.6,34.9,29.0,3.8,3.8,18.2,42.8,241,12.7,15722.34,3.43,61,Chennai,13.0827,80.2707,Tamil Nadu
2025-07-24,31.3,24.9,27.7,35.6,27.7,2.6,2.6,18.2,46.8,242,13.28,12679.32,3.65,55,Chennai,13.0827,80.2707,Tamil Nadu
2025-07-25,31.8,26.2,28.5,35.0,29.3,1.3,1.3,20.4,50.4,234,16.57,29957.54,4.52,53,Chennai,13.0827,80.2707,Tamil Nadu
2025-07-26,34.3,25.6,29.5,37.6,28.1,1.1,1.1,19.6,57.2,246,17.15,24215.06,5.25,53,Chennai,13.0827,80.2707,Tamil Nadu
2025-07-27,34.9,26.3,29.6,36.5,28.9,0.1,0.1,24.0,57.2,250,16.34,25900.3,5.13,51,Chennai,13.0827,80.2707,Tamil Nadu
2025-07-28,35.9,25.6,30.7,38.7,28.4,0.0,0.0,20.6,48.6,269,20.67,43145.86,6.03,3,Chennai,13.0827,80.2707,Tamil Nadu
2025-07-29,37.3,26.9,31.7,38.7,28.1,0.0,0.0,22.1,57.6,270,22.37,43216.81,7.2,3,Chennai,13.0827,80.2707,Tamil Nadu
2025-07-30,37.3,27.4,31.3,42.1,29.5,0.5,0.5,15.4,42.5,228,23.16,43200.0,6.52,51,Chennai,13.0827,80.2707,Tamil Nadu
2025-07-31,36.2,27.6,30.7,41.2,30.6,2.0,2.0,12.3,37.8,227,20.72,43200.0,5.43,55,Chennai,13.0827,80.2707,Tamil Nadu
2025-08-01,35.1,26.7,30.5,40.8,30.7,0.3,0.3,14.3,32.8,220,23.67,42824.16,5.87,51,Chennai,13.0827,80.2707,Tamil Nadu
2025-08-02,35.8,25.8,30.5,42.1,30.0,0.3,0.3,17.0,36.4,175,23.02,40529.76,5.7,51,Chennai,13.0827,80.2707,Tamil Nadu
2025-08-03,34.8,26.2,29.8,40.1,30.7,3.8,3.8,14.7,38.5,212,19.13,34238.81,4.69,63,Chennai,13.0827,80.2707,Tamil Nadu
2025-08-04,33.4,25.6,29.0,39.4,30.7,21.3,21.3,12.4,31.7,251,19.16,37331.95,4.49,63,Chennai,13.0827,80.2707,Tamil Nadu
2025-08-05,32.9,25.5,28.8,39.0,30.5,4.0,4.0,12.9,36.0,195,22.98,41440.02,5.11,63,Chennai,13.0827,80.2707,Tamil Nadu
2025-08-06,33.7,25.4,29.4,40.6,30.9,2.1,2.1,11.3,33.1,159,24.09,43200.0,5.31,61,Chennai,13.0827,80.2707,Tamil Nadu
2025-08-07,33.0,25.3,28.7,40.5,29.7,8.7,8.7,13.5,31.7,187,24.07,42666.78,5.28,63,Chennai,13.0827,80.2707,Tamil Nadu
2025-08-08,31.4,24.6,27.6,37.2,29.1,23.1,23.1,13.8,30.2,302,21.03,40954.05,4.34,63,Chennai,13.0827,80.2707,Tamil Nadu
2025-08-09,31.0,24.1,27.8,37.0,29.0,8.0,8.0,12.8,32.0,207,15.65,21214.74,3.5,63,Chennai,13.0827,80.2707,Tamil Nadu
2025-08-10,33.5,24.8,27.9,39.5,28.9,9.6,9.6,13.1,34.2,240,19.59,37965.18,4.49,63,Chennai,13.0827,80.2707,Tamil Nadu
2025-08-11,33.1,24.8,28.2,37.1,28.3,10.0,10.0,14.1,40.7,245,18.39,25995.29,4.53,63,Chennai,13.0827,80.2707,Tamil Nadu
2025-08-12,30.2,24.1,27.0,33.5,28.3,31.6,31.6,14.0,35.6,254,10.46,8828.69,2.78,65,Chennai,13.0827,80.2707,Tamil Nadu
2025-08-13,29.1,24.7,26.9,33.3,27.4,2.0,2.0,15.4,34.2,253,10.33,900.98,2.82,51,Chennai,13.0827,80.2707,Tamil Nadu
2025-08-14,32.8,25.3,28.2,36.8,29.2,3.5,3.5,15.4,45.7,239,20.2,34403.01,4.74,63,Chennai,13.0827,80.2707,Tamil Nadu
2025-08-15,32.7,26.1,28.5,36.6,29.0,2.2,2.2,16.5,42.5,239,18.26,29590.34,4.71,61,Chennai,13.0827,80.2707,Tamil Nadu
2025-08-16,30.6,25.7,27.7,35.6,29.4,3.2,3.2,14.0,40.0,232,14.67,17425.77,3.57,55,Chennai,13.0827,80.2707,Tamil Nadu
2025-08-17,29.6,25.3,26.8,34.4,29.2,12.1,12.1,15.4,31.3,235,9.62,5688.86,2.43,63,Chennai,13.0827,80.2707,Tamil Nadu
2025-08-18,30.3,25.2,27.1,34.0,28.1,3.0,3.0,16.3,48.2,237,12.53,12977.33,3.27,53,Chennai,13.0827,80.2707,Tamil Nadu
2025-08-19,31.1,25.1,27.9,36.0,28.1,0.5,0.5,15.2,35.3,228,11.25,12546.95,3.48,51,Chennai,13.0827,80.2707,Tamil Nadu
2025-08-20,33.8,25.4,29.0,37.8,27.9,0.0,0.0,16.3,40.0,225,19.31,41493.33,4.97,3,Chennai,13.0827,80.2707,Tamil Nadu
2025-08-21,33.8,26.0,29.6,39.8,29.0,0.1,0.1,12.4,31.0,215,22.94,40511.11,5.55,51,Chennai,13.0827,80.2707,Tamil Nadu
2025-08-22,33.9,25.2,29.2,39.8,29.2,6.4,6.4,16.7,37.8,202,21.82,38721.94,5.1,63,Chennai,13.0827,80.2707,Tamil Nadu
2025-08-23,30.3,24.4,27.0,36.0,27.3,25.8,25.8,21.5,42.8,207,13.39,17678.49,3.06,65,Chennai,13.0827,80.2707,Tamil Nadu
2025-08-24,34.0,25.5,29.2,40.2,29.3,0.2,0.2,11.6,30.6,237,24.03,40453.62,5.49,51,Chennai,13.0827,80.2707,Tamil Nadu
2025-08-25,34.5,26.4,29.6,38.7,32.0,0.0,0.0,12.2,32.8,219,20.69,40799.66,5.03,3,Chennai,13.0827,80.2707,Tamil Nadu
2025-08-26,34.2,25.9,30.2,37.2,29.2,0.0,0.0,14.8,38.9,225,17.11,30391.47,4.96,3,Chennai,13.0827,80.2707,Tamil Nadu
2025-08-27,33.8,25.6,28.9,36.9,29.0,23.0,23.0,15.9,39.2,254,13.86,12423.51,4.15,65,Chennai,13.0827,80.2707,Tamil Nadu
2025-08-28,34.5,25.9,28.9,39.0,29.4,13.4,13.4,14.7,39.2,227,19.45,30220.34,4.9,65,Chennai,13.0827,80.2707,Tamil Nadu
2025-08-29,34.9,26.5,30.2,38.9,30.9,0.9,0.9,15.8,38.9,214,20.85,35217.83,5.57,51,Chennai,13.0827,80.2707,Tamil Nadu
2025-08-30,36.8,26.5,30.8,41.7,30.4,22.2,22.2,14.5,36.0,232,22.86,41506.43,5.77,65,Chennai,13.0827,80.2707,Tamil Nadu
2025-08-31,34.6,25.7,29.0,39.1,30.2,11.2,11.2,15.9,41.8,259,20.18,30146.8,4.74,63,Chennai,13.0827,80.2707,Tamil Nadu
2025-09-01,31.4,25.0,27.9,36.6,29.1,4.2,4.2,15.1,33.8,251,12.09,12536.81,2.99,55,Chennai,13.0827,80.2707,Tamil Nadu
2025-09-02,36.0,25.7,29.9,39.5,29.2,10.4,10.4,17.0,46.8,268,18.88,30854.84,5.18,63,Chennai,13.0827,80.2707,Tamil Nadu
2025-09-03,35.8,26.0,29.0,40.1,28.2,12.9,12.9,21.3,46.1,250,19.43,25774.15,4.97,65,Chennai,13.0827,80.2707,Tamil Nadu
2025-09-04,35.9,24.5,30.3,39.4,27.1,3.0,3.0,20.1,43.9,233,21.74,40164.95,5.69,61,Chennai,13.0827,80.2707,Tamil Nadu
2025-09-05,36.8,27.0,30.9,42.3,30.8,0.7,0.7,16.4,38.9,211,23.85,39291.1,6.17,51,Chennai,13.0827,80.2707,Tamil Nadu
2025-09-06,34.4,26.4,30.2,41.0,31.0,0.5,0.5,11.9,37.8,180,23.62,41150.96,5.62,53,Chennai,13.0827,80.2707,Tamil Nadu
2025-09-07,35.4,27.4,30.5,42.0,30.9,1.7,1.7,12.7,36.7,193,22.22,40932.7,5.57,55,Chennai,13.0827,80.2707,Tamil Nadu
2025-09-08,35.1,26.1,30.2,41.6,30.2,2.5,2.5,14.0,35.3,184,22.65,37915.23,5.53,55,Chennai,13.0827,80.2707,Tamil Nadu
2025-09-09,35.2,26.0,30.7,41.0,30.2,1.6,1.6,11.6,34.2,189,23.19,40498.23,5.6,53,Chennai,13.0827,80.2707,Tamil Nadu
2025-09-10,36.2,26.6,30.6,41.1,30.7,4.0,4.0,13.5,36.7,205,23.16,40518.38,5.76,63,Chennai,13.0827,80.2707,Tamil Nadu
2025-09-11,33.2,25.5,29.1,40.0,28.7,8.6,8.6,16.9,38.9,263,21.49,39600.0,4.94,63,Chennai,13.0827,80.2707,Tamil Nadu
2025-09-12,34.3,26.8,29.2,40.1,30.5,0.6,0.6,11.5,32.8,219,19.87,25788.08,4.76,51,Chennai,13.0827,80.2707,Tamil Nadu
2025-09-13,32.9,26.4,28.8,39.5,30.3,0.7,0.7,16.1,36.7,206,16.87,30675.49,3.99,51,Chennai,13.0827,80.2707,Tamil Nadu
2025-09-14,31.7,23.8,28.1,39.6,28.1,31.6,31.6,12.1,31.7,154,22.61,35452.85,4.84,65,Chennai,13.0827,80.2707,Tamil Nadu
2025-09-15,33.9,26.1,29.3,40.6,30.4,5.1,5.1,13.5,32.4,182,23.29,40386.44,5.26,63,Chennai,13.0827,80.2707,Tamil Nadu
2025-09-16,32.2,24.8,27.8,39.6,29.9,17.3,17.3,12.7,31.0,205,18.45,28559.65,3.99,65,Chennai,13.0827,80.2707,Tamil Nadu
2025-09-17,31.3,24.7,27.8,38.9,29.8,15.9,15.9,12.3,33.5,207,22.51,40193.18,4.67,63,Chennai,13.0827,80.2707,Tamil Nadu
2025-09-18,32.4,25.4,27.9,40.6,30.6,6.2,6.2,12.8,33.1,226,22.8,39742.98,4.83,63,Chennai,13.0827,80.2707,Tamil Nadu
2025-09-19,30.4,25.2,27.4,35.8,28.7,3.0,3.0,14.3,34.2,254,14.89,26446.96,3.41,53,Chennai,13.0827,80.2707,Tamil Nadu
2025-09-20,31.1,24.7,27.6,36.6,27.8,5.5,5.5,15.5,37.1,254,15.91,23905.37,3.66,61,Chennai,13.0827,80.2707,Tamil Nadu
2025-09-21,31.2,25.6,27.9,38.6,29.6,0.7,0.7,10.8,23.4,230,14.34,21732.38,3.34,51,Chennai,13.0827,80.2707,Tamil Nadu
2025-09-22,32.4,25.4,28.3,38.4,29.1,3.4,3.4,13.9,29.9,250,20.19,36406.1,4.5,63,Chennai,13.0827,80.2707,Tamil Nadu
2025-09-23,32.0,24.9,28.2,36.2,28.9,5.4,5.4,16.9,42.5,251,16.17,24494.8,3.95,63,Chennai,13.0827,80.2707,Tamil Nadu
2025-09-24,32.8,25.8,29.0,36.9,29.2,3.5,3.5,19.3,43.9,271,21.38,33353.02,5.43,61,Chennai,13.0827,80.2707,Tamil Nadu
2025-09-25,33.8,25.8,29.0,38.9,28.6,0.2,0.2,16.7,38.2,253,22.98,39600.0,5.63,51,Chennai,13.0827,80.2707,Tamil Nadu
2025-09-26,33.3,25.4,28.6,37.8,29.5,0.1,0.1,19.2,47.5,260,22.11,38373.19,5.27,51,Chennai,13.0827,80.2707,Tamil Nadu
2025-09-27,33.8,25.6,28.8,37.7,28.5,12.0,12.0,20.8,54.4,240,21.89,35391.0,5.51,63,Chennai,13.0827,80.2707,Tamil Nadu
2025-09-28,33.7,24.7,29.3,38.5,28.8,23.6,23.6,14.7,40.3,219,21.82,37888.75,5.32,65,Chennai,13.0827,80.2707,Tamil Nadu
2025-09-29,33.3,24.9,28.7,37.2,29.4,4.2,4.2,14.9,36.4,259,15.13,17489.37,4.0,61,Chennai,13.0827,80.2707,Tamil Nadu
2025-09-30,31.0,26.1,28.2,35.1,28.4,0.0,0.0,14.2,33.1,277,12.51,8597.98,3.35,3,Chennai,13.0827,80.2707,Tamil Nadu
2025-10-01,31.9,25.8,28.6,35.9,30.9,0.3,0.3,13.4,33.1,277,9.64,1235.18,2.88,51,Chennai,13.0827,80.2707,Tamil Nadu
2025-10-02,32.8,25.8,29.2,37.2,30.2,0.2,0.2,13.6,33.8,249,16.28,30269.93,3.99,51,Chennai,13.0827,80.2707,Tamil Nadu
2025-10-03,33.1,25.7,28.6,39.0,30.9,0.6,0.6,14.2,34.2,192,17.0,29766.72,3.93,51,Chennai,13.0827,80.2707,Tamil Nadu
2025-10-04,31.6,24.4,27.6,36.1,26.7,7.1,7.1,21.0,42.8,262,18.87,30339.35,4.22,63,Chennai,13.0827,80.2707,Tamil Nadu
2025-10-05,33.0,25.3,28.3,39.5,28.3,12.4,12.4,12.9,33.5,230,21.91,39704.92,4.91,65,Chennai,13.0827,80.2707,Tamil Nadu
2025-10-06,32.7,24.8,27.7,40.2,28.4,10.7,10.7,12.2,26.6,281,22.17,39707.19,4.74,63,Chennai,13.0827,80.2707,Tamil Nadu
2025-10-07,31.4,25.8,28.1,40.4,31.8,7.8,7.8,8.6,28.8,190,21.83,39600.0,4.49,63,Chennai,13.0827,80.2707,Tamil Nadu
2025-10-08,31.7,26.0,28.6,39.0,32.1,1.4,1.4,12.1,29.9,205,21.02,39600.0,4.46,55,Chennai,13.0827,80.2707,Tamil Nadu
2025-10-09,31.6,24.1,28.0,40.1,28.5,10.3,10.3,10.4,31.0,213,20.78,39600.0,4.43,63,Chennai,13.0827,80.2707,Tamil Nadu
2025-10-10,30.4,25.1,27.7,37.9,30.2,0.4,0.4,11.5,28.8,97,21.95,39600.0,4.52,51,Chennai,13.0827,80.2707,Tamil Nadu
2025-10-11,31.2,25.5,28.0,38.0,30.3,2.6,2.6,14.4,35.6,7,20.75,39600.0,4.36,61,Chennai,13.0827,80.2707,Tamil Nadu
2025-10-12,30.7,25.4,28.1,37.0,30.8,1.8,1.8,11.2,29.5,45,21.39,39600.0,4.43,53,Chennai,13.0827,80.2707,Tamil Nadu
2025-10-13,31.8,25.5,28.1,38.2,31.0,10.2,10.2,12.9,35.6,41,20.74,39600.0,4.43,63,Chennai,13.0827,80.2707,Tamil Nadu
2025-10-14,30.9,25.2,27.9,36.7,29.9,9.9,9.9,12.7,33.1,43,21.74,39600.0,4.61,63,Chennai,13.0827,80.2707,Tamil Nadu
2025-10-15,28.2,24.6,26.1,33.1,29.5,35.3,35.3,18.0,41.4,40,10.54,8171.01,2.33,63,Chennai,13.0827,80.2707,Tamil Nadu
2025-10-16,29.2,24.3,26.5,35.6,29.3,20.7,20.7,14.7,40.0,58,17.06,37146.76,3.38,63,Chennai,13.0827,80.2707,Tamil Nadu
2025-10-17,28.3,24.9,26.2,33.2,29.2,13.7,13.7,13.5,35.3,37,14.04,23681.79,2.85,63,Chennai,13.0827,80.2707,Tamil Nadu
2025-10-18,27.4,24.7,26.0,33.1,29.6,27.5,27.5,8.4,19.1,36,7.69,486.11,1.64,65,Chennai,13.0827,80.2707,Tamil Nadu
2025-10-19,28.7,24.3,26.6,34.8,29.5,7.8,7.8,9.2,24.5,48,14.86,27840.99,3.09,63,Chennai,13.0827,80.2707,Tamil Nadu
2025-10-20,28.2,24.0,26.0,33.7,29.4,23.2,23.2,13.9,33.1,40,12.91,19791.95,2.73,63,Chennai,13.0827,80.2707,Tamil Nadu
2025-10-21,26.6,24.5,25.6,31.3,28.5,28.9,28.9,18.0,38.2,48,7.77,635.45,1.78,63,Chennai,13.0827,80.2707,Tamil Nadu
2025-10-22,29.0,25.2,26.9,34.2,28.4,38.5,38.5,21.5,46.8,96,15.58,32400.0,3.37,63,Chennai,13.0827,80.2707,Tamil Nadu
2025-10-23,29.8,24.4,26.9,36.9,29.2,17.1,17.1,11.2,27.4,196,13.72,22424.95,2.86,63,Chennai,13.0827,80.2707,Tamil Nadu
2025-10-24,27.2,24.7,25.8,32.9,29.7,6.2,6.2,9.7,23.0,0,6.14,0.0,1.38,55,Chennai,13.0827,80.2707,Tamil Nadu
2025-10-25,28.2,24.3,26.3,34.1,28.7,18.4,18.4,11.3,32.4,334,14.54,37896.96,2.87,65,Chennai,13.0827,80.2707,Tamil Nadu
2025-10-26,29.9,25.2,26.8,37.1,30.3,0.9,0.9,10.6,36.0,356,16.67,33038.99,3.38,53,Chennai,13.0827,80.2707,Tamil Nadu
2025-10-27,26.4,22.9,24.9,31.2,23.2,44.9,44.9,26.7,54.0,317,3.85,0.0,1.21,65,Chennai,13.0827,80.2707,Tamil Nadu
2025-10-28,25.9,22.7,24.2,30.2,24.0,51.4,51.4,30.7,61.2,273,2.36,0.0,1.16,63,Chennai,13.0827,80.2707,Tamil Nadu
2025-10-29,32.4,24.5,27.8,35.9,27.8,0.0,0.0,17.9,46.8,207,20.7,39600.0,4.76,3,Chennai,13.0827,80.2707,Tamil Nadu
2025-10-30,32.8,25.2,28.3,37.8,30.3,0.1,0.1,12.1,26.6,193,21.2,39604.93,4.64,51,Chennai,13.0827,80.2707,Tamil Nadu
2025-10-31,33.2,25.4,28.6,37.9,30.7,0.0,0.0,12.1,25.2,199,22.27,39614.17,4.75,3,Chennai,13.0827,80.2707,Tamil Nadu
2025-11-01,31.9,25.7,28.5,38.5,31.7,0.6,0.6,11.6,25.2,187,20.24,39600.0,4.25,53,Chennai,13.0827,80.2707,Tamil Nadu
2025-11-02,32.0,25.2,28.3,38.5,30.2,5.0,5.0,12.4,30.2,238,19.47,39600.0,4.08,61,Chennai,13.0827,80.2707,Tamil Nadu
2025-11-03,32.5,25.4,27.9,39.3,28.8,8.0,8.0,20.7,51.5,287,17.26,31464.57,3.77,63,Chennai,13.0827,80.2707,Tamil Nadu
2025-11-04,31.9,24.2,27.8,37.5,28.4,18.5,18.5,12.1,33.1,301,15.73,25612.43,3.6,65,Chennai,13.0827,80.2707,Tamil Nadu
2025-11-05,31.2,24.2,27.5,38.2,29.3,3.1,3.1,12.2,25.6,265,19.98,39600.0,4.11,63,Chennai,13.0827,80.2707,Tamil Nadu
2025-11-06,29.9,24.5,27.0,36.0,29.8,0.9,0.9,8.5,28.4,358,18.75,39600.0,3.91,51,Chennai,13.0827,80.2707,Tamil Nadu
2025-11-07,31.0,25.6,27.8,37.4,30.6,4.5,4.5,11.3,32.0,16,19.07,39600.0,4.05,61,Chennai,13.0827,80.2707,Tamil Nadu
2025-11-08,31.9,24.6,28.0,33.9,29.1,0.9,0.9,16.1,41.8,10,19.59,39600.0,4.74,51,Chennai,13.0827,80.2707,Tamil Nadu
2025-11-09,30.8,24.4,27.7,33.2,28.3,0.4,0.4,16.3,42.5,4,18.95,39600.0,4.68,51,Chennai,13.0827,80.2707,Tamil Nadu
2025-11-10,30.5,25.4,27.7,34.1,29.2,1.1,1.1,15.4,43.2,16,19.09,39600.0,4.58,51,Chennai,13.0827,80.2707,Tamil Nadu
2025-11-11,31.4,25.9,27.9,35.2,29.6,1.3,1.3,15.6,39.6,17,18.34,39600.0,4.34,51,Chennai,13.0827,80.2707,Tamil Nadu
2025-11-12,30.8,26.9,28.5,35.1,30.5,0.2,0.2,17.4,42.8,41,19.2,39600.0,4.83,51,Chennai,13.0827,80.2707,Tamil Nadu
2025-11-13,29.5,24.8,27.3,33.4,28.9,0.7,0.7,17.3,42.5,42,17.7,39600.0,4.36,51,Chennai,13.0827,80.2707,Tamil Nadu
2025-11-14,30.0,26.0,27.7,30.7,26.8,0.0,0.0,21.1,53.3,32,20.21,39600.0,6.02,3,Chennai,13.0827,80.2707,Tamil Nadu
2025-11-15,30.7,23.6,27.0,32.7,25.0,0.2,0.2,19.7,48.6,13,16.73,29859.34,4.68,51,Chennai,13.0827,80.2707,Tamil Nadu
2025-11-16,28.6,25.1,26.7,29.5,27.3,0.7,0.7,24.2,57.2,13,10.97,21600.0,3.61,51,Chennai,13.0827,80.2707,Tamil Nadu
2025-11-17,26.8,23.8,24.8,28.6,27.0,27.5,27.5,23.4,57.6,13,5.52,0.0,1.71,63,Chennai,13.0827,80.2707,Tamil Nadu
2025-11-18,27.6,23.2,25.4,31.9,26.7,11.5,11.5,16.4,42.5,32,16.02,39069.58,3.18,63,Chennai,13.0827,80.2707,Tamil Nadu
2025-11-19,29.0,23.3,26.0,32.1,27.3,0.7,0.7,20.4,48.2,18,19.34,39600.0,4.28,51,Chennai,13.0827,80.2707,Tamil Nadu
2025-11-20,28.2,24.0,26.2,30.6,26.1,0.3,0.3,19.5,50.0,11,14.47,37642.92,3.55,51,Chennai,13.0827,80.2707,Tamil Nadu
2025-11-21,28.8,24.6,26.3,34.0,28.6,6.8,6.8,15.8,38.5,33,14.91,34391.66,3.11,55,Chennai,13.0827,80.2707,Tamil Nadu
2025-11-22,29.1,24.0,26.1,33.6,28.1,11.5,11.5,20.4,47.9,43,16.19,39600.0,3.25,63,Chennai,13.0827,80.2707,Tamil Nadu
2025-11-23,28.7,23.5,25.6,32.8,26.5,11.8,11.8,16.2,42.1,40,13.03,28409.75,2.71,63,Chennai,13.0827,80.2707,Tamil Nadu
2025-11-24,28.3,23.8,26.4,32.0,28.2,4.4,4.4,18.4,43.2,47,13.42,19541.91,3.2,53,Chennai,13.0827,80.2707,Tamil Nadu
2025-11-25,28.2,25.1,26.6,31.1,28.1,0.8,0.8,20.0,48.2,43,18.14,37019.95,4.38,51,Chennai,13.0827,80.2707,Tamil Nadu
2025-11-26,28.2,24.6,26.3,30.0,27.7,0.5,0.5,19.1,48.6,36,16.02,38176.61,4.17,51,Chennai,13.0827,80.2707,Tamil Nadu
2025-11-27,28.2,25.2,26.4,29.6,26.1,0.0,0.0,24.3,58.3,40,17.5,36000.0,4.96,3,Chennai,13.0827,80.2707,Tamil Nadu
2025-11-28,28.2,25.0,26.4,29.4,25.7,0.6,0.6,23.2,59.0,26,18.15,35311.55,5.16,53,Chennai,13.0827,80.2707,Tamil Nadu
2025-11-29,27.8,23.9,25.9,30.0,24.4,22.3,22.3,28.7,59.8,41,11.42,13363.81,3.38,65,Chennai,13.0827,80.2707,Tamil Nadu
2025-11-30,25.9,23.9,24.8,28.6,25.3,73.1,73.1,29.4,59.8,26,8.69,12778.9,2.13,65,Chennai,13.0827,80.2707,Tamil Nadu
2025-12-01,25.4,23.7,24.5,27.7,24.5,90.0,90.0,36.4,72.4,353,3.95,0.0,1.11,65,Chennai,13.0827,80.2707,Tamil Nadu
2025-12-02,25.1,23.1,24.0,28.3,24.5,142.3,142.3,27.9,55.4,360,2.84,0.0,0.8,65,Chennai,13.0827,80.2707,Tamil Nadu
2025-12-03,26.3,23.0,24.5,32.2,25.8,72.7,72.7,19.6,40.7,89,5.54,0.0,1.3,65,Chennai,13.0827,80.2707,Tamil Nadu
2025-12-04,27.5,23.3,24.6,31.2,27.3,17.5,17.5,14.4,37.8,27,9.03,14068.02,1.88,63,Chennai,13.0827,80.2707,Tamil Nadu
2025-12-05,28.5,24.6,26.3,31.1,27.6,1.0,1.0,22.4,52.6,36,17.01,38441.66,4.0,51,Chennai,13.0827,80.2707,Tamil Nadu
2025-12-06,28.6,24.8,26.3,32.2,27.1,1.0,1.0,18.7,43.2,28,17.86,39600.0,4.12,51,Chennai,13.0827,80.2707,Tamil Nadu
2025-12-07,27.5,24.6,25.9,29.8,27.2,1.3,1.3,20.8,47.9,29,15.81,39600.0,3.68,53,Chennai,13.0827,80.2707,Tamil Nadu
2025-12-08,27.3,23.4,25.2,29.0,25.7,0.2,0.2,19.3,45.4,13,16.83,39600.0,3.81,51,Chennai,13.0827,80.2707,Tamil Nadu
2025-12-09,28.2,23.9,25.7,31.0,26.8,0.5,0.5,20.2,51.1,23,17.6,36613.76,4.01,51,Chennai,13.0827,80.2707,Tamil Nadu
2025-12-10,27.3,23.5,25.3,28.4,26.1,0.0,0.0,20.6,49.0,22,16.94,39600.0,4.06,3,Chennai,13.0827,80.2707,Tamil Nadu
2025-12-11,28.1,24.5,25.7,30.2,25.6,0.0,0.0,20.8,49.7,26,19.63,39600.0,4.79,2,Chennai,13.0827,80.2707,Tamil Nadu
2025-12-12,27.3,23.6,25.2,28.8,25.5,0.0,0.0,19.5,47.5,26,19.44,39600.0,4.61,3,Chennai,13.0827,80.2707,Tamil Nadu
2025-12-13,27.6,20.8,24.5,29.1,23.2,0.0,0.0,15.9,40.7,21,19.83,39600.0,4.49,2,Chennai,13.0827,80.2707,Tamil Nadu
2025-12-14,28.1,23.6,25.4,29.1,24.5,0.0,0.0,16.5,43.2,36,19.13,39600.0,4.87,2,Chennai,13.0827,80.2707,Tamil Nadu
2025-12-15,28.4,23.0,25.6,29.8,24.5,0.0,0.0,18.5,45.4,26,18.87,39600.0,4.83,2,Chennai,13.0827,80.2707,Tamil Nadu
2025-12-16,27.3,24.7,25.6,29.6,26.5,4.3,4.3,19.3,48.6,37,10.47,27563.87,2.93,53,Chennai,13.0827,80.2707,Tamil Nadu
2025-12-17,28.3,23.9,25.6,30.8,26.6,1.9,1.9,21.0,51.1,28,19.13,39600.0,4.09,51,Chennai,13.0827,80.2707,Tamil Nadu
2025-12-18,28.0,22.7,25.2,29.6,24.8,0.4,0.4,17.3,43.6,38,16.79,38192.3,4.08,51,Chennai,13.0827,80.2707,Tamil Nadu
2025-12-19,28.7,22.5,25.4,30.2,24.8,0.0,0.0,12.9,36.0,35,19.17,38767.51,4.54,3,Chennai,13.0827,80.2707,Tamil Nadu
2025-12-20,29.0,20.9,25.1,29.6,22.4,0.1,0.1,12.0,33.5,22,18.54,39600.0,4.38,51,Chennai,13.0827,80.2707,Tamil Nadu
2025-12-21,29.1,22.2,25.5,29.5,24.6,0.2,0.2,15.2,41.0,24,15.93,39593.24,4.22,51,Chennai,13.0827,80.2707,Tamil Nadu
2025-12-22,29.1,23.5,26.1,29.7,25.2,0.0,0.0,16.8,43.9,37,15.1,38606.1,4.29,3,Chennai,13.0827,80.2707,Tamil Nadu
2025-12-23,28.7,21.3,25.3,30.3,23.3,0.0,0.0,15.6,41.0,15,18.73,39532.13,4.63,3,Chennai,13.0827,80.2707,Tamil Nadu
2025-12-24,28.8,22.7,25.6,30.3,25.6,0.1,0.1,14.1,36.0,26,18.93,39502.3,4.6,51,Chennai,13.0827,80.2707,Tamil Nadu
2025-12-25,27.5,21.7,24.8,30.2,23.7,0.7,0.7,16.4,41.8,22,14.41,34843.85,3.44,51,Chennai,13.0827,80.2707,Tamil Nadu
2025-12-26,28.2,24.1,25.9,29.9,25.3,0.0,0.0,18.9,49.0,39,18.8,39444.56,4.76,3,Chennai,13.0827,80.2707,Tamil Nadu
2025-12-27,28.9,22.7,25.6,30.4,24.7,0.1,0.1,18.1,45.7,32,17.88,39416.84,4.68,51,Chennai,13.0827,80.2707,Tamil Nadu
2025-12-28,28.5,22.0,25.4,30.1,23.8,0.0,0.0,16.7,41.0,26,18.24,39390.0,4.65,3,Chennai,13.0827,80.2707,Tamil Nadu
2025-12-29,28.0,23.6,25.4,29.7,25.2,0.0,0.0,16.8,43.6,26,19.21,39364.15,4.72,3,Chennai,13.0827,80.2707,Tamil Nadu
2025-12-30,28.8,21.6,25.5,30.5,23.5,0.0,0.0,15.4,36.7,11,15.51,39339.37,3.89,3,Chennai,13.0827,80.2707,Tamil Nadu
2025-12-31,29.0,24.1,25.8,32.1,27.8,3.0,3.0,14.1,37.1,28,12.6,33070.81,3.01,61,Chennai,13.0827,80.2707,Tamil Nadu
2026-01-01,26.4,23.2,24.8,30.0,27.5,13.4,13.4,12.1,32.8,52,7.55,10744.0,1.78,61,Chennai,13.0827,80.2707,Tamil Nadu
2026-01-02,27.8,23.9,25.5,31.1,27.3,0.1,0.1,16.0,38.9,37,18.26,39272.39,3.8,51,Chennai,13.0827,80.2707,Tamil Nadu
2026-01-03,28.1,24.0,25.7,30.9,26.6,0.0,0.0,16.3,40.7,46,18.69,39252.27,4.25,3,Chennai,13.0827,80.2707,Tamil Nadu
2026-01-04,28.0,23.2,25.4,29.7,25.0,0.1,0.1,20.0,50.0,34,19.25,39232.68,4.61,51,Chennai,13.0827,80.2707,Tamil Nadu
2026-01-05,28.1,24.0,25.9,29.2,25.5,0.0,0.0,22.3,54.7,45,19.08,39213.69,5.06,3,Chennai,13.0827,80.2707,Tamil Nadu
2026-01-06,27.9,24.1,26.0,29.2,25.4,0.0,0.0,22.3,53.6,46,18.16,39195.33,4.95,3,Chennai,13.0827,80.2707,Tamil Nadu
2026-01-07,27.5,24.3,25.6,26.9,24.8,0.0,0.0,23.1,56.2,40,17.93,39177.64,5.17,3,Chennai,13.0827,80.2707,Tamil Nadu
2026-01-08,27.9,24.1,25.6,28.6,24.5,0.0,0.0,21.8,54.4,38,18.55,33500.55,5.31,3,Chennai,13.0827,80.2707,Tamil Nadu
2026-01-09,26.2,22.4,24.5,26.1,20.6,2.7,2.7,28.3,65.9,37,8.27,9020.17,3.49,53,Chennai,13.0827,80.2707,Tamil Nadu
2026-01-10,26.0,22.9,24.0,25.9,23.4,8.0,8.0,24.1,56.5,27,10.06,10823.09,3.28,63,Chennai,13.0827,80.2707,Tamil Nadu
2026-01-11,24.7,22.0,23.2,25.1,23.8,15.5,15.5,24.7,56.2,19,7.52,3963.24,2.06,63,Chennai,13.0827,80.2707,Tamil Nadu
2026-01-12,26.5,22.8,24.5,28.0,24.9,2.7,2.7,18.7,47.5,31,11.26,27045.05,2.76,51,Chennai,13.0827,80.2707,Tamil Nadu
2026-01-13,27.7,23.7,25.4,31.4,26.3,0.0,0.0,15.4,37.1,43,18.23,36152.68,4.02,3,Chennai,13.0827,80.2707,Tamil Nadu
2026-01-14,27.8,22.0,24.8,32.6,25.6,0.0,0.0,9.9,26.3,73,19.2,38308.37,3.79,1,Chennai,13.0827,80.2707,Tamil Nadu
2026-01-15,27.9,21.2,24.5,32.9,25.1,0.3,0.3,11.3,29.9,68,18.49,36697.79,3.63,51,Chennai,13.0827,80.2707,Tamil Nadu
2026-01-16,27.6,21.8,24.6,31.7,25.9,0.2,0.2,11.0,30.2,59,19.79,38727.27,3.9,51,Chennai,13.0827,80.2707,Tamil Nadu
2026-01-17,28.0,21.1,24.2,31.0,24.1,0.0,0.0,12.2,32.8,28,20.09,38706.08,4.09,3,Chennai,13.0827,80.2707,Tamil Nadu
2026-01-18,28.4,19.2,23.7,30.8,21.5,0.0,0.0,9.6,28.1,67,20.13,36815.91,4.16,3,Chennai,13.0827,80.2707,Tamil Nadu
2026-01-19,28.2,20.4,24.0,30.8,23.1,0.0,0.0,10.7,30.6,46,20.35,38409.67,4.2,3,Chennai,13.0827,80.2707,Tamil Nadu
2026-01-20,28.0,19.9,24.0,30.8,22.4,0.0,0.0,13.2,37.1,32,20.56,38899.17,4.39,3,Chennai,13.0827,80.2707,Tamil Nadu
2026-01-21,28.0,21.8,24.9,29.4,24.1,0.1,0.1,15.9,42.5,29,20.08,39356.38,4.7,51,Chennai,13.0827,80.2707,Tamil Nadu
2026-01-22,28.6,23.2,25.6,29.2,24.2,0.0,0.0,17.7,45.7,42,19.96,39337.66,5.23,2,Chennai,13.0827,80.2707,Tamil Nadu
2026-01-23,27.5,22.5,24.7,29.7,24.8,3.1,3.1,20.7,48.6,29,14.86,35341.79,3.57,53,Chennai,13.0827,80.2707,Tamil Nadu
2026-01-24,26.6,23.7,24.3,27.0,25.4,26.4,26.4,25.0,56.5,33,7.47,11372.74,2.19,65,Chennai,13.0827,80.2707,Tamil Nadu
2026-01-25,25.0,22.9,23.9,28.1,26.2,25.9,25.9,15.4,38.2,43,5.7,0.0,1.41,65,Chennai,13.0827,80.2707,Tamil Nadu
2026-01-26,27.2,22.7,24.6,31.3,26.6,5.5,5.5,13.0,33.8,42,11.75,17353.82,2.55,55,Chennai,13.0827,80.2707,Tamil Nadu
2026-01-27,27.0,23.4,24.9,30.5,26.9,0.0,0.0,13.9,35.3,52,18.16,29887.4,3.72,3,Chennai,13.0827,80.2707,Tamil Nadu
2026-01-28,27.0,21.5,24.3,31.2,24.8,0.0,0.0,11.5,29.2,46,20.43,39464.06,4.02,3,Chennai,13.0827,80.2707,Tamil Nadu
2026-01-29,26.9,22.7,24.7,30.1,25.5,0.0,0.0,13.5,35.3,44,20.56,39741.7,4.23,1,Chennai,13.0827,80.2707,Tamil Nadu
2026-01-30,27.1,22.7,24.5,30.0,24.9,0.0,0.0,15.4,38.9,39,21.77,39981.38,4.6,3,Chennai,13.0827,80.2707,Tamil Nadu
2026-01-31,28.5,22.4,25.1,29.9,23.9,0.0,0.0,15.8,41.8,39,19.88,40221.49,4.75,3,Chennai,13.0827,80.2707,Tamil Nadu
2026-02-01,28.6,24.0,26.0,30.6,25.8,0.0,0.0,18.4,45.7,43,20.48,39108.1,5.09,3,Chennai,13.0827,80.2707,Tamil Nadu
2026-02-02,27.9,23.9,25.7,30.1,25.8,0.0,0.0,17.5,44.3,41,21.23,39712.05,4.96,2,Chennai,13.0827,80.2707,Tamil Nadu
2026-02-03,28.4,22.8,25.4,30.3,25.2,0.0,0.0,15.9,40.7,39,20.66,40449.75,4.85,3,Chennai,13.0827,80.2707,Tamil Nadu
2026-02-04,29.0,23.9,25.7,31.6,25.5,0.0,0.0,17.9,45.4,32,20.61,40445.49,4.98,3,Chennai,13.0827,80.2707,Tamil Nadu
2026-02-05,29.3,23.4,25.8,30.9,25.5,0.0,0.0,18.1,46.8,33,20.28,39949.34,4.92,2,Chennai,13.0827,80.2707,Tamil Nadu
2026-02-06,28.9,23.1,25.6,30.8,26.1,0.2,0.2,18.1,46.4,36,20.81,40686.77,4.78,51,Chennai,13.0827,80.2707,Tamil Nadu
2026-02-07,29.6,21.3,25.3,32.6,24.4,0.0,0.0,13.2,36.7,34,21.86,40663.52,4.64,3,Chennai,13.0827,80.2707,Tamil Nadu
2026-02-08,29.6,21.4,25.2,32.6,25.1,0.0,0.0,13.5,37.4,61,22.25,38022.18,4.63,3,Chennai,13.0827,80.2707,Tamil Nadu
2026-02-09,29.0,21.4,25.0,32.0,24.9,0.0,0.0,12.4,34.9,73,21.32,40601.98,4.58,3,Chennai,13.0827,80.2707,Tamil Nadu
2026-02-10,28.6,22.1,25.3,31.4,25.7,0.0,0.0,15.1,40.7,60,22.42,41179.53,4.84,3,Chennai,13.0827,80.2707,Tamil Nadu
2026-02-11,28.0,22.8,25.4,28.4,24.6,0.1,0.1,18.0,46.8,42,20.4,40694.18,5.1,51,Chennai,13.0827,80.2707,Tamil Nadu
2026-02-12,28.4,23.9,25.7,29.9,25.5,0.0,0.0,19.1,48.6,33,19.17,39044.42,4.75,3,Chennai,13.0827,80.2707,Tamil Nadu
2026-02-13,29.0,22.5,25.7,32.2,25.4,0.1,0.1,16.8,43.9,36,20.35,41437.26,4.58,51,Chennai,13.0827,80.2707,Tamil Nadu
2026-02-14,29.4,23.3,26.1,32.6,26.8,0.0,0.0,14.1,39.2,47,22.77,41687.9,4.89,3,Chennai,13.0827,80.2707,Tamil Nadu
2026-02-15,29.9,22.2,25.4,33.3,26.2,0.0,0.0,13.2,37.4,47,22.51,40482.27,4.69,3,Chennai,13.0827,80.2707,Tamil Nadu
2026-02-16,29.6,21.8,25.5,33.0,26.4,0.0,0.0,12.5,36.7,72,22.34,41363.35,4.69,3,Chennai,13.0827,80.2707,Tamil Nadu
2026-02-17,28.4,23.0,25.7,31.1,25.8,0.0,0.0,15.6,42.1,47,22.15,41233.84,4.93,3,Chennai,13.0827,80.2707,Tamil Nadu
2026-02-18,28.3,23.3,25.8,31.2,26.6,0.0,0.0,14.0,37.4,56,17.93,38360.43,4.21,3,Chennai,13.0827,80.2707,Tamil Nadu
2026-02-19,29.7,23.8,26.5,33.4,26.6,0.0,0.0,15.5,40.3,47,22.27,40779.09,5.1,3,Chennai,13.0827,80.2707,Tamil Nadu
2026-02-20,30.2,24.3,26.9,33.7,27.9,0.0,0.0,16.6,42.5,33,22.57,41036.81,5.12,3,Chennai,13.0827,80.2707,Tamil Nadu
2026-02-21,29.4,24.5,26.6,32.8,28.2,2.4,2.4,19.1,47.9,34,20.38,40481.39,4.5,53,Chennai,13.0827,80.2707,Tamil Nadu
2026-02-22,30.2,24.6,27.0,33.6,28.7,1.4,1.4,19.6,47.5,38,18.75,40350.97,4.35,51,Chennai,13.0827,80.2707,Tamil Nadu
2026-02-23,30.8,24.2,27.2,35.5,29.3,0.0,0.0,14.3,39.2,56,22.62,41812.61,4.92,3,Chennai,13.0827,80.2707,Tamil Nadu
2026-02-24,30.8,24.6,27.1,35.4,28.8,0.0,0.0,16.3,42.1,51,21.73,41592.11,4.76,3,Chennai,13.0827,80.2707,Tamil Nadu
2026-02-25,31.2,23.7,26.8,35.5,28.6,1.2,1.2,12.4,36.7,66,18.99,41373.04,4.18,53,Chennai,13.0827,80.2707,Tamil Nadu
2026-02-26,32.3,23.1,27.2,36.4,27.7,0.0,0.0,13.3,37.4,121,21.29,39848.22,4.76,3,Chennai,13.0827,80.2707,Tamil Nadu
2026-02-27,32.3,24.0,27.5,35.8,28.8,0.0,0.0,15.5,41.4,150,22.49,42108.25,5.18,3,Chennai,13.0827,80.2707,Tamil Nadu
2026-02-28,32.5,23.6,27.6,35.7,27.8,0.0,0.0,16.3,42.5,165,22.78,41261.7,5.33,3,Chennai,13.0827,80.2707,Tamil Nadu
2026-03-01,32.8,24.2,27.6,35.5,28.9,0.0,0.0,16.4,43.9,158,22.5,42257.23,5.24,2,Chennai,13.0827,80.2707,Tamil Nadu
2026-03-02,32.4,23.1,27.5,35.3,27.5,0.0,0.0,12.4,36.4,144,24.18,42267.6,5.42,1,Chennai,13.0827,80.2707,Tamil Nadu
2026-03-03,31.8,22.9,27.1,36.9,27.3,0.0,0.0,13.4,36.7,131,23.95,42163.8,5.24,3,Chennai,13.0827,80.2707,Tamil Nadu
2026-03-04,32.1,23.2,27.2,36.1,27.7,0.0,0.0,13.1,37.1,130,24.18,42287.06,5.27,3,Chennai,13.0827,80.2707,Tamil Nadu
2026-03-05,35.0,23.7,28.4,38.1,28.3,0.0,0.0,13.7,38.5,164,24.66,42295.88,5.78,3,Chennai,13.0827,80.2707,Tamil Nadu
2026-03-06,35.4,23.5,28.4,38.4,27.7,0.0,0.0,17.8,45.7,180,24.66,42304.12,5.94,3,Chennai,13.0827,80.2707,Tamil Nadu
2026-03-07,33.2,23.9,27.7,37.5,28.4,0.0,0.0,19.8,49.7,169,24.04,42311.83,5.48,3,Chennai,13.0827,80.2707,Tamil Nadu
2026-03-08,32.6,24.2,27.7,37.1,29.4,0.0,0.0,19.7,50.4,150,23.18,41955.99,5.33,3,Chennai,13.0827,80.2707,Tamil Nadu
2026-03-09,30.3,24.9,27.5,34.0,29.5,0.4,0.4,15.2,41.4,117,22.55,42325.83,5.04,51,Chennai,13.0827,80.2707,Tamil Nadu
2026-03-10,30.1,24.2,27.2,33.8,28.0,0.1,0.1,15.2,41.4,73,23.58,42262.07,5.18,51,Chennai,13.0827,80.2707,Tamil Nadu
2026-03-11,31.8,23.9,27.5,36.1,28.8,0.0,0.0,13.8,38.2,82,23.93,42338.23,5.21,2,Chennai,13.0827,80.2707,Tamil Nadu
2026-03-12,32.2,24.7,28.1,37.3,30.3,0.0,0.0,14.8,41.0,135,23.98,41448.41,5.26,3,Chennai,13.0827,80.2707,Tamil Nadu
2026-03-13,31.7,25.4,28.2,35.9,30.5,0.0,0.0,18.1,46.8,161,23.72,42349.35,5.32,3,Chennai,13.0827,80.2707,Tamil Nadu
2026-03-14,32.9,25.1,28.4,36.1,30.2,0.0,0.0,18.0,46.4,159,24.3,42031.62,5.74,3,Chennai,13.0827,80.2707,Tamil Nadu
2026-03-15,32.2,25.1,28.3,36.3,30.0,0.0,0.0,16.7,44.3,159,24.19,40703.56,5.6,3,Chennai,13.0827,80.2707,Tamil Nadu
2026-03-16,31.6,24.9,28.1,35.3,29.3,0.4,0.4,16.6,43.6,143,23.66,42049.44,5.58,51,Chennai,13.0827,80.2707,Tamil Nadu
2026-03-17,32.2,26.0,28.7,36.0,29.9,0.0,0.0,15.4,41.4,133,23.19,40814.13,5.71,3,Chennai,13.0827,80.2707,Tamil Nadu
2026-03-18,31.6,24.9,28.3,35.4,28.8,0.6,0.6,14.5,40.0,114,23.05,41283.6,5.44,51,Chennai,13.0827,80.2707,Tamil Nadu
2026-03-19,30.9,24.9,27.3,36.2,28.4,2.5,2.5,13.8,38.2,107,21.59,41989.18,4.87,61,Chennai,13.0827,80.2707,Tamil Nadu
2026-03-20,32.0,24.6,28.2,36.7,28.6,0.0,0.0,12.5,36.7,137,22.11,42383.21,5.09,2,Chennai,13.0827,80.2707,Tamil Nadu
2026-03-21,31.8,24.9,28.1,36.6,30.3,0.7,0.7,16.0,41.8,159,22.8,42219.82,4.94,51,Chennai,13.0827,80.2707,Tamil Nadu
2026-03-22,32.6,25.6,28.6,36.9,31.5,0.3,0.3,15.3,40.3,137,23.46,42217.28,5.36,51,Chennai,13.0827,80.2707,Tamil Nadu
2026-03-23,32.1,25.3,28.6,36.8,31.3,0.0,0.0,15.6,41.4,131,24.02,42397.79,5.42,1,Chennai,13.0827,80.2707,Tamil Nadu
2026-03-24,32.1,26.2,28.7,36.7,31.1,0.5,0.5,15.3,41.4,135,24.03,42402.45,5.56,51,Chennai,13.0827,80.2707,Tamil Nadu
2026-03-25,32.8,24.7,28.4,38.3,29.2,0.0,0.0,16.3,41.8,138,24.86,42406.81,5.68,1,Chennai,13.0827,80.2707,Tamil Nadu
2026-03-26,32.2,25.0,28.3,36.6,30.3,0.0,0.0,13.5,38.2,115,25.38,42410.92,5.62,1,Chennai,13.0827,80.2707,Tamil Nadu
2026-03-27,32.9,24.2,28.4,38.1,28.8,0.0,0.0,14.6,40.7,158,25.45,42414.81,5.8,1,Chennai,13.0827,80.2707,Tamil Nadu
2026-03-28,35.2,24.9,29.1,40.1,29.7,0.0,0.0,15.9,42.8,162,24.5,42418.53,5.79,3,Chennai,13.0827,80.2707,Tamil Nadu
2026-03-29,34.0,26.2,29.4,40.4,31.3,0.0,0.0,18.8,47.5,168,24.03,42207.39,5.67,3,Chennai,13.0827,80.2707,Tamil Nadu
2026-03-30,33.3,26.6,29.5,37.9,31.9,0.0,0.0,19.9,50.8,168,24.4,41734.16,5.87,3,Chennai,13.0827,80.2707,Tamil Nadu
2026-03-31,32.5,26.5,29.0,37.5,31.0,0.0,0.0,15.2,41.0,135,24.73,42429.07,5.82,3,Chennai,13.0827,80.2707,Tamil Nadu
2026-04-01,32.8,25.9,28.9,37.4,30.3,0.0,0.0,14.6,39.2,123,25.54,42432.51,6.07,1,Chennai,13.0827,80.2707,Tamil Nadu
2026-04-02,33.3,25.9,29.2,37.9,30.2,0.0,0.0,14.5,39.2,133,24.54,42435.99,5.89,2,Chennai,13.0827,80.2707,Tamil Nadu
2026-04-03,33.2,25.5,29.2,38.1,30.5,0.0,0.0,18.3,47.5,143,25.7,42439.54,5.99,3,Chennai,13.0827,80.2707,Tamil Nadu
2026-04-04,35.1,26.9,30.0,39.9,32.3,1.6,1.6,19.8,50.4,170,22.53,38551.42,5.53,53,Chennai,13.0827,80.2707,Tamil Nadu
2026-04-05,36.5,28.0,30.8,41.9,33.0,1.1,1.1,15.8,42.1,165,23.45,39526.9,5.59,55,Chennai,13.0827,80.2707,Tamil Nadu
2026-04-06,33.3,26.8,29.7,40.2,32.4,1.9,1.9,13.6,37.4,143,22.04,33756.33,5.01,61,Chennai,13.0827,80.2707,Tamil Nadu
2026-04-07,34.5,27.6,30.1,41.8,33.7,0.6,0.6,16.9,44.6,164,23.12,42448.2,5.27,53,Chennai,13.0827,80.2707,Tamil Nadu
2026-04-08,34.1,27.5,30.4,40.2,33.6,0.1,0.1,18.1,48.2,170,22.76,41736.01,5.35,51,Chennai,13.0827,80.2707,Tamil Nadu
2026-04-09,34.3,27.5,30.4,40.0,33.1,1.1,1.1,17.1,44.3,167,23.39,42450.2,5.66,53,Chennai,13.0827,80.2707,Tamil Nadu
2026-04-10,34.1,27.7,30.4,40.1,34.0,0.1,0.1,19.7,49.7,161,24.45,42451.2,5.82,51,Chennai,13.0827,80.2707,Tamil Nadu
2026-04-11,35.2,27.3,30.6,41.3,33.2,0.0,0.0,16.2,43.2,159,24.68,42475.6,5.99,3,Chennai,13.0827,80.2707,Tamil Nadu
2026-04-12,34.4,27.3,30.3,38.8,33.4,0.0,0.0,18.7,48.6,163,25.13,42481.61,6.12,2,Chennai,13.0827,80.2707,Tamil Nadu
2026-04-13,34.9,26.3,30.2,40.3,32.2,0.0,0.0,17.8,46.4,163,25.89,42487.75,6.33,3,Chennai,13.0827,80.2707,Tamil Nadu
2026-04-14,35.1,26.3,30.4,39.8,32.1,0.0,0.0,19.1,49.0,173,26.22,42493.99,6.42,2,Chennai,13.0827,80.2707,Tamil Nadu
2026-04-15,35.9,27.9,31.1,41.3,33.8,0.0,0.0,20.6,51.8,166,25.66,42500.35,6.53,1,Chennai,13.0827,80.2707,Tamil Nadu
2026-04-16,34.9,27.7,30.8,39.9,33.6,0.0,0.0,20.0,50.8,172,23.43,42506.86,5.89,3,Chennai,13.0827,80.2707,Tamil Nadu
2026-04-17,35.0,27.9,30.9,41.2,33.9,0.0,0.0,19.6,49.7,164,25.24,42513.53,6.19,3,Chennai,13.0827,80.2707,Tamil Nadu
2026-04-18,34.9,28.1,30.8,41.4,33.4,0.0,0.0,19.4,48.6,165,25.14,41876.78,6.34,3,Chennai,13.0827,80.2707,Tamil Nadu
2026-04-19,35.4,26.9,30.7,40.5,32.3,0.0,0.0,21.4,53.3,170,25.67,42760.13,6.51,0,Chennai,13.0827,80.2707,Tamil Nadu
2026-04-20,35.1,28.1,30.8,40.2,33.3,0.2,0.2,20.8,52.9,164,24.34,42534.73,6.18,51,Chennai,13.0827,80.2707,Tamil Nadu
2026-04-21,36.5,27.8,31.1,41.6,33.3,0.0,0.0,18.7,47.2,166,25.74,42542.24,6.61,3,Chennai,13.0827,80.2707,Tamil Nadu
2026-04-22,34.7,27.4,30.8,40.8,33.9,0.0,0.0,17.5,46.1,163,25.43,42550.02,6.27,3,Chennai,13.0827,80.2707,Tamil Nadu
2026-04-23,34.8,27.4,30.8,39.8,32.9,0.0,0.0,18.5,46.4,166,25.35,42468.39,6.44,3,Chennai,13.0827,80.2707,Tamil Nadu
2026-04-24,35.0,28.0,31.1,40.2,33.5,0.0,0.0,20.4,51.1,167,24.56,39600.0,6.31,3,Chennai,13.0827,80.2707,Tamil Nadu
2026-04-25,35.1,28.3,31.1,40.5,34.0,0.0,0.0,19.8,50.0,166,24.89,42617.49,6.31,3,Chennai,13.0827,80.2707,Tamil Nadu
2026-04-26,34.7,27.6,30.9,40.1,33.7,0.0,0.0,19.6,49.7,166,25.15,42584.06,6.29,3,Chennai,13.0827,80.2707,Tamil Nadu
2026-04-27,36.0,27.7,31.1,41.1,33.6,0.0,0.0,22.4,54.7,173,25.3,42474.0,6.49,3,Chennai,13.0827,80.2707,Tamil Nadu
2026-04-28,36.7,28.6,31.5,41.1,34.1,0.0,0.0,21.4,52.9,174,24.84,40286.81,6.71,3,Chennai,13.0827,80.2707,Tamil Nadu
2026-04-29,36.3,28.7,31.7,41.7,34.4,0.0,0.0,22.3,55.8,173,24.87,41745.74,6.54,3,Chennai,13.0827,80.2707,Tamil Nadu
2026-04-30,38.2,29.6,32.3,43.5,34.1,0.0,0.0,21.8,53.6,177,24.11,41745.6,6.7,3,Chennai,13.0827,80.2707,Tamil Nadu
2026-05-01,36.7,29.4,32.1,42.8,33.2,0.0,0.0,20.0,49.0,181,21.46,38706.39,6.25,3,Chennai,13.0827,80.2707,Tamil Nadu
2026-05-02,37.0,29.6,32.4,42.0,34.4,0.0,0.0,22.4,55.8,179,23.53,42295.74,6.64,3,Chennai,13.0827,80.2707,Tamil Nadu
2026-05-03,38.5,29.2,32.8,44.0,33.1,0.1,0.1,20.5,51.1,177,23.92,41551.4,6.79,51,Chennai,13.0827,80.2707,Tamil Nadu
2026-05-04,37.5,27.1,31.0,41.9,32.4,7.0,7.0,17.2,42.1,159,21.69,39807.31,5.44,63,Chennai,13.0827,80.2707,Tamil Nadu
2026-05-05,34.4,27.9,30.6,39.4,32.7,0.3,0.3,13.8,36.7,145,21.15,37869.43,5.27,51,Chennai,13.0827,80.2707,Tamil Nadu
2026-05-06,31.5,28.8,29.9,36.3,34.0,2.7,2.7,14.8,39.6,146,19.09,42011.19,4.62,53,Chennai,13.0827,80.2707,Tamil Nadu
2026-05-07,33.9,28.1,30.8,38.8,34.2,0.0,0.0,14.1,39.2,109,23.08,41509.39,5.66,3,Chennai,13.0827,80.2707,Tamil Nadu
2026-05-08,30.9,26.1,28.8,35.8,29.9,2.6,2.6,17.3,44.3,84,19.08,38831.45,4.53,53,Chennai,13.0827,80.2707,Tamil Nadu
2026-05-09,30.6,26.2,28.0,35.4,30.6,8.3,8.3,11.4,34.9,75,16.23,33853.9,3.65,63,Chennai,13.0827,80.2707,Tamil Nadu
2026-05-10,32.0,26.4,29.3,37.5,32.3,0.8,0.8,15.0,40.0,64,21.88,41665.63,5.07,51,Chennai,13.0827,80.2707,Tamil Nadu
2026-05-11,32.5,27.2,29.9,37.9,32.6,0.3,0.3,14.2,39.6,52,22.69,42213.59,5.32,51,Chennai,13.0827,80.2707,Tamil Nadu
2026-05-12,33.5,27.5,30.5,38.8,33.8,0.3,0.3,16.6,43.9,49,22.71,39995.11,5.45,51,Chennai,13.0827,80.2707,Tamil Nadu
2026-05-13,35.1,28.0,31.0,40.0,34.0,0.0,0.0,18.0,47.2,35,23.24,38367.68,5.89,3,Chennai,13.0827,80.2707,Tamil Nadu
2026-05-14,34.0,28.3,30.6,39.5,34.2,0.6,0.6,16.1,42.1,33,20.25,36060.18,4.94,51,Chennai,13.0827,80.2707,Tamil Nadu
2026-05-15,33.0,27.1,29.1,37.3,31.4,6.0,6.0,15.6,37.8,77,9.67,4295.58,2.57,55,Chennai,13.0827,80.2707,Tamil Nadu
2026-05-16,33.9,26.8,30.2,40.3,33.7,2.9,2.9,12.9,33.5,148,21.39,34023.73,5.03,61,Chennai,13.0827,80.2707,Tamil Nadu
2026-05-17,35.4,27.8,31.0,40.0,33.1,5.1,5.1,17.6,41.8,170,22.53,40720.66,5.72,61,Chennai,13.0827,80.2707,Tamil Nadu
2026-05-18,35.2,28.0,31.2,40.2,32.8,1.2,1.2,18.0,45.0,180,23.34,41217.02,5.95,51,Chennai,13.0827,80.2707,Tamil Nadu
2026-05-19,37.3,28.9,32.7,43.2,34.0,0.2,0.2,13.0,35.6,217,23.42,41213.47,6.28,51,Chennai,13.0827,80.2707,Tamil Nadu
2026-05-20,40.2,29.8,34.4,45.1,33.7,0.0,0.0,17.0,42.5,232,23.93,41146.81,7.25,3,Chennai,13.0827,80.2707,Tamil Nadu
2026-05-21,39.6,31.4,34.3,47.3,34.9,0.0,0.0,16.3,38.5,199,24.61,42144.44,7.2,3,Chennai,13.0827,80.2707,Tamil Nadu
2026-05-22,38.0,30.3,33.5,44.5,32.8,0.0,0.0,17.7,41.8,227,24.38,42390.21,7.02,3,Chennai,13.0827,80.2707,Tamil Nadu
2026-05-23,35.8,31.3,32.9,39.8,34.1,0.0,0.0,18.3,45.7,270,14.1,17401.08,5.15,3,Chennai,13.0827,80.2707,Tamil Nadu
2026-05-24,39.0,30.2,34.0,45.6,33.4,2.4,2.4,23.8,55.8,227,22.04,42632.47,6.84,61,Chennai,13.0827,80.2707,Tamil Nadu
2026-05-25,39.0,29.3,34.1,45.4,31.9,0.7,0.7,17.3,43.9,213,23.93,42881.08,7.17,51,Chennai,13.0827,80.2707,Tamil Nadu
2026-05-26,39.5,29.9,34.0,46.2,33.1,0.7,0.7,16.0,43.2,213,23.88,42700.21,6.68,53,Chennai,13.0827,80.2707,Tamil Nadu
2026-05-27,37.8,29.5,32.8,44.3,31.5,0.0,0.0,16.5,34.6,227,23.82,42190.56,6.8,3,Chennai,13.0827,80.2707,Tamil Nadu
2026-05-28,39.9,29.7,33.4,44.6,35.5,0.0,0.0,17.0,39.2,206,24.28,43122.85,6.76,3,Chennai,13.0827,80.2707,Tamil Nadu
2026-05-29,38.6,29.9,33.2,44.3,35.3,0.0,0.0,16.6,42.1,205,24.16,41167.2,6.75,3,Chennai,13.0827,80.2707,Tamil Nadu
2026-05-30,36.6,29.2,32.1,41.1,31.5,0.7,0.7,21.0,48.2,229,22.4,42354.88,6.01,53,Chennai,13.0827,80.2707,Tamil Nadu
2026-05-31,38.7,29.1,33.0,44.6,34.1,0.9,0.9,13.7,38.5,191,23.8,42680.68,6.39,51,Chennai,13.0827,80.2707,Tamil Nadu
2026-06-01,38.9,29.4,32.5,43.5,33.6,1.0,1.0,17.1,46.4,196,23.02,40640.72,6.4,51,Chennai,13.0827,80.2707,Tamil Nadu
2026-06-02,38.2,29.1,32.7,44.0,34.5,3.4,3.4,17.4,39.2,200,23.3,42671.61,6.24,55,Chennai,13.0827,80.2707,Tamil Nadu
2026-06-03,38.5,29.3,33.0,44.8,33.7,1.5,1.5,14.9,39.2,203,23.41,43361.5,6.46,53,Chennai,13.0827,80.2707,Tamil Nadu
2026-06-04,38.5,30.6,33.3,42.8,32.5,2.9,2.9,17.6,41.8,223,23.57,43614.94,7.03,61,Chennai,13.0827,80.2707,Tamil Nadu
2026-06-05,40.2,30.7,34.2,42.3,33.0,1.0,1.0,19.7,46.8,253,22.43,43379.87,7.31,53,Chennai,13.0827,80.2707,Tamil Nadu
2026-06-06,39.1,30.6,34.5,43.4,32.8,0.0,0.0,17.2,42.1,238,24.31,40796.36,7.6,3,Chennai,13.0827,80.2707,Tamil Nadu
2026-06-07,38.9,31.1,33.9,43.4,33.3,4.9,4.9,16.4,41.0,228,23.03,43043.91,7.2,61,Chennai,13.0827,80.2707,Tamil Nadu
2026-06-08,37.9,29.8,33.5,41.1,32.8,0.3,0.3,17.8,44.6,251,22.61,40302.13,6.69,51,Chennai,13.0827,80.2707,Tamil Nadu
2026-06-09,39.6,29.7,33.8,41.2,32.7,1.9,1.9,21.6,60.5,260,22.97,43726.87,7.69,53,Chennai,13.0827,80.2707,Tamil Nadu
2026-06-10,38.5,28.7,33.6,41.2,32.4,0.9,0.9,21.2,50.4,266,21.63,40772.93,7.04,51,Chennai,13.0827,80.2707,Tamil Nadu
2026-06-11,32.8,28.3,30.8,38.0,31.4,4.0,4.0,16.2,37.1,244,17.06,29506.29,4.94,61,Chennai,13.0827,80.2707,Tamil Nadu
2026-06-12,33.5,28.1,30.4,37.1,33.7,3.3,3.3,15.4,37.1,238,11.75,13793.95,3.68,61,Chennai,13.0827,80.2707,Tamil Nadu
2026-06-13,36.1,27.7,30.6,41.8,31.3,1.4,1.4,14.9,38.9,227,21.23,35158.21,5.54,53,Chennai,13.0827,80.2707,Tamil Nadu
2026-06-14,35.6,28.3,31.4,39.4,31.2,0.4,0.4,17.1,43.6,255,20.16,35613.15,5.71,51,Chennai,13.0827,80.2707,Tamil Nadu
2026-06-15,37.2,28.0,31.9,43.9,31.4,1.7,1.7,13.8,37.4,224,23.3,41692.86,6.25,53,Chennai,13.0827,80.2707,Tamil Nadu
2026-06-16,37.7,29.2,32.8,43.9,33.0,1.0,1.0,14.2,30.6,215,23.17,39879.97,6.34,51,Chennai,13.0827,80.2707,Tamil Nadu
2026-06-17,37.4,29.7,32.6,43.4,33.8,0.1,0.1,15.9,36.0,195,21.66,40540.58,5.96,51,Chennai,13.0827,80.2707,Tamil Nadu
2026-06-18,36.4,26.9,31.0,42.6,32.6,4.6,4.6,18.0,39.6,214,21.93,39606.17,5.47,61,Chennai,13.0827,80.2707,Tamil Nadu
2026-06-19,34.9,26.9,30.4,40.5,31.5,5.8,5.8,13.6,36.4,219,21.29,41023.45,5.1,61,Chennai,13.0827,80.2707,Tamil Nadu
2026-06-20,32.9,26.5,29.9,40.5,30.9,4.0,4.0,14.8,29.2,197,21.73,37344.15,5.11,61,Chennai,13.0827,80.2707,Tamil Nadu
2026-06-21,33.7,27.7,29.9,41.6,32.3,3.8,3.8,13.6,33.1,204,21.64,40761.39,5.06,61,Chennai,13.0827,80.2707,Tamil Nadu
2026-06-22,34.2,26.9,30.1,40.7,31.7,1.7,1.7,15.3,34.9,205,23.04,40953.98,5.4,53,Chennai,13.0827,80.2707,Tamil Nadu
2026-06-23,35.6,27.5,30.4,41.8,31.3,1.7,1.7,15.0,37.1,235,23.47,39624.93,5.7,55,Chennai,13.0827,80.2707,Tamil Nadu
2026-06-24,34.6,27.6,30.8,39.4,31.9,0.9,0.9,15.0,36.0,228,20.23,31450.33,5.59,51,Chennai,13.0827,80.2707,Tamil Nadu
2026-06-25,37.1,28.8,31.8,41.8,31.0,2.6,2.6,15.3,37.4,232,23.49,42691.92,6.64,61,Chennai,13.0827,80.2707,Tamil Nadu
2026-06-26,35.6,28.6,31.3,39.3,33.2,0.0,0.0,16.1,33.5,205,19.48,40409.99,5.46,3,Chennai,13.0827,80.2707,Tamil Nadu
2026-06-27,37.6,26.6,31.7,43.4,31.9,6.6,6.6,17.3,41.4,193,23.74,43766.93,6.33,61,Chennai,13.0827,80.2707,Tamil Nadu
2026-06-28,34.6,25.4,29.3,41.5,30.2,24.5,24.5,15.7,40.7,197,23.79,43260.65,5.32,65,Chennai,13.0827,80.2707,Tamil Nadu
2026-06-29,34.7,27.0,30.3,41.2,32.3,1.7,1.7,16.6,37.8,213,24.34,43524.2,5.62,53,Chennai,13.0827,80.2707,Tamil Nadu
2026-06-30,36.3,28.0,31.1,40.6,31.9,2.9,2.9,15.7,40.0,252,20.09,40682.07,5.48,61,Chennai,13.0827,80.2707,Tamil Nadu
2026-07-01,35.5,28.7,31.8,39.2,30.7,0.3,0.3,21.7,49.3,251,19.43,41211.79,6.9,51,Chennai,13.0827,80.2707,Tamil Nadu
2026-07-02,35.4,29.6,32.9,38.8,31.4,0.1,0.1,18.6,45.0,251,18.1,32027.08,6.53,51,Chennai,13.0827,80.2707,Tamil Nadu
2026-07-03,36.1,28.9,32.0,37.6,32.1,1.0,1.0,23.0,53.3,249,15.78,25562.41,6.09,53,Chennai,13.0827,80.2707,Tamil Nadu
2026-07-04,32.5,26.1,30.2,34.5,29.9,5.8,5.8,18.2,43.6,232,6.02,3.45,3.87,63,Chennai,13.0827,80.2707,Tamil Nadu
2026-07-05,38.4,30.1,34.0,39.6,31.4,0.0,0.0,21.3,56.9,249,17.89,25776.64,8.27,3,Chennai,13.0827,80.2707,Tamil Nadu
2026-07-06,39.2,29.4,33.9,38.5,30.2,0.0,0.0,26.3,61.6,240,20.86,42378.17,8.64,3,Chennai,13.0827,80.2707,Tamil Nadu
2026-07-07,39.0,30.2,33.9,40.8,32.1,0.5,0.5,23.5,58.3,223,22.11,42640.72,7.98,51,Chennai,13.0827,80.2707,Tamil Nadu
2026-07-08,38.6,30.5,33.5,40.2,32.5,0.2,0.2,21.2,52.2,223,19.6,39233.09,7.31,51,Chennai,13.0827,80.2707,Tamil Nadu
2026-07-09,37.8,28.1,32.1,42.9,33.3,5.2,5.2,16.6,41.0,218,23.1,41322.23,6.41,61,Chennai,13.0827,80.2707,Tamil Nadu
2026-07-10,33.9,27.3,30.5,38.5,33.0,2.9,2.9,17.6,36.7,223,18.16,34202.82,4.59,61,Chennai,13.0827,80.2707,Tamil Nadu
2026-07-11,37.3,27.2,31.5,41.4,31.4,0.5,0.5,13.0,33.1,223,24.89,43608.56,6.39,51,Chennai,13.0827,80.2707,Tamil Nadu
2026-07-12,37.1,29.4,32.4,43.0,33.0,0.0,0.0,14.3,34.2,194,25.1,41348.51,6.65,3,Chennai,13.0827,80.2707,Tamil Nadu
2026-07-13,38.7,29.6,33.0,42.2,32.2,0.0,0.0,16.8,42.5,233,25.13,43200.0,7.28,3,Chennai,13.0827,80.2707,Tamil Nadu
2026-07-14,37.4,30.1,33.1,43.4,32.9,0.0,0.0,13.7,37.1,214,23.92,43629.84,6.82,3,Chennai,13.0827,80.2707,Tamil Nadu
2026-07-15,38.2,29.1,32.7,42.4,33.4,0.0,0.0,14.3,37.8,201,24.84,43890.03,6.82,3,Chennai,13.0827,80.2707,Tamil Nadu
2026-07-16,38.2,29.0,32.6,40.7,32.6,0.1,0.1,17.6,42.8,212,23.61,43200.0,6.59,51,Chennai,13.0827,80.2707,Tamil Nadu
2026-07-17,37.3,27.3,31.7,42.1,31.2,4.0,4.0,17.3,42.1,217,22.76,42663.0,6.19,55,Chennai,13.0827,80.2707,Tamil Nadu
2026-07-18,32.4,25.9,29.0,37.1,30.5,2.3,2.3,13.1,33.5,227,14.89,15769.67,3.68,53,Chennai,13.0827,80.2707,Tamil Nadu
2026-07-19,33.4,24.8,29.0,39.9,27.9,4.9,4.9,19.1,42.8,196,18.34,29014.05,4.39,61,Chennai,13.0827,80.2707,Tamil Nadu
2026-07-20,33.0,25.5,29.4,37.9,29.4,10.7,10.7,16.2,43.9,246,17.76,30091.35,4.29,63,Chennai,13.0827,80.2707,Tamil Nadu
2026-07-21,34.2,27.3,30.2,39.3,33.8,0.6,0.6,14.5,31.0,224,18.81,34087.93,4.68,51,Chennai,13.0827,80.2707,Tamil Nadu
2026-07-22,35.5,26.2,30.3,41.0,30.4,10.0,10.0,16.3,35.6,224,23.7,39600.0,5.83,63,Chennai,13.0827,80.2707,Tamil Nadu
2026-07-23,33.9,27.6,30.0,39.7,32.6,1.0,1.0,17.0,41.0,189,23.13,43200.0,5.4,53,Chennai,13.0827,80.2707,Tamil Nadu
2026-07-24,34.4,24.5,29.6,40.1,28.0,7.5,7.5,14.7,35.3,215,21.12,43200.0,4.89,63,Chennai,13.0827,80.2707,Tamil Nadu
2026-07-25,35.6,26.0,30.3,40.2,30.8,4.4,4.4,15.2,35.6,207,20.17,37215.77,5.05,63,Chennai,13.0827,80.2707,Tamil Nadu
2026-07-26,36.4,28.3,31.6,40.2,32.5,1.4,1.4,17.5,43.9,239,20.01,37143.49,5.67,55,Chennai,13.0827,80.2707,Tamil Nadu
2026-07-27,37.6,30.1,32.3,42.2,32.5,1.6,1.6,16.8,41.8,238,19.58,34441.26,6.07,53,Chennai,13.0827,80.2707,Tamil Nadu
2026-07-28,37.0,29.1,32.4,39.6,31.8,0.1,0.1,19.2,49.3,232,21.04,39854.05,6.53,51,Chennai,13.0827,80.2707,Tamil Nadu
2026-07-29,36.9,29.4,32.5,39.8,31.1,8.0,8.0,23.1,55.1,245,20.58,32170.27,6.66,63,Chennai,13.0827,80.2707,Tamil Nadu
2026-07-30,37.2,29.4,32.4,38.7,31.4,1.1,1.1,21.9,59.4,232,21.03,36339.44,7.06,53,Chennai,13.0827,80.2707,Tamil Nadu
2026-07-31,36.6,28.2,31.5,40.5,32.1,0.8,0.8,20.1,47.9,204,20.57,40184.62,6.04,53,Chennai,13.0827,80.2707,Tamil Nadu
2026-08-01,35.5,26.4,30.4,42.1,29.8,8.2,8.2,20.7,43.2,212,22.14,41448.9,5.53,63,Chennai,13.0827,80.2707,Tamil Nadu
2026-08-02,34.6,26.0,29.8,40.8,29.3,6.2,6.2,18.6,40.3,252,22.87,40790.96,5.44,63,Chennai,13.0827,80.2707,Tamil Nadu
2026-08-03,33.7,26.5,29.7,40.9,30.7,5.4,5.4,11.3,33.1,265,19.6,32400.0,4.69,61,Chennai,13.0827,80.2707,Tamil Nadu
2026-08-04,34.2,26.3,30.1,41.2,29.9,6.2,6.2,19.7,40.3,251,22.78,42403.07,5.69,61,Chennai,13.0827,80.2707,Tamil Nadu
2026-08-05,34.8,25.2,29.4,39.7,29.2,6.7,6.7,14.3,38.9,267,21.73,36307.32,5.15,61,Chennai,13.0827,80.2707,Tamil Nadu
2026-08-06,33.3,26.1,29.8,38.3,30.2,4.3,4.3,14.3,37.4,249,16.95,35283.53,4.28,63,Chennai,13.0827,80.2707,Tamil Nadu
2026-08-07,32.9,25.6,28.7,37.0,30.2,5.6,5.6,15.0,42.5,251,15.58,29359.77,3.91,61,Chennai,13.0827,80.2707,Tamil Nadu
2026-08-08,34.6,27.1,29.5,39.7,30.0,4.1,4.1,16.6,39.2,251,18.98,38730.76,4.86,63,Chennai,13.0827,80.2707,Tamil Nadu
2026-08-09,34.1,26.5,29.3,41.8,30.4,6.2,6.2,16.2,36.7,228,22.57,42282.44,5.37,63,Chennai,13.0827,80.2707,Tamil Nadu
2026-08-10,35.3,27.3,30.4,42.3,31.6,2.2,2.2,17.3,35.6,216,24.84,43149.82,6.03,53,Chennai,13.0827,80.2707,Tamil Nadu
2026-08-11,35.0,26.0,29.5,41.2,30.7,9.3,9.3,16.9,36.0,222,22.26,41503.25,5.18,63,Chennai,13.0827,80.2707,Tamil Nadu
2026-08-12,34.5,27.1,30.3,40.8,31.1,0.5,0.5,18.4,38.2,210,22.43,38508.67,5.5,51,Chennai,13.0827,80.2707,Tamil Nadu
2026-08-13,35.0,27.6,31.1,38.8,32.6,0.3,0.3,16.6,41.4,239,20.76,42252.2,5.54,51,Chennai,13.0827,80.2707,Tamil Nadu
2026-08-14,35.1,27.3,30.7,40.9,31.8,2.6,2.6,14.7,36.0,241,23.57,42260.92,5.78,55,Chennai,13.0827,80.2707,Tamil Nadu
2026-08-15,35.5,28.1,30.8,39.7,32.3,0.0,0.0,15.3,37.1,242,19.59,31766.78,5.32,3,Chennai,13.0827,80.2707,Tamil Nadu
2026-08-16,35.2,27.8,30.9,40.7,32.4,0.7,0.7,14.4,36.0,208,23.96,41066.73,6.06,51,Chennai,13.0827,80.2707,Tamil Nadu
2026-08-17,35.3,28.3,30.9,41.4,33.2,1.1,1.1,17.3,38.5,201,20.65,37938.01,5.37,51,Chennai,13.0827,80.2707,Tamil Nadu
2026-08-18,36.1,27.5,31.6,41.2,32.3,0.8,0.8,17.3,41.8,205,24.09,40122.83,6.54,51,Chennai,13.0827,80.2707,Tamil Nadu
2026-08-19,35.9,25.8,29.9,41.1,30.1,8.4,8.4,15.5,40.3,220,20.57,36592.19,5.12,63,Chennai,13.0827,80.2707,Tamil Nadu
2026-08-20,35.8,26.6,30.4,41.9,31.4,2.6,2.6,15.3,36.4,213,23.63,42842.19,5.85,53,Chennai,13.0827,80.2707,Tamil Nadu
2026-08-21,36.3,27.6,30.4,42.5,31.7,3.5,3.5,17.0,50.0,234,22.32,41129.56,5.82,61,Chennai,13.0827,80.2707,Tamil Nadu
2026-08-22,36.0,26.9,30.6,39.9,30.7,0.1,0.1,17.2,38.5,232,24.62,40902.49,6.43,51,Chennai,13.0827,80.2707,Tamil Nadu
2026-08-23,34.9,26.9,30.4,40.6,30.8,12.9,12.9,20.7,42.8,215,22.27,40774.31,5.62,63,Chennai,13.0827,80.2707,Tamil Nadu
2026-08-24,32.5,26.0,28.4,36.9,30.9,7.6,7.6,17.3,43.2,241,14.86,15284.36,3.65,63,Chennai,13.0827,80.2707,Tamil Nadu
2026-08-25,32.8,25.8,29.1,38.8,30.3,1.4,1.4,12.4,35.3,229,18.9,35913.01,4.49,53,Chennai,13.0827,80.2707,Tamil Nadu
2026-08-26,34.6,26.5,30.3,40.3,30.6,2.5,2.5,18.4,38.5,232,22.59,41073.02,5.72,61,Chennai,13.0827,80.2707,Tamil Nadu
2026-08-27,34.7,28.0,30.8,39.9,31.8,1.1,1.1,14.5,41.4,232,22.33,37868.88,5.65,51,Chennai,13.0827,80.2707,Tamil Nadu
2026-08-28,35.9,28.5,31.1,41.2,31.9,0.3,0.3,15.2,41.4,234,23.54,40035.69,6.18,51,Chennai,13.0827,80.2707,Tamil Nadu
2026-08-29,36.6,28.8,31.3,40.8,31.2,1.0,1.0,17.3,48.6,255,23.51,41007.69,6.67,53,Chennai,13.0827,80.2707,Tamil Nadu
2026-08-30,36.3,28.1,31.0,38.9,30.2,1.2,1.2,14.9,41.4,262,21.9,36147.28,6.12,53,Chennai,13.0827,80.2707,Tamil Nadu
2026-08-31,35.4,27.2,30.6,39.7,30.6,0.0,0.0,16.4,40.7,263,23.66,39848.17,5.99,3,Chennai,13.0827,80.2707,Tamil Nadu
2026-09-01,34.4,27.6,31.0,41.1,32.5,0.4,0.4,15.8,33.8,195,24.49,40818.7,6.05,51,Chennai,13.0827,80.2707,Tamil Nadu
2026-09-02,35.6,26.7,31.0,41.0,31.2,1.3,1.3,14.5,34.9,208,22.08,40598.29,5.8,53,Chennai,13.0827,80.2707,Tamil Nadu
2026-09-03,34.8,26.6,30.6,40.0,30.2,3.4,3.4,16.8,44.3,206,21.43,39190.65,5.43,61,Chennai,13.0827,80.2707,Tamil Nadu
2026-09-04,32.0,25.9,28.8,38.5,30.4,2.4,2.4,16.9,37.1,203,15.73,21756.22,3.69,61,Chennai,13.0827,80.2707,Tamil Nadu
2026-09-05,33.8,25.9,29.7,42.3,30.7,3.6,3.6,12.0,27.7,201,23.7,41603.12,5.36,55,Chennai,13.0827,80.2707,Tamil Nadu
2026-09-06,34.9,26.7,30.1,42.7,30.6,2.0,2.0,16.8,36.0,206,23.79,41384.42,5.55,53,Chennai,13.0827,80.2707,Tamil Nadu
2026-09-07,35.6,26.9,30.5,42.2,31.6,0.6,0.6,14.4,33.1,201,24.42,41166.36,5.79,51,Chennai,13.0827,80.2707,Tamil Nadu
2026-09-08,34.8,25.2,30.4,40.7,29.8,4.6,4.6,14.7,36.7,187,23.96,40475.27,5.63,61,Chennai,13.0827,80.2707,Tamil Nadu
2026-09-09,35.0,27.3,31.0,40.0,31.8,0.6,0.6,14.1,35.6,262,22.5,39600.0,5.45,51,Chennai,13.0827,80.2707,Tamil Nadu
2026-09-10,33.7,26.5,29.7,41.2,30.7,2.4,2.4,14.8,31.3,211,19.49,33459.07,4.65,61,Chennai,13.0827,80.2707,Tamil Nadu
2026-09-11,33.5,25.1,29.2,40.4,29.4,11.4,11.4,13.2,27.0,199,17.24,23322.18,4.07,63,Chennai,13.0827,80.2707,Tamil Nadu
