time,temperature_2m_max,temperature_2m_min,temperature_2m_mean,apparent_temperature_max,apparent_temperature_min,precipitation_sum,rain_sum,windspeed_10m_max,windgusts_10m_max,winddirection_10m_dominant,shortwave_radiation_sum,sunshine_duration,et0_fao_evapotranspiration,weathercode,city,latitude,longitude,region
2023-09-11,32.1,23.9,27.5,36.6,27.7,1.0,1.0,19.8,37.1,70,20.04,40647.96,4.42,53,Delhi,28.6139,77.209,Delhi
2023-09-12,33.4,24.4,28.7,38.8,30.0,0.0,0.0,9.6,22.3,105,20.28,40000.64,4.47,3,Delhi,28.6139,77.209,Delhi
2023-09-13,33.7,26.4,29.7,40.9,31.6,7.4,7.4,16.3,27.0,123,19.38,39697.18,4.35,63,Delhi,28.6139,77.209,Delhi
2023-09-14,34.1,26.7,29.2,40.4,31.5,5.5,5.5,15.3,28.8,99,17.47,33062.69,4.08,63,Delhi,28.6139,77.209,Delhi
2023-09-15,32.0,25.5,28.1,38.5,31.9,5.7,5.7,14.6,30.2,52,12.27,21627.43,2.75,61,Delhi,28.6139,77.209,Delhi
2023-09-16,31.5,26.4,28.3,35.4,31.5,7.8,7.8,23.9,45.0,79,14.38,28541.99,3.44,63,Delhi,28.6139,77.209,Delhi
2023-09-17,31.7,25.2,27.1,36.2,28.4,6.5,6.5,22.5,47.5,90,14.09,20660.31,3.16,61,Delhi,28.6139,77.209,Delhi
2023-09-18,31.7,24.7,27.9,35.6,28.1,2.1,2.1,23.1,46.1,125,19.23,39946.59,4.48,61,Delhi,28.6139,77.209,Delhi
2023-09-19,33.1,24.6,28.6,38.3,29.3,0.2,0.2,11.5,26.3,126,19.85,40505.86,4.53,51,Delhi,28.6139,77.209,Delhi
2023-09-20,33.1,25.5,29.4,40.2,31.2,0.9,0.9,9.2,21.2,37,18.58,40005.01,4.21,53,Delhi,28.6139,77.209,Delhi
2023-09-21,33.5,26.0,28.9,41.0,31.5,2.6,2.6,22.0,38.5,244,18.69,39600.0,4.24,55,Delhi,28.6139,77.209,Delhi
2023-09-22,33.3,25.3,29.4,40.2,30.7,0.3,0.3,10.5,22.7,36,19.0,40091.14,4.34,51,Delhi,28.6139,77.209,Delhi
2023-09-23,32.8,25.6,28.6,40.3,31.1,1.4,1.4,13.7,26.6,105,18.26,38311.51,4.0,53,Delhi,28.6139,77.209,Delhi
2023-09-24,32.8,25.3,27.9,37.4,29.2,0.9,0.9,14.8,38.2,306,17.99,35740.35,4.04,53,Delhi,28.6139,77.209,Delhi
2023-09-25,32.9,24.6,28.6,38.6,29.6,0.2,0.2,9.4,20.2,13,19.03,39677.44,4.26,51,Delhi,28.6139,77.209,Delhi
2023-09-26,32.9,24.9,28.8,37.8,29.7,0.2,0.2,9.4,19.1,7,18.69,39600.0,4.36,51,Delhi,28.6139,77.209,Delhi
2023-09-27,33.3,23.3,27.8,36.1,26.6,0.0,0.0,14.0,29.2,321,20.37,39750.6,5.02,0,Delhi,28.6139,77.209,Delhi
2023-09-28,33.1,20.6,26.6,35.7,22.5,0.0,0.0,12.9,26.3,320,20.62,39787.02,5.07,3,Delhi,28.6139,77.209,Delhi
2023-09-29,33.2,20.4,26.8,35.5,21.6,0.0,0.0,9.7,21.6,316,20.38,39600.0,4.86,3,Delhi,28.6139,77.209,Delhi
2023-09-30,34.8,22.8,27.9,36.6,24.5,0.0,0.0,17.6,32.0,332,19.96,39600.0,5.61,2,Delhi,28.6139,77.209,Delhi
2023-10-01,34.6,21.3,27.4,36.2,22.2,0.0,0.0,19.5,35.3,332,20.01,39632.7,5.72,2,Delhi,28.6139,77.209,Delhi
2023-10-02,33.8,20.2,26.7,33.5,19.7,0.0,0.0,19.9,36.0,334,20.07,39600.0,6.16,0,Delhi,28.6139,77.209,Delhi
2023-10-03,33.9,20.0,26.4,32.6,18.8,0.0,0.0,23.4,42.5,305,20.12,39600.0,6.26,0,Delhi,28.6139,77.209,Delhi
2023-10-04,33.9,18.9,26.3,33.2,19.1,0.0,0.0,21.1,39.2,314,19.8,39600.0,5.79,0,Delhi,28.6139,77.209,Delhi
2023-10-05,34.3,19.9,26.4,33.9,20.5,0.0,0.0,16.4,32.4,302,19.76,39600.0,5.62,0,Delhi,28.6139,77.209,Delhi
2023-10-06,35.3,19.9,27.3,35.8,19.7,0.0,0.0,13.7,28.1,290,19.44,39600.0,5.26,0,Delhi,28.6139,77.209,Delhi
2023-10-07,35.0,21.6,28.3,38.0,23.0,0.0,0.0,14.4,28.4,300,18.75,39600.0,4.96,0,Delhi,28.6139,77.209,Delhi
2023-10-08,35.3,24.1,29.7,37.3,26.5,0.0,0.0,14.9,30.2,281,18.53,39600.0,5.08,0,Delhi,28.6139,77.209,Delhi
2023-10-09,35.2,24.6,29.3,36.4,26.6,0.0,0.0,16.7,32.8,262,17.67,39600.0,5.17,0,Delhi,28.6139,77.209,Delhi
2023-10-10,33.5,24.4,28.4,36.2,24.8,2.5,2.5,13.1,28.4,291,16.6,39600.0,4.84,63,Delhi,28.6139,77.209,Delhi
2023-10-11,33.7,21.2,26.5,34.2,21.1,0.0,0.0,15.5,29.2,306,18.63,39600.0,5.13,0,Delhi,28.6139,77.209,Delhi
2023-10-12,33.2,18.9,25.8,33.4,19.2,0.0,0.0,14.3,29.2,309,18.47,39600.0,4.97,0,Delhi,28.6139,77.209,Delhi
2023-10-13,34.7,20.3,27.5,35.5,21.9,0.0,0.0,13.4,27.0,313,17.85,39600.0,4.85,0,Delhi,28.6139,77.209,Delhi
2023-10-14,35.0,21.6,28.2,35.3,23.2,0.0,0.0,16.1,33.5,317,16.54,39481.3,4.86,1,Delhi,28.6139,77.209,Delhi
2023-10-15,33.7,22.3,27.3,35.4,23.2,0.1,0.1,15.6,27.4,329,16.86,39543.34,4.42,51,Delhi,28.6139,77.209,Delhi
2023-10-16,29.0,19.8,24.3,30.2,19.8,9.9,9.9,27.6,51.5,81,13.08,33024.58,3.65,63,Delhi,28.6139,77.209,Delhi
2023-10-17,28.7,18.2,22.3,30.6,19.5,3.3,3.3,13.5,32.4,63,14.24,27386.71,3.2,61,Delhi,28.6139,77.209,Delhi
2023-10-18,29.0,17.1,22.6,29.0,17.7,0.0,0.0,14.7,30.2,309,17.09,39162.09,4.2,0,Delhi,28.6139,77.209,Delhi
2023-10-19,28.6,17.0,21.9,28.4,16.7,0.0,0.0,13.2,26.6,302,17.17,39519.69,4.04,0,Delhi,28.6139,77.209,Delhi
2023-10-20,29.1,17.0,22.4,29.6,17.6,0.0,0.0,9.9,21.2,316,17.1,39376.08,3.87,0,Delhi,28.6139,77.209,Delhi
2023-10-21,29.7,16.7,22.8,30.6,17.6,0.0,0.0,9.8,18.0,321,16.88,39491.66,3.87,0,Delhi,28.6139,77.209,Delhi
2023-10-22,30.4,17.1,23.3,31.1,17.2,0.0,0.0,10.8,20.5,5,16.33,39342.92,3.85,1,Delhi,28.6139,77.209,Delhi
2023-10-23,29.7,17.6,23.2,29.9,18.5,0.0,0.0,11.4,26.3,318,16.29,39109.18,3.92,0,Delhi,28.6139,77.209,Delhi
2023-10-24,30.5,17.7,23.4,30.5,18.5,0.0,0.0,11.0,24.8,307,16.18,39137.09,4.01,1,Delhi,28.6139,77.209,Delhi
2023-10-25,30.6,17.1,23.2,30.0,17.5,0.0,0.0,14.6,29.2,306,16.25,39165.34,4.16,0,Delhi,28.6139,77.209,Delhi
2023-10-26,30.5,16.9,22.9,29.7,17.0,0.0,0.0,13.0,27.7,294,16.42,38920.84,4.15,0,Delhi,28.6139,77.209,Delhi
2023-10-27,30.4,16.6,22.9,29.5,15.7,0.0,0.0,11.9,22.3,296,16.52,38949.45,4.24,3,Delhi,28.6139,77.209,Delhi
2023-10-28,30.0,18.6,24.4,30.0,18.8,0.0,0.0,10.0,15.8,323,13.66,33309.93,3.42,3,Delhi,28.6139,77.209,Delhi
2023-10-29,31.4,17.8,24.0,32.3,17.7,0.0,0.0,9.3,14.0,85,15.53,38184.16,3.65,3,Delhi,28.6139,77.209,Delhi
2023-10-30,31.7,17.6,23.9,33.8,18.4,0.0,0.0,10.7,18.4,69,15.14,37617.33,3.61,3,Delhi,28.6139,77.209,Delhi
2023-10-31,31.1,18.5,24.1,32.9,20.0,0.0,0.0,8.9,16.9,88,15.07,37281.66,3.43,3,Delhi,28.6139,77.209,Delhi
2023-11-01,30.5,18.8,24.0,31.7,20.1,0.0,0.0,10.8,20.2,39,15.14,37667.21,3.57,0,Delhi,28.6139,77.209,Delhi
2023-11-02,30.3,19.0,24.1,31.1,20.4,0.0,0.0,10.5,23.0,328,14.8,37052.01,3.55,1,Delhi,28.6139,77.209,Delhi
2023-11-03,28.5,17.8,22.5,29.3,18.9,1.1,1.1,16.8,35.6,296,13.99,37195.74,3.25,55,Delhi,28.6139,77.209,Delhi
2023-11-04,29.6,15.9,22.5,30.1,15.6,0.0,0.0,16.0,29.2,316,14.63,36256.69,3.55,3,Delhi,28.6139,77.209,Delhi
2023-11-05,29.6,16.8,22.7,29.1,17.1,0.0,0.0,11.3,20.9,322,15.08,37534.48,3.58,0,Delhi,28.6139,77.209,Delhi
2023-11-06,29.5,15.2,22.2,29.9,14.6,0.0,0.0,11.4,15.5,26,14.88,37521.09,3.31,1,Delhi,28.6139,77.209,Delhi
2023-11-07,30.1,16.3,22.5,29.9,16.3,0.0,0.0,11.4,18.0,6,14.45,36755.14,3.44,1,Delhi,28.6139,77.209,Delhi
2023-11-08,29.5,16.8,22.7,29.9,17.3,0.0,0.0,10.3,19.1,309,14.33,36532.64,3.34,1,Delhi,28.6139,77.209,Delhi
2023-11-09,29.2,16.9,22.7,29.9,17.6,0.0,0.0,10.3,21.2,294,13.97,36026.53,3.29,1,Delhi,28.6139,77.209,Delhi
2023-11-10,26.4,16.1,20.5,26.6,17.0,2.9,2.9,19.5,43.6,67,10.93,30629.64,2.48,61,Delhi,28.6139,77.209,Delhi
2023-11-11,25.3,14.9,19.2,24.7,15.0,0.0,0.0,11.6,25.6,321,13.89,35287.02,2.83,0,Delhi,28.6139,77.209,Delhi
2023-11-12,25.1,13.9,18.8,24.7,13.7,0.0,0.0,11.4,25.6,294,14.09,35621.7,2.86,0,Delhi,28.6139,77.209,Delhi
2023-11-13,25.6,13.2,19.0,25.8,13.1,0.0,0.0,9.8,17.6,319,13.85,34251.69,2.76,3,Delhi,28.6139,77.209,Delhi
2023-11-14,25.2,14.1,18.9,24.5,13.4,0.0,0.0,9.8,19.4,315,11.71,33398.21,2.59,3,Delhi,28.6139,77.209,Delhi
2023-11-15,25.7,13.1,18.5,25.2,12.5,0.0,0.0,10.2,23.8,289,13.86,35486.01,2.85,0,Delhi,28.6139,77.209,Delhi
2023-11-16,26.2,13.0,19.7,26.5,12.3,0.0,0.0,8.6,14.8,346,13.52,34678.38,2.75,0,Delhi,28.6139,77.209,Delhi
2023-11-17,26.8,14.3,20.4,27.0,14.4,0.0,0.0,9.9,18.0,55,13.0,34153.42,2.77,1,Delhi,28.6139,77.209,Delhi
2023-11-18,26.2,14.6,19.9,26.3,14.8,0.0,0.0,8.0,19.4,199,13.04,34484.89,2.71,1,Delhi,28.6139,77.209,Delhi
2023-11-19,25.7,13.9,20.1,25.2,13.6,0.0,0.0,10.5,23.8,142,12.88,33708.09,2.68,1,Delhi,28.6139,77.209,Delhi
2023-11-20,25.5,13.4,19.6,24.7,12.8,0.0,0.0,10.2,22.0,302,13.19,34300.13,2.83,0,Delhi,28.6139,77.209,Delhi
2023-11-21,25.2,13.5,18.8,23.8,13.2,0.0,0.0,16.3,31.3,287,13.18,34329.67,3.09,1,Delhi,28.6139,77.209,Delhi
2023-11-22,24.8,13.1,18.1,23.2,11.3,0.0,0.0,13.8,28.8,283,13.32,34371.55,3.12,0,Delhi,28.6139,77.209,Delhi
2023-11-23,24.8,11.3,18.0,25.0,10.6,0.0,0.0,9.0,14.4,195,13.21,34412.61,2.51,0,Delhi,28.6139,77.209,Delhi
2023-11-24,25.1,13.4,18.5,24.9,12.5,0.0,0.0,10.0,18.7,324,13.01,34069.76,2.62,3,Delhi,28.6139,77.209,Delhi
2023-11-25,25.3,12.4,18.5,24.5,11.9,0.0,0.0,10.0,18.7,285,12.87,33791.26,2.57,3,Delhi,28.6139,77.209,Delhi
2023-11-26,25.5,14.2,19.2,24.5,13.9,0.0,0.0,11.2,20.5,108,10.47,27352.84,2.5,3,Delhi,28.6139,77.209,Delhi
2023-11-27,24.0,15.7,18.5,22.7,16.1,4.0,4.0,23.2,42.1,134,6.96,13750.84,1.99,61,Delhi,28.6139,77.209,Delhi
2023-11-28,20.6,15.1,17.4,21.7,15.7,3.2,3.2,10.2,21.6,78,6.06,19408.59,1.15,61,Delhi,28.6139,77.209,Delhi
2023-11-29,24.4,13.4,18.5,24.4,13.1,0.4,0.4,8.7,22.0,85,11.56,33536.91,2.22,51,Delhi,28.6139,77.209,Delhi
2023-11-30,21.7,14.1,17.8,21.8,14.1,1.0,1.0,13.3,27.0,33,9.33,32330.83,1.77,53,Delhi,28.6139,77.209,Delhi
2023-12-01,24.2,13.8,18.4,24.6,13.8,0.1,0.1,8.0,20.5,348,11.06,33004.95,2.14,51,Delhi,28.6139,77.209,Delhi
2023-12-02,24.2,13.2,18.0,24.3,12.8,0.0,0.0,8.7,19.4,338,11.66,33554.75,2.28,0,Delhi,28.6139,77.209,Delhi
2023-12-03,24.5,12.2,18.0,23.8,11.1,0.1,0.1,10.4,19.4,351,12.09,33558.78,2.36,51,Delhi,28.6139,77.209,Delhi
2023-12-04,22.9,13.7,17.8,21.6,13.0,0.0,0.0,11.3,24.5,335,10.56,33266.56,2.26,2,Delhi,28.6139,77.209,Delhi
2023-12-05,23.2,11.5,16.5,21.5,10.1,0.0,0.0,12.4,24.5,324,12.3,34154.97,2.5,0,Delhi,28.6139,77.209,Delhi
2023-12-06,23.6,11.7,16.4,23.1,10.4,0.0,0.0,11.3,18.0,287,12.46,34156.54,2.33,0,Delhi,28.6139,77.209,Delhi
2023-12-07,24.1,11.6,16.7,23.3,10.6,0.0,0.0,10.2,21.6,294,12.06,34156.99,2.4,0,Delhi,28.6139,77.209,Delhi
2023-12-08,23.8,11.4,16.5,22.5,10.3,0.0,0.0,13.3,25.6,292,12.3,34453.17,2.5,0,Delhi,28.6139,77.209,Delhi
2023-12-09,23.4,10.7,15.9,21.3,9.1,0.0,0.0,13.3,26.3,290,12.43,34451.84,2.62,1,Delhi,28.6139,77.209,Delhi
2023-12-10,22.5,10.8,15.5,19.4,8.3,0.0,0.0,18.0,34.9,285,12.46,34449.45,2.75,3,Delhi,28.6139,77.209,Delhi
2023-12-11,22.3,9.1,15.2,20.9,7.8,0.0,0.0,10.1,17.3,292,12.27,34446.01,2.3,0,Delhi,28.6139,77.209,Delhi
2023-12-12,22.8,9.3,15.6,22.5,7.4,0.0,0.0,11.4,17.6,102,12.03,34143.45,2.23,0,Delhi,28.6139,77.209,Delhi
2023-12-13,22.8,10.4,15.9,21.5,9.4,0.0,0.0,10.3,21.2,341,12.09,34436.14,2.48,3,Delhi,28.6139,77.209,Delhi
2023-12-14,22.1,9.7,14.7,19.2,8.0,0.0,0.0,16.1,31.7,284,12.28,34429.75,2.54,3,Delhi,28.6139,77.209,Delhi
2023-12-15,22.1,7.5,14.2,20.3,5.6,0.0,0.0,10.2,17.6,303,12.21,33824.64,2.3,3,Delhi,28.6139,77.209,Delhi
2023-12-16,22.3,7.7,14.5,20.0,5.9,0.0,0.0,12.1,24.5,318,12.01,34713.29,2.49,3,Delhi,28.6139,77.209,Delhi
2023-12-17,22.6,9.5,15.4,20.2,8.0,0.0,0.0,12.6,25.9,330,12.03,34704.39,2.6,0,Delhi,28.6139,77.209,Delhi
2023-12-18,21.5,9.1,14.3,17.5,6.9,0.0,0.0,20.1,37.8,289,12.25,35293.58,2.79,0,Delhi,28.6139,77.209,Delhi
2023-12-19,21.5,8.6,14.2,18.3,5.8,0.0,0.0,17.1,33.1,283,12.45,35283.22,2.81,2,Delhi,28.6139,77.209,Delhi
2023-12-20,20.4,7.9,13.6,18.3,5.6,0.0,0.0,11.8,24.5,287,11.55,32573.88,2.25,3,Delhi,28.6139,77.209,Delhi
2023-12-21,21.6,8.1,13.9,19.4,6.4,0.0,0.0,13.3,26.6,302,11.92,32796.26,2.3,3,Delhi,28.6139,77.209,Delhi
2023-12-22,21.5,7.1,13.9,20.8,5.4,0.0,0.0,9.7,13.7,309,12.16,34647.04,2.08,3,Delhi,28.6139,77.209,Delhi
2023-12-23,22.1,11.1,16.1,21.1,10.0,0.3,0.3,9.4,22.3,119,11.89,35233.3,2.23,51,Delhi,28.6139,77.209,Delhi
2023-12-24,22.9,9.7,15.8,22.2,8.8,0.0,0.0,9.2,18.0,331,11.93,35518.84,2.21,2,Delhi,28.6139,77.209,Delhi
2023-12-25,22.9,10.7,15.5,22.0,9.2,0.0,0.0,12.2,23.4,281,12.12,35796.51,2.25,0,Delhi,28.6139,77.209,Delhi
2023-12-26,22.7,9.5,15.4,21.8,8.0,0.0,0.0,8.2,16.9,310,11.42,33818.92,2.14,3,Delhi,28.6139,77.209,Delhi
2023-12-27,21.7,8.5,14.3,20.9,7.0,0.0,0.0,10.1,19.1,314,12.13,35767.93,2.14,3,Delhi,28.6139,77.209,Delhi
2023-12-28,20.9,9.7,14.0,20.4,8.6,0.0,0.0,10.3,18.0,315,11.64,30346.85,1.93,3,Delhi,28.6139,77.209,Delhi
2023-12-29,20.2,8.3,13.3,20.6,7.1,0.0,0.0,6.4,13.3,357,10.26,27406.61,1.68,3,Delhi,28.6139,77.209,Delhi
2023-12-30,19.0,9.0,12.5,19.1,7.6,0.0,0.0,9.3,14.8,326,9.24,19539.99,1.53,3,Delhi,28.6139,77.209,Delhi
2023-12-31,18.7,7.6,12.7,18.4,5.8,0.0,0.0,8.0,14.4,9,11.45,30850.23,1.86,3,Delhi,28.6139,77.209,Delhi
2024-01-01,16.2,5.9,10.4,14.8,4.2,0.0,0.0,8.2,18.0,324,10.65,28917.33,1.65,3,Delhi,28.6139,77.209,Delhi
2024-01-02,15.3,4.6,9.1,14.1,2.3,0.0,0.0,8.2,15.1,320,11.21,31787.06,1.65,3,Delhi,28.6139,77.209,Delhi
2024-01-03,15.9,4.8,9.5,14.7,2.3,0.0,0.0,10.4,18.4,343,9.77,24765.05,1.5,3,Delhi,28.6139,77.209,Delhi
2024-01-04,17.9,5.2,11.5,17.2,3.3,0.0,0.0,10.2,20.2,318,10.85,30241.42,1.8,3,Delhi,28.6139,77.209,Delhi
2024-01-05,17.3,7.3,11.7,16.8,5.1,0.1,0.1,9.7,15.1,337,7.51,10920.77,1.33,51,Delhi,28.6139,77.209,Delhi
2024-01-06,16.9,6.3,11.6,15.8,4.5,0.0,0.0,9.0,19.1,332,9.25,27462.56,1.55,3,Delhi,28.6139,77.209,Delhi
2024-01-07,17.5,6.1,11.4,16.7,4.1,0.0,0.0,7.1,15.8,291,12.7,36000.0,1.94,3,Delhi,28.6139,77.209,Delhi
2024-01-08,18.4,5.5,10.9,18.4,3.0,0.0,0.0,8.9,15.1,333,12.32,34561.5,1.9,3,Delhi,28.6139,77.209,Delhi
2024-01-09,18.0,6.2,10.8,16.5,4.1,0.0,0.0,13.9,29.2,316,12.52,35224.21,1.94,3,Delhi,28.6139,77.209,Delhi
2024-01-10,15.8,4.6,9.2,13.4,1.2,0.0,0.0,15.0,30.2,292,13.14,36000.0,1.83,0,Delhi,28.6139,77.209,Delhi
2024-01-11,15.5,5.6,9.3,13.6,2.8,0.0,0.0,12.0,24.1,298,10.92,25200.0,1.54,3,Delhi,28.6139,77.209,Delhi
2024-01-12,17.4,5.6,10.1,15.7,2.8,0.0,0.0,12.4,24.5,290,12.01,26017.36,1.76,3,Delhi,28.6139,77.209,Delhi
2024-01-13,18.1,5.9,10.3,17.2,3.9,0.0,0.0,10.2,13.0,327,10.08,23126.25,1.59,3,Delhi,28.6139,77.209,Delhi
2024-01-14,18.0,4.8,9.7,16.4,2.9,0.0,0.0,10.0,19.4,313,12.14,27655.28,1.83,3,Delhi,28.6139,77.209,Delhi
2024-01-15,16.1,5.0,9.0,14.2,2.5,0.0,0.0,9.0,20.2,310,12.41,27896.25,1.77,3,Delhi,28.6139,77.209,Delhi
2024-01-16,17.5,3.9,8.9,16.2,1.9,0.0,0.0,11.0,14.4,78,12.09,27998.02,1.83,3,Delhi,28.6139,77.209,Delhi
2024-01-17,17.8,4.0,9.9,16.5,1.2,0.0,0.0,10.7,20.9,135,13.86,36000.0,2.08,1,Delhi,28.6139,77.209,Delhi
2024-01-18,17.5,6.0,11.0,17.1,4.2,0.0,0.0,8.0,15.5,159,11.35,26209.59,1.73,3,Delhi,28.6139,77.209,Delhi
2024-01-19,16.8,6.3,10.2,16.0,4.5,0.0,0.0,9.2,16.2,160,11.02,24508.37,1.65,3,Delhi,28.6139,77.209,Delhi
2024-01-20,16.1,5.1,9.6,15.1,2.7,0.0,0.0,10.3,17.3,343,12.15,29258.58,1.78,3,Delhi,28.6139,77.209,Delhi
2024-01-21,16.1,5.2,9.0,13.9,2.8,0.0,0.0,14.1,29.5,294,11.72,26193.71,1.62,3,Delhi,28.6139,77.209,Delhi
2024-01-22,16.9,5.0,9.2,16.0,2.8,0.0,0.0,10.6,12.2,84,12.28,25621.34,1.83,3,Delhi,28.6139,77.209,Delhi
2024-01-23,17.3,4.9,10.4,16.9,2.4,0.0,0.0,8.9,19.1,195,12.47,26708.45,1.85,3,Delhi,28.6139,77.209,Delhi
2024-01-24,18.2,6.4,11.3,16.7,4.4,0.0,0.0,8.3,18.0,324,13.72,36000.0,2.1,3,Delhi,28.6139,77.209,Delhi
2024-01-25,17.5,5.6,10.2,16.9,3.7,0.0,0.0,10.4,15.5,329,12.39,25200.0,1.91,3,Delhi,28.6139,77.209,Delhi
2024-01-26,18.5,6.0,11.4,18.0,4.2,0.0,0.0,11.3,15.1,294,13.86,34579.1,2.17,3,Delhi,28.6139,77.209,Delhi
2024-01-27,20.6,6.9,12.5,17.9,4.1,0.0,0.0,16.8,32.4,289,14.63,36000.0,2.59,3,Delhi,28.6139,77.209,Delhi
2024-01-28,20.3,7.0,13.8,19.2,4.9,0.0,0.0,13.8,22.3,113,11.52,28490.33,2.11,3,Delhi,28.6139,77.209,Delhi
2024-01-29,21.3,9.5,14.5,21.9,8.0,0.0,0.0,12.2,20.5,104,14.27,36000.0,2.32,2,Delhi,28.6139,77.209,Delhi
2024-01-30,20.5,10.0,13.8,21.0,8.9,0.0,0.0,9.4,18.7,320,13.03,26856.88,2.08,3,Delhi,28.6139,77.209,Delhi
2024-01-31,20.2,9.9,14.0,20.7,8.6,9.0,9.0,14.5,28.4,124,9.17,22491.8,1.51,63,Delhi,28.6139,77.209,Delhi
2024-02-01,21.2,12.2,15.4,21.3,10.4,30.0,30.0,21.5,40.0,115,10.42,28961.76,1.87,65,Delhi,28.6139,77.209,Delhi
2024-02-02,19.3,8.5,13.0,17.7,6.8,0.0,0.0,15.5,29.5,316,14.6,32359.24,2.4,3,Delhi,28.6139,77.209,Delhi
2024-02-03,20.7,8.2,14.1,20.0,5.4,0.0,0.0,11.5,22.3,306,13.17,35212.95,2.45,3,Delhi,28.6139,77.209,Delhi
2024-02-04,20.7,12.9,16.0,20.9,12.4,7.1,7.1,16.2,38.5,156,9.1,25579.2,1.64,63,Delhi,28.6139,77.209,Delhi
2024-02-05,19.8,10.3,15.1,19.4,8.8,2.1,2.1,12.2,23.0,329,13.92,29963.85,2.39,55,Delhi,28.6139,77.209,Delhi
2024-02-06,18.7,7.5,12.2,16.0,5.5,0.0,0.0,15.6,29.9,308,16.33,36000.0,2.73,2,Delhi,28.6139,77.209,Delhi
2024-02-07,18.4,7.9,12.5,14.9,5.4,0.0,0.0,23.7,42.8,303,16.05,36000.0,3.08,3,Delhi,28.6139,77.209,Delhi
2024-02-08,19.1,8.2,13.1,14.9,4.1,0.0,0.0,27.4,49.7,289,16.61,36153.35,3.43,3,Delhi,28.6139,77.209,Delhi
2024-02-09,20.5,8.1,13.4,19.2,5.5,0.0,0.0,15.7,25.2,304,16.78,36127.63,3.18,0,Delhi,28.6139,77.209,Delhi
2024-02-10,19.7,7.2,13.1,18.8,5.1,0.0,0.0,11.8,21.2,5,15.33,34902.13,2.63,3,Delhi,28.6139,77.209,Delhi
2024-02-11,21.5,8.1,14.1,20.8,6.6,0.0,0.0,9.7,21.6,321,16.79,36076.64,2.95,0,Delhi,28.6139,77.209,Delhi
2024-02-12,21.5,7.7,14.3,21.4,5.5,0.0,0.0,9.7,18.7,333,14.76,29717.29,2.68,3,Delhi,28.6139,77.209,Delhi
2024-02-13,21.2,8.5,14.9,20.7,6.6,0.0,0.0,10.5,14.0,340,13.9,33997.96,2.58,3,Delhi,28.6139,77.209,Delhi
2024-02-14,22.7,9.6,15.8,21.7,8.3,0.0,0.0,13.6,28.8,307,17.04,36274.0,3.18,3,Delhi,28.6139,77.209,Delhi
2024-02-15,23.6,9.7,15.8,22.2,8.0,0.0,0.0,15.0,29.5,304,17.36,36248.9,3.46,0,Delhi,28.6139,77.209,Delhi
2024-02-16,24.5,8.6,15.7,22.6,6.8,0.0,0.0,12.8,26.6,312,17.85,36495.59,3.65,0,Delhi,28.6139,77.209,Delhi
2024-02-17,24.6,9.7,16.2,22.1,7.2,0.0,0.0,14.9,30.6,289,17.99,36470.53,3.93,1,Delhi,28.6139,77.209,Delhi
2024-02-18,27.1,10.0,18.6,25.5,8.4,0.0,0.0,15.9,28.4,152,17.4,36000.0,4.09,3,Delhi,28.6139,77.209,Delhi
2024-02-19,26.8,14.7,20.3,24.4,11.9,0.0,0.0,28.5,52.6,131,17.04,36421.3,4.67,3,Delhi,28.6139,77.209,Delhi
2024-02-20,27.3,15.3,20.2,26.9,15.7,0.2,0.2,20.0,32.8,117,16.74,36397.15,3.77,51,Delhi,28.6139,77.209,Delhi
2024-02-21,25.9,12.2,18.5,23.7,11.6,0.0,0.0,17.3,28.4,340,18.25,36911.94,4.28,2,Delhi,28.6139,77.209,Delhi
2024-02-22,24.0,10.9,17.4,21.3,9.6,0.0,0.0,16.7,31.0,323,18.19,36887.62,4.24,2,Delhi,28.6139,77.209,Delhi
2024-02-23,22.8,8.5,15.6,19.9,5.2,0.0,0.0,15.2,31.7,319,18.88,37211.52,4.18,0,Delhi,28.6139,77.209,Delhi
2024-02-24,23.4,9.3,16.2,21.9,6.2,0.0,0.0,12.1,26.6,49,16.51,36839.83,3.6,3,Delhi,28.6139,77.209,Delhi
2024-02-25,25.0,10.5,17.3,23.2,7.0,0.0,0.0,17.7,34.2,35,17.94,36548.63,4.38,3,Delhi,28.6139,77.209,Delhi
2024-02-26,24.6,11.1,17.6,22.2,8.3,0.0,0.0,12.0,23.4,357,14.2,19600.74,3.54,3,Delhi,28.6139,77.209,Delhi
2024-02-27,24.5,14.1,18.0,22.4,11.7,0.9,0.9,16.0,33.8,324,16.51,29837.24,4.15,53,Delhi,28.6139,77.209,Delhi
2024-02-28,24.0,11.4,17.3,21.1,9.4,0.0,0.0,20.7,40.3,303,19.22,37471.92,4.37,0,Delhi,28.6139,77.209,Delhi
2024-02-29,26.3,12.0,18.4,24.7,9.8,0.0,0.0,13.2,28.8,297,19.57,37948.43,4.42,1,Delhi,28.6139,77.209,Delhi
2024-03-01,26.5,13.9,20.0,25.6,12.3,1.7,1.7,16.0,29.9,100,14.26,32714.93,3.37,53,Delhi,28.6139,77.209,Delhi
2024-03-02,24.7,17.3,19.8,22.6,15.6,6.5,6.5,33.4,58.3,143,12.99,23494.68,3.34,61,Delhi,28.6139,77.209,Delhi
2024-03-03,22.7,13.4,17.6,23.2,13.4,10.4,10.4,15.4,30.2,299,19.22,37779.27,3.71,65,Delhi,28.6139,77.209,Delhi
2024-03-04,21.7,11.1,15.8,19.1,9.0,0.0,0.0,14.7,30.2,341,20.51,39047.87,4.15,3,Delhi,28.6139,77.209,Delhi
2024-03-05,20.9,8.9,14.7,18.6,5.9,0.0,0.0,15.6,32.0,308,20.52,39254.85,4.13,3,Delhi,28.6139,77.209,Delhi
2024-03-06,21.1,9.2,15.1,18.8,6.4,0.0,0.0,15.3,32.0,300,16.39,32013.56,3.49,3,Delhi,28.6139,77.209,Delhi
2024-03-07,24.2,10.1,17.1,22.5,8.2,0.0,0.0,15.1,29.9,316,19.93,38876.25,4.34,1,Delhi,28.6139,77.209,Delhi
2024-03-08,25.4,11.3,17.9,23.4,9.3,0.0,0.0,16.8,33.8,323,20.67,39875.83,4.78,0,Delhi,28.6139,77.209,Delhi
2024-03-09,25.2,11.8,17.9,23.0,9.1,0.0,0.0,17.4,34.9,301,21.11,40610.27,4.78,3,Delhi,28.6139,77.209,Delhi
2024-03-10,26.6,12.0,19.2,25.6,10.1,0.0,0.0,11.6,26.3,300,20.25,37991.79,4.58,3,Delhi,28.6139,77.209,Delhi
2024-03-11,29.5,14.8,22.3,29.6,14.1,0.0,0.0,13.8,26.6,21,20.42,40496.95,5.01,3,Delhi,28.6139,77.209,Delhi
2024-03-12,29.1,13.9,21.9,28.1,12.2,0.0,0.0,16.9,31.3,336,20.86,41494.21,5.58,1,Delhi,28.6139,77.209,Delhi
2024-03-13,29.4,13.9,21.4,28.7,13.0,0.2,0.2,18.2,33.8,319,19.58,40386.14,4.7,51,Delhi,28.6139,77.209,Delhi
2024-03-14,29.2,14.1,21.6,28.4,13.8,0.0,0.0,15.8,33.5,346,20.93,41646.26,5.24,1,Delhi,28.6139,77.209,Delhi
2024-03-15,27.2,14.3,20.3,24.9,11.8,0.0,0.0,16.9,35.3,300,22.0,42691.32,5.61,3,Delhi,28.6139,77.209,Delhi
2024-03-16,27.6,12.7,19.7,26.7,10.1,0.0,0.0,12.9,25.9,310,21.57,41641.43,5.03,3,Delhi,28.6139,77.209,Delhi
2024-03-17,28.8,11.8,20.5,27.8,9.7,0.0,0.0,11.5,23.8,301,21.21,41640.36,5.09,3,Delhi,28.6139,77.209,Delhi
2024-03-18,28.5,13.0,20.6,27.6,12.0,0.0,0.0,13.0,27.4,298,22.39,43000.4,5.2,2,Delhi,28.6139,77.209,Delhi
2024-03-19,29.8,13.6,21.5,28.7,12.1,0.0,0.0,16.3,33.8,312,22.01,43100.43,5.4,1,Delhi,28.6139,77.209,Delhi
2024-03-20,32.0,14.2,23.2,31.1,13.1,0.0,0.0,11.6,26.3,328,22.31,43134.16,5.54,3,Delhi,28.6139,77.209,Delhi
2024-03-21,29.2,16.9,22.7,29.7,14.9,0.0,0.0,18.7,35.6,115,21.61,39712.3,5.27,3,Delhi,28.6139,77.209,Delhi
2024-03-22,32.4,17.8,24.8,33.2,17.2,0.0,0.0,13.3,29.2,124,21.86,43200.0,5.33,1,Delhi,28.6139,77.209,Delhi
2024-03-23,33.8,18.1,25.7,32.1,18.1,0.0,0.0,19.6,37.8,315,22.41,43200.0,6.38,2,Delhi,28.6139,77.209,Delhi
2024-03-24,31.0,18.6,24.4,28.3,17.5,0.1,0.1,35.3,62.3,345,17.04,37195.16,5.59,51,Delhi,28.6139,77.209,Delhi
2024-03-25,32.8,16.6,25.0,32.2,16.6,0.0,0.0,21.2,40.3,307,22.4,43200.0,6.41,2,Delhi,28.6139,77.209,Delhi
2024-03-26,33.6,18.5,26.0,32.6,17.2,0.0,0.0,14.2,29.5,294,18.51,37334.42,5.57,3,Delhi,28.6139,77.209,Delhi
2024-03-27,36.4,21.6,28.4,36.8,21.0,0.0,0.0,20.4,35.6,337,20.08,35039.56,5.94,3,Delhi,28.6139,77.209,Delhi
2024-03-28,37.0,21.9,29.0,38.1,21.8,0.0,0.0,16.3,27.7,313,21.03,39614.95,6.23,3,Delhi,28.6139,77.209,Delhi
2024-03-29,36.5,20.9,28.2,37.8,21.8,0.0,0.0,19.4,35.6,79,20.21,37990.08,5.74,3,Delhi,28.6139,77.209,Delhi
2024-03-30,35.2,22.8,28.4,36.7,22.0,0.0,0.0,19.2,43.6,14,21.37,40774.56,6.8,3,Delhi,28.6139,77.209,Delhi
2024-03-31,34.4,20.0,27.4,34.1,19.3,0.0,0.0,21.4,39.2,319,22.26,43200.0,7.02,0,Delhi,28.6139,77.209,Delhi
2024-04-01,31.3,18.7,24.9,29.1,17.2,0.0,0.0,20.8,40.7,300,20.99,41127.97,6.6,3,Delhi,28.6139,77.209,Delhi
2024-04-02,32.9,17.1,25.3,30.2,15.5,0.0,0.0,21.4,42.1,313,22.85,41296.85,7.09,3,Delhi,28.6139,77.209,Delhi
2024-04-03,35.9,21.8,28.3,34.7,20.1,0.0,0.0,18.8,35.6,22,21.42,41891.75,6.33,3,Delhi,28.6139,77.209,Delhi
2024-04-04,36.4,20.5,29.2,35.1,18.4,0.0,0.0,18.0,31.0,2,22.65,41064.6,7.46,3,Delhi,28.6139,77.209,Delhi
2024-04-05,35.6,21.2,28.2,32.5,19.4,0.0,0.0,28.2,52.6,306,18.55,34323.72,7.71,3,Delhi,28.6139,77.209,Delhi
2024-04-06,35.0,19.6,27.3,31.7,16.8,0.0,0.0,21.3,41.0,315,23.91,43200.0,7.73,0,Delhi,28.6139,77.209,Delhi
2024-04-07,35.4,17.5,26.9,32.2,14.9,0.0,0.0,21.1,39.6,305,24.46,43200.0,7.78,0,Delhi,28.6139,77.209,Delhi
2024-04-08,36.8,19.0,28.0,34.3,16.2,0.0,0.0,20.0,38.5,307,24.0,43200.0,7.51,1,Delhi,28.6139,77.209,Delhi
2024-04-09,37.8,19.9,29.0,36.0,16.9,0.0,0.0,16.6,35.3,335,22.81,41073.49,6.94,3,Delhi,28.6139,77.209,Delhi
2024-04-10,38.6,19.8,28.9,37.4,16.9,0.0,0.0,13.4,30.6,47,22.85,41518.72,6.79,3,Delhi,28.6139,77.209,Delhi
2024-04-11,38.0,22.2,30.0,37.4,19.4,0.0,0.0,14.2,32.4,84,23.27,42824.48,6.71,2,Delhi,28.6139,77.209,Delhi
2024-04-12,38.8,21.8,30.5,37.3,19.4,0.0,0.0,11.3,24.5,86,23.17,42170.31,6.92,3,Delhi,28.6139,77.209,Delhi
2024-04-13,38.5,25.3,30.8,36.7,23.0,1.2,1.2,16.0,34.9,150,21.39,39600.0,7.67,53,Delhi,28.6139,77.209,Delhi
2024-04-14,33.8,22.8,27.5,33.9,22.4,0.5,0.5,15.5,38.2,5,14.43,18469.79,4.89,51,Delhi,28.6139,77.209,Delhi
2024-04-15,36.3,22.3,28.8,37.4,22.9,1.3,1.3,20.9,47.2,307,19.34,33426.96,5.74,55,Delhi,28.6139,77.209,Delhi
2024-04-16,35.7,23.5,29.8,34.6,23.7,0.0,0.0,21.6,40.3,295,23.53,42164.59,8.25,3,Delhi,28.6139,77.209,Delhi
2024-04-17,35.3,22.2,29.3,32.2,20.5,0.0,0.0,29.3,52.6,300,24.44,40676.04,9.61,3,Delhi,28.6139,77.209,Delhi
2024-04-18,37.8,23.7,30.9,36.8,21.3,0.0,0.0,17.3,36.4,293,23.13,39600.0,7.79,3,Delhi,28.6139,77.209,Delhi
2024-04-19,38.3,24.6,31.7,37.3,24.0,0.0,0.0,18.9,36.7,282,22.18,41705.51,7.7,3,Delhi,28.6139,77.209,Delhi
2024-04-20,36.7,22.3,30.0,35.5,19.7,0.0,0.0,21.1,40.7,304,22.16,40058.51,8.27,3,Delhi,28.6139,77.209,Delhi
2024-04-21,36.6,23.6,30.1,34.9,21.9,0.0,0.0,17.6,33.8,310,19.77,38302.96,7.29,3,Delhi,28.6139,77.209,Delhi
2024-04-22,37.0,24.5,31.1,35.3,21.9,0.0,0.0,25.5,46.1,311,21.86,40464.56,8.06,3,Delhi,28.6139,77.209,Delhi
2024-04-23,38.0,22.6,30.0,36.8,21.5,0.0,0.0,23.2,43.9,306,23.53,40825.88,7.46,1,Delhi,28.6139,77.209,Delhi
2024-04-24,36.9,21.0,29.8,34.9,20.0,0.0,0.0,21.9,41.4,303,24.2,42123.96,8.07,0,Delhi,28.6139,77.209,Delhi
2024-04-25,38.3,21.5,30.0,35.2,19.3,0.0,0.0,23.7,44.3,316,24.6,41749.1,8.11,2,Delhi,28.6139,77.209,Delhi
2024-04-26,39.2,23.4,32.2,38.3,21.7,0.0,0.0,32.9,57.6,248,22.78,40079.51,7.79,3,Delhi,28.6139,77.209,Delhi
2024-04-27,37.9,26.0,32.0,35.7,25.4,0.0,0.0,21.3,42.5,284,23.04,40735.47,9.01,3,Delhi,28.6139,77.209,Delhi
2024-04-28,37.5,22.7,30.6,36.9,21.8,0.0,0.0,17.0,35.3,329,22.85,39817.61,7.34,3,Delhi,28.6139,77.209,Delhi
2024-04-29,38.1,23.6,30.8,37.6,21.9,0.0,0.0,23.7,42.1,323,23.27,41746.83,7.98,2,Delhi,28.6139,77.209,Delhi
2024-04-30,36.2,23.3,29.7,34.0,21.7,0.0,0.0,19.0,36.0,304,25.05,42332.58,8.28,0,Delhi,28.6139,77.209,Delhi
2024-05-01,32.7,20.5,26.9,28.8,17.5,0.0,0.0,23.6,45.7,314,25.05,42287.86,8.68,0,Delhi,28.6139,77.209,Delhi
2024-05-02,35.0,19.3,27.6,32.2,16.5,0.0,0.0,19.5,38.9,308,24.83,42090.92,8.06,3,Delhi,28.6139,77.209,Delhi
2024-05-03,38.1,20.7,30.2,34.2,18.3,0.0,0.0,23.9,46.1,300,23.98,39600.0,8.78,3,Delhi,28.6139,77.209,Delhi
2024-05-04,40.6,26.5,33.0,38.5,24.4,0.0,0.0,16.4,34.6,301,23.07,37743.24,8.34,3,Delhi,28.6139,77.209,Delhi
2024-05-05,40.9,25.0,33.3,39.2,22.7,0.0,0.0,19.2,36.7,306,24.29,41821.2,8.89,2,Delhi,28.6139,77.209,Delhi
2024-05-06,40.6,26.0,33.8,38.3,24.4,0.0,0.0,23.6,44.6,306,23.37,41341.5,9.12,2,Delhi,28.6139,77.209,Delhi
2024-05-07,41.4,26.2,34.0,41.2,24.8,0.0,0.0,18.1,30.2,25,22.52,41163.16,7.45,1,Delhi,28.6139,77.209,Delhi
2024-05-08,39.7,27.0,32.7,40.7,27.1,0.0,0.0,21.1,38.9,111,22.05,38143.49,7.63,3,Delhi,28.6139,77.209,Delhi
2024-05-09,39.6,26.2,32.5,41.6,26.1,0.0,0.0,25.3,45.0,106,23.12,41391.12,7.88,2,Delhi,28.6139,77.209,Delhi
2024-05-10,39.5,26.0,32.1,42.8,25.9,1.1,1.1,20.9,44.6,106,22.18,37292.1,6.87,51,Delhi,28.6139,77.209,Delhi
2024-05-11,38.8,26.0,31.9,40.1,27.7,0.1,0.1,18.5,37.4,3,20.51,32783.17,6.51,51,Delhi,28.6139,77.209,Delhi
2024-05-12,37.8,27.5,32.3,38.5,28.3,0.1,0.1,15.9,37.1,20,20.92,36116.27,6.88,51,Delhi,28.6139,77.209,Delhi
2024-05-13,40.3,27.2,33.0,39.7,25.0,0.0,0.0,16.4,27.7,335,20.44,37946.47,6.91,3,Delhi,28.6139,77.209,Delhi
2024-05-14,40.7,24.6,32.8,38.8,22.4,0.0,0.0,20.5,40.3,316,23.89,41517.54,8.29,3,Delhi,28.6139,77.209,Delhi
2024-05-15,42.3,25.4,34.2,39.7,24.0,0.0,0.0,17.8,34.6,316,24.08,41490.71,8.34,0,Delhi,28.6139,77.209,Delhi
2024-05-16,42.7,26.5,34.5,41.3,24.0,0.0,0.0,18.0,36.4,339,24.07,41321.29,8.03,0,Delhi,28.6139,77.209,Delhi
2024-05-17,44.0,28.1,36.3,42.0,25.9,0.0,0.0,16.3,32.0,303,23.58,40352.41,8.69,2,Delhi,28.6139,77.209,Delhi
2024-05-18,44.0,27.1,37.0,41.9,26.1,0.0,0.0,26.6,48.6,295,23.38,39665.66,9.52,1,Delhi,28.6139,77.209,Delhi
2024-05-19,44.9,27.7,36.7,42.9,25.9,0.0,0.0,26.4,48.6,300,23.8,40972.98,9.58,1,Delhi,28.6139,77.209,Delhi
2024-05-20,43.6,29.1,36.4,42.5,27.4,0.0,0.0,28.3,61.2,304,22.98,40377.59,9.0,3,Delhi,28.6139,77.209,Delhi
2024-05-21,42.6,29.1,35.2,44.3,27.9,0.0,0.0,15.8,29.9,90,23.19,40924.08,7.87,0,Delhi,28.6139,77.209,Delhi
2024-05-22,41.1,29.8,35.2,42.9,30.4,0.3,0.3,24.4,46.1,108,21.86,39977.84,8.43,51,Delhi,28.6139,77.209,Delhi
2024-05-23,41.1,30.5,35.7,42.9,31.4,0.0,0.0,22.9,41.8,125,21.07,39260.96,8.12,1,Delhi,28.6139,77.209,Delhi
2024-05-24,40.9,30.4,35.6,43.2,31.7,0.0,0.0,20.6,40.3,112,22.2,41268.61,7.99,0,Delhi,28.6139,77.209,Delhi
2024-05-25,44.4,30.6,37.4,43.9,31.5,0.0,0.0,27.4,47.2,311,22.17,39444.64,9.09,1,Delhi,28.6139,77.209,Delhi
2024-05-26,46.0,29.5,38.1,43.6,27.9,0.0,0.0,25.9,46.1,333,24.34,41844.16,9.79,0,Delhi,28.6139,77.209,Delhi
2024-05-27,45.7,30.2,38.2,44.1,29.0,0.0,0.0,22.1,41.4,330,24.18,40852.33,9.41,1,Delhi,28.6139,77.209,Delhi
2024-05-28,45.8,28.9,37.3,43.7,26.3,0.0,0.0,19.2,34.2,317,24.91,42527.74,8.48,0,Delhi,28.6139,77.209,Delhi
2024-05-29,45.7,31.1,38.6,45.7,28.3,0.0,0.0,17.9,35.3,272,22.34,39703.8,8.9,3,Delhi,28.6139,77.209,Delhi
2024-05-30,45.8,33.0,39.2,43.4,30.9,0.0,0.0,25.2,45.4,276,24.03,41849.19,10.76,3,Delhi,28.6139,77.209,Delhi
2024-05-31,45.9,28.5,37.6,42.2,24.8,0.0,0.0,25.5,44.3,295,24.19,42159.19,9.91,2,Delhi,28.6139,77.209,Delhi
2024-06-01,44.0,31.3,37.4,41.4,28.1,0.0,0.0,26.4,44.6,283,16.6,28866.0,9.56,3,Delhi,28.6139,77.209,Delhi
2024-06-02,41.4,30.5,36.4,44.2,30.7,0.0,0.0,20.7,34.9,293,21.43,38286.3,8.3,3,Delhi,28.6139,77.209,Delhi
2024-06-03,44.4,29.6,36.9,42.7,29.3,0.0,0.0,20.2,42.1,284,23.08,41914.91,9.46,2,Delhi,28.6139,77.209,Delhi
2024-06-04,43.1,30.9,36.9,42.4,27.9,0.0,0.0,24.1,44.3,278,22.0,40977.08,8.89,1,Delhi,28.6139,77.209,Delhi
2024-06-05,41.7,30.2,36.6,41.3,28.5,0.0,0.0,25.4,53.3,289,20.7,41386.65,9.64,2,Delhi,28.6139,77.209,Delhi
2024-06-06,40.8,28.2,35.0,40.8,28.9,0.0,0.0,20.0,35.6,308,23.28,41104.35,8.58,1,Delhi,28.6139,77.209,Delhi
2024-06-07,42.2,28.9,35.2,40.9,28.9,0.0,0.0,22.4,46.4,296,23.05,40074.4,9.37,3,Delhi,28.6139,77.209,Delhi
2024-06-08,40.2,28.3,34.7,38.0,28.0,0.0,0.0,25.6,48.2,304,22.52,41084.61,9.29,3,Delhi,28.6139,77.209,Delhi
2024-06-09,42.2,28.3,35.1,40.0,27.7,0.0,0.0,19.8,38.5,310,24.13,42117.44,9.26,0,Delhi,28.6139,77.209,Delhi
2024-06-10,43.0,27.9,36.0,41.0,25.9,0.0,0.0,22.2,42.1,292,23.78,40716.18,9.73,2,Delhi,28.6139,77.209,Delhi
2024-06-11,43.2,28.9,36.3,41.9,27.1,0.0,0.0,20.0,38.5,290,23.28,41288.95,8.85,1,Delhi,28.6139,77.209,Delhi
2024-06-12,44.1,28.8,36.9,42.0,27.0,0.0,0.0,18.2,35.6,288,24.13,41906.92,9.33,0,Delhi,28.6139,77.209,Delhi
2024-06-13,44.9,29.6,37.6,42.3,27.2,0.0,0.0,28.1,51.1,282,23.67,41595.48,11.15,1,Delhi,28.6139,77.209,Delhi
2024-06-14,43.4,32.8,37.5,42.3,30.6,0.0,0.0,31.5,57.2,275,21.15,40108.01,11.28,3,Delhi,28.6139,77.209,Delhi
2024-06-15,43.3,32.2,37.7,42.0,30.8,0.0,0.0,28.3,52.6,286,22.45,41549.88,10.75,0,Delhi,28.6139,77.209,Delhi
2024-06-16,44.1,32.8,38.4,42.8,31.3,0.0,0.0,25.1,47.9,284,22.72,41562.35,10.75,0,Delhi,28.6139,77.209,Delhi
2024-06-17,44.0,33.7,38.9,43.2,32.9,0.0,0.0,26.8,50.8,280,22.38,41090.86,11.09,1,Delhi,28.6139,77.209,Delhi
2024-06-18,44.2,34.5,38.9,43.9,33.4,0.0,0.0,30.9,56.5,279,22.42,41811.85,11.24,1,Delhi,28.6139,77.209,Delhi
2024-06-19,41.3,33.7,37.0,43.5,34.7,0.8,0.8,32.1,59.0,269,18.9,38906.07,9.07,53,Delhi,28.6139,77.209,Delhi
2024-06-20,39.3,25.5,34.0,42.7,28.2,4.9,4.9,14.5,50.4,219,18.67,32652.37,5.77,63,Delhi,28.6139,77.209,Delhi
2024-06-21,38.3,25.4,32.5,41.7,27.2,2.1,2.1,28.2,47.5,331,19.31,32303.23,5.73,61,Delhi,28.6139,77.209,Delhi
2024-06-22,38.5,29.9,33.7,41.7,33.8,0.0,0.0,12.3,29.5,30,16.95,31620.06,5.24,3,Delhi,28.6139,77.209,Delhi
2024-06-23,39.5,30.2,34.5,43.8,34.5,0.3,0.3,15.5,32.0,96,21.03,40437.08,6.56,51,Delhi,28.6139,77.209,Delhi
2024-06-24,39.5,31.0,34.1,44.4,35.8,1.7,1.7,15.1,36.0,96,19.38,35842.11,5.79,61,Delhi,28.6139,77.209,Delhi
2024-06-25,36.6,29.8,32.9,41.7,35.2,4.0,4.0,15.3,31.7,122,15.2,29097.57,4.56,63,Delhi,28.6139,77.209,Delhi
2024-06-26,34.3,26.8,31.0,39.1,31.1,23.3,23.3,19.4,31.0,106,13.72,17170.79,3.95,65,Delhi,28.6139,77.209,Delhi
2024-06-27,30.4,25.4,28.3,35.1,29.1,11.5,11.5,21.7,36.0,108,8.14,3046.73,2.32,63,Delhi,28.6139,77.209,Delhi
2024-06-28,30.6,25.6,27.8,36.3,30.1,20.9,20.9,14.8,28.8,127,8.42,1922.47,2.15,63,Delhi,28.6139,77.209,Delhi
2024-06-29,32.9,26.5,29.3,39.6,32.3,18.9,18.9,11.7,27.4,196,14.79,21635.38,3.5,63,Delhi,28.6139,77.209,Delhi
2024-06-30,34.8,26.8,30.7,41.3,31.2,11.9,11.9,15.6,27.0,304,20.37,39939.9,4.79,65,Delhi,28.6139,77.209,Delhi
2024-07-01,34.1,25.9,30.1,40.4,31.7,11.5,11.5,11.8,27.0,275,16.9,32786.24,4.03,63,Delhi,28.6139,77.209,Delhi
2024-07-02,33.6,26.4,29.3,40.5,32.2,14.1,14.1,14.9,25.2,178,11.43,9132.82,2.85,63,Delhi,28.6139,77.209,Delhi
2024-07-03,32.9,26.0,29.3,39.9,31.7,2.5,2.5,16.1,30.2,149,13.37,16441.91,3.3,53,Delhi,28.6139,77.209,Delhi
2024-07-04,31.6,25.5,28.0,36.7,30.9,7.3,7.3,11.3,23.4,84,12.44,16321.03,2.98,61,Delhi,28.6139,77.209,Delhi
2024-07-05,30.4,26.2,27.8,35.9,30.5,0.7,0.7,16.2,27.4,70,11.26,2988.98,2.75,51,Delhi,28.6139,77.209,Delhi
2024-07-06,33.0,26.0,28.6,39.3,30.9,1.0,1.0,15.8,29.5,67,17.96,32701.83,4.23,51,Delhi,28.6139,77.209,Delhi
2024-07-07,33.5,25.6,28.6,39.5,30.0,0.1,0.1,14.2,29.9,67,19.6,36083.04,4.61,51,Delhi,28.6139,77.209,Delhi
2024-07-08,33.2,25.3,28.9,38.7,30.0,0.0,0.0,11.4,23.8,34,19.23,39341.66,4.5,3,Delhi,28.6139,77.209,Delhi
2024-07-09,32.4,26.2,29.5,39.7,31.3,4.9,4.9,11.4,29.2,97,19.36,40827.73,4.3,61,Delhi,28.6139,77.209,Delhi
2024-07-10,34.1,26.5,30.4,41.9,31.5,11.3,11.3,14.8,25.2,161,19.57,32125.16,4.53,63,Delhi,28.6139,77.209,Delhi
2024-07-11,36.4,26.8,31.2,43.2,30.3,3.9,3.9,21.0,44.6,230,21.61,37264.93,5.33,61,Delhi,28.6139,77.209,Delhi
2024-07-12,35.3,27.0,30.3,42.1,30.5,0.5,0.5,23.4,46.4,266,19.09,30442.13,4.77,51,Delhi,28.6139,77.209,Delhi
2024-07-13,34.3,25.2,29.9,41.0,29.6,12.4,12.4,11.7,25.9,324,21.97,37719.01,4.98,65,Delhi,28.6139,77.209,Delhi
2024-07-14,34.9,27.0,31.1,42.3,33.5,0.3,0.3,8.5,19.1,90,21.69,42164.9,5.08,51,Delhi,28.6139,77.209,Delhi
2024-07-15,33.2,25.5,30.2,39.4,28.1,3.0,3.0,21.4,44.6,90,18.42,34321.32,4.61,55,Delhi,28.6139,77.209,Delhi
2024-07-16,34.3,25.6,30.7,41.4,30.9,17.0,17.0,15.5,31.0,98,21.57,40477.03,5.18,63,Delhi,28.6139,77.209,Delhi
2024-07-17,34.7,28.2,31.2,41.7,33.9,0.2,0.2,13.7,28.8,102,21.42,41285.45,5.26,51,Delhi,28.6139,77.209,Delhi
2024-07-18,34.7,27.7,31.2,42.0,33.6,2.0,2.0,12.1,23.8,117,20.21,40663.21,4.84,53,Delhi,28.6139,77.209,Delhi
2024-07-19,34.4,27.3,30.5,41.2,33.2,0.9,0.9,12.0,21.2,113,20.47,37565.75,4.89,51,Delhi,28.6139,77.209,Delhi
2024-07-20,35.1,27.1,31.0,41.7,32.9,0.2,0.2,13.0,23.0,118,21.72,40645.33,5.17,51,Delhi,28.6139,77.209,Delhi
2024-07-21,34.8,27.2,31.1,41.6,33.3,1.9,1.9,16.3,34.9,118,20.35,40631.34,4.89,55,Delhi,28.6139,77.209,Delhi
2024-07-22,34.6,27.8,31.0,41.3,34.6,5.0,5.0,10.9,23.0,116,19.04,38584.32,4.59,63,Delhi,28.6139,77.209,Delhi
2024-07-23,34.8,27.0,30.4,42.9,33.4,4.3,4.3,14.9,26.3,102,19.98,36669.43,4.53,63,Delhi,28.6139,77.209,Delhi
2024-07-24,33.7,26.4,29.5,40.5,32.8,6.9,6.9,9.5,23.0,91,15.43,29627.13,3.52,63,Delhi,28.6139,77.209,Delhi
2024-07-25,34.7,27.2,30.8,43.0,33.2,0.6,0.6,11.1,19.4,36,20.44,38945.69,4.68,51,Delhi,28.6139,77.209,Delhi
2024-07-26,33.0,27.4,29.9,38.9,34.1,10.2,10.2,13.0,23.0,41,12.59,18042.0,3.12,63,Delhi,28.6139,77.209,Delhi
2024-07-27,34.0,28.0,30.5,41.7,34.5,4.5,4.5,16.1,31.7,83,15.63,24916.7,3.64,63,Delhi,28.6139,77.209,Delhi
2024-07-28,35.1,28.6,31.4,41.3,35.9,6.0,6.0,15.7,42.1,98,19.1,38836.32,4.72,63,Delhi,28.6139,77.209,Delhi
2024-07-29,35.7,28.3,31.8,41.6,34.2,0.3,0.3,15.8,32.0,107,19.83,35720.56,5.24,51,Delhi,28.6139,77.209,Delhi
2024-07-30,36.4,29.0,32.8,42.6,35.1,0.1,0.1,13.7,28.4,130,19.84,41556.0,5.39,51,Delhi,28.6139,77.209,Delhi
2024-07-31,37.1,26.5,31.0,46.2,31.4,116.0,116.0,17.4,41.0,199,20.27,28888.48,4.86,65,Delhi,28.6139,77.209,Delhi
2024-08-01,31.2,25.5,28.2,37.5,31.2,34.7,34.7,17.8,34.9,157,13.72,21773.96,3.09,65,Delhi,28.6139,77.209,Delhi
2024-08-02,32.2,25.5,28.4,37.0,30.3,3.0,3.0,17.6,37.1,115,16.91,35932.7,3.88,55,Delhi,28.6139,77.209,Delhi
2024-08-03,32.4,26.0,28.9,37.5,31.0,1.9,1.9,20.9,40.3,123,16.73,38533.1,3.95,53,Delhi,28.6139,77.209,Delhi
2024-08-04,33.5,26.9,29.7,36.8,31.4,0.1,0.1,25.9,51.8,91,21.03,39726.35,5.46,51,Delhi,28.6139,77.209,Delhi
2024-08-05,32.6,26.4,29.0,36.3,29.2,1.2,1.2,31.0,52.9,112,18.6,31552.66,4.95,51,Delhi,28.6139,77.209,Delhi
2024-08-06,31.8,26.4,29.0,36.0,31.2,0.1,0.1,14.7,28.8,178,14.77,25086.72,3.83,51,Delhi,28.6139,77.209,Delhi
2024-08-07,30.1,25.5,27.3,36.4,31.0,16.4,16.4,11.2,21.6,209,8.84,6066.19,2.15,63,Delhi,28.6139,77.209,Delhi
2024-08-08,31.5,25.5,27.6,37.1,30.7,10.8,10.8,12.3,24.1,133,14.96,21559.51,3.29,61,Delhi,28.6139,77.209,Delhi
2024-08-09,31.8,25.3,27.8,38.7,30.7,30.8,30.8,8.4,20.9,101,17.13,30154.1,3.67,65,Delhi,28.6139,77.209,Delhi
2024-08-10,31.3,24.9,27.6,37.8,30.3,16.7,16.7,9.8,22.0,75,15.67,29644.86,3.39,63,Delhi,28.6139,77.209,Delhi
2024-08-11,30.9,25.6,27.3,37.0,31.6,11.4,11.4,11.1,22.3,106,12.93,17101.01,2.81,63,Delhi,28.6139,77.209,Delhi
2024-08-12,30.0,25.6,26.7,36.5,30.5,10.9,10.9,13.6,25.2,79,9.98,12473.45,2.18,63,Delhi,28.6139,77.209,Delhi
2024-08-13,30.8,25.2,27.3,36.7,30.4,9.1,9.1,15.1,29.9,84,13.55,14795.89,2.85,63,Delhi,28.6139,77.209,Delhi
2024-08-14,30.7,25.9,28.0,37.1,31.7,7.8,7.8,10.8,22.7,84,12.98,17698.47,2.81,63,Delhi,28.6139,77.209,Delhi
2024-08-15,32.2,25.9,28.4,39.7,31.4,10.9,10.9,14.1,28.1,106,18.67,31696.29,4.06,63,Delhi,28.6139,77.209,Delhi
2024-08-16,32.3,25.5,27.8,39.1,30.2,15.0,15.0,15.5,31.0,113,16.88,24730.03,3.67,63,Delhi,28.6139,77.209,Delhi
2024-08-17,31.9,25.7,28.5,38.6,32.1,7.7,7.7,9.6,20.9,353,17.16,33320.27,3.72,63,Delhi,28.6139,77.209,Delhi
2024-08-18,32.7,26.2,29.1,39.2,32.4,2.3,2.3,14.7,29.9,281,18.96,32368.77,4.17,55,Delhi,28.6139,77.209,Delhi
2024-08-19,32.7,26.2,29.0,39.7,32.5,1.6,1.6,17.0,31.7,284,20.04,33970.45,4.45,53,Delhi,28.6139,77.209,Delhi
2024-08-20,31.6,26.4,28.2,39.8,32.4,4.3,4.3,12.7,30.2,231,15.71,25005.53,3.47,61,Delhi,28.6139,77.209,Delhi
2024-08-21,32.0,25.1,28.4,39.9,30.3,5.4,5.4,8.7,20.9,123,20.4,37060.46,4.3,61,Delhi,28.6139,77.209,Delhi
2024-08-22,32.8,24.7,28.2,41.9,30.1,7.0,7.0,10.7,26.3,255,20.91,38536.75,4.52,63,Delhi,28.6139,77.209,Delhi
2024-08-23,30.7,24.9,27.4,36.6,29.4,0.9,0.9,10.5,22.0,77,12.93,25523.54,2.81,53,Delhi,28.6139,77.209,Delhi
2024-08-24,31.5,25.3,28.3,38.2,31.5,8.8,8.8,16.6,32.4,50,15.82,33071.19,3.43,63,Delhi,28.6139,77.209,Delhi
2024-08-25,32.2,24.9,28.8,37.1,28.7,15.2,15.2,22.0,45.0,88,21.05,42108.93,4.94,63,Delhi,28.6139,77.209,Delhi
2024-08-26,31.6,26.0,28.2,36.2,30.2,3.8,3.8,22.7,42.1,100,19.26,39423.7,4.32,61,Delhi,28.6139,77.209,Delhi
2024-08-27,31.2,24.3,27.2,35.6,27.2,11.1,11.1,24.1,49.0,114,18.99,36654.73,4.07,63,Delhi,28.6139,77.209,Delhi
2024-08-28,30.3,24.2,26.8,35.8,28.3,7.9,7.9,16.2,31.3,120,17.06,34934.89,3.57,63,Delhi,28.6139,77.209,Delhi
2024-08-29,30.9,24.4,26.9,35.8,28.1,19.5,19.5,19.4,36.4,124,14.4,25016.26,3.1,63,Delhi,28.6139,77.209,Delhi
2024-08-30,31.3,25.0,27.5,39.2,30.2,7.5,7.5,9.1,22.3,95,16.53,25429.39,3.49,63,Delhi,28.6139,77.209,Delhi
2024-08-31,33.3,25.6,29.2,39.1,31.5,0.0,0.0,13.3,26.6,314,21.44,42599.8,4.82,3,Delhi,28.6139,77.209,Delhi
2024-09-01,33.5,25.9,29.6,39.8,31.5,0.1,0.1,13.9,22.7,327,20.92,40885.72,4.84,51,Delhi,28.6139,77.209,Delhi
2024-09-02,31.5,25.1,28.0,37.5,29.2,11.7,11.7,14.1,27.7,110,13.71,25209.03,3.18,63,Delhi,28.6139,77.209,Delhi
2024-09-03,31.6,25.4,27.4,38.3,30.2,17.8,17.8,13.4,25.9,87,16.25,27130.44,3.52,65,Delhi,28.6139,77.209,Delhi
2024-09-04,30.8,24.4,27.2,37.2,29.3,0.9,0.9,10.6,22.3,320,16.26,32221.15,3.44,51,Delhi,28.6139,77.209,Delhi
2024-09-05,31.6,24.8,27.5,38.5,30.4,2.9,2.9,12.8,28.1,282,19.82,37823.35,4.18,55,Delhi,28.6139,77.209,Delhi
2024-09-06,30.6,24.2,26.5,36.2,28.1,14.7,14.7,15.6,26.6,108,15.36,30186.02,3.16,63,Delhi,28.6139,77.209,Delhi
2024-09-07,30.4,24.1,26.8,36.9,28.6,23.6,23.6,11.8,19.8,109,13.35,22802.26,2.89,63,Delhi,28.6139,77.209,Delhi
2024-09-08,31.3,24.4,27.6,38.4,30.0,14.1,14.1,10.3,22.0,313,16.43,28419.57,3.54,63,Delhi,28.6139,77.209,Delhi
2024-09-09,32.7,25.2,28.4,38.9,30.7,3.4,3.4,13.2,21.2,321,20.12,40183.85,4.38,63,Delhi,28.6139,77.209,Delhi
2024-09-10,30.7,24.9,27.2,39.1,30.2,11.8,11.8,11.5,23.0,69,14.03,27597.91,2.99,63,Delhi,28.6139,77.209,Delhi
2024-09-11,31.7,25.0,27.5,38.9,31.1,26.7,26.7,16.6,30.2,356,15.07,26505.91,3.2,65,Delhi,28.6139,77.209,Delhi
2024-09-12,27.2,23.9,25.4,31.6,27.2,100.8,100.8,24.4,43.9,7,3.41,0.0,1.13,65,Delhi,28.6139,77.209,Delhi
2024-09-13,30.0,23.3,25.4,35.4,25.4,54.7,54.7,22.7,44.6,286,13.41,21600.0,2.79,65,Delhi,28.6139,77.209,Delhi
2024-09-14,29.9,22.6,26.0,34.2,26.9,4.7,4.7,18.7,36.4,294,17.6,37781.39,3.71,63,Delhi,28.6139,77.209,Delhi
2024-09-15,31.2,22.5,26.4,34.9,26.5,0.1,0.1,19.8,36.7,290,20.44,40391.35,4.46,51,Delhi,28.6139,77.209,Delhi
2024-09-16,32.1,23.7,27.2,35.2,25.7,0.0,0.0,17.3,33.5,289,20.96,41212.85,4.93,0,Delhi,28.6139,77.209,Delhi
2024-09-17,31.5,23.9,27.6,36.0,26.7,0.0,0.0,11.6,23.0,303,16.07,38901.74,3.7,3,Delhi,28.6139,77.209,Delhi
2024-09-18,27.7,22.8,24.9,31.7,25.1,62.7,62.7,17.9,31.0,35,7.92,7682.76,1.99,65,Delhi,28.6139,77.209,Delhi
2024-09-19,29.8,22.8,26.2,34.3,25.5,3.7,3.7,15.7,36.7,88,16.27,38047.83,3.42,63,Delhi,28.6139,77.209,Delhi
2024-09-20,31.1,24.0,27.2,35.7,29.5,0.0,0.0,12.2,25.2,134,18.75,39145.23,4.06,3,Delhi,28.6139,77.209,Delhi
2024-09-21,31.6,24.8,27.9,36.9,29.6,0.2,0.2,9.2,20.5,188,16.21,35748.99,3.58,51,Delhi,28.6139,77.209,Delhi
2024-09-22,33.1,25.3,29.0,39.2,30.3,0.0,0.0,6.9,17.6,305,18.88,40121.59,4.23,3,Delhi,28.6139,77.209,Delhi
2024-09-23,33.3,25.1,28.9,40.1,30.1,0.0,0.0,10.7,20.2,295,20.12,39896.2,4.52,0,Delhi,28.6139,77.209,Delhi
2024-09-24,33.6,25.2,29.3,40.9,30.4,0.0,0.0,6.9,11.2,229,19.65,39670.62,4.31,1,Delhi,28.6139,77.209,Delhi
2024-09-25,33.0,26.4,29.0,39.0,30.6,0.4,0.4,16.1,27.7,119,17.94,39302.14,4.14,51,Delhi,28.6139,77.209,Delhi
2024-09-26,31.4,25.3,27.9,36.7,30.0,0.4,0.4,13.2,25.9,116,14.75,30688.56,3.47,51,Delhi,28.6139,77.209,Delhi
2024-09-27,30.9,24.8,27.3,36.4,28.0,0.8,0.8,16.0,31.7,95,17.57,39425.03,3.93,51,Delhi,28.6139,77.209,Delhi
2024-09-28,30.5,23.1,26.3,34.4,27.0,0.0,0.0,11.6,23.8,74,14.26,32084.9,3.2,3,Delhi,28.6139,77.209,Delhi
2024-09-29,30.7,22.6,26.4,34.7,27.0,0.3,0.3,10.1,21.2,59,13.82,33144.98,3.02,51,Delhi,28.6139,77.209,Delhi
2024-09-30,32.7,23.5,27.7,35.9,27.7,0.0,0.0,15.2,29.2,288,17.95,39600.0,4.14,3,Delhi,28.6139,77.209,Delhi
2024-10-01,33.2,24.0,28.3,37.7,28.3,0.0,0.0,14.9,28.1,283,19.34,39600.0,4.43,0,Delhi,28.6139,77.209,Delhi
2024-10-02,34.6,24.7,28.9,37.7,29.2,0.0,0.0,17.7,32.8,270,19.49,39600.0,4.78,0,Delhi,28.6139,77.209,Delhi
2024-10-03,33.9,24.5,28.6,37.4,26.2,0.0,0.0,18.4,34.6,284,19.57,39600.0,5.02,0,Delhi,28.6139,77.209,Delhi
2024-10-04,33.5,23.8,28.3,37.4,26.3,0.0,0.0,13.4,27.0,269,19.2,39600.0,4.71,0,Delhi,28.6139,77.209,Delhi
2024-10-05,33.6,24.2,28.4,37.0,26.3,0.0,0.0,17.8,33.5,272,17.84,39014.06,4.57,1,Delhi,28.6139,77.209,Delhi
2024-10-06,33.6,23.7,27.8,37.1,25.7,0.0,0.0,15.9,28.1,306,18.34,39600.0,4.68,1,Delhi,28.6139,77.209,Delhi
2024-10-07,32.4,21.9,26.7,35.9,25.0,0.0,0.0,9.1,21.2,318,18.52,39600.0,4.25,0,Delhi,28.6139,77.209,Delhi
2024-10-08,32.5,22.2,27.0,35.6,25.5,0.0,0.0,10.0,20.9,334,18.08,39600.0,4.26,0,Delhi,28.6139,77.209,Delhi
2024-10-09,32.2,20.6,26.5,34.6,23.1,0.0,0.0,14.8,26.6,301,18.26,39600.0,4.39,0,Delhi,28.6139,77.209,Delhi
2024-10-10,32.3,21.0,26.1,33.2,22.7,0.0,0.0,13.9,26.6,299,18.26,39600.0,4.76,3,Delhi,28.6139,77.209,Delhi
2024-10-11,31.7,19.1,25.0,32.1,19.3,0.0,0.0,13.7,27.7,282,18.47,39600.0,4.77,2,Delhi,28.6139,77.209,Delhi
2024-10-12,32.0,19.1,25.3,33.1,20.1,0.0,0.0,10.6,22.7,279,18.31,39600.0,4.47,0,Delhi,28.6139,77.209,Delhi
2024-10-13,32.1,19.7,26.0,33.1,21.1,0.0,0.0,8.7,18.0,303,17.96,39225.88,4.36,3,Delhi,28.6139,77.209,Delhi
2024-10-14,31.8,20.5,25.7,32.9,21.8,0.0,0.0,10.4,20.9,312,17.82,39600.0,4.31,2,Delhi,28.6139,77.209,Delhi
2024-10-15,31.9,19.4,25.2,32.6,19.3,0.0,0.0,13.1,25.6,284,17.71,39600.0,4.61,0,Delhi,28.6139,77.209,Delhi
2024-10-16,32.4,19.6,25.7,33.4,19.7,0.0,0.0,9.0,18.4,260,16.28,36123.85,4.1,3,Delhi,28.6139,77.209,Delhi
2024-10-17,32.8,20.6,26.3,35.6,22.2,0.0,0.0,9.2,16.2,104,16.9,38494.61,4.0,3,Delhi,28.6139,77.209,Delhi
2024-10-18,33.4,20.1,26.1,35.8,22.2,0.0,0.0,10.1,14.4,136,17.11,39487.8,4.03,0,Delhi,28.6139,77.209,Delhi
2024-10-19,33.7,21.0,26.8,36.4,23.1,0.0,0.0,9.9,17.6,178,16.98,39600.0,4.04,0,Delhi,28.6139,77.209,Delhi
2024-10-20,33.0,20.2,26.5,35.1,22.6,0.0,0.0,10.5,23.4,94,16.44,39458.97,3.86,1,Delhi,28.6139,77.209,Delhi
2024-10-21,32.3,20.0,25.6,35.5,22.3,0.0,0.0,9.1,19.4,63,16.52,39311.06,3.73,0,Delhi,28.6139,77.209,Delhi
2024-10-22,31.5,20.1,25.6,33.3,22.4,0.0,0.0,9.5,20.2,41,16.45,39101.56,3.89,0,Delhi,28.6139,77.209,Delhi
2024-10-23,32.1,20.1,26.1,32.2,22.5,0.0,0.0,17.5,33.1,312,16.22,38857.61,4.49,0,Delhi,28.6139,77.209,Delhi
2024-10-24,32.6,20.2,25.5,33.7,20.5,0.0,0.0,14.8,29.9,309,16.38,39158.22,4.46,0,Delhi,28.6139,77.209,Delhi
2024-10-25,32.1,19.1,25.0,32.5,19.9,0.0,0.0,17.9,33.5,302,16.3,38914.14,4.38,0,Delhi,28.6139,77.209,Delhi
2024-10-26,31.6,19.0,24.6,32.5,20.3,0.0,0.0,13.2,26.3,338,16.13,38942.97,3.99,0,Delhi,28.6139,77.209,Delhi
2024-10-27,31.1,20.4,25.2,33.9,23.0,0.0,0.0,8.5,20.9,114,15.78,38424.17,3.5,0,Delhi,28.6139,77.209,Delhi
2024-10-28,31.4,21.0,25.7,33.7,23.6,0.0,0.0,10.9,24.5,154,15.62,38178.18,3.66,0,Delhi,28.6139,77.209,Delhi
2024-10-29,32.9,20.6,26.4,35.9,23.2,0.0,0.0,8.9,20.5,159,15.47,38206.49,3.67,0,Delhi,28.6139,77.209,Delhi
2024-10-30,34.3,21.3,27.0,36.1,24.4,0.0,0.0,12.4,22.7,330,15.43,38235.09,3.99,0,Delhi,28.6139,77.209,Delhi
2024-10-31,32.8,20.8,26.1,32.8,22.5,0.0,0.0,18.0,34.6,295,15.26,37987.87,4.36,0,Delhi,28.6139,77.209,Delhi
2024-11-01,32.0,19.3,24.9,30.2,19.5,0.0,0.0,17.6,33.8,293,15.67,38016.39,4.75,0,Delhi,28.6139,77.209,Delhi
2024-11-02,31.7,17.7,24.4,32.2,18.0,0.0,0.0,10.7,20.2,293,15.13,37715.45,3.92,0,Delhi,28.6139,77.209,Delhi
2024-11-03,31.3,18.2,24.4,31.0,18.4,0.0,0.0,9.3,19.4,31,15.22,37796.38,3.82,0,Delhi,28.6139,77.209,Delhi
2024-11-04,30.4,17.5,23.7,31.2,18.1,0.0,0.0,9.5,18.0,297,14.91,37463.73,3.5,0,Delhi,28.6139,77.209,Delhi
2024-11-05,29.4,18.1,23.4,31.9,19.6,0.0,0.0,10.5,17.3,86,14.54,36684.17,3.18,0,Delhi,28.6139,77.209,Delhi
2024-11-06,30.2,18.1,23.9,31.5,19.8,0.0,0.0,8.9,18.4,296,14.44,36461.82,3.26,0,Delhi,28.6139,77.209,Delhi
2024-11-07,30.1,19.0,24.2,31.7,20.6,0.0,0.0,7.4,16.6,147,14.22,35675.35,3.23,0,Delhi,28.6139,77.209,Delhi
2024-11-08,30.3,19.0,24.6,32.4,20.6,0.0,0.0,8.1,16.6,146,14.14,35728.56,3.17,0,Delhi,28.6139,77.209,Delhi
2024-11-09,30.6,19.7,24.5,32.0,21.6,0.0,0.0,11.4,24.5,145,13.8,35499.13,3.36,0,Delhi,28.6139,77.209,Delhi
2024-11-10,30.2,19.3,24.3,31.9,20.5,0.0,0.0,9.6,18.4,109,13.92,35834.05,3.11,0,Delhi,28.6139,77.209,Delhi
2024-11-11,29.8,18.5,23.9,31.9,20.4,0.0,0.0,8.0,18.0,77,13.72,35321.16,2.95,0,Delhi,28.6139,77.209,Delhi
2024-11-12,31.2,19.0,24.9,31.2,21.3,0.0,0.0,15.0,28.8,260,13.91,35656.08,3.65,0,Delhi,28.6139,77.209,Delhi
2024-11-13,30.0,18.8,24.1,29.2,19.6,0.0,0.0,10.5,29.2,299,13.99,35707.23,3.34,0,Delhi,28.6139,77.209,Delhi
2024-11-14,30.0,19.0,24.1,29.7,20.4,0.0,0.0,9.6,25.6,304,13.53,34620.65,2.99,0,Delhi,28.6139,77.209,Delhi
2024-11-15,29.0,18.7,23.7,27.4,19.5,0.0,0.0,12.6,31.7,299,13.59,35238.32,3.45,0,Delhi,28.6139,77.209,Delhi
2024-11-16,28.8,17.6,23.3,27.7,18.5,0.0,0.0,10.5,28.8,298,13.36,34429.67,3.19,0,Delhi,28.6139,77.209,Delhi
2024-11-17,28.5,18.0,22.9,28.1,19.1,0.0,0.0,8.9,25.2,297,13.2,34188.9,3.05,0,Delhi,28.6139,77.209,Delhi
2024-11-18,26.4,15.9,20.8,25.3,16.2,0.0,0.0,7.8,23.4,292,13.46,34521.11,2.9,0,Delhi,28.6139,77.209,Delhi
2024-11-19,25.9,14.2,20.1,23.8,13.7,0.0,0.0,8.7,26.3,289,13.52,34853.66,3.04,0,Delhi,28.6139,77.209,Delhi
2024-11-20,25.9,13.6,19.8,23.7,12.8,0.0,0.0,8.3,25.2,288,13.56,34897.9,3.01,0,Delhi,28.6139,77.209,Delhi
2024-11-21,25.8,13.6,19.7,23.8,12.4,0.0,0.0,7.7,24.1,289,13.41,34364.97,2.94,0,Delhi,28.6139,77.209,Delhi
2024-11-22,26.3,14.0,20.3,24.8,13.5,0.0,0.0,7.0,22.7,293,13.12,34406.19,2.77,0,Delhi,28.6139,77.209,Delhi
2024-11-23,27.5,14.1,20.9,25.9,13.7,0.0,0.0,6.0,21.2,249,12.98,34446.3,2.76,0,Delhi,28.6139,77.209,Delhi
2024-11-24,27.7,15.7,21.4,25.5,14.2,0.0,0.0,10.6,29.5,271,13.0,34081.31,3.32,0,Delhi,28.6139,77.209,Delhi
2024-11-25,25.9,15.1,20.6,24.5,14.7,0.0,0.0,11.0,31.0,286,13.0,34093.08,3.12,0,Delhi,28.6139,77.209,Delhi
2024-11-26,25.6,13.9,19.7,23.5,13.6,0.0,0.0,10.4,28.4,286,12.96,34395.66,2.97,0,Delhi,28.6139,77.209,Delhi
2024-11-27,26.0,13.6,19.8,23.9,12.8,0.0,0.0,8.1,23.8,300,12.97,34405.94,2.73,0,Delhi,28.6139,77.209,Delhi
2024-11-28,25.5,12.8,19.4,23.4,12.1,0.0,0.0,6.5,20.5,333,13.02,34415.15,2.59,0,Delhi,28.6139,77.209,Delhi
2024-11-29,24.6,12.5,18.9,23.7,12.2,0.0,0.0,5.1,16.6,347,12.69,34129.99,2.29,0,Delhi,28.6139,77.209,Delhi
2024-11-30,24.9,12.4,18.9,23.2,11.9,0.0,0.0,8.0,22.0,307,12.54,34136.58,2.55,0,Delhi,28.6139,77.209,Delhi
2024-12-01,24.8,14.0,19.4,23.5,14.0,0.0,0.0,8.1,22.3,301,12.36,34142.16,2.57,0,Delhi,28.6139,77.209,Delhi
2024-12-02,25.8,13.3,19.5,24.2,13.1,0.0,0.0,7.1,22.7,300,12.52,34146.69,2.64,0,Delhi,28.6139,77.209,Delhi
2024-12-03,26.5,13.5,20.1,24.3,13.3,0.0,0.0,10.7,27.4,307,12.42,34150.23,2.97,0,Delhi,28.6139,77.209,Delhi
2024-12-04,25.6,15.2,20.1,23.1,14.0,0.0,0.0,14.2,35.3,298,12.47,34152.77,3.42,0,Delhi,28.6139,77.209,Delhi
2024-12-05,23.6,12.0,17.8,20.1,9.8,0.0,0.0,12.7,32.4,283,12.9,34450.26,3.2,0,Delhi,28.6139,77.209,Delhi
2024-12-06,23.5,11.3,17.5,20.9,9.4,0.0,0.0,12.0,31.7,287,12.62,34451.24,2.94,0,Delhi,28.6139,77.209,Delhi
2024-12-07,23.1,9.7,16.9,20.4,7.8,0.0,0.0,5.0,15.5,283,12.77,34747.98,2.36,0,Delhi,28.6139,77.209,Delhi
2024-12-08,22.3,11.0,16.1,19.6,8.8,1.5,1.5,13.1,33.8,124,11.88,32964.92,2.74,55,Delhi,28.6139,77.209,Delhi
2024-12-09,20.2,10.4,15.3,19.3,9.5,0.0,0.0,8.7,17.3,36,12.25,34151.0,2.19,0,Delhi,28.6139,77.209,Delhi
2024-12-10,20.1,9.8,14.5,16.2,8.0,0.0,0.0,13.0,32.4,304,12.66,34743.36,2.75,0,Delhi,28.6139,77.209,Delhi
2024-12-11,20.2,8.2,13.9,16.8,4.9,0.0,0.0,10.5,28.1,292,12.77,34739.89,2.77,0,Delhi,28.6139,77.209,Delhi
2024-12-12,20.5,7.7,14.2,17.3,5.3,0.0,0.0,10.1,27.4,299,12.69,34735.52,2.71,0,Delhi,28.6139,77.209,Delhi
2024-12-13,20.6,9.2,14.8,16.6,6.3,0.0,0.0,15.1,38.2,296,12.81,35028.84,3.34,0,Delhi,28.6139,77.209,Delhi
2024-12-14,20.7,8.6,14.6,17.3,5.1,0.0,0.0,12.5,28.8,287,12.66,35022.86,3.05,0,Delhi,28.6139,77.209,Delhi
2024-12-15,21.1,7.3,14.3,18.5,5.1,0.0,0.0,6.5,16.9,298,12.7,35315.09,2.3,0,Delhi,28.6139,77.209,Delhi
2024-12-16,21.0,7.0,14.2,19.5,5.2,0.0,0.0,5.9,17.6,314,12.47,35307.47,2.02,0,Delhi,28.6139,77.209,Delhi
2024-12-17,20.6,7.7,14.2,19.6,6.6,0.0,0.0,4.4,15.5,325,11.21,28186.44,1.87,3,Delhi,28.6139,77.209,Delhi
2024-12-18,20.9,7.6,14.0,19.3,6.1,0.0,0.0,7.2,18.4,279,12.18,34107.56,2.07,3,Delhi,28.6139,77.209,Delhi
2024-12-19,20.8,8.0,14.5,18.4,6.7,0.0,0.0,8.3,24.5,123,12.34,35278.71,2.24,0,Delhi,28.6139,77.209,Delhi
2024-12-20,23.2,10.2,16.2,21.3,9.3,0.0,0.0,6.5,16.2,5,12.04,35266.68,2.27,0,Delhi,28.6139,77.209,Delhi
2024-12-21,22.1,9.2,15.5,19.9,8.1,0.0,0.0,7.3,20.9,320,12.23,35553.35,2.26,1,Delhi,28.6139,77.209,Delhi
2024-12-22,22.5,10.5,16.3,20.7,9.6,0.0,0.0,7.2,18.7,134,12.27,35538.95,2.27,3,Delhi,28.6139,77.209,Delhi
2024-12-23,17.6,11.6,14.5,16.0,9.9,1.4,1.4,10.1,25.9,98,5.59,14388.04,1.41,55,Delhi,28.6139,77.209,Delhi
2024-12-24,18.7,11.4,14.7,17.9,10.0,0.5,0.5,8.9,21.2,46,8.92,30644.69,1.6,51,Delhi,28.6139,77.209,Delhi
2024-12-25,20.6,10.8,15.1,19.5,10.2,0.0,0.0,7.6,20.9,319,11.76,35025.46,2.02,1,Delhi,28.6139,77.209,Delhi
2024-12-26,22.6,9.9,16.1,21.7,9.0,0.0,0.0,4.8,14.0,350,12.08,35470.4,2.05,3,Delhi,28.6139,77.209,Delhi
2024-12-27,17.1,13.8,15.1,16.7,13.3,29.9,29.9,11.3,29.9,64,4.15,0.0,0.88,63,Delhi,28.6139,77.209,Delhi
2024-12-28,18.1,12.3,14.9,18.5,12.0,4.6,4.6,7.8,19.8,338,5.94,11630.27,1.04,63,Delhi,28.6139,77.209,Delhi
2024-12-29,18.3,10.6,13.7,17.4,9.2,0.0,0.0,9.6,24.1,307,11.23,29412.57,1.78,3,Delhi,28.6139,77.209,Delhi
2024-12-30,18.1,9.6,12.7,17.5,8.0,0.0,0.0,11.0,25.2,290,11.02,27408.28,1.68,3,Delhi,28.6139,77.209,Delhi
2024-12-31,16.1,7.5,11.3,15.5,6.1,0.0,0.0,5.1,15.8,297,10.22,26256.1,1.52,3,Delhi,28.6139,77.209,Delhi
2025-01-01,16.8,7.7,11.1,16.1,6.0,0.0,0.0,9.4,24.1,294,11.0,28444.01,1.59,3,Delhi,28.6139,77.209,Delhi
2025-01-02,18.2,8.5,12.4,17.4,6.7,0.0,0.0,10.1,22.3,287,12.23,33430.6,1.85,3,Delhi,28.6139,77.209,Delhi
2025-01-03,19.6,8.6,12.8,19.7,7.2,0.0,0.0,6.1,15.1,286,11.18,29159.03,1.76,3,Delhi,28.6139,77.209,Delhi
2025-01-04,21.1,8.4,13.5,22.2,7.3,0.0,0.0,7.3,14.4,127,11.72,29737.1,1.92,3,Delhi,28.6139,77.209,Delhi
2025-01-05,18.1,9.2,12.4,18.1,8.2,0.0,0.0,9.1,22.3,124,11.33,25981.03,1.71,3,Delhi,28.6139,77.209,Delhi
2025-01-06,18.0,8.8,13.0,17.9,7.8,4.9,4.9,9.3,20.9,325,11.73,31811.6,1.87,63,Delhi,28.6139,77.209,Delhi
2025-01-07,17.5,10.2,13.0,16.5,8.6,0.0,0.0,13.8,33.5,295,8.92,19700.24,1.42,3,Delhi,28.6139,77.209,Delhi
2025-01-08,18.4,8.7,12.7,16.3,6.4,0.0,0.0,11.1,28.1,282,13.07,36000.0,2.17,0,Delhi,28.6139,77.209,Delhi
2025-01-09,18.7,8.0,12.8,18.2,6.5,0.0,0.0,4.9,13.0,316,13.04,36000.0,2.01,0,Delhi,28.6139,77.209,Delhi
2025-01-10,17.9,7.9,12.1,17.3,6.6,0.0,0.0,6.4,16.9,106,12.5,31935.27,1.89,3,Delhi,28.6139,77.209,Delhi
2025-01-11,16.8,8.0,12.2,17.3,6.3,3.9,3.9,14.1,33.1,103,8.96,23732.71,1.39,61,Delhi,28.6139,77.209,Delhi
2025-01-12,18.0,9.8,13.2,18.3,8.7,0.1,0.1,6.2,16.2,68,10.82,35142.66,1.68,51,Delhi,28.6139,77.209,Delhi
2025-01-13,19.0,9.2,13.4,18.6,7.8,0.0,0.0,8.6,20.9,296,13.0,35832.01,2.03,3,Delhi,28.6139,77.209,Delhi
2025-01-14,18.2,8.7,13.2,18.0,7.3,0.0,0.0,8.1,16.2,300,13.4,36000.0,2.02,0,Delhi,28.6139,77.209,Delhi
2025-01-15,18.4,9.1,13.0,18.1,8.5,2.9,2.9,6.3,20.5,115,11.87,26513.26,1.83,61,Delhi,28.6139,77.209,Delhi
2025-01-16,18.0,11.1,13.9,17.8,10.5,0.7,0.7,6.2,18.0,45,10.14,27291.21,1.66,51,Delhi,28.6139,77.209,Delhi
2025-01-17,18.9,9.2,13.2,18.1,7.9,0.0,0.0,9.3,23.4,308,13.87,36000.0,2.22,0,Delhi,28.6139,77.209,Delhi
2025-01-18,17.8,7.8,12.3,17.6,6.0,0.0,0.0,8.6,18.7,289,11.48,26343.4,1.75,3,Delhi,28.6139,77.209,Delhi
2025-01-19,21.3,8.9,14.6,22.0,8.4,0.0,0.0,5.5,15.1,324,12.18,29736.57,2.0,3,Delhi,28.6139,77.209,Delhi
2025-01-20,21.9,11.7,16.3,22.1,10.8,0.0,0.0,10.2,25.9,287,13.64,36000.0,2.31,1,Delhi,28.6139,77.209,Delhi
2025-01-21,21.9,11.1,16.0,21.5,9.8,0.0,0.0,10.0,22.7,289,14.03,36000.0,2.46,0,Delhi,28.6139,77.209,Delhi
2025-01-22,22.8,10.4,16.2,22.7,9.5,0.0,0.0,6.6,13.7,304,13.85,36000.0,2.43,1,Delhi,28.6139,77.209,Delhi
2025-01-23,21.9,11.7,16.3,20.6,11.2,1.6,1.6,11.1,26.3,306,14.29,36000.0,2.74,61,Delhi,28.6139,77.209,Delhi
2025-01-24,20.9,10.4,14.9,18.9,8.5,0.0,0.0,12.9,30.6,287,14.76,36000.0,2.83,0,Delhi,28.6139,77.209,Delhi
2025-01-25,20.8,9.0,14.2,18.6,6.3,0.0,0.0,11.6,27.4,273,15.17,36000.0,2.9,0,Delhi,28.6139,77.209,Delhi
2025-01-26,21.0,8.2,14.1,19.1,5.8,0.0,0.0,10.1,24.5,275,15.35,36000.0,2.82,0,Delhi,28.6139,77.209,Delhi
2025-01-27,21.5,7.8,14.4,19.0,5.9,0.0,0.0,9.5,27.0,277,15.42,36000.0,2.91,0,Delhi,28.6139,77.209,Delhi
2025-01-28,22.9,8.0,15.3,20.6,6.1,0.0,0.0,8.3,21.6,270,15.54,36000.0,2.88,0,Delhi,28.6139,77.209,Delhi
2025-01-29,24.0,10.2,16.6,21.8,8.9,0.0,0.0,9.7,28.1,117,15.15,36000.0,3.08,0,Delhi,28.6139,77.209,Delhi
2025-01-30,24.8,11.3,17.7,23.7,10.4,0.0,0.0,7.6,23.4,139,15.06,36000.0,2.91,0,Delhi,28.6139,77.209,Delhi
2025-01-31,26.3,12.1,18.8,24.9,12.0,0.0,0.0,8.1,23.4,147,14.59,30542.21,2.9,3,Delhi,28.6139,77.209,Delhi
2025-02-01,25.5,12.7,19.1,24.3,12.4,0.0,0.0,15.6,34.6,109,14.61,36000.0,3.08,3,Delhi,28.6139,77.209,Delhi
2025-02-02,23.6,13.7,17.9,22.4,13.5,0.0,0.0,11.3,29.9,318,15.33,36000.0,3.03,2,Delhi,28.6139,77.209,Delhi
2025-02-03,22.8,10.8,16.4,21.2,9.8,1.7,1.7,6.5,21.2,322,15.91,36000.0,2.86,61,Delhi,28.6139,77.209,Delhi
2025-02-04,22.9,13.0,17.6,23.4,12.1,0.7,0.7,8.9,18.4,100,10.86,32520.51,2.08,53,Delhi,28.6139,77.209,Delhi
2025-02-05,21.4,11.9,16.2,19.4,11.0,0.3,0.3,12.0,31.3,303,16.29,36000.0,3.0,51,Delhi,28.6139,77.209,Delhi
2025-02-06,21.1,11.4,15.9,17.7,9.4,0.0,0.0,16.8,41.0,317,16.69,36000.0,3.83,2,Delhi,28.6139,77.209,Delhi
2025-02-07,20.8,10.6,15.3,17.7,7.5,0.0,0.0,17.3,42.1,293,16.68,36000.0,3.8,2,Delhi,28.6139,77.209,Delhi
2025-02-08,23.3,11.1,16.7,20.7,8.1,0.0,0.0,12.6,32.4,292,16.42,36000.0,3.66,3,Delhi,28.6139,77.209,Delhi
2025-02-09,25.2,10.8,17.8,23.3,9.7,0.0,0.0,8.1,23.4,289,16.51,36107.45,3.25,1,Delhi,28.6139,77.209,Delhi
2025-02-10,27.2,11.7,19.2,24.9,11.2,0.0,0.0,7.1,23.0,290,16.16,36081.9,3.27,3,Delhi,28.6139,77.209,Delhi
2025-02-11,27.9,12.3,20.3,27.3,12.0,0.0,0.0,9.5,24.8,316,16.45,36056.58,3.37,2,Delhi,28.6139,77.209,Delhi
2025-02-12,25.3,13.6,19.2,22.4,12.4,0.0,0.0,16.2,41.0,303,17.27,36304.63,4.27,0,Delhi,28.6139,77.209,Delhi
2025-02-13,23.6,13.7,18.3,20.8,11.3,0.0,0.0,16.1,39.6,301,17.58,36279.38,4.41,0,Delhi,28.6139,77.209,Delhi
2025-02-14,24.6,12.3,18.5,21.8,9.5,0.0,0.0,14.1,37.1,287,17.28,36254.44,4.22,3,Delhi,28.6139,77.209,Delhi
2025-02-15,25.6,13.0,19.9,24.2,12.0,0.0,0.0,10.3,28.8,27,17.04,36229.82,3.72,3,Delhi,28.6139,77.209,Delhi
2025-02-16,26.6,13.5,20.4,25.7,13.0,0.0,0.0,8.4,22.0,3,16.12,32605.53,3.37,3,Delhi,28.6139,77.209,Delhi
2025-02-17,28.8,16.2,21.7,27.7,16.6,0.0,0.0,7.9,21.2,329,17.28,36452.23,3.37,3,Delhi,28.6139,77.209,Delhi
2025-02-18,26.4,16.8,20.9,25.1,16.8,0.0,0.0,9.6,26.3,298,12.48,24811.14,2.94,3,Delhi,28.6139,77.209,Delhi
2025-02-19,27.0,14.2,20.6,25.1,13.4,1.0,1.0,8.5,25.6,265,16.47,35795.74,3.62,53,Delhi,28.6139,77.209,Delhi
2025-02-20,23.7,15.1,19.0,22.1,14.0,7.1,7.1,16.6,41.0,91,14.55,35195.66,3.25,61,Delhi,28.6139,77.209,Delhi
2025-02-21,25.1,13.7,19.0,26.3,13.7,0.4,0.4,11.2,26.6,347,17.3,32400.0,3.42,51,Delhi,28.6139,77.209,Delhi
2025-02-22,23.9,13.5,18.3,22.5,12.8,0.0,0.0,11.9,32.4,299,17.54,36870.37,3.53,3,Delhi,28.6139,77.209,Delhi
2025-02-23,25.1,13.3,18.9,24.7,12.9,0.0,0.0,9.1,25.9,298,18.53,37170.82,3.61,0,Delhi,28.6139,77.209,Delhi
2025-02-24,26.9,13.3,20.1,25.5,12.8,0.0,0.0,10.3,28.8,309,18.8,37115.72,3.88,3,Delhi,28.6139,77.209,Delhi
2025-02-25,28.1,14.4,21.4,27.4,14.5,0.0,0.0,7.4,21.6,308,17.29,37066.92,3.58,3,Delhi,28.6139,77.209,Delhi
2025-02-26,30.1,17.9,23.7,30.6,18.0,0.0,0.0,8.9,23.4,171,16.92,32909.35,3.8,3,Delhi,28.6139,77.209,Delhi
2025-02-27,23.4,19.1,21.1,24.1,18.9,1.0,1.0,17.1,48.2,68,6.7,4637.84,1.95,53,Delhi,28.6139,77.209,Delhi
2025-02-28,23.4,18.2,20.0,24.4,18.1,3.3,3.3,12.9,32.0,97,10.39,16614.25,2.44,61,Delhi,28.6139,77.209,Delhi
2025-03-01,24.1,15.5,19.5,26.6,15.1,7.7,7.7,15.8,32.0,72,15.23,35770.95,2.88,63,Delhi,28.6139,77.209,Delhi
2025-03-02,24.6,15.4,19.1,23.7,14.6,0.0,0.0,13.2,32.4,318,19.97,38643.54,3.9,0,Delhi,28.6139,77.209,Delhi
2025-03-03,26.9,12.8,19.8,27.2,11.7,0.0,0.0,7.8,21.6,125,18.94,38320.93,3.87,2,Delhi,28.6139,77.209,Delhi
2025-03-04,24.4,15.6,19.8,24.3,13.9,0.0,0.0,17.0,38.9,294,18.39,38794.61,4.23,2,Delhi,28.6139,77.209,Delhi
2025-03-05,22.8,12.6,17.8,18.8,9.3,0.0,0.0,22.7,54.0,301,20.8,39797.29,5.31,0,Delhi,28.6139,77.209,Delhi
2025-03-06,26.6,12.8,19.6,24.2,9.7,0.0,0.0,14.2,35.6,287,20.82,39740.18,4.79,0,Delhi,28.6139,77.209,Delhi
2025-03-07,28.4,12.5,20.9,27.0,11.3,0.0,0.0,9.5,27.7,290,20.62,39947.77,4.41,0,Delhi,28.6139,77.209,Delhi
2025-03-08,30.1,14.6,22.4,28.3,13.0,0.0,0.0,12.0,33.8,289,20.88,40419.6,4.84,0,Delhi,28.6139,77.209,Delhi
2025-03-09,31.8,16.8,24.7,31.1,16.5,0.0,0.0,11.9,28.4,143,20.48,40099.31,4.97,0,Delhi,28.6139,77.209,Delhi
2025-03-10,31.7,19.0,25.2,31.4,18.3,0.0,0.0,13.5,36.4,131,20.02,37933.72,5.11,3,Delhi,28.6139,77.209,Delhi
2025-03-11,34.4,19.5,26.9,35.1,20.4,0.0,0.0,7.1,23.4,359,18.59,37287.49,4.35,3,Delhi,28.6139,77.209,Delhi
2025-03-12,32.9,19.8,26.4,32.7,20.9,0.0,0.0,12.2,33.8,298,20.13,38351.19,5.11,3,Delhi,28.6139,77.209,Delhi
2025-03-13,32.0,21.0,25.2,33.3,21.8,5.9,5.9,14.8,42.8,318,19.23,40664.76,4.35,63,Delhi,28.6139,77.209,Delhi
2025-03-14,33.2,19.0,25.7,33.2,19.9,0.0,0.0,13.6,31.7,156,20.05,39819.86,4.89,3,Delhi,28.6139,77.209,Delhi
2025-03-15,30.3,19.0,24.1,31.3,18.0,0.5,0.5,15.0,34.2,50,19.14,41867.51,4.69,51,Delhi,28.6139,77.209,Delhi
2025-03-16,29.9,18.0,23.7,30.7,17.9,0.1,0.1,12.9,34.6,323,20.52,42337.19,4.96,51,Delhi,28.6139,77.209,Delhi
2025-03-17,28.3,17.6,23.1,26.8,16.5,0.0,0.0,14.0,38.2,306,20.6,42874.27,5.01,3,Delhi,28.6139,77.209,Delhi
2025-03-18,29.9,17.1,23.6,28.9,15.8,0.0,0.0,11.8,33.1,296,22.07,42978.49,5.33,1,Delhi,28.6139,77.209,Delhi
2025-03-19,32.3,17.7,25.2,31.3,17.3,0.0,0.0,11.9,31.3,306,21.79,43082.69,5.29,3,Delhi,28.6139,77.209,Delhi
2025-03-20,33.0,19.1,26.2,31.5,17.8,0.0,0.0,13.9,34.9,322,21.35,43124.26,5.5,0,Delhi,28.6139,77.209,Delhi
2025-03-21,32.0,19.4,25.4,30.0,17.9,0.0,0.0,15.5,40.0,309,21.73,43157.89,6.0,0,Delhi,28.6139,77.209,Delhi
2025-03-22,31.3,18.0,25.2,29.5,16.0,0.0,0.0,16.1,42.1,296,20.83,43191.44,5.66,1,Delhi,28.6139,77.209,Delhi
2025-03-23,32.7,18.5,26.0,32.0,17.7,0.0,0.0,10.3,26.6,218,22.59,43200.0,5.38,0,Delhi,28.6139,77.209,Delhi
2025-03-24,33.9,20.0,27.2,33.4,19.3,0.0,0.0,8.5,27.0,176,22.54,43200.0,5.39,0,Delhi,28.6139,77.209,Delhi
2025-03-25,36.4,20.9,28.7,36.2,20.3,0.0,0.0,9.7,28.1,114,22.61,43200.0,5.88,0,Delhi,28.6139,77.209,Delhi
2025-03-26,37.9,21.8,30.0,37.3,22.4,0.0,0.0,12.2,32.0,181,22.74,43200.0,5.89,0,Delhi,28.6139,77.209,Delhi
2025-03-27,36.2,24.1,30.1,35.5,23.0,0.0,0.0,12.8,35.6,279,22.51,41898.94,6.0,2,Delhi,28.6139,77.209,Delhi
2025-03-28,31.0,21.8,26.1,28.8,17.5,0.0,0.0,15.5,36.7,293,23.75,43200.0,7.27,0,Delhi,28.6139,77.209,Delhi
2025-03-29,28.9,16.2,23.0,25.7,12.1,0.0,0.0,15.2,39.6,298,21.41,38223.81,6.78,3,Delhi,28.6139,77.209,Delhi
2025-03-30,31.5,17.5,24.8,29.2,14.1,0.0,0.0,12.6,34.9,296,23.7,43200.0,6.69,3,Delhi,28.6139,77.209,Delhi
2025-03-31,33.9,17.6,26.2,32.0,15.1,0.0,0.0,13.5,34.2,295,23.92,43200.0,6.69,0,Delhi,28.6139,77.209,Delhi
2025-04-01,33.3,19.0,26.5,31.0,16.8,0.0,0.0,13.6,36.7,290,24.1,43200.0,6.56,0,Delhi,28.6139,77.209,Delhi
2025-04-02,35.7,18.6,27.7,33.9,16.6,0.0,0.0,11.8,31.0,295,23.92,43200.0,5.93,0,Delhi,28.6139,77.209,Delhi
2025-04-03,37.4,20.4,29.6,35.5,19.1,0.0,0.0,9.4,24.1,252,22.19,37710.07,5.64,3,Delhi,28.6139,77.209,Delhi
2025-04-04,37.0,21.7,30.1,35.5,19.7,0.0,0.0,14.2,36.0,299,23.68,43200.0,6.7,0,Delhi,28.6139,77.209,Delhi
2025-04-05,35.2,22.0,29.0,33.5,19.6,0.0,0.0,13.8,38.2,291,23.88,43200.0,6.83,1,Delhi,28.6139,77.209,Delhi
2025-04-06,38.1,22.0,30.5,37.0,20.0,0.0,0.0,10.3,28.8,284,23.9,43200.0,6.25,3,Delhi,28.6139,77.209,Delhi
2025-04-07,39.9,24.4,32.5,39.8,22.7,0.0,0.0,7.6,20.5,93,23.54,43200.0,6.03,2,Delhi,28.6139,77.209,Delhi
2025-04-08,39.9,25.2,32.8,39.5,23.5,0.0,0.0,9.7,29.5,111,23.47,43200.0,6.49,3,Delhi,28.6139,77.209,Delhi
2025-04-09,40.7,26.1,33.5,41.6,24.8,0.0,0.0,12.5,28.4,103,22.2,42178.88,6.55,3,Delhi,28.6139,77.209,Delhi
2025-04-10,38.9,26.6,31.5,40.3,26.9,1.4,1.4,23.3,71.6,131,19.13,31721.39,5.65,61,Delhi,28.6139,77.209,Delhi
2025-04-11,34.2,22.5,26.3,36.3,21.9,8.1,8.1,25.8,54.4,106,21.01,36085.44,5.41,63,Delhi,28.6139,77.209,Delhi
2025-04-12,34.8,20.5,26.3,36.2,22.6,1.1,1.1,9.9,31.0,99,22.3,39715.85,5.05,53,Delhi,28.6139,77.209,Delhi
2025-04-13,35.3,21.1,28.3,36.1,22.6,0.0,0.0,5.6,19.4,91,23.2,42341.51,5.11,2,Delhi,28.6139,77.209,Delhi
2025-04-14,35.6,22.3,29.3,36.9,23.2,0.0,0.0,10.1,24.1,116,23.64,41351.73,6.0,0,Delhi,28.6139,77.209,Delhi
2025-04-15,36.6,24.7,30.8,37.6,24.5,0.0,0.0,10.0,29.9,127,22.52,42047.9,6.22,2,Delhi,28.6139,77.209,Delhi
2025-04-16,38.2,25.6,32.2,39.5,25.9,0.0,0.0,9.5,28.8,124,22.63,40355.03,6.24,1,Delhi,28.6139,77.209,Delhi
2025-04-17,40.5,26.2,33.3,40.5,26.5,0.0,0.0,15.8,39.6,117,22.06,39506.16,6.88,3,Delhi,28.6139,77.209,Delhi
2025-04-18,40.8,25.7,32.9,42.6,26.9,0.0,0.0,15.9,50.8,99,23.56,41187.19,6.78,3,Delhi,28.6139,77.209,Delhi
2025-04-19,39.9,27.4,32.6,40.0,29.2,0.0,0.0,19.7,43.9,128,22.31,42734.53,7.31,1,Delhi,28.6139,77.209,Delhi
2025-04-20,40.0,27.0,33.1,39.9,28.4,0.0,0.0,17.4,44.3,114,22.25,42504.51,6.84,1,Delhi,28.6139,77.209,Delhi
2025-04-21,40.4,26.3,33.8,38.9,26.3,0.0,0.0,11.9,31.7,265,24.24,42107.39,7.08,3,Delhi,28.6139,77.209,Delhi
2025-04-22,39.5,24.6,32.6,36.9,20.7,0.0,0.0,12.2,33.8,277,25.46,43082.27,7.89,0,Delhi,28.6139,77.209,Delhi
2025-04-23,39.2,23.8,32.2,36.4,20.4,0.0,0.0,13.7,37.8,282,25.33,43024.75,7.7,0,Delhi,28.6139,77.209,Delhi
2025-04-24,40.4,24.4,32.8,38.2,20.8,0.0,0.0,15.3,41.0,277,25.25,42801.86,7.22,0,Delhi,28.6139,77.209,Delhi
2025-04-25,41.6,25.3,33.8,39.1,22.5,0.0,0.0,14.3,37.1,317,24.96,42583.83,7.23,0,Delhi,28.6139,77.209,Delhi
2025-04-26,41.5,26.0,34.3,39.7,23.2,0.0,0.0,18.8,45.4,260,22.22,41554.32,7.33,3,Delhi,28.6139,77.209,Delhi
2025-04-27,40.8,28.3,34.5,39.4,25.7,0.0,0.0,11.2,27.0,326,23.66,40803.77,6.32,3,Delhi,28.6139,77.209,Delhi
2025-04-28,41.1,26.5,33.0,40.2,24.2,0.0,0.0,17.3,38.9,97,23.66,41246.34,7.16,3,Delhi,28.6139,77.209,Delhi
2025-04-29,37.5,25.0,31.3,38.7,23.9,0.0,0.0,15.0,37.8,108,23.63,42073.73,7.13,0,Delhi,28.6139,77.209,Delhi
2025-04-30,36.8,26.3,31.5,38.2,26.5,0.0,0.0,12.3,32.4,107,21.48,37227.99,6.58,3,Delhi,28.6139,77.209,Delhi
2025-05-01,37.6,25.9,31.8,38.5,25.8,0.0,0.0,14.7,34.9,106,20.33,36000.0,6.59,3,Delhi,28.6139,77.209,Delhi
2025-05-02,28.6,21.7,26.2,31.5,24.3,12.4,12.4,13.3,31.0,89,13.83,23395.01,3.61,63,Delhi,28.6139,77.209,Delhi
2025-05-03,35.4,24.0,28.3,38.1,26.8,3.4,3.4,12.3,49.0,119,19.88,34341.72,4.84,63,Delhi,28.6139,77.209,Delhi
2025-05-04,34.8,24.4,29.9,38.5,26.0,2.0,2.0,11.5,35.6,107,18.7,32263.3,4.76,61,Delhi,28.6139,77.209,Delhi
2025-05-05,35.6,24.2,28.5,37.3,26.1,0.1,0.1,13.4,35.6,88,19.94,37419.54,5.25,51,Delhi,28.6139,77.209,Delhi
2025-05-06,34.4,22.2,27.4,36.0,25.4,0.4,0.4,19.3,46.4,88,19.72,36786.78,4.95,51,Delhi,28.6139,77.209,Delhi
2025-05-07,33.3,23.7,27.8,35.2,25.8,0.5,0.5,10.7,33.1,88,20.03,36608.6,5.0,51,Delhi,28.6139,77.209,Delhi
2025-05-08,32.4,23.9,28.3,34.9,27.2,2.7,2.7,11.6,32.0,77,19.3,33734.56,4.62,63,Delhi,28.6139,77.209,Delhi
2025-05-09,37.1,25.1,30.7,39.4,28.0,1.1,1.1,9.8,28.8,114,21.54,37516.67,5.49,55,Delhi,28.6139,77.209,Delhi
2025-05-10,37.1,26.6,30.9,40.3,29.0,1.5,1.5,18.2,50.0,63,18.65,35589.19,4.63,61,Delhi,28.6139,77.209,Delhi
2025-05-11,38.2,25.1,31.7,39.8,29.1,0.0,0.0,14.0,30.6,310,22.56,41480.1,5.9,1,Delhi,28.6139,77.209,Delhi
2025-05-12,39.6,25.5,33.0,39.6,26.9,0.0,0.0,13.5,36.0,294,22.97,41448.06,6.48,1,Delhi,28.6139,77.209,Delhi
2025-05-13,41.3,28.1,34.7,40.3,26.9,0.0,0.0,18.7,42.8,280,22.72,39765.02,7.89,3,Delhi,28.6139,77.209,Delhi
2025-05-14,41.2,28.5,35.3,40.3,26.6,0.0,0.0,16.2,37.4,287,23.55,41546.46,7.78,0,Delhi,28.6139,77.209,Delhi
2025-05-15,41.9,29.7,36.2,41.0,29.7,0.0,0.0,12.2,34.9,285,23.94,41500.47,7.27,0,Delhi,28.6139,77.209,Delhi
2025-05-16,42.7,28.8,35.8,40.8,27.6,0.0,0.0,18.1,47.9,299,22.67,40648.17,8.02,1,Delhi,28.6139,77.209,Delhi
2025-05-17,42.8,29.2,35.7,42.1,29.8,0.0,0.0,19.7,49.0,265,21.19,37954.03,7.74,1,Delhi,28.6139,77.209,Delhi
2025-05-18,42.1,29.5,35.2,42.7,28.4,0.0,0.0,14.4,37.8,307,22.54,40869.18,7.59,1,Delhi,28.6139,77.209,Delhi
2025-05-19,42.0,28.2,34.5,45.0,31.4,0.0,0.0,12.8,34.2,105,22.12,40886.01,6.73,1,Delhi,28.6139,77.209,Delhi
2025-05-20,42.6,28.0,34.9,44.0,31.7,0.0,0.0,20.6,53.3,99,22.26,37313.63,7.15,3,Delhi,28.6139,77.209,Delhi
2025-05-21,43.0,29.8,34.8,44.6,33.1,0.0,0.0,22.6,55.1,114,22.06,35461.46,7.0,3,Delhi,28.6139,77.209,Delhi
2025-05-22,37.0,25.0,31.4,40.1,28.2,0.0,0.0,14.7,38.9,117,22.63,41200.43,6.41,1,Delhi,28.6139,77.209,Delhi
2025-05-23,38.2,26.4,32.3,41.4,29.1,1.5,1.5,14.0,36.0,108,22.91,40129.56,6.96,61,Delhi,28.6139,77.209,Delhi
2025-05-24,37.7,28.5,33.4,41.3,31.1,0.4,0.4,16.8,41.8,107,20.96,39354.94,7.07,51,Delhi,28.6139,77.209,Delhi
2025-05-25,31.2,23.0,28.4,35.6,26.2,0.4,0.4,16.2,35.3,88,15.35,30154.85,4.17,51,Delhi,28.6139,77.209,Delhi
2025-05-26,35.7,24.1,29.8,39.8,27.0,1.8,1.8,15.6,30.6,94,21.24,38357.81,5.15,53,Delhi,28.6139,77.209,Delhi
2025-05-27,36.1,26.2,31.2,40.9,30.2,0.0,0.0,8.8,24.1,87,22.65,41099.27,5.43,0,Delhi,28.6139,77.209,Delhi
2025-05-28,39.5,27.4,33.2,44.3,31.5,0.0,0.0,11.3,29.9,104,22.06,41277.97,5.71,2,Delhi,28.6139,77.209,Delhi
2025-05-29,40.1,27.6,33.6,43.1,33.1,0.3,0.3,8.8,25.9,173,18.07,25943.07,5.16,51,Delhi,28.6139,77.209,Delhi
2025-05-30,36.1,27.1,31.6,38.5,30.9,0.0,0.0,13.2,33.1,182,14.62,26024.12,4.3,3,Delhi,28.6139,77.209,Delhi
2025-05-31,39.7,26.1,31.9,42.5,28.2,1.0,1.0,14.4,32.4,204,20.15,36080.6,5.79,55,Delhi,28.6139,77.209,Delhi
2025-06-01,37.3,26.4,31.0,39.4,27.7,4.2,4.2,18.6,47.9,225,15.49,25296.67,5.35,63,Delhi,28.6139,77.209,Delhi
2025-06-02,37.1,24.1,30.9,39.7,26.7,0.3,0.3,10.3,29.5,249,20.22,37387.27,5.46,51,Delhi,28.6139,77.209,Delhi
2025-06-03,34.6,25.8,30.2,36.1,26.6,0.0,0.0,12.3,33.8,259,16.63,27092.58,4.73,3,Delhi,28.6139,77.209,Delhi
2025-06-04,36.4,24.5,28.8,39.8,27.6,0.3,0.3,19.8,51.1,80,19.4,28837.44,4.87,51,Delhi,28.6139,77.209,Delhi
2025-06-05,37.2,24.4,30.9,38.9,27.2,0.0,0.0,9.4,30.2,202,23.03,40976.93,5.53,2,Delhi,28.6139,77.209,Delhi
2025-06-06,37.8,25.9,32.7,39.3,28.2,0.0,0.0,10.2,31.7,202,22.43,40705.76,6.04,1,Delhi,28.6139,77.209,Delhi
2025-06-07,41.2,28.0,34.7,43.0,29.5,0.0,0.0,10.4,32.0,167,22.68,41582.06,6.68,1,Delhi,28.6139,77.209,Delhi
2025-06-08,42.8,29.6,36.6,44.4,31.6,0.0,0.0,14.6,35.6,256,22.91,41365.21,7.13,0,Delhi,28.6139,77.209,Delhi
2025-06-09,43.7,30.0,37.5,44.2,31.5,0.0,0.0,16.5,40.7,289,23.99,41773.73,8.34,0,Delhi,28.6139,77.209,Delhi
2025-06-10,43.1,30.1,37.4,42.7,28.6,0.0,0.0,14.4,38.5,296,24.15,41985.81,8.17,0,Delhi,28.6139,77.209,Delhi
2025-06-11,43.6,30.1,37.1,45.1,32.0,0.0,0.0,11.6,29.2,335,23.82,41738.93,7.51,0,Delhi,28.6139,77.209,Delhi
2025-06-12,43.1,31.1,36.8,46.4,35.9,0.5,0.5,11.7,28.8,113,22.15,41010.51,6.79,51,Delhi,28.6139,77.209,Delhi
2025-06-13,41.1,31.3,36.0,45.6,35.2,0.0,0.0,13.4,38.2,116,21.56,41022.06,6.83,2,Delhi,28.6139,77.209,Delhi
2025-06-14,42.9,30.6,36.2,46.6,35.5,0.3,0.3,13.5,32.8,110,21.86,41054.55,6.48,51,Delhi,28.6139,77.209,Delhi
2025-06-15,37.9,29.6,33.8,42.7,33.3,1.3,1.3,18.5,45.0,125,18.05,32879.54,5.42,53,Delhi,28.6139,77.209,Delhi
2025-06-16,32.0,24.8,29.4,39.2,29.5,25.6,25.6,13.8,49.7,81,12.21,16827.26,2.99,65,Delhi,28.6139,77.209,Delhi
2025-06-17,33.7,25.2,29.1,41.4,29.8,16.9,16.9,11.1,25.9,86,20.43,32680.95,4.6,63,Delhi,28.6139,77.209,Delhi
2025-06-18,33.2,24.0,28.9,40.5,28.3,5.3,5.3,7.8,18.7,127,21.28,37228.41,4.71,55,Delhi,28.6139,77.209,Delhi
2025-06-19,32.7,27.0,29.7,38.4,32.5,0.1,0.1,9.9,28.8,120,19.62,39466.61,4.49,51,Delhi,28.6139,77.209,Delhi
2025-06-20,31.7,25.5,28.7,37.6,30.6,1.2,1.2,13.8,29.9,108,13.51,13757.21,3.17,53,Delhi,28.6139,77.209,Delhi
2025-06-21,34.7,26.2,30.4,41.5,32.7,1.6,1.6,7.3,21.6,126,21.43,37669.77,4.84,61,Delhi,28.6139,77.209,Delhi
2025-06-22,34.0,28.0,31.0,40.9,34.4,0.8,0.8,8.1,27.4,130,18.51,38835.62,4.39,53,Delhi,28.6139,77.209,Delhi
2025-06-23,35.7,27.8,31.5,42.8,34.9,0.1,0.1,8.6,25.9,113,20.98,40250.92,4.99,51,Delhi,28.6139,77.209,Delhi
2025-06-24,36.1,27.3,31.2,43.7,33.8,1.1,1.1,7.6,18.4,123,19.92,38108.93,4.64,51,Delhi,28.6139,77.209,Delhi
2025-06-25,32.1,26.5,29.1,37.8,32.3,12.9,12.9,12.0,28.4,93,11.13,9215.7,2.78,65,Delhi,28.6139,77.209,Delhi
2025-06-26,34.5,26.0,30.6,40.9,31.6,11.5,11.5,11.6,28.1,100,21.81,38963.94,5.19,63,Delhi,28.6139,77.209,Delhi
2025-06-27,33.7,27.7,30.7,40.9,33.3,0.5,0.5,8.8,26.6,101,20.36,39786.04,4.8,51,Delhi,28.6139,77.209,Delhi
2025-06-28,35.8,25.6,30.8,42.7,31.4,8.3,8.3,8.5,23.8,146,21.55,38897.56,4.98,63,Delhi,28.6139,77.209,Delhi
2025-06-29,33.4,26.1,29.5,39.2,31.8,16.2,16.2,12.4,27.4,157,12.75,7489.13,3.13,63,Delhi,28.6139,77.209,Delhi
2025-06-30,31.7,25.4,27.8,39.5,31.0,17.3,17.3,10.1,32.0,120,14.18,20932.11,3.1,63,Delhi,28.6139,77.209,Delhi
2025-07-01,33.2,25.0,28.7,39.1,30.7,9.1,9.1,10.1,23.4,84,17.12,27876.6,3.78,63,Delhi,28.6139,77.209,Delhi
2025-07-02,33.2,26.9,29.9,39.8,33.5,1.1,1.1,10.3,31.3,100,20.73,41490.24,4.61,51,Delhi,28.6139,77.209,Delhi
2025-07-03,33.5,26.6,30.1,40.3,32.2,0.9,0.9,11.0,27.0,104,21.0,39034.11,4.77,51,Delhi,28.6139,77.209,Delhi
2025-07-04,34.2,26.7,30.3,42.2,32.9,0.3,0.3,8.4,18.4,104,21.78,39070.75,4.91,51,Delhi,28.6139,77.209,Delhi
2025-07-05,35.2,26.5,30.9,43.1,33.1,3.4,3.4,7.1,17.3,140,21.16,36883.6,4.85,61,Delhi,28.6139,77.209,Delhi
2025-07-06,35.7,26.7,31.0,43.2,32.5,7.4,7.4,8.1,21.6,193,20.22,37934.47,4.64,63,Delhi,28.6139,77.209,Delhi
2025-07-07,33.2,25.9,29.0,41.3,32.4,13.5,13.5,6.6,16.6,268,16.78,23883.74,3.73,63,Delhi,28.6139,77.209,Delhi
2025-07-08,34.0,27.1,30.9,40.7,33.8,0.0,0.0,9.2,25.2,277,20.46,38955.25,4.66,3,Delhi,28.6139,77.209,Delhi
2025-07-09,31.7,27.0,29.2,38.2,32.5,14.9,14.9,10.2,32.8,225,13.39,15960.05,2.98,65,Delhi,28.6139,77.209,Delhi
2025-07-10,29.6,25.6,27.5,35.7,31.2,3.6,3.6,8.5,23.4,149,12.05,12859.7,2.64,53,Delhi,28.6139,77.209,Delhi
2025-07-11,31.6,25.6,28.4,38.3,32.1,0.4,0.4,4.2,15.1,181,14.5,23244.46,3.17,51,Delhi,28.6139,77.209,Delhi
2025-07-12,33.5,26.5,29.3,41.9,32.5,2.7,2.7,9.3,20.5,94,21.64,39881.67,4.7,63,Delhi,28.6139,77.209,Delhi
2025-07-13,32.5,26.3,28.2,39.5,32.6,18.6,18.6,11.0,30.2,75,17.76,30475.32,3.8,63,Delhi,28.6139,77.209,Delhi
2025-07-14,30.5,25.8,28.0,35.8,30.8,17.6,17.6,18.7,42.1,101,16.86,28391.66,3.72,63,Delhi,28.6139,77.209,Delhi
2025-07-15,32.2,25.6,28.0,36.9,29.8,7.3,7.3,17.2,40.0,130,17.12,26075.1,3.92,63,Delhi,28.6139,77.209,Delhi
2025-07-16,32.3,25.3,28.7,39.0,30.2,8.2,8.2,11.8,26.6,131,17.6,30093.88,3.92,63,Delhi,28.6139,77.209,Delhi
2025-07-17,31.1,26.8,28.5,36.2,31.4,1.4,1.4,12.9,33.5,118,14.14,21297.86,3.29,53,Delhi,28.6139,77.209,Delhi
2025-07-18,31.6,26.4,28.5,37.4,31.2,4.1,4.1,18.3,49.7,73,20.13,40433.35,4.62,63,Delhi,28.6139,77.209,Delhi
2025-07-19,32.2,25.8,29.0,37.1,30.2,0.0,0.0,16.6,35.6,131,20.26,41747.14,4.7,3,Delhi,28.6139,77.209,Delhi
2025-07-20,34.3,26.1,30.1,40.1,31.4,0.0,0.0,8.8,25.6,214,22.13,39517.72,5.08,3,Delhi,28.6139,77.209,Delhi
2025-07-21,31.5,26.6,28.9,37.2,32.1,0.4,0.4,6.6,18.7,162,10.68,6811.21,2.58,51,Delhi,28.6139,77.209,Delhi
2025-07-22,34.8,26.0,30.1,41.4,31.8,0.2,0.2,9.0,20.5,238,21.27,38759.54,4.81,51,Delhi,28.6139,77.209,Delhi
2025-07-23,33.2,27.0,29.8,40.1,32.8,1.2,1.2,10.5,29.5,249,18.89,39238.06,4.33,53,Delhi,28.6139,77.209,Delhi
2025-07-24,35.5,25.4,30.7,41.3,29.8,1.5,1.5,11.8,26.3,279,22.09,41140.22,5.3,53,Delhi,28.6139,77.209,Delhi
2025-07-25,36.3,26.6,31.8,41.7,32.1,0.5,0.5,10.6,31.7,295,21.24,40524.63,5.26,53,Delhi,28.6139,77.209,Delhi
2025-07-26,35.4,26.9,31.0,41.8,33.2,2.3,2.3,11.7,27.0,151,18.78,38388.01,4.46,61,Delhi,28.6139,77.209,Delhi
2025-07-27,36.3,28.8,32.1,42.3,35.0,0.9,0.9,12.3,34.2,100,22.09,41378.93,5.48,51,Delhi,28.6139,77.209,Delhi
2025-07-28,36.6,28.1,32.1,43.1,34.7,1.6,1.6,9.7,22.0,127,21.53,38732.94,5.12,53,Delhi,28.6139,77.209,Delhi
2025-07-29,32.9,27.2,29.2,40.6,33.5,3.8,3.8,7.6,24.5,110,16.31,35235.75,3.67,53,Delhi,28.6139,77.209,Delhi
2025-07-30,31.6,26.2,27.9,37.6,31.5,15.3,15.3,10.4,29.2,102,15.15,25098.99,3.3,63,Delhi,28.6139,77.209,Delhi
2025-07-31,31.5,25.3,27.7,38.0,31.1,29.2,29.2,9.9,26.3,144,12.81,25164.53,2.8,65,Delhi,28.6139,77.209,Delhi
2025-08-01,32.0,25.5,28.3,40.2,31.6,7.5,7.5,10.6,27.0,222,18.18,31857.93,3.91,63,Delhi,28.6139,77.209,Delhi
2025-08-02,32.4,26.0,29.1,38.9,31.5,0.9,0.9,10.9,28.1,254,18.03,26494.32,4.12,53,Delhi,28.6139,77.209,Delhi
2025-08-03,33.1,26.8,29.7,39.9,31.8,0.7,0.7,11.8,32.4,255,19.39,33800.82,4.49,53,Delhi,28.6139,77.209,Delhi
2025-08-04,31.0,26.2,28.6,37.2,32.3,0.1,0.1,12.1,28.8,236,9.27,815.42,2.43,51,Delhi,28.6139,77.209,Delhi
2025-08-05,30.1,26.9,27.9,35.9,31.7,8.3,8.3,10.9,24.8,211,9.23,5634.17,2.28,63,Delhi,28.6139,77.209,Delhi
2025-08-06,32.1,26.3,28.7,38.3,31.5,0.5,0.5,9.0,21.6,242,13.72,19831.97,3.22,51,Delhi,28.6139,77.209,Delhi
2025-08-07,33.9,26.0,29.9,39.6,30.0,0.0,0.0,12.8,31.0,274,22.85,42832.24,5.4,3,Delhi,28.6139,77.209,Delhi
2025-08-08,33.1,26.4,29.9,38.5,30.1,0.0,0.0,11.9,26.3,271,14.17,20080.07,3.7,3,Delhi,28.6139,77.209,Delhi
2025-08-09,30.5,26.1,27.8,36.4,31.5,8.9,8.9,7.2,19.1,299,10.3,12113.09,2.37,63,Delhi,28.6139,77.209,Delhi
2025-08-10,32.1,25.9,28.9,40.4,31.9,1.7,1.7,5.9,19.8,309,19.5,35725.88,4.2,51,Delhi,28.6139,77.209,Delhi
2025-08-11,33.9,26.6,29.8,40.0,31.6,1.6,1.6,11.3,31.7,260,17.78,28273.53,4.22,61,Delhi,28.6139,77.209,Delhi
2025-08-12,33.3,26.3,29.2,40.2,31.2,3.9,3.9,11.4,25.6,252,17.14,26456.66,3.89,55,Delhi,28.6139,77.209,Delhi
2025-08-13,33.4,26.9,30.3,38.7,32.1,0.0,0.0,8.5,23.4,270,17.34,30059.66,4.12,3,Delhi,28.6139,77.209,Delhi
2025-08-14,29.6,26.3,27.8,35.9,32.6,8.2,8.2,7.5,20.2,110,9.56,4678.87,2.17,63,Delhi,28.6139,77.209,Delhi
2025-08-15,31.7,25.3,28.4,39.8,31.2,4.6,4.6,7.0,16.2,103,19.04,39110.99,4.04,61,Delhi,28.6139,77.209,Delhi
2025-08-16,31.2,26.4,28.6,38.1,33.1,4.1,4.1,8.3,25.9,98,14.55,24711.74,3.15,63,Delhi,28.6139,77.209,Delhi
2025-08-17,32.0,27.3,29.0,39.2,33.7,3.6,3.6,10.3,29.9,83,16.23,27278.86,3.53,63,Delhi,28.6139,77.209,Delhi
2025-08-18,31.8,27.2,29.2,39.0,32.2,9.0,9.0,14.2,29.9,90,19.86,38894.39,4.31,63,Delhi,28.6139,77.209,Delhi
2025-08-19,31.9,26.6,29.2,38.9,32.4,5.4,5.4,11.6,33.8,89,20.35,40698.27,4.44,63,Delhi,28.6139,77.209,Delhi
2025-08-20,32.7,26.8,29.3,38.1,32.4,5.6,5.6,12.3,29.9,97,18.98,37766.67,4.42,61,Delhi,28.6139,77.209,Delhi
2025-08-21,33.6,25.6,29.7,39.4,31.2,13.8,13.8,12.8,33.5,95,20.74,38895.38,4.62,65,Delhi,28.6139,77.209,Delhi
2025-08-22,34.2,25.3,30.3,41.2,30.9,3.3,3.3,7.6,21.6,123,18.44,37320.63,4.23,61,Delhi,28.6139,77.209,Delhi
2025-08-23,32.6,25.6,28.3,39.3,31.9,13.2,13.2,11.2,27.4,80,16.56,26246.25,3.64,63,Delhi,28.6139,77.209,Delhi
2025-08-24,31.1,25.7,27.6,38.0,31.2,11.8,11.8,14.7,38.9,98,18.64,31819.63,3.89,63,Delhi,28.6139,77.209,Delhi
2025-08-25,29.0,24.4,26.6,33.9,28.5,19.7,19.7,15.9,40.7,111,9.85,7819.73,2.25,63,Delhi,28.6139,77.209,Delhi
2025-08-26,29.9,25.1,27.2,35.2,29.3,6.7,6.7,18.0,39.6,123,13.79,24900.49,2.96,61,Delhi,28.6139,77.209,Delhi
2025-08-27,32.6,25.2,28.4,40.2,30.9,1.4,1.4,8.4,22.3,118,20.54,38734.6,4.31,53,Delhi,28.6139,77.209,Delhi
2025-08-28,32.4,25.3,28.6,40.3,31.2,15.5,15.5,9.7,23.8,120,19.18,34312.13,4.12,63,Delhi,28.6139,77.209,Delhi
2025-08-29,31.3,25.0,27.9,38.0,30.6,12.6,12.6,12.2,28.8,111,14.02,21029.8,3.09,63,Delhi,28.6139,77.209,Delhi
2025-08-30,31.8,26.0,28.4,38.0,31.4,3.8,3.8,12.3,29.2,104,15.64,27397.3,3.5,61,Delhi,28.6139,77.209,Delhi
2025-08-31,30.0,24.5,26.7,36.5,28.1,13.1,13.1,15.8,34.2,116,11.55,15925.12,2.49,63,Delhi,28.6139,77.209,Delhi
2025-09-01,29.2,24.0,25.4,35.0,28.0,31.5,31.5,17.5,37.4,121,11.58,17744.84,2.41,63,Delhi,28.6139,77.209,Delhi
2025-09-02,27.0,23.8,25.0,30.9,27.5,21.7,21.7,15.6,43.2,122,8.6,3408.31,1.84,63,Delhi,28.6139,77.209,Delhi
2025-09-03,29.4,24.1,26.2,36.3,28.6,14.7,14.7,10.4,26.6,94,12.7,18670.63,2.76,65,Delhi,28.6139,77.209,Delhi
2025-09-04,31.4,24.2,27.1,38.9,28.3,17.7,17.7,12.0,28.8,42,16.26,25007.34,3.49,65,Delhi,28.6139,77.209,Delhi
2025-09-05,31.0,25.2,27.6,37.0,30.6,4.8,4.8,17.0,46.4,81,18.68,35058.4,3.96,61,Delhi,28.6139,77.209,Delhi
2025-09-06,31.2,24.5,27.7,37.7,28.3,13.3,13.3,14.1,38.5,101,19.12,37516.18,4.08,63,Delhi,28.6139,77.209,Delhi
2025-09-07,31.9,24.8,28.0,38.8,29.7,2.3,2.3,11.0,32.0,122,20.21,39058.34,4.29,55,Delhi,28.6139,77.209,Delhi
2025-09-08,32.0,25.2,28.6,39.4,31.1,0.7,0.7,6.1,21.2,152,20.66,41889.36,4.35,51,Delhi,28.6139,77.209,Delhi
2025-09-09,32.4,25.8,29.0,38.7,30.4,0.4,0.4,10.8,26.3,284,20.31,42013.06,4.6,51,Delhi,28.6139,77.209,Delhi
2025-09-10,33.2,25.6,29.2,37.7,29.6,0.0,0.0,15.6,37.1,288,20.96,42046.43,5.09,3,Delhi,28.6139,77.209,Delhi
2025-09-11,32.8,24.7,28.9,36.5,27.6,0.0,0.0,15.2,37.4,282,19.68,41032.83,4.89,3,Delhi,28.6139,77.209,Delhi
2025-09-12,33.5,24.6,29.4,37.7,27.8,0.2,0.2,11.3,30.2,278,20.19,41589.83,4.85,51,Delhi,28.6139,77.209,Delhi
2025-09-13,35.3,26.3,30.8,39.1,30.7,0.9,0.9,11.5,32.0,273,18.78,36349.28,4.78,51,Delhi,28.6139,77.209,Delhi
2025-09-14,36.5,27.0,31.9,39.6,31.9,0.2,0.2,12.1,32.4,269,19.93,41135.41,5.24,51,Delhi,28.6139,77.209,Delhi
2025-09-15,36.4,27.3,32.3,39.7,31.5,0.0,0.0,13.3,36.0,265,20.74,40464.7,5.61,3,Delhi,28.6139,77.209,Delhi
2025-09-16,36.8,27.3,31.7,40.7,31.7,0.1,0.1,10.2,31.0,210,20.16,40682.54,5.23,51,Delhi,28.6139,77.209,Delhi
2025-09-17,36.4,26.7,31.2,40.7,31.0,0.2,0.2,9.5,26.6,34,19.48,40456.48,4.8,51,Delhi,28.6139,77.209,Delhi
2025-09-18,34.9,25.1,30.2,39.6,29.9,1.6,1.6,8.5,27.0,70,17.81,39706.93,4.29,53,Delhi,28.6139,77.209,Delhi
2025-09-19,35.5,26.8,31.1,38.5,32.4,0.7,0.7,11.5,32.0,321,18.24,40528.22,4.73,51,Delhi,28.6139,77.209,Delhi
2025-09-20,36.2,26.8,31.5,38.7,31.8,0.0,0.0,14.8,36.7,303,19.33,40564.05,5.46,1,Delhi,28.6139,77.209,Delhi
2025-09-21,36.4,25.4,31.2,38.4,28.1,0.0,0.0,14.4,38.9,292,19.77,40338.0,5.76,1,Delhi,28.6139,77.209,Delhi
2025-09-22,36.9,26.1,31.6,38.6,29.1,0.0,0.0,16.0,41.4,287,20.59,40373.56,6.21,0,Delhi,28.6139,77.209,Delhi
2025-09-23,36.7,26.1,31.5,38.2,28.4,0.0,0.0,16.7,42.5,295,20.09,40147.12,6.23,1,Delhi,28.6139,77.209,Delhi
2025-09-24,36.1,25.8,31.0,37.6,27.6,0.0,0.0,15.6,40.7,290,20.75,40182.29,5.98,0,Delhi,28.6139,77.209,Delhi
2025-09-25,36.2,25.9,31.1,38.2,29.1,0.0,0.0,13.5,36.0,296,20.56,39955.83,5.77,0,Delhi,28.6139,77.209,Delhi
2025-09-26,37.0,25.8,31.6,38.9,29.0,0.0,0.0,14.0,37.4,315,20.62,39729.55,5.79,0,Delhi,28.6139,77.209,Delhi
2025-09-27,38.7,27.2,32.6,42.7,30.9,0.1,0.1,6.1,22.3,49,19.28,39600.0,4.7,51,Delhi,28.6139,77.209,Delhi
2025-09-28,36.5,28.3,32.3,40.0,33.3,0.0,0.0,13.5,38.9,105,18.83,39600.0,5.27,1,Delhi,28.6139,77.209,Delhi
2025-09-29,36.3,27.8,32.0,40.1,33.0,0.2,0.2,8.6,28.4,124,18.34,39600.0,4.82,51,Delhi,28.6139,77.209,Delhi
2025-09-30,34.8,24.4,30.6,39.0,29.0,8.0,8.0,14.0,34.2,191,14.23,27612.29,3.54,63,Delhi,28.6139,77.209,Delhi
2025-10-01,33.5,24.5,28.3,38.6,29.2,2.8,2.8,13.7,33.1,205,17.45,38930.39,3.82,63,Delhi,28.6139,77.209,Delhi
2025-10-02,32.4,24.4,28.4,36.4,29.3,1.0,1.0,9.1,28.1,118,17.19,38802.1,3.99,51,Delhi,28.6139,77.209,Delhi
2025-10-03,33.6,25.0,29.1,37.7,30.1,0.0,0.0,8.2,24.1,76,17.27,39600.0,3.97,3,Delhi,28.6139,77.209,Delhi
2025-10-04,34.6,26.3,30.3,36.8,31.7,0.1,0.1,12.2,34.2,295,18.15,39600.0,4.78,51,Delhi,28.6139,77.209,Delhi
2025-10-05,33.9,23.7,29.2,36.6,25.6,0.7,0.7,14.0,38.2,272,17.73,39600.0,4.47,53,Delhi,28.6139,77.209,Delhi
2025-10-06,29.2,22.3,24.0,30.9,24.7,14.6,14.6,14.3,33.1,77,4.91,8468.56,1.25,63,Delhi,28.6139,77.209,Delhi
2025-10-07,28.5,20.7,23.4,32.7,23.9,5.2,5.2,9.8,29.2,137,15.54,32081.6,3.08,63,Delhi,28.6139,77.209,Delhi
2025-10-08,25.7,20.4,22.7,29.6,23.7,0.2,0.2,9.2,28.1,310,12.93,27947.29,2.53,51,Delhi,28.6139,77.209,Delhi
2025-10-09,28.2,20.6,23.8,30.3,23.0,0.4,0.4,8.7,25.2,306,17.34,39513.49,3.64,51,Delhi,28.6139,77.209,Delhi
2025-10-10,28.5,19.4,23.5,30.7,21.1,0.0,0.0,7.4,18.7,296,18.44,39600.0,3.75,0,Delhi,28.6139,77.209,Delhi
2025-10-11,29.0,19.2,23.9,30.7,20.7,0.0,0.0,9.3,23.8,283,16.6,39600.0,3.66,1,Delhi,28.6139,77.209,Delhi
2025-10-12,30.7,20.5,25.2,32.3,22.0,0.0,0.0,9.9,25.6,305,18.16,39600.0,4.15,1,Delhi,28.6139,77.209,Delhi
2025-10-13,31.7,20.4,25.8,33.2,22.6,0.0,0.0,5.4,17.3,303,18.12,39600.0,3.83,0,Delhi,28.6139,77.209,Delhi
2025-10-14,32.0,21.1,26.4,32.7,22.5,0.0,0.0,5.1,20.2,293,18.13,39600.0,3.89,0,Delhi,28.6139,77.209,Delhi
2025-10-15,31.9,21.2,26.7,32.3,23.1,0.0,0.0,6.0,20.9,275,17.87,39600.0,3.84,0,Delhi,28.6139,77.209,Delhi
2025-10-16,31.7,20.2,26.1,32.6,21.1,0.0,0.0,6.9,20.9,290,17.76,39600.0,4.0,0,Delhi,28.6139,77.209,Delhi
2025-10-17,32.3,20.4,26.5,33.8,21.6,0.0,0.0,6.3,20.9,296,17.38,39600.0,3.93,0,Delhi,28.6139,77.209,Delhi
2025-10-18,33.2,21.6,27.2,34.6,23.7,0.0,0.0,5.5,18.0,261,16.77,39467.05,3.62,0,Delhi,28.6139,77.209,Delhi
2025-10-19,33.6,23.0,27.9,35.1,25.4,0.0,0.0,10.1,25.6,173,16.31,39204.29,3.57,2,Delhi,28.6139,77.209,Delhi
2025-10-20,33.1,22.8,28.1,33.6,25.1,0.0,0.0,8.5,24.8,99,16.06,39185.49,3.88,0,Delhi,28.6139,77.209,Delhi
2025-10-21,30.4,22.7,26.9,31.5,25.6,0.4,0.4,7.1,24.8,136,14.73,36879.11,3.49,51,Delhi,28.6139,77.209,Delhi
2025-10-22,32.1,23.5,27.6,33.0,25.7,0.0,0.0,9.2,23.4,300,15.08,37467.2,3.84,1,Delhi,28.6139,77.209,Delhi
2025-10-23,31.8,21.2,26.6,31.3,22.0,0.0,0.0,9.7,24.8,305,16.41,39396.38,4.21,0,Delhi,28.6139,77.209,Delhi
2025-10-24,32.2,20.2,25.9,31.8,20.5,0.0,0.0,6.5,19.4,277,16.6,39425.31,3.67,0,Delhi,28.6139,77.209,Delhi
2025-10-25,31.7,19.7,25.7,31.8,20.3,0.0,0.0,6.4,22.0,248,16.42,38908.74,3.58,0,Delhi,28.6139,77.209,Delhi
2025-10-26,31.6,18.9,25.5,31.3,19.3,0.0,0.0,7.1,21.2,129,16.52,39210.82,3.59,3,Delhi,28.6139,77.209,Delhi
2025-10-27,30.3,20.3,24.2,30.3,21.3,0.0,0.0,14.3,35.3,133,11.65,23610.83,3.21,3,Delhi,28.6139,77.209,Delhi
2025-10-28,26.6,21.3,23.3,27.9,23.7,0.0,0.0,6.9,20.5,117,6.85,5801.27,1.77,3,Delhi,28.6139,77.209,Delhi
2025-10-29,29.2,20.2,24.8,31.0,22.6,0.0,0.0,8.6,26.3,355,14.28,32968.51,3.1,3,Delhi,28.6139,77.209,Delhi
2025-10-30,27.3,22.6,24.5,30.5,25.1,0.1,0.1,6.3,17.6,123,5.88,1650.19,1.53,51,Delhi,28.6139,77.209,Delhi
2025-10-31,30.3,21.4,25.3,32.6,25.5,0.1,0.1,6.9,19.8,258,12.65,31884.06,2.82,51,Delhi,28.6139,77.209,Delhi
2025-11-01,30.9,20.8,25.1,30.5,23.2,0.0,0.0,10.2,27.7,283,15.35,37179.8,3.74,0,Delhi,28.6139,77.209,Delhi
2025-11-02,29.4,19.3,23.7,29.0,20.2,0.0,0.0,12.8,31.7,287,15.39,38037.51,3.84,0,Delhi,28.6139,77.209,Delhi
2025-11-03,30.5,17.9,23.5,29.7,17.6,0.0,0.0,14.1,32.8,277,15.62,38065.95,3.89,0,Delhi,28.6139,77.209,Delhi
2025-11-04,28.7,18.9,23.4,30.0,19.4,0.0,0.0,11.0,30.2,159,14.4,36704.6,3.27,3,Delhi,28.6139,77.209,Delhi
2025-11-05,29.5,18.9,23.9,30.6,21.0,0.0,0.0,10.9,26.3,314,14.1,36945.51,3.55,1,Delhi,28.6139,77.209,Delhi
2025-11-06,26.1,15.8,20.7,24.2,14.4,0.0,0.0,10.7,27.0,297,15.6,37795.42,3.86,0,Delhi,28.6139,77.209,Delhi
2025-11-07,27.3,14.8,20.3,25.2,13.2,0.0,0.0,10.0,26.3,286,15.33,37506.5,3.78,0,Delhi,28.6139,77.209,Delhi
2025-11-08,26.8,13.9,20.0,24.2,12.4,0.0,0.0,10.7,28.4,291,15.43,37498.09,3.69,0,Delhi,28.6139,77.209,Delhi
2025-11-09,26.8,14.1,20.1,24.8,12.6,0.0,0.0,9.3,25.9,287,15.09,37175.31,3.6,0,Delhi,28.6139,77.209,Delhi
2025-11-10,27.0,13.9,20.1,24.8,12.7,0.0,0.0,8.8,25.6,290,14.89,36385.49,3.32,3,Delhi,28.6139,77.209,Delhi
2025-11-11,27.4,13.7,20.1,24.9,12.3,0.0,0.0,10.6,27.7,286,14.81,36723.44,3.54,0,Delhi,28.6139,77.209,Delhi
2025-11-12,27.5,14.0,20.4,24.7,12.5,0.0,0.0,12.8,33.8,291,14.55,36212.03,3.59,0,Delhi,28.6139,77.209,Delhi
2025-11-13,26.3,13.2,19.3,23.9,12.4,0.0,0.0,9.9,27.4,285,14.45,36265.13,3.31,0,Delhi,28.6139,77.209,Delhi
2025-11-14,26.0,13.3,19.2,23.5,12.2,0.0,0.0,9.7,27.0,283,14.33,35749.14,3.27,0,Delhi,28.6139,77.209,Delhi
2025-11-15,26.6,12.8,19.3,24.1,11.6,0.0,0.0,10.3,27.0,289,14.3,35799.73,3.31,0,Delhi,28.6139,77.209,Delhi
2025-11-16,26.8,12.3,19.1,24.0,11.3,0.0,0.0,11.6,30.2,295,14.16,35278.9,3.34,0,Delhi,28.6139,77.209,Delhi
2025-11-17,26.0,12.3,19.0,24.2,10.8,0.0,0.0,6.8,22.0,288,13.92,35039.98,2.82,0,Delhi,28.6139,77.209,Delhi
2025-11-18,25.8,13.5,19.4,24.3,12.5,0.0,0.0,7.8,23.8,288,13.68,34513.44,2.73,0,Delhi,28.6139,77.209,Delhi
2025-11-19,26.0,13.3,19.7,25.4,12.8,0.0,0.0,5.9,20.5,180,13.44,34557.65,2.57,1,Delhi,28.6139,77.209,Delhi
2025-11-20,26.1,14.1,20.0,25.9,14.0,0.0,0.0,5.6,19.8,218,13.24,34314.28,2.58,0,Delhi,28.6139,77.209,Delhi
2025-11-21,26.2,14.5,20.3,25.9,14.3,0.0,0.0,6.1,20.2,194,13.13,34066.75,2.54,0,Delhi,28.6139,77.209,Delhi
2025-11-22,26.2,14.1,20.3,24.5,14.2,0.0,0.0,8.2,23.0,277,13.32,34395.97,2.71,0,Delhi,28.6139,77.209,Delhi
2025-11-23,25.9,13.2,19.3,24.4,12.8,0.0,0.0,8.1,23.4,282,13.24,34434.92,2.73,0,Delhi,28.6139,77.209,Delhi
2025-11-24,25.0,12.2,18.4,23.3,11.7,0.0,0.0,6.9,20.5,293,13.17,34368.62,2.59,0,Delhi,28.6139,77.209,Delhi
2025-11-25,24.0,11.4,17.4,22.0,10.3,0.0,0.0,8.7,25.2,287,13.17,34380.57,2.74,0,Delhi,28.6139,77.209,Delhi
2025-11-26,23.9,11.2,17.3,22.2,10.2,0.0,0.0,5.4,17.3,303,13.2,34391.58,2.46,0,Delhi,28.6139,77.209,Delhi
2025-11-27,24.4,12.6,18.1,22.9,12.0,0.0,0.0,3.4,15.8,31,13.1,34401.67,2.31,0,Delhi,28.6139,77.209,Delhi
2025-11-28,25.2,11.5,18.0,23.3,10.8,0.0,0.0,7.7,20.9,299,11.9,34118.16,2.5,2,Delhi,28.6139,77.209,Delhi
2025-11-29,25.9,13.7,19.0,23.6,12.3,0.0,0.0,11.5,29.9,305,12.51,34125.88,2.98,0,Delhi,28.6139,77.209,Delhi
2025-11-30,23.6,11.7,17.3,20.6,10.0,0.0,0.0,12.9,32.0,287,11.87,34132.68,2.88,3,Delhi,28.6139,77.209,Delhi
2025-12-01,24.3,10.0,16.9,21.8,8.6,0.0,0.0,6.5,20.9,303,12.92,34432.66,2.48,0,Delhi,28.6139,77.209,Delhi
2025-12-02,25.2,12.7,18.3,25.0,11.5,0.0,0.0,7.5,18.7,319,12.22,33848.94,2.49,1,Delhi,28.6139,77.209,Delhi
2025-12-03,22.9,10.3,16.2,20.0,8.8,0.0,0.0,10.4,26.6,300,12.96,34442.58,2.72,2,Delhi,28.6139,77.209,Delhi
2025-12-04,21.9,9.8,15.2,19.0,7.6,0.0,0.0,10.5,28.8,290,12.58,34446.12,2.63,3,Delhi,28.6139,77.209,Delhi
2025-12-05,21.8,8.6,15.0,19.5,6.8,0.0,0.0,7.5,19.8,283,12.72,34152.86,2.48,0,Delhi,28.6139,77.209,Delhi
2025-12-06,23.6,10.2,16.2,20.8,7.9,0.0,0.0,12.9,30.6,283,12.53,32969.03,3.05,3,Delhi,28.6139,77.209,Delhi
2025-12-07,24.1,10.7,17.0,22.1,8.5,0.0,0.0,10.4,26.6,283,12.38,33561.18,2.89,3,Delhi,28.6139,77.209,Delhi
2025-12-08,25.2,12.1,18.0,22.7,9.9,0.0,0.0,12.6,30.6,288,12.44,34450.98,3.19,3,Delhi,28.6139,77.209,Delhi
2025-12-09,24.5,11.6,17.5,21.8,9.2,0.0,0.0,12.7,30.2,282,12.6,34449.86,3.15,0,Delhi,28.6139,77.209,Delhi
2025-12-10,24.1,11.8,17.5,22.1,9.7,0.0,0.0,10.3,25.2,287,12.43,34447.8,2.76,3,Delhi,28.6139,77.209,Delhi
2025-12-11,24.7,10.8,17.3,22.4,9.3,0.0,0.0,10.4,27.7,280,12.28,34444.78,2.54,0,Delhi,28.6139,77.209,Delhi
2025-12-12,24.4,10.4,17.2,22.9,9.4,0.0,0.0,5.6,16.2,286,12.28,34440.85,2.22,3,Delhi,28.6139,77.209,Delhi
2025-12-13,24.5,12.7,17.8,24.1,12.7,0.0,0.0,4.5,15.8,104,12.01,31551.7,2.15,3,Delhi,28.6139,77.209,Delhi
2025-12-14,24.2,11.2,17.7,24.1,10.6,0.0,0.0,4.5,13.0,127,11.83,32400.0,2.02,3,Delhi,28.6139,77.209,Delhi
2025-12-15,23.3,10.5,16.6,22.6,9.8,0.0,0.0,8.3,22.3,275,11.88,34223.69,2.25,3,Delhi,28.6139,77.209,Delhi
2025-12-16,23.3,11.6,17.0,21.9,10.2,0.0,0.0,11.7,31.0,289,12.33,35012.22,2.6,0,Delhi,28.6139,77.209,Delhi
2025-12-17,23.8,11.4,17.0,22.8,10.0,0.0,0.0,10.5,26.3,284,12.24,35002.85,2.46,0,Delhi,28.6139,77.209,Delhi
2025-12-18,22.5,11.6,16.4,21.7,10.9,0.0,0.0,8.3,21.6,306,11.66,34992.34,2.13,3,Delhi,28.6139,77.209,Delhi
2025-12-19,21.9,11.2,15.7,20.7,10.5,0.0,0.0,7.7,23.4,288,11.75,33741.56,2.08,3,Delhi,28.6139,77.209,Delhi
2025-12-20,21.8,9.5,15.0,21.7,8.9,0.0,0.0,6.9,15.1,138,11.43,33459.4,1.93,3,Delhi,28.6139,77.209,Delhi
2025-12-21,20.4,10.7,14.4,20.2,10.1,0.0,0.0,6.0,18.0,123,10.35,27872.71,1.68,3,Delhi,28.6139,77.209,Delhi
2025-12-22,21.3,11.4,15.4,21.4,11.3,0.0,0.0,5.2,15.5,168,10.32,26507.35,1.71,3,Delhi,28.6139,77.209,Delhi
2025-12-23,23.1,11.6,16.5,22.6,10.7,0.0,0.0,10.4,25.6,285,11.55,30576.18,2.18,3,Delhi,28.6139,77.209,Delhi
2025-12-24,21.1,11.6,15.8,18.7,10.2,0.0,0.0,12.1,32.0,283,12.43,35785.93,2.43,0,Delhi,28.6139,77.209,Delhi
2025-12-25,21.0,9.3,14.7,19.0,7.2,0.0,0.0,8.0,20.9,272,12.44,35820.73,2.26,3,Delhi,28.6139,77.209,Delhi
2025-12-26,21.1,9.9,15.2,18.9,8.8,0.0,0.0,8.4,24.5,304,11.4,29489.41,2.13,3,Delhi,28.6139,77.209,Delhi
2025-12-27,20.5,9.7,14.8,19.5,8.8,0.0,0.0,7.6,21.2,296,10.99,30953.38,1.89,3,Delhi,28.6139,77.209,Delhi
2025-12-28,20.5,9.4,14.6,19.6,8.4,0.0,0.0,6.3,20.9,285,12.07,33693.93,1.99,3,Delhi,28.6139,77.209,Delhi
2025-12-29,19.9,10.6,14.1,18.4,10.1,0.0,0.0,5.6,20.2,277,10.6,25576.72,1.76,3,Delhi,28.6139,77.209,Delhi
2025-12-30,20.4,9.7,14.2,18.9,8.9,0.0,0.0,7.6,22.3,282,11.54,29627.13,2.0,3,Delhi,28.6139,77.209,Delhi
2025-12-31,19.4,9.1,13.2,19.0,8.0,0.0,0.0,11.2,23.8,118,11.29,29449.55,1.86,3,Delhi,28.6139,77.209,Delhi
2026-01-01,16.9,10.5,13.3,17.4,9.6,1.6,1.6,9.8,20.9,127,5.31,2384.61,0.94,55,Delhi,28.6139,77.209,Delhi
2026-01-02,17.5,11.1,14.0,15.7,10.3,0.0,0.0,10.2,28.1,306,11.15,34507.44,1.89,3,Delhi,28.6139,77.209,Delhi
2026-01-03,17.1,10.7,13.2,15.6,10.0,0.0,0.0,6.6,19.4,300,8.2,23127.22,1.41,3,Delhi,28.6139,77.209,Delhi
2026-01-04,17.1,8.5,12.4,15.6,7.3,0.0,0.0,9.2,23.8,300,9.08,30490.32,1.53,3,Delhi,28.6139,77.209,Delhi
2026-01-05,17.2,8.5,12.4,16.2,7.0,0.0,0.0,8.6,20.2,312,12.43,35576.15,1.93,3,Delhi,28.6139,77.209,Delhi
2026-01-06,17.1,8.5,12.0,15.9,7.3,0.0,0.0,8.2,23.4,299,12.04,32279.98,1.81,3,Delhi,28.6139,77.209,Delhi
2026-01-07,15.4,7.9,10.8,14.6,6.5,0.0,0.0,10.7,24.8,305,10.03,22169.61,1.45,3,Delhi,28.6139,77.209,Delhi
2026-01-08,14.4,7.5,10.1,13.5,6.1,0.0,0.0,8.7,20.2,319,10.56,23741.15,1.49,3,Delhi,28.6139,77.209,Delhi
2026-01-09,17.3,7.5,11.4,16.3,5.9,0.7,0.7,6.0,13.7,10,11.28,29820.21,1.72,53,Delhi,28.6139,77.209,Delhi
2026-01-10,17.1,6.6,11.3,15.4,4.9,0.0,0.0,7.8,21.2,298,12.88,36000.0,1.96,2,Delhi,28.6139,77.209,Delhi
2026-01-11,16.4,6.0,10.6,13.7,3.9,0.0,0.0,9.8,24.5,296,13.5,36000.0,2.09,0,Delhi,28.6139,77.209,Delhi
2026-01-12,17.2,4.9,10.6,15.1,2.4,0.0,0.0,8.2,16.9,307,13.76,36000.0,2.07,0,Delhi,28.6139,77.209,Delhi
2026-01-13,18.5,5.0,11.1,16.6,3.2,0.0,0.0,9.2,23.4,308,12.44,32999.13,2.04,3,Delhi,28.6139,77.209,Delhi
2026-01-14,17.4,5.6,10.7,14.8,3.3,0.0,0.0,9.1,24.1,297,13.15,30069.15,2.07,3,Delhi,28.6139,77.209,Delhi
2026-01-15,17.9,5.8,11.1,15.1,3.8,0.0,0.0,10.4,27.0,296,12.7,29596.31,2.09,3,Delhi,28.6139,77.209,Delhi
2026-01-16,20.5,6.1,12.6,18.5,4.1,0.0,0.0,8.7,17.6,296,13.65,36000.0,2.23,3,Delhi,28.6139,77.209,Delhi
2026-01-17,22.6,7.8,14.4,21.9,6.3,0.0,0.0,5.0,12.2,90,13.09,35359.08,2.19,3,Delhi,28.6139,77.209,Delhi
2026-01-18,22.0,8.1,14.8,21.0,7.0,0.0,0.0,6.9,22.3,121,12.27,28561.07,2.18,3,Delhi,28.6139,77.209,Delhi
2026-01-19,25.1,10.7,17.2,22.9,10.3,0.0,0.0,6.0,14.8,54,13.6,36000.0,2.5,3,Delhi,28.6139,77.209,Delhi
2026-01-20,24.3,10.2,17.2,22.5,8.7,0.0,0.0,8.7,25.9,298,13.91,36000.0,2.85,2,Delhi,28.6139,77.209,Delhi
2026-01-21,23.2,9.7,16.3,21.4,8.8,0.0,0.0,9.2,27.0,300,13.83,34974.29,2.7,2,Delhi,28.6139,77.209,Delhi
2026-01-22,25.0,10.0,17.4,23.9,9.0,0.0,0.0,14.6,27.0,134,14.26,36000.0,2.94,3,Delhi,28.6139,77.209,Delhi
2026-01-23,17.5,12.9,15.2,16.4,12.3,23.9,23.9,18.8,50.0,131,4.88,9142.83,1.25,65,Delhi,28.6139,77.209,Delhi
2026-01-24,16.4,9.0,12.1,13.7,6.1,0.0,0.0,12.0,26.3,322,13.63,35171.34,2.4,3,Delhi,28.6139,77.209,Delhi
2026-01-25,16.5,6.4,10.8,14.6,3.7,0.0,0.0,10.0,27.4,288,14.83,36000.0,2.25,3,Delhi,28.6139,77.209,Delhi
2026-01-26,18.8,6.2,12.4,18.5,4.3,0.0,0.0,5.6,11.5,270,14.73,36000.0,2.28,3,Delhi,28.6139,77.209,Delhi
2026-01-27,19.7,11.1,14.4,19.3,9.6,12.3,12.3,16.2,36.7,118,11.1,32267.96,1.87,65,Delhi,28.6139,77.209,Delhi
2026-01-28,18.4,11.7,14.3,18.0,11.2,7.6,7.6,9.1,22.0,315,9.0,18560.76,1.54,63,Delhi,28.6139,77.209,Delhi
2026-01-29,18.4,10.4,13.4,17.8,9.4,0.0,0.0,9.8,25.6,303,12.82,26672.67,1.97,3,Delhi,28.6139,77.209,Delhi
2026-01-30,19.5,8.5,13.8,19.4,7.4,0.0,0.0,7.2,20.9,286,14.43,31151.24,2.27,3,Delhi,28.6139,77.209,Delhi
2026-01-31,19.9,9.2,14.1,19.8,8.4,0.0,0.0,8.7,23.8,120,13.51,27989.36,2.21,3,Delhi,28.6139,77.209,Delhi
2026-02-01,20.8,12.4,16.1,21.6,12.0,13.2,13.2,13.0,28.4,146,13.73,36000.0,2.28,63,Delhi,28.6139,77.209,Delhi
2026-02-02,19.7,12.7,15.2,19.9,12.9,0.0,0.0,8.7,23.8,296,11.79,27689.85,1.88,3,Delhi,28.6139,77.209,Delhi
2026-02-03,19.6,10.4,14.6,19.4,9.5,0.0,0.0,6.6,19.1,310,14.34,32116.05,2.26,3,Delhi,28.6139,77.209,Delhi
2026-02-04,20.2,10.7,15.0,19.7,9.7,0.0,0.0,9.8,25.6,310,15.82,36000.0,2.67,3,Delhi,28.6139,77.209,Delhi
2026-02-05,21.3,10.6,15.3,20.0,8.9,0.0,0.0,11.9,29.2,291,16.12,36000.0,2.9,2,Delhi,28.6139,77.209,Delhi
2026-02-06,22.6,10.8,16.3,21.0,8.8,0.0,0.0,14.4,34.6,292,16.12,36000.0,3.14,0,Delhi,28.6139,77.209,Delhi
2026-02-07,23.6,12.5,17.5,22.6,11.2,0.0,0.0,15.1,35.3,288,16.08,36000.0,3.24,3,Delhi,28.6139,77.209,Delhi
2026-02-08,22.8,11.4,16.7,20.9,9.8,0.0,0.0,11.8,30.6,290,16.62,36000.0,3.24,3,Delhi,28.6139,77.209,Delhi
2026-02-09,24.0,10.5,17.0,22.9,9.5,0.0,0.0,8.3,20.9,151,15.22,32184.4,2.99,3,Delhi,28.6139,77.209,Delhi
2026-02-10,27.2,11.6,18.8,25.9,10.7,0.0,0.0,7.2,22.0,122,16.28,36000.0,3.22,3,Delhi,28.6139,77.209,Delhi
2026-02-11,27.1,14.6,20.5,26.0,14.5,0.0,0.0,11.6,31.3,315,16.55,36062.89,3.78,1,Delhi,28.6139,77.209,Delhi
2026-02-12,25.1,13.0,18.9,22.8,11.9,0.0,0.0,12.6,34.6,292,17.21,36038.19,3.74,3,Delhi,28.6139,77.209,Delhi
2026-02-13,25.5,12.7,19.0,23.8,11.5,0.0,0.0,9.7,28.4,279,16.33,36013.68,3.41,3,Delhi,28.6139,77.209,Delhi
2026-02-14,26.9,12.5,19.8,25.1,11.5,0.0,0.0,11.4,31.0,286,17.25,36261.59,3.78,3,Delhi,28.6139,77.209,Delhi
2026-02-15,28.1,13.5,20.8,26.5,13.1,0.0,0.0,12.3,33.8,281,17.41,36508.76,3.81,0,Delhi,28.6139,77.209,Delhi
2026-02-16,30.3,13.1,21.9,29.5,12.9,0.0,0.0,12.1,27.4,162,17.41,36212.52,3.8,2,Delhi,28.6139,77.209,Delhi
2026-02-17,29.2,15.9,21.9,28.1,14.9,0.0,0.0,12.5,31.3,129,17.55,36459.16,4.13,0,Delhi,28.6139,77.209,Delhi
2026-02-18,23.9,16.1,18.9,22.5,17.1,0.9,0.9,9.2,26.3,353,9.27,11921.99,2.01,51,Delhi,28.6139,77.209,Delhi
2026-02-19,26.3,13.9,19.8,26.8,13.7,0.0,0.0,7.6,20.9,322,16.43,36140.48,3.12,3,Delhi,28.6139,77.209,Delhi
2026-02-20,27.9,15.0,21.0,27.8,15.5,0.0,0.0,10.4,28.4,302,17.72,36655.95,3.73,0,Delhi,28.6139,77.209,Delhi
2026-02-21,27.2,14.8,20.8,27.3,14.6,0.0,0.0,11.0,30.6,283,17.98,36900.86,3.82,0,Delhi,28.6139,77.209,Delhi
2026-02-22,28.4,14.7,21.6,27.3,14.8,0.0,0.0,9.0,27.4,275,18.46,36876.51,3.97,0,Delhi,28.6139,77.209,Delhi
2026-02-23,29.4,14.8,22.3,28.4,15.2,0.0,0.0,11.7,31.3,291,18.05,37181.36,3.91,0,Delhi,28.6139,77.209,Delhi
2026-02-24,29.6,15.9,22.4,28.6,16.1,0.0,0.0,11.4,29.9,325,18.67,37126.27,4.07,0,Delhi,28.6139,77.209,Delhi
2026-02-25,29.0,14.9,22.2,27.1,14.8,0.0,0.0,11.1,30.6,291,19.27,37605.82,4.34,0,Delhi,28.6139,77.209,Delhi
2026-02-26,29.7,15.5,22.5,27.4,14.9,0.0,0.0,14.5,37.8,282,19.21,37550.18,4.73,0,Delhi,28.6139,77.209,Delhi
2026-02-27,30.8,16.0,23.7,29.1,15.5,0.0,0.0,11.1,32.4,277,19.22,37761.48,4.51,3,Delhi,28.6139,77.209,Delhi
2026-02-28,31.9,21.3,25.9,29.9,21.7,0.0,0.0,13.5,37.4,300,18.38,36774.24,4.64,3,Delhi,28.6139,77.209,Delhi
2026-03-01,30.6,17.2,23.9,28.5,17.2,0.0,0.0,16.8,42.8,291,19.54,38448.28,5.13,1,Delhi,28.6139,77.209,Delhi
2026-03-02,30.8,17.2,23.9,28.6,16.6,0.0,0.0,17.1,43.2,293,19.56,38392.4,5.35,0,Delhi,28.6139,77.209,Delhi
2026-03-03,31.4,17.7,24.6,29.3,16.6,0.0,0.0,18.5,46.4,290,19.96,38867.61,5.83,0,Delhi,28.6139,77.209,Delhi
2026-03-04,33.2,18.3,25.9,32.3,17.5,0.0,0.0,16.6,42.1,293,19.77,38811.65,5.89,0,Delhi,28.6139,77.209,Delhi
2026-03-05,34.0,20.9,27.2,33.6,20.8,0.0,0.0,16.7,42.1,297,19.88,39020.27,5.9,0,Delhi,28.6139,77.209,Delhi
2026-03-06,34.5,19.5,27.0,34.4,20.0,0.0,0.0,11.3,31.7,299,20.16,39492.98,5.04,0,Delhi,28.6139,77.209,Delhi
2026-03-07,35.3,20.1,27.6,36.1,22.5,0.0,0.0,9.3,26.3,211,20.17,39700.5,4.58,0,Delhi,28.6139,77.209,Delhi
2026-03-08,35.8,20.8,28.3,35.4,22.8,0.0,0.0,12.1,32.8,279,20.29,39907.45,5.16,3,Delhi,28.6139,77.209,Delhi
2026-03-09,35.5,20.7,28.0,35.7,21.8,0.0,0.0,11.7,32.4,298,20.12,37738.76,5.18,3,Delhi,28.6139,77.209,Delhi
2026-03-10,35.5,22.4,28.6,36.9,25.2,0.0,0.0,11.1,30.6,315,20.23,39266.13,4.79,3,Delhi,28.6139,77.209,Delhi
2026-03-11,36.3,20.5,28.7,34.3,22.1,0.0,0.0,16.9,42.5,280,20.96,41054.0,5.82,3,Delhi,28.6139,77.209,Delhi
2026-03-12,35.9,21.2,28.3,32.7,21.3,0.0,0.0,16.0,43.2,273,19.79,37310.1,5.73,3,Delhi,28.6139,77.209,Delhi
2026-03-13,32.5,21.7,27.0,31.7,23.7,0.0,0.0,14.0,36.0,302,18.91,39097.57,5.41,3,Delhi,28.6139,77.209,Delhi
2026-03-14,33.1,20.1,26.8,30.9,20.2,0.0,0.0,12.8,36.0,299,18.26,37768.89,4.94,3,Delhi,28.6139,77.209,Delhi
2026-03-15,27.3,18.2,23.1,27.6,17.8,2.6,2.6,14.8,41.8,96,18.7,35601.96,4.76,61,Delhi,28.6139,77.209,Delhi
2026-03-16,30.8,17.4,23.3,29.7,16.3,0.3,0.3,16.5,43.6,108,20.17,42085.58,5.24,51,Delhi,28.6139,77.209,Delhi
2026-03-17,31.5,17.4,24.2,32.3,17.7,0.0,0.0,10.7,25.9,344,20.93,41504.45,4.82,3,Delhi,28.6139,77.209,Delhi
2026-03-18,32.2,19.3,24.1,33.6,20.7,3.7,3.7,14.5,36.7,345,19.7,39167.82,4.43,61,Delhi,28.6139,77.209,Delhi
2026-03-19,27.1,18.3,22.1,28.7,18.6,3.4,3.4,16.6,35.6,355,14.63,29563.13,3.37,63,Delhi,28.6139,77.209,Delhi
2026-03-20,20.6,16.4,18.0,21.7,17.2,2.8,2.8,11.4,24.5,320,9.34,15977.24,1.75,53,Delhi,28.6139,77.209,Delhi
2026-03-21,25.5,14.8,19.7,27.0,15.7,0.0,0.0,9.6,24.5,310,19.9,30611.09,3.8,3,Delhi,28.6139,77.209,Delhi
2026-03-22,27.1,16.2,21.7,28.1,16.4,0.0,0.0,12.0,31.3,301,21.51,43054.35,4.34,3,Delhi,28.6139,77.209,Delhi
2026-03-23,26.9,17.9,21.9,28.7,18.1,9.6,9.6,13.4,28.4,317,13.28,22866.01,2.89,63,Delhi,28.6139,77.209,Delhi
2026-03-24,29.7,18.1,23.5,30.1,19.5,0.0,0.0,12.1,30.6,300,21.75,43200.0,4.81,2,Delhi,28.6139,77.209,Delhi
2026-03-25,31.5,17.7,24.9,31.7,18.1,0.0,0.0,12.0,31.7,291,22.47,43058.34,5.12,3,Delhi,28.6139,77.209,Delhi
2026-03-26,34.8,21.0,27.7,34.6,22.1,0.0,0.0,14.7,37.4,302,18.96,36210.29,5.18,3,Delhi,28.6139,77.209,Delhi
2026-03-27,29.3,22.1,25.7,30.0,22.3,0.6,0.6,12.6,31.3,332,17.63,39337.02,4.48,53,Delhi,28.6139,77.209,Delhi
2026-03-28,33.0,20.8,27.1,33.7,21.5,0.0,0.0,11.0,31.7,281,21.72,42558.37,5.23,3,Delhi,28.6139,77.209,Delhi
2026-03-29,35.0,22.8,28.1,36.5,23.3,0.0,0.0,13.3,35.3,120,19.13,41422.95,5.23,3,Delhi,28.6139,77.209,Delhi
2026-03-30,34.7,21.7,26.9,34.9,23.7,0.2,0.2,21.8,55.8,277,18.59,31551.14,5.09,51,Delhi,28.6139,77.209,Delhi
2026-03-31,35.0,21.3,26.2,34.9,23.0,0.3,0.3,13.0,35.6,313,18.31,37255.8,4.39,51,Delhi,28.6139,77.209,Delhi
2026-04-01,33.1,19.6,26.4,34.1,21.4,0.0,0.0,8.2,27.4,45,18.98,36394.27,4.5,3,Delhi,28.6139,77.209,Delhi
2026-04-02,34.3,21.7,28.3,34.5,23.3,0.0,0.0,13.6,29.2,95,17.86,37683.9,4.53,3,Delhi,28.6139,77.209,Delhi
2026-04-03,32.1,22.3,25.8,33.1,22.0,0.4,0.4,15.5,38.9,284,16.75,28234.61,4.57,51,Delhi,28.6139,77.209,Delhi
2026-04-04,30.3,21.2,24.5,32.3,23.4,2.3,2.3,9.1,25.9,309,16.62,24688.85,3.71,61,Delhi,28.6139,77.209,Delhi
2026-04-05,29.3,19.8,24.3,29.9,20.8,0.9,0.9,13.6,34.9,306,19.65,39329.78,4.37,53,Delhi,28.6139,77.209,Delhi
2026-04-06,31.7,20.8,25.9,30.9,21.2,0.0,0.0,17.7,40.7,268,22.28,41959.29,5.56,1,Delhi,28.6139,77.209,Delhi
2026-04-07,28.8,18.0,22.7,27.2,18.8,8.4,8.4,15.5,44.6,109,12.71,24974.5,3.57,61,Delhi,28.6139,77.209,Delhi
2026-04-08,25.5,17.0,20.4,27.8,17.0,4.1,4.1,11.9,26.3,112,20.51,33854.59,4.11,55,Delhi,28.6139,77.209,Delhi
2026-04-09,28.7,16.1,22.6,29.0,17.0,0.0,0.0,12.4,30.2,39,22.18,41876.52,4.74,1,Delhi,28.6139,77.209,Delhi
2026-04-10,31.2,17.8,24.8,29.1,17.5,0.0,0.0,19.9,46.4,301,24.02,43200.0,6.78,0,Delhi,28.6139,77.209,Delhi
2026-04-11,32.9,21.7,27.6,32.1,20.7,0.0,0.0,14.3,39.2,315,21.17,42081.83,6.41,3,Delhi,28.6139,77.209,Delhi
2026-04-12,34.2,23.0,28.6,33.3,23.1,0.0,0.0,16.2,38.9,316,24.13,43180.61,6.9,1,Delhi,28.6139,77.209,Delhi
2026-04-13,34.6,21.8,28.6,32.6,21.1,0.0,0.0,14.9,39.2,295,24.4,43200.0,6.99,3,Delhi,28.6139,77.209,Delhi
2026-04-14,37.5,23.0,30.7,36.3,22.5,0.0,0.0,12.6,34.6,306,23.88,42860.73,6.72,1,Delhi,28.6139,77.209,Delhi
2026-04-15,38.7,23.7,31.7,36.7,22.8,0.0,0.0,14.7,37.8,306,24.57,43200.0,7.33,1,Delhi,28.6139,77.209,Delhi
2026-04-16,39.9,26.2,33.0,38.6,25.4,0.0,0.0,14.3,36.0,317,24.02,40178.39,6.56,3,Delhi,28.6139,77.209,Delhi
2026-04-17,40.2,26.3,32.5,38.2,25.4,0.0,0.0,14.8,39.6,159,18.32,40065.5,6.18,3,Delhi,28.6139,77.209,Delhi
2026-04-18,40.2,25.0,32.7,39.6,25.2,0.0,0.0,11.4,33.5,290,24.03,42982.39,6.57,3,Delhi,28.6139,77.209,Delhi
2026-04-19,40.1,26.0,33.5,39.2,25.4,0.0,0.0,18.1,46.1,287,21.47,38213.08,6.99,3,Delhi,28.6139,77.209,Delhi
2026-04-20,39.6,26.7,33.0,38.0,25.8,0.0,0.0,16.5,42.5,297,23.31,42690.62,7.79,3,Delhi,28.6139,77.209,Delhi
2026-04-21,38.6,26.0,32.8,36.3,23.3,0.0,0.0,18.9,47.9,286,24.39,42808.92,8.37,1,Delhi,28.6139,77.209,Delhi
2026-04-22,40.3,26.0,33.5,38.0,24.8,0.0,0.0,16.7,43.6,287,24.51,42753.96,7.88,3,Delhi,28.6139,77.209,Delhi
2026-04-23,41.2,27.9,34.2,40.3,25.0,0.0,0.0,12.6,34.9,262,24.33,42531.33,7.83,0,Delhi,28.6139,77.209,Delhi
2026-04-24,42.0,27.5,34.8,41.8,26.9,0.0,0.0,12.6,32.4,275,22.72,40140.38,6.78,3,Delhi,28.6139,77.209,Delhi
2026-04-25,42.3,29.1,35.7,40.9,28.7,0.0,0.0,17.9,45.7,301,20.88,38188.41,7.6,3,Delhi,28.6139,77.209,Delhi
2026-04-26,41.6,28.8,35.5,40.9,28.9,0.0,0.0,20.7,48.6,299,20.98,38986.18,7.64,3,Delhi,28.6139,77.209,Delhi
2026-04-27,42.2,28.6,35.6,41.7,28.6,0.0,0.0,21.6,59.4,291,23.3,41688.1,8.28,3,Delhi,28.6139,77.209,Delhi
2026-04-28,37.1,29.7,33.2,38.3,29.5,0.0,0.0,12.4,32.0,320,20.35,35455.47,6.27,3,Delhi,28.6139,77.209,Delhi
2026-04-29,37.1,27.0,31.9,38.3,28.9,0.0,0.0,11.5,31.3,76,20.36,34336.44,5.59,3,Delhi,28.6139,77.209,Delhi
2026-04-30,37.7,25.4,30.8,37.2,26.7,0.9,0.9,15.1,36.7,121,21.34,41415.23,6.21,53,Delhi,28.6139,77.209,Delhi
2026-05-01,36.6,23.1,29.2,38.7,24.3,0.0,0.0,12.3,29.9,118,23.38,41846.85,6.07,3,Delhi,28.6139,77.209,Delhi
2026-05-02,36.1,26.3,31.4,38.3,28.1,2.3,2.3,14.5,34.2,125,21.54,40279.77,6.28,61,Delhi,28.6139,77.209,Delhi
2026-05-03,34.8,25.8,30.6,36.2,26.4,0.0,0.0,15.9,43.6,111,20.79,40626.2,6.6,3,Delhi,28.6139,77.209,Delhi
2026-05-04,29.8,21.0,25.5,31.1,21.4,5.5,5.5,20.2,45.7,83,20.67,31280.86,5.04,61,Delhi,28.6139,77.209,Delhi
2026-05-05,30.5,22.6,26.0,32.6,24.7,1.3,1.3,14.2,41.0,90,19.09,40495.99,4.25,53,Delhi,28.6139,77.209,Delhi
2026-05-06,34.7,21.9,28.6,35.0,24.7,0.0,0.0,10.9,27.4,2,22.98,40915.8,5.63,1,Delhi,28.6139,77.209,Delhi
2026-05-07,30.5,23.0,27.1,31.1,22.8,0.1,0.1,19.2,47.9,112,20.1,40605.28,5.92,51,Delhi,28.6139,77.209,Delhi
2026-05-08,34.4,22.1,28.2,35.5,24.4,0.4,0.4,14.5,38.2,103,22.6,37404.08,6.09,51,Delhi,28.6139,77.209,Delhi
2026-05-09,35.5,24.8,30.3,37.5,26.3,0.0,0.0,11.9,28.4,93,22.49,41119.25,6.19,3,Delhi,28.6139,77.209,Delhi
2026-05-10,37.3,26.3,31.5,38.9,28.3,0.0,0.0,12.2,32.0,114,22.47,40660.38,6.4,2,Delhi,28.6139,77.209,Delhi
2026-05-11,37.7,27.3,32.5,39.4,29.0,0.0,0.0,10.0,27.0,115,19.95,35407.44,5.66,3,Delhi,28.6139,77.209,Delhi
2026-05-12,38.8,27.9,32.4,40.4,30.3,7.0,7.0,17.3,51.5,114,21.87,40629.63,6.77,63,Delhi,28.6139,77.209,Delhi
2026-05-13,39.1,26.7,32.7,41.0,29.3,0.3,0.3,11.7,29.2,111,23.69,42118.39,6.23,51,Delhi,28.6139,77.209,Delhi
2026-05-14,39.4,25.9,33.3,41.6,28.1,0.2,0.2,15.4,25.2,180,23.37,42081.81,6.42,51,Delhi,28.6139,77.209,Delhi
2026-05-15,40.0,28.6,34.4,39.4,29.7,0.0,0.0,16.8,42.5,308,23.5,41635.23,7.48,3,Delhi,28.6139,77.209,Delhi
2026-05-16,40.4,29.0,35.0,40.5,30.1,0.0,0.0,17.1,41.8,314,23.65,41875.57,7.65,1,Delhi,28.6139,77.209,Delhi
2026-05-17,41.3,29.9,36.2,40.9,30.3,0.1,0.1,21.5,49.0,302,23.58,41708.09,8.54,51,Delhi,28.6139,77.209,Delhi
2026-05-18,43.3,30.0,37.1,42.9,30.0,0.0,0.0,18.6,45.0,293,24.17,42212.15,8.57,1,Delhi,28.6139,77.209,Delhi
2026-05-19,44.4,31.1,38.2,43.0,30.5,0.0,0.0,16.1,41.4,283,24.92,42443.5,8.92,0,Delhi,28.6139,77.209,Delhi
2026-05-20,43.6,32.1,37.9,43.2,30.4,0.0,0.0,11.6,32.8,270,23.57,42632.95,8.12,1,Delhi,28.6139,77.209,Delhi
2026-05-21,42.8,33.2,37.8,42.1,32.0,0.0,0.0,18.8,46.8,270,24.59,42588.1,9.71,1,Delhi,28.6139,77.209,Delhi
2026-05-22,42.0,32.0,37.3,42.1,30.4,0.0,0.0,14.3,34.2,291,24.58,41506.78,8.77,1,Delhi,28.6139,77.209,Delhi
2026-05-23,41.3,31.6,36.7,39.7,31.9,0.0,0.0,18.1,46.4,298,22.82,42631.55,8.07,1,Delhi,28.6139,77.209,Delhi
2026-05-24,42.3,30.0,36.8,41.3,29.0,0.0,0.0,16.8,43.6,281,23.41,42205.85,7.79,1,Delhi,28.6139,77.209,Delhi
2026-05-25,43.0,32.8,37.9,43.6,30.3,0.0,0.0,16.5,41.8,277,23.22,42421.74,8.77,2,Delhi,28.6139,77.209,Delhi
2026-05-26,42.6,31.8,37.5,40.4,30.4,0.0,0.0,19.5,47.5,301,24.81,43284.28,8.52,0,Delhi,28.6139,77.209,Delhi
2026-05-27,43.4,31.4,37.9,41.6,30.0,0.0,0.0,19.1,42.1,298,25.28,43228.85,8.48,0,Delhi,28.6139,77.209,Delhi
2026-05-28,40.4,28.7,34.1,44.1,28.3,3.2,3.2,18.6,42.8,125,22.48,38266.67,6.9,55,Delhi,28.6139,77.209,Delhi
2026-05-29,33.8,26.0,30.1,37.2,28.0,1.0,1.0,15.5,41.4,126,20.71,37913.71,5.7,51,Delhi,28.6139,77.209,Delhi
2026-05-30,35.5,24.0,27.9,38.5,26.0,4.7,4.7,13.6,54.0,125,21.38,36097.92,5.43,63,Delhi,28.6139,77.209,Delhi
2026-05-31,33.1,23.3,27.5,36.3,25.4,0.8,0.8,12.9,37.4,119,22.56,40116.85,5.33,53,Delhi,28.6139,77.209,Delhi
2026-06-01,33.1,24.6,28.6,34.9,27.2,1.1,1.1,13.1,38.9,99,20.92,40855.38,4.99,53,Delhi,28.6139,77.209,Delhi
2026-06-02,36.5,24.4,30.7,38.0,27.7,1.0,1.0,10.8,27.4,127,22.47,39614.93,5.7,53,Delhi,28.6139,77.209,Delhi
2026-06-03,38.5,29.1,33.8,40.5,33.3,0.7,0.7,11.1,25.2,88,23.08,42228.87,6.14,51,Delhi,28.6139,77.209,Delhi
2026-06-04,39.5,28.1,32.9,41.7,29.1,0.6,0.6,14.8,46.1,220,21.42,39217.56,6.43,51,Delhi,28.6139,77.209,Delhi
2026-06-05,34.7,25.1,30.3,37.8,28.3,2.1,2.1,13.9,30.2,5,16.9,32146.26,4.36,55,Delhi,28.6139,77.209,Delhi
2026-06-06,40.3,28.5,34.1,42.5,33.1,0.0,0.0,12.5,32.4,240,22.7,40902.7,6.36,2,Delhi,28.6139,77.209,Delhi
2026-06-07,40.4,28.9,33.4,43.1,30.6,0.4,0.4,20.9,50.8,271,21.22,37883.04,6.56,51,Delhi,28.6139,77.209,Delhi
2026-06-08,42.1,29.9,36.5,42.1,31.3,0.0,0.0,17.6,39.2,281,23.52,42526.09,8.2,2,Delhi,28.6139,77.209,Delhi
2026-06-09,43.0,31.6,37.4,43.4,31.6,0.0,0.0,18.7,43.6,276,24.09,42967.12,8.48,1,Delhi,28.6139,77.209,Delhi
2026-06-10,43.6,31.3,37.9,43.5,32.4,0.4,0.4,14.8,37.8,258,23.5,42185.45,8.02,51,Delhi,28.6139,77.209,Delhi
2026-06-11,36.8,27.4,33.8,40.9,30.7,0.2,0.2,19.8,45.4,123,23.55,39970.37,7.14,51,Delhi,28.6139,77.209,Delhi
2026-06-12,32.6,23.3,27.4,36.3,25.6,8.1,8.1,19.6,41.8,97,22.56,36679.38,5.18,63,Delhi,28.6139,77.209,Delhi
2026-06-13,33.7,24.8,28.7,38.4,28.5,0.7,0.7,8.3,25.9,127,20.26,37255.07,4.51,53,Delhi,28.6139,77.209,Delhi
2026-06-14,36.8,26.0,31.3,41.3,29.6,0.5,0.5,10.8,27.7,267,22.83,42907.0,5.54,51,Delhi,28.6139,77.209,Delhi
2026-06-15,36.3,26.5,30.3,39.7,28.8,1.3,1.3,18.8,53.3,287,21.45,35674.02,5.76,53,Delhi,28.6139,77.209,Delhi
2026-06-16,32.3,25.2,28.2,34.8,28.9,0.6,0.6,17.5,38.2,264,14.53,27973.04,3.68,53,Delhi,28.6139,77.209,Delhi
2026-06-17,37.3,24.7,31.4,40.4,27.8,0.0,0.0,11.6,27.7,279,24.17,42736.71,6.02,3,Delhi,28.6139,77.209,Delhi
2026-06-18,39.4,29.5,34.6,41.8,33.7,0.1,0.1,15.3,38.5,290,23.35,42607.48,7.13,51,Delhi,28.6139,77.209,Delhi
2026-06-19,38.1,28.2,33.9,40.8,30.6,0.0,0.0,13.5,37.1,286,23.08,42591.28,7.15,3,Delhi,28.6139,77.209,Delhi
2026-06-20,38.1,30.7,34.3,40.7,33.0,0.5,0.5,14.9,42.5,280,23.23,40342.21,7.02,51,Delhi,28.6139,77.209,Delhi
2026-06-21,38.5,30.1,34.1,39.4,32.2,0.0,0.0,13.0,31.0,272,15.45,25354.26,5.84,3,Delhi,28.6139,77.209,Delhi
2026-06-22,36.7,28.5,33.1,38.8,30.5,0.4,0.4,14.8,37.8,292,17.36,28526.41,6.0,51,Delhi,28.6139,77.209,Delhi
2026-06-23,38.7,30.3,33.4,40.8,33.2,1.4,1.4,17.8,45.7,274,21.14,36141.41,6.01,53,Delhi,28.6139,77.209,Delhi
2026-06-24,38.1,28.6,32.5,40.3,30.3,0.6,0.6,21.3,43.9,237,20.37,39546.99,5.71,51,Delhi,28.6139,77.209,Delhi
2026-06-25,39.0,30.2,34.5,42.4,33.0,0.8,0.8,10.9,27.4,225,22.12,41258.9,5.8,51,Delhi,28.6139,77.209,Delhi
2026-06-26,40.7,29.8,35.0,45.3,34.3,1.2,1.2,7.4,30.6,249,22.56,40210.2,5.88,53,Delhi,28.6139,77.209,Delhi
2026-06-27,40.1,26.8,35.5,44.7,32.3,1.0,1.0,12.8,28.4,263,23.57,42715.51,6.24,53,Delhi,28.6139,77.209,Delhi
2026-06-28,41.9,29.5,36.7,46.2,33.9,1.0,1.0,14.3,35.3,276,23.52,42926.74,7.11,53,Delhi,28.6139,77.209,Delhi
2026-06-29,41.7,32.1,37.1,44.8,35.8,1.4,1.4,13.7,37.8,263,22.79,42703.05,7.2,55,Delhi,28.6139,77.209,Delhi
2026-06-30,39.5,28.9,34.2,42.8,33.4,4.4,4.4,14.4,37.8,191,15.31,28344.66,5.4,61,Delhi,28.6139,77.209,Delhi
2026-07-01,32.7,26.9,30.2,37.9,31.8,1.8,1.8,13.8,32.0,112,13.84,21214.78,3.64,53,Delhi,28.6139,77.209,Delhi
2026-07-02,31.5,25.9,28.9,37.1,31.7,6.8,6.8,7.4,21.2,69,12.77,23135.38,3.02,63,Delhi,28.6139,77.209,Delhi
2026-07-03,34.5,27.0,31.1,40.0,33.1,0.5,0.5,7.9,24.8,125,16.93,27531.3,4.12,51,Delhi,28.6139,77.209,Delhi
2026-07-04,36.5,29.2,32.2,42.1,36.0,1.4,1.4,6.8,20.9,97,18.13,36033.88,4.35,51,Delhi,28.6139,77.209,Delhi
2026-07-05,34.5,28.8,31.3,42.4,35.9,3.7,3.7,8.8,26.3,90,18.75,39542.4,4.37,63,Delhi,28.6139,77.209,Delhi
2026-07-06,36.7,26.8,32.1,43.7,33.3,0.5,0.5,7.3,20.2,115,22.06,37643.21,5.11,51,Delhi,28.6139,77.209,Delhi
2026-07-07,32.8,26.5,29.4,40.2,32.5,8.4,8.4,9.8,23.0,104,16.51,26882.11,3.67,63,Delhi,28.6139,77.209,Delhi
2026-07-08,29.3,26.1,27.2,34.9,31.8,11.8,11.8,10.8,25.2,36,9.3,2311.45,2.09,61,Delhi,28.6139,77.209,Delhi
2026-07-09,29.2,25.0,26.4,33.8,29.0,99.8,99.8,18.9,38.2,343,7.02,4915.82,1.69,65,Delhi,28.6139,77.209,Delhi
2026-07-10,33.0,25.5,29.3,39.5,31.0,0.6,0.6,11.5,37.8,313,22.6,42316.66,4.92,51,Delhi,28.6139,77.209,Delhi
2026-07-11,34.3,27.4,30.8,41.1,34.1,0.3,0.3,11.8,28.4,265,21.17,39945.97,4.85,51,Delhi,28.6139,77.209,Delhi
2026-07-12,35.0,28.7,31.8,41.6,34.1,1.5,1.5,12.3,29.5,265,23.17,41145.17,5.62,53,Delhi,28.6139,77.209,Delhi
2026-07-13,35.8,28.4,32.1,41.8,32.7,0.1,0.1,13.7,29.5,266,23.7,41089.22,6.02,51,Delhi,28.6139,77.209,Delhi
2026-07-14,36.2,26.1,30.8,41.7,29.5,2.3,2.3,19.6,38.2,256,22.85,37475.18,5.59,55,Delhi,28.6139,77.209,Delhi
2026-07-15,36.3,25.4,31.0,41.1,30.6,3.4,3.4,9.7,26.3,227,22.63,39600.0,5.66,61,Delhi,28.6139,77.209,Delhi
2026-07-16,37.3,29.8,33.9,41.4,33.5,0.0,0.0,12.6,34.2,288,24.17,43200.0,6.55,3,Delhi,28.6139,77.209,Delhi
2026-07-17,37.4,30.7,34.1,41.2,36.5,0.3,0.3,12.1,33.1,283,21.95,36866.39,5.92,51,Delhi,28.6139,77.209,Delhi
2026-07-18,36.3,31.0,33.6,40.5,34.5,0.0,0.0,14.9,35.3,274,16.53,25305.12,4.99,3,Delhi,28.6139,77.209,Delhi
2026-07-19,36.6,29.8,32.6,41.2,35.1,3.7,3.7,11.2,30.2,206,14.45,13355.82,4.11,61,Delhi,28.6139,77.209,Delhi
2026-07-20,31.7,26.5,28.7,38.3,32.7,31.9,31.9,11.5,29.5,182,12.77,17381.02,2.86,63,Delhi,28.6139,77.209,Delhi
2026-07-21,29.9,25.7,27.4,36.4,31.2,14.7,14.7,12.2,28.1,94,9.54,3101.56,2.13,63,Delhi,28.6139,77.209,Delhi
2026-07-22,31.8,25.8,28.5,38.0,30.7,5.7,5.7,16.5,38.2,104,21.08,37629.05,4.57,55,Delhi,28.6139,77.209,Delhi
2026-07-23,32.2,26.1,28.8,37.8,31.7,9.8,9.8,15.0,37.4,104,22.04,40802.54,4.85,63,Delhi,28.6139,77.209,Delhi
2026-07-24,31.0,25.8,28.5,37.4,30.8,8.5,8.5,14.7,36.7,103,18.22,38543.2,4.01,63,Delhi,28.6139,77.209,Delhi
2026-07-25,32.3,27.4,29.2,38.0,32.5,2.3,2.3,12.6,33.1,111,18.99,36855.04,4.44,51,Delhi,28.6139,77.209,Delhi
2026-07-26,33.7,27.3,30.6,41.2,33.5,1.4,1.4,9.6,19.1,105,20.91,38689.83,4.62,51,Delhi,28.6139,77.209,Delhi
2026-07-27,35.3,29.2,31.6,42.2,35.0,0.6,0.6,11.6,28.4,183,19.58,28997.27,4.53,51,Delhi,28.6139,77.209,Delhi
2026-07-28,31.0,26.1,27.9,37.3,31.9,19.5,19.5,13.3,34.2,137,6.44,2465.65,1.5,63,Delhi,28.6139,77.209,Delhi
2026-07-29,32.5,26.3,29.3,40.2,33.0,5.8,5.8,7.0,16.2,121,17.38,33943.34,3.79,61,Delhi,28.6139,77.209,Delhi
2026-07-30,33.2,25.5,29.6,39.8,31.9,10.8,10.8,13.0,31.7,105,21.4,41477.11,4.74,63,Delhi,28.6139,77.209,Delhi
2026-07-31,32.5,27.9,29.6,38.0,33.0,4.9,4.9,14.4,37.4,98,18.93,37182.33,4.45,61,Delhi,28.6139,77.209,Delhi
2026-08-01,32.4,26.7,29.2,38.8,32.3,5.5,5.5,12.5,34.9,94,19.29,30773.21,4.35,63,Delhi,28.6139,77.209,Delhi
2026-08-02,33.7,26.6,29.0,40.6,31.8,4.8,4.8,12.0,29.9,102,21.31,36133.32,4.66,53,Delhi,28.6139,77.209,Delhi
2026-08-03,33.4,26.9,29.1,41.4,33.7,14.3,14.3,11.9,31.0,127,17.15,20553.62,3.78,63,Delhi,28.6139,77.209,Delhi
2026-08-04,29.5,26.3,27.5,36.9,32.6,13.6,13.6,8.7,18.0,129,10.07,2828.51,2.14,61,Delhi,28.6139,77.209,Delhi
2026-08-05,32.5,26.2,28.8,38.7,32.9,1.9,1.9,7.7,22.3,293,15.35,24210.18,3.43,55,Delhi,28.6139,77.209,Delhi
2026-08-06,27.8,26.7,27.2,35.7,32.4,12.8,12.8,8.4,19.8,38,6.07,302.77,1.46,63,Delhi,28.6139,77.209,Delhi
2026-08-07,29.1,25.4,26.5,34.5,30.4,58.3,58.3,14.4,32.8,37,7.29,4553.89,1.58,65,Delhi,28.6139,77.209,Delhi
2026-08-08,32.1,24.6,28.3,38.4,29.8,28.9,28.9,15.8,42.1,93,19.02,34763.68,4.01,63,Delhi,28.6139,77.209,Delhi
2026-08-09,33.8,25.1,29.9,41.5,31.0,3.0,3.0,8.4,24.8,107,22.54,41459.12,4.9,53,Delhi,28.6139,77.209,Delhi
2026-08-10,33.2,26.5,28.7,41.1,32.6,7.7,7.7,10.8,28.1,84,17.88,23997.65,3.87,63,Delhi,28.6139,77.209,Delhi
2026-08-11,30.4,26.7,28.5,38.0,32.7,12.5,12.5,9.7,21.6,114,13.03,19595.46,2.8,63,Delhi,28.6139,77.209,Delhi
2026-08-12,34.4,27.2,30.1,42.5,34.3,2.0,2.0,11.1,25.9,257,22.29,41486.99,4.85,53,Delhi,28.6139,77.209,Delhi
2026-08-13,33.6,26.4,30.2,42.4,32.5,2.6,2.6,9.2,23.4,259,21.57,38226.62,4.69,55,Delhi,28.6139,77.209,Delhi
2026-08-14,30.9,27.0,28.8,38.8,34.1,11.6,11.6,6.0,14.8,185,11.78,4852.62,2.6,63,Delhi,28.6139,77.209,Delhi
2026-08-15,32.5,26.5,29.3,40.3,32.9,4.5,4.5,8.5,26.6,276,18.03,30586.17,3.93,55,Delhi,28.6139,77.209,Delhi
2026-08-16,33.3,26.2,30.1,40.2,32.3,4.9,4.9,10.4,24.1,266,18.88,36627.89,4.36,63,Delhi,28.6139,77.209,Delhi
2026-08-17,33.0,27.3,29.1,40.3,32.6,4.5,4.5,11.7,28.1,266,21.69,39600.0,4.74,61,Delhi,28.6139,77.209,Delhi
2026-08-18,33.1,25.5,29.6,39.9,30.4,3.0,3.0,9.6,22.0,256,21.13,39983.08,4.72,55,Delhi,28.6139,77.209,Delhi
2026-08-19,33.2,26.9,29.3,39.5,33.6,5.2,5.2,7.5,20.5,299,20.92,38266.16,4.53,63,Delhi,28.6139,77.209,Delhi
2026-08-20,33.2,26.8,28.9,39.6,33.0,4.5,4.5,7.5,18.4,265,15.52,26160.58,3.44,61,Delhi,28.6139,77.209,Delhi
2026-08-21,33.6,27.1,30.2,40.0,33.4,0.9,0.9,11.1,28.4,294,21.8,40939.3,4.95,53,Delhi,28.6139,77.209,Delhi
2026-08-22,33.3,25.0,29.0,39.2,30.6,8.0,8.0,10.0,30.6,257,19.1,39824.02,4.27,63,Delhi,28.6139,77.209,Delhi
2026-08-23,32.7,24.7,29.3,38.8,29.8,8.2,8.2,10.4,29.9,284,20.03,40389.52,4.33,63,Delhi,28.6139,77.209,Delhi
2026-08-24,31.7,24.6,28.7,38.3,30.5,6.9,6.9,10.8,29.2,263,13.35,21706.7,2.98,63,Delhi,28.6139,77.209,Delhi
2026-08-25,32.6,26.2,28.9,38.7,33.1,3.4,3.4,7.3,15.5,152,15.5,23616.14,3.38,55,Delhi,28.6139,77.209,Delhi
2026-08-26,32.3,26.1,28.6,39.5,32.6,13.5,13.5,8.2,19.1,210,15.94,32400.0,3.44,65,Delhi,28.6139,77.209,Delhi
2026-08-27,34.4,27.4,29.9,40.3,33.9,0.0,0.0,9.0,23.0,206,16.21,33948.62,3.71,3,Delhi,28.6139,77.209,Delhi
2026-08-28,34.2,26.2,30.5,39.3,30.9,0.5,0.5,13.9,28.1,283,21.22,41093.57,5.02,53,Delhi,28.6139,77.209,Delhi
2026-08-29,34.9,27.8,31.0,40.6,32.1,0.0,0.0,12.6,31.3,265,22.3,41728.77,5.42,3,Delhi,28.6139,77.209,Delhi
2026-08-30,34.0,27.9,30.9,38.3,32.0,0.2,0.2,10.8,27.4,251,15.88,31465.19,4.27,51,Delhi,28.6139,77.209,Delhi
2026-08-31,34.4,27.8,31.0,39.0,31.0,0.7,0.7,12.6,31.0,268,17.81,38241.78,4.81,51,Delhi,28.6139,77.209,Delhi
2026-09-01,34.3,27.3,30.3,39.6,31.7,3.9,3.9,10.4,25.9,294,18.86,38871.49,4.52,61,Delhi,28.6139,77.209,Delhi
2026-09-02,32.5,26.1,28.0,38.7,31.8,13.6,13.6,9.3,24.8,57,14.1,31941.09,3.16,65,Delhi,28.6139,77.209,Delhi
2026-09-03,31.8,25.6,28.3,37.9,31.4,3.5,3.5,9.5,27.7,93,19.41,37740.88,4.16,53,Delhi,28.6139,77.209,Delhi
2026-09-04,30.2,25.8,27.8,36.3,31.4,13.3,13.3,9.1,25.6,70,15.53,31093.96,3.29,63,Delhi,28.6139,77.209,Delhi
2026-09-05,27.9,25.1,26.4,34.1,30.3,23.5,23.5,13.1,28.1,52,7.21,345.84,1.59,63,Delhi,28.6139,77.209,Delhi
2026-09-06,27.6,24.1,25.7,32.9,28.8,18.1,18.1,12.4,25.2,23,6.18,0.0,1.33,63,Delhi,28.6139,77.209,Delhi
2026-09-07,32.4,24.3,28.3,38.8,29.4,0.9,0.9,9.2,25.9,310,20.4,40475.77,4.38,53,Delhi,28.6139,77.209,Delhi
2026-09-08,32.4,25.2,28.9,37.6,29.5,1.3,1.3,12.8,32.0,272,20.44,42115.55,4.57,53,Delhi,28.6139,77.209,Delhi
2026-09-09,33.5,26.4,29.8,37.9,30.2,0.0,0.0,13.8,32.4,277,20.78,41501.01,5.04,1,Delhi,28.6139,77.209,Delhi
2026-09-10,34.4,26.6,30.3,38.8,31.1,0.0,0.0,11.5,29.5,298,20.98,42303.45,5.1,2,Delhi,28.6139,77.209,Delhi
2026-09-11,31.1,26.5,28.4,38.0,32.5,8.7,8.7,14.1,33.1,83,17.4,39520.71,3.67,63,Delhi,28.6139,77.209,Delhi
