time,temperature_2m_max,temperature_2m_min,temperature_2m_mean,apparent_temperature_max,apparent_temperature_min,precipitation_sum,rain_sum,windspeed_10m_max,windgusts_10m_max,winddirection_10m_dominant,shortwave_radiation_sum,sunshine_duration,et0_fao_evapotranspiration,weathercode,city,latitude,longitude,region
2023-09-11,29.4,23.2,25.9,32.0,25.6,0.0,0.0,22.1,40.7,287,17.41,30602.16,3.98,3,Hyderabad,17.385,78.4867,Telangana
2023-09-12,29.6,22.6,25.7,33.5,23.8,0.2,0.2,20.8,42.8,285,18.97,27776.45,4.3,51,Hyderabad,17.385,78.4867,Telangana
2023-09-13,29.9,22.9,25.8,33.3,24.7,0.2,0.2,18.0,38.9,284,22.99,38215.17,5.06,51,Hyderabad,17.385,78.4867,Telangana
2023-09-14,28.5,23.8,25.6,31.7,25.4,0.1,0.1,20.8,38.2,282,13.55,14633.22,3.47,51,Hyderabad,17.385,78.4867,Telangana
2023-09-15,29.8,23.6,26.1,31.6,25.3,0.1,0.1,21.7,41.4,269,20.58,39689.36,4.86,51,Hyderabad,17.385,78.4867,Telangana
2023-09-16,29.6,23.6,26.0,32.6,25.1,1.1,1.1,23.0,43.2,262,20.4,41159.41,4.63,53,Hyderabad,17.385,78.4867,Telangana
2023-09-17,29.7,22.8,25.9,32.2,24.8,0.1,0.1,20.5,40.0,265,19.02,39967.36,4.3,51,Hyderabad,17.385,78.4867,Telangana
2023-09-18,30.8,23.2,26.5,35.1,24.9,0.7,0.7,16.3,33.1,273,23.38,40967.06,5.23,53,Hyderabad,17.385,78.4867,Telangana
2023-09-19,31.3,23.4,26.7,35.5,25.4,0.0,0.0,17.3,35.3,280,23.5,40510.24,5.27,3,Hyderabad,17.385,78.4867,Telangana
2023-09-20,31.0,24.1,26.6,35.6,25.8,3.2,3.2,19.3,37.8,279,20.21,30302.92,4.63,63,Hyderabad,17.385,78.4867,Telangana
2023-09-21,29.6,23.0,25.6,33.8,26.8,3.8,3.8,14.0,27.7,282,14.11,18220.66,3.16,53,Hyderabad,17.385,78.4867,Telangana
2023-09-22,29.1,22.7,25.1,34.5,26.5,1.9,1.9,15.2,28.1,277,16.47,26005.58,3.44,53,Hyderabad,17.385,78.4867,Telangana
2023-09-23,29.4,22.7,25.4,34.1,26.3,8.2,8.2,13.0,29.5,278,18.01,33652.89,3.72,63,Hyderabad,17.385,78.4867,Telangana
2023-09-24,28.4,22.1,24.9,33.0,25.9,3.1,3.1,15.7,31.0,283,14.41,18046.01,3.07,53,Hyderabad,17.385,78.4867,Telangana
2023-09-25,29.1,22.5,24.8,33.3,25.6,3.3,3.3,16.6,31.0,296,16.07,22392.14,3.31,61,Hyderabad,17.385,78.4867,Telangana
2023-09-26,30.0,22.4,25.4,36.2,26.0,7.7,7.7,10.5,20.2,277,20.33,36125.73,4.16,63,Hyderabad,17.385,78.4867,Telangana
2023-09-27,30.1,22.2,25.6,36.4,26.3,5.7,5.7,8.9,19.4,278,18.53,37365.88,3.79,63,Hyderabad,17.385,78.4867,Telangana
2023-09-28,30.9,22.2,25.6,37.7,26.3,17.0,17.0,11.0,24.5,285,20.48,36793.99,4.19,63,Hyderabad,17.385,78.4867,Telangana
2023-09-29,30.2,22.4,25.4,36.4,26.0,30.9,30.9,12.4,25.9,261,20.48,37092.02,4.15,65,Hyderabad,17.385,78.4867,Telangana
2023-09-30,30.0,21.9,25.5,34.2,24.6,1.9,1.9,16.9,29.2,259,20.42,38553.52,4.16,53,Hyderabad,17.385,78.4867,Telangana
2023-10-01,30.2,22.6,25.6,34.7,25.4,6.9,6.9,17.5,34.6,255,20.46,39189.5,4.32,63,Hyderabad,17.385,78.4867,Telangana
2023-10-02,30.5,22.8,26.2,34.1,26.0,0.8,0.8,15.3,32.4,279,17.5,38879.54,4.03,51,Hyderabad,17.385,78.4867,Telangana
2023-10-03,31.4,24.6,27.0,34.2,26.5,0.0,0.0,17.7,38.9,300,22.12,39600.0,5.12,3,Hyderabad,17.385,78.4867,Telangana
2023-10-04,31.4,23.2,26.8,33.9,24.3,0.0,0.0,13.4,28.8,327,20.15,37663.37,4.98,3,Hyderabad,17.385,78.4867,Telangana
2023-10-05,31.5,21.5,25.7,33.4,22.0,0.0,0.0,13.7,28.4,315,22.97,39706.45,5.49,3,Hyderabad,17.385,78.4867,Telangana
2023-10-06,31.6,20.9,25.3,33.4,21.3,0.0,0.0,17.3,35.3,315,23.67,39729.89,5.55,3,Hyderabad,17.385,78.4867,Telangana
2023-10-07,31.9,20.8,25.8,33.8,22.0,0.0,0.0,14.8,31.7,346,22.63,39600.0,5.42,3,Hyderabad,17.385,78.4867,Telangana
2023-10-08,31.9,19.9,26.0,34.1,21.9,0.0,0.0,10.0,23.0,355,20.84,39600.0,4.86,2,Hyderabad,17.385,78.4867,Telangana
2023-10-09,32.6,20.8,26.6,34.8,23.4,0.0,0.0,14.3,24.8,337,20.3,39600.0,4.76,3,Hyderabad,17.385,78.4867,Telangana
2023-10-10,32.0,21.7,25.9,35.5,23.6,24.6,24.6,12.2,23.0,54,21.02,39600.0,4.68,65,Hyderabad,17.385,78.4867,Telangana
2023-10-11,33.4,20.6,26.6,35.8,23.7,0.0,0.0,13.9,25.9,49,20.91,39600.0,5.01,3,Hyderabad,17.385,78.4867,Telangana
2023-10-12,32.6,21.6,26.7,34.8,23.6,0.0,0.0,11.8,27.0,86,20.8,39627.18,5.2,3,Hyderabad,17.385,78.4867,Telangana
2023-10-13,32.4,21.2,26.6,34.5,22.6,0.0,0.0,11.2,25.9,78,21.46,39600.0,5.09,3,Hyderabad,17.385,78.4867,Telangana
2023-10-14,32.0,22.7,26.9,34.6,24.8,0.0,0.0,11.3,26.3,82,21.69,39600.0,5.13,3,Hyderabad,17.385,78.4867,Telangana
2023-10-15,32.3,21.6,26.7,35.0,23.9,0.0,0.0,10.3,21.2,51,20.76,39600.0,4.91,2,Hyderabad,17.385,78.4867,Telangana
2023-10-16,31.0,22.4,26.6,33.5,24.1,0.8,0.8,9.8,24.1,85,20.46,39600.0,4.68,51,Hyderabad,17.385,78.4867,Telangana
2023-10-17,31.4,21.5,26.4,34.1,23.6,0.2,0.2,9.7,22.0,67,21.15,39600.0,4.89,51,Hyderabad,17.385,78.4867,Telangana
2023-10-18,31.4,22.0,26.1,33.2,23.9,0.1,0.1,11.9,27.4,45,21.34,39600.0,4.94,51,Hyderabad,17.385,78.4867,Telangana
2023-10-19,32.6,20.1,26.3,34.5,22.0,0.0,0.0,16.2,29.9,31,20.4,39600.0,5.09,3,Hyderabad,17.385,78.4867,Telangana
2023-10-20,32.3,20.7,26.4,33.7,22.5,0.0,0.0,12.4,24.1,45,21.07,39600.0,5.28,0,Hyderabad,17.385,78.4867,Telangana
2023-10-21,31.1,20.8,25.7,33.5,22.8,0.0,0.0,12.2,25.9,54,21.12,39600.0,5.07,2,Hyderabad,17.385,78.4867,Telangana
2023-10-22,31.5,20.2,25.2,31.6,19.4,0.0,0.0,18.9,34.9,34,22.03,39600.0,5.78,3,Hyderabad,17.385,78.4867,Telangana
2023-10-23,30.7,18.4,24.3,30.7,17.7,0.0,0.0,16.9,34.2,15,22.55,39600.0,5.65,3,Hyderabad,17.385,78.4867,Telangana
2023-10-24,30.7,16.6,23.7,30.3,16.6,0.0,0.0,16.3,34.2,11,22.53,39600.0,5.58,3,Hyderabad,17.385,78.4867,Telangana
2023-10-25,30.9,17.1,23.9,31.1,16.6,0.0,0.0,14.9,31.7,15,22.35,39600.0,5.58,2,Hyderabad,17.385,78.4867,Telangana
2023-10-26,30.2,17.3,23.6,30.0,15.7,0.0,0.0,15.8,32.8,26,22.35,39600.0,5.7,1,Hyderabad,17.385,78.4867,Telangana
2023-10-27,30.6,16.6,23.9,29.9,15.1,0.0,0.0,17.6,34.9,31,22.38,39600.0,5.84,1,Hyderabad,17.385,78.4867,Telangana
2023-10-28,30.9,17.0,24.4,34.0,16.3,0.1,0.1,14.0,26.6,65,20.58,39600.0,4.68,51,Hyderabad,17.385,78.4867,Telangana
2023-10-29,31.1,20.2,25.1,33.8,22.9,1.8,1.8,10.4,25.6,91,20.3,39600.0,4.37,53,Hyderabad,17.385,78.4867,Telangana
2023-10-30,29.6,19.9,24.5,32.9,22.4,0.3,0.3,12.2,24.8,118,19.38,39600.0,4.08,51,Hyderabad,17.385,78.4867,Telangana
2023-10-31,29.9,20.2,24.8,33.0,22.9,0.0,0.0,11.8,25.2,93,19.55,37246.74,4.3,3,Hyderabad,17.385,78.4867,Telangana
2023-11-01,30.7,20.1,24.8,33.7,22.0,0.0,0.0,8.9,21.6,61,19.65,39600.0,4.35,3,Hyderabad,17.385,78.4867,Telangana
2023-11-02,30.5,19.9,24.5,34.1,22.5,4.5,4.5,18.4,30.2,92,18.49,37682.41,4.04,61,Hyderabad,17.385,78.4867,Telangana
2023-11-03,30.8,20.4,24.7,34.7,23.6,1.9,1.9,11.8,26.3,83,17.38,37125.14,3.69,53,Hyderabad,17.385,78.4867,Telangana
2023-11-04,30.0,20.4,25.0,33.4,23.4,1.7,1.7,12.7,27.4,79,17.55,36000.0,3.86,55,Hyderabad,17.385,78.4867,Telangana
2023-11-05,30.1,20.1,25.0,32.9,23.2,0.0,0.0,12.8,25.6,90,18.23,32500.06,4.19,3,Hyderabad,17.385,78.4867,Telangana
2023-11-06,30.2,21.3,24.5,32.7,24.7,6.5,6.5,13.8,31.0,101,16.36,35178.08,3.5,61,Hyderabad,17.385,78.4867,Telangana
2023-11-07,29.5,21.0,24.0,32.5,24.5,8.3,8.3,14.2,30.6,93,15.95,34487.92,3.39,63,Hyderabad,17.385,78.4867,Telangana
2023-11-08,29.6,21.2,24.1,33.1,24.6,9.0,9.0,11.2,24.1,107,16.16,33958.24,3.33,63,Hyderabad,17.385,78.4867,Telangana
2023-11-09,28.9,20.9,24.3,31.2,24.4,0.0,0.0,11.3,26.3,107,16.6,30387.18,3.58,3,Hyderabad,17.385,78.4867,Telangana
2023-11-10,29.4,20.7,24.5,31.6,22.5,0.0,0.0,11.1,25.6,104,19.48,39600.0,4.24,3,Hyderabad,17.385,78.4867,Telangana
2023-11-11,29.7,19.1,24.2,31.0,20.8,0.0,0.0,10.5,24.5,95,20.02,39600.0,4.39,3,Hyderabad,17.385,78.4867,Telangana
2023-11-12,30.7,19.9,24.8,32.4,21.8,0.0,0.0,11.8,26.6,69,19.92,39600.0,4.51,3,Hyderabad,17.385,78.4867,Telangana
2023-11-13,30.0,18.8,24.4,32.2,19.5,0.0,0.0,9.4,23.8,70,19.77,39600.0,4.31,3,Hyderabad,17.385,78.4867,Telangana
2023-11-14,29.7,19.2,24.2,32.0,21.2,0.0,0.0,9.7,21.6,71,17.88,36305.58,3.94,3,Hyderabad,17.385,78.4867,Telangana
2023-11-15,29.4,18.5,23.8,31.1,19.9,0.0,0.0,11.3,23.4,40,19.55,39600.0,4.4,3,Hyderabad,17.385,78.4867,Telangana
2023-11-16,29.5,18.8,23.6,31.0,19.2,0.0,0.0,10.7,25.2,24,20.11,39600.0,4.65,3,Hyderabad,17.385,78.4867,Telangana
2023-11-17,29.8,18.2,23.6,32.5,18.9,0.0,0.0,9.6,17.6,57,19.86,39600.0,4.33,3,Hyderabad,17.385,78.4867,Telangana
2023-11-18,29.7,18.5,24.0,32.3,20.0,0.0,0.0,10.7,25.9,91,19.64,39600.0,4.28,3,Hyderabad,17.385,78.4867,Telangana
2023-11-19,29.8,18.9,24.0,31.2,20.8,0.0,0.0,13.4,29.5,102,18.85,39600.0,4.21,3,Hyderabad,17.385,78.4867,Telangana
2023-11-20,29.9,18.5,24.0,31.1,19.4,0.0,0.0,10.7,25.2,46,17.18,39215.31,4.12,3,Hyderabad,17.385,78.4867,Telangana
2023-11-21,28.8,19.5,24.2,30.8,22.0,0.9,0.9,12.9,27.7,83,15.96,39600.0,3.65,51,Hyderabad,17.385,78.4867,Telangana
2023-11-22,29.0,19.5,24.2,31.4,22.1,0.9,0.9,11.6,27.4,97,15.69,33665.63,3.45,51,Hyderabad,17.385,78.4867,Telangana
2023-11-23,27.6,20.3,23.3,29.3,23.5,1.2,1.2,17.7,33.8,104,12.4,26849.01,2.7,51,Hyderabad,17.385,78.4867,Telangana
2023-11-24,27.1,20.5,23.0,29.2,23.0,7.2,7.2,16.4,34.2,113,11.44,29797.66,2.46,63,Hyderabad,17.385,78.4867,Telangana
2023-11-25,28.6,19.8,23.6,30.4,22.2,0.0,0.0,17.1,34.6,103,17.47,38407.35,3.77,3,Hyderabad,17.385,78.4867,Telangana
2023-11-26,28.4,20.7,23.9,30.1,22.4,0.2,0.2,16.0,33.5,113,15.12,35005.61,3.5,51,Hyderabad,17.385,78.4867,Telangana
2023-11-27,29.0,19.7,23.9,30.1,21.6,0.0,0.0,13.8,30.2,129,17.7,39520.33,3.99,3,Hyderabad,17.385,78.4867,Telangana
2023-11-28,29.5,20.1,23.5,31.6,22.4,5.9,5.9,14.1,30.6,134,16.79,35568.03,3.62,63,Hyderabad,17.385,78.4867,Telangana
2023-11-29,28.9,20.0,23.9,29.9,22.5,0.8,0.8,15.5,30.2,113,17.66,36000.0,4.08,53,Hyderabad,17.385,78.4867,Telangana
2023-11-30,29.3,20.2,24.1,30.7,22.6,0.0,0.0,15.6,32.0,122,16.93,35893.19,3.96,3,Hyderabad,17.385,78.4867,Telangana
2023-12-01,29.2,19.2,23.4,29.1,21.2,0.0,0.0,14.4,31.0,110,18.85,39378.53,4.27,3,Hyderabad,17.385,78.4867,Telangana
2023-12-02,29.7,17.9,23.7,30.1,19.2,0.0,0.0,14.8,31.0,90,18.59,39343.55,4.35,3,Hyderabad,17.385,78.4867,Telangana
2023-12-03,30.2,19.4,24.5,30.9,20.7,0.0,0.0,16.5,33.8,71,17.43,39308.9,4.25,3,Hyderabad,17.385,78.4867,Telangana
2023-12-04,28.0,20.8,23.8,28.1,22.1,1.0,1.0,18.2,34.9,55,9.92,15028.11,2.94,53,Hyderabad,17.385,78.4867,Telangana
2023-12-05,25.5,20.6,22.2,25.7,21.7,6.2,6.2,24.2,46.4,17,7.18,4295.1,1.93,63,Hyderabad,17.385,78.4867,Telangana
2023-12-06,28.8,19.5,22.7,30.6,20.6,3.1,3.1,17.7,34.9,333,15.12,33376.92,3.31,55,Hyderabad,17.385,78.4867,Telangana
2023-12-07,27.9,18.6,22.3,29.7,20.5,0.0,0.0,11.4,27.0,333,15.85,37608.62,3.23,3,Hyderabad,17.385,78.4867,Telangana
2023-12-08,28.2,16.7,22.2,30.7,18.1,0.0,0.0,11.3,20.9,27,17.13,39134.31,3.57,3,Hyderabad,17.385,78.4867,Telangana
2023-12-09,28.6,17.2,22.7,30.5,18.5,0.0,0.0,9.0,22.0,44,17.1,39098.49,3.68,3,Hyderabad,17.385,78.4867,Telangana
2023-12-10,28.4,16.8,22.1,29.0,17.3,0.0,0.0,10.5,24.8,49,17.46,39062.55,3.9,3,Hyderabad,17.385,78.4867,Telangana
2023-12-11,27.6,16.2,21.5,28.5,16.1,0.0,0.0,10.1,23.8,76,18.29,36127.07,3.88,3,Hyderabad,17.385,78.4867,Telangana
2023-12-12,27.5,15.7,21.2,28.2,15.5,0.0,0.0,9.7,23.4,83,18.63,38990.77,3.98,3,Hyderabad,17.385,78.4867,Telangana
2023-12-13,27.3,15.7,21.2,27.7,15.8,0.0,0.0,11.2,25.6,84,18.34,38955.13,3.95,3,Hyderabad,17.385,78.4867,Telangana
2023-12-14,26.4,16.1,20.7,26.5,16.3,0.0,0.0,12.0,27.4,112,18.18,38919.79,3.79,3,Hyderabad,17.385,78.4867,Telangana
2023-12-15,26.7,16.0,21.3,27.3,15.9,0.0,0.0,9.9,24.8,109,18.1,38884.85,3.75,3,Hyderabad,17.385,78.4867,Telangana
2023-12-16,26.6,17.1,22.1,28.8,18.5,0.0,0.0,10.3,20.5,99,10.36,24974.13,2.23,3,Hyderabad,17.385,78.4867,Telangana
2023-12-17,27.3,17.7,22.5,27.4,18.6,0.0,0.0,15.3,32.8,80,17.69,38816.55,3.96,3,Hyderabad,17.385,78.4867,Telangana
2023-12-18,27.1,17.2,21.6,27.0,16.6,0.0,0.0,14.2,30.6,63,16.2,35544.58,3.88,3,Hyderabad,17.385,78.4867,Telangana
2023-12-19,26.8,16.8,21.2,26.6,16.0,0.0,0.0,12.0,27.4,48,17.3,38368.81,4.04,3,Hyderabad,17.385,78.4867,Telangana
2023-12-20,26.9,15.9,20.5,27.0,14.6,0.0,0.0,10.1,24.8,63,17.96,38719.55,3.95,3,Hyderabad,17.385,78.4867,Telangana
2023-12-21,27.9,13.8,20.4,27.8,12.2,0.0,0.0,9.4,22.7,55,18.57,38689.08,4.04,3,Hyderabad,17.385,78.4867,Telangana
2023-12-22,28.1,13.2,20.5,27.8,13.6,0.0,0.0,10.1,19.8,82,17.84,38413.88,3.79,3,Hyderabad,17.385,78.4867,Telangana
2023-12-23,28.2,16.5,21.3,28.2,16.4,0.0,0.0,13.0,26.6,119,18.04,37892.58,3.9,3,Hyderabad,17.385,78.4867,Telangana
2023-12-24,28.4,16.1,21.2,28.1,16.8,0.0,0.0,11.3,26.3,103,18.3,38604.53,3.83,3,Hyderabad,17.385,78.4867,Telangana
2023-12-25,28.3,16.4,21.3,29.6,17.5,0.0,0.0,9.7,23.4,108,18.26,38578.32,3.72,3,Hyderabad,17.385,78.4867,Telangana
2023-12-26,29.3,16.7,21.6,29.6,17.3,0.0,0.0,8.9,22.7,123,18.48,38552.43,3.94,0,Hyderabad,17.385,78.4867,Telangana
2023-12-27,28.3,16.9,21.7,28.7,17.5,0.0,0.0,10.9,25.9,117,18.54,38526.92,3.98,0,Hyderabad,17.385,78.4867,Telangana
2023-12-28,27.5,15.4,21.3,28.5,15.6,0.0,0.0,12.4,28.4,124,18.23,38217.99,3.79,3,Hyderabad,17.385,78.4867,Telangana
2023-12-29,27.5,14.3,20.7,28.2,14.3,0.0,0.0,11.8,27.7,120,18.3,37961.51,3.76,3,Hyderabad,17.385,78.4867,Telangana
2023-12-30,28.0,14.7,21.2,28.8,14.6,0.0,0.0,10.8,20.2,115,18.58,37971.35,3.89,3,Hyderabad,17.385,78.4867,Telangana
2023-12-31,27.9,15.1,20.8,28.5,15.0,0.0,0.0,10.0,23.4,110,18.72,38246.99,3.91,3,Hyderabad,17.385,78.4867,Telangana
2024-01-01,27.7,14.7,21.0,29.0,15.0,0.0,0.0,11.4,22.7,116,18.49,38255.52,3.84,3,Hyderabad,17.385,78.4867,Telangana
2024-01-02,27.3,14.6,20.5,28.0,14.9,0.0,0.0,12.1,27.4,112,17.65,37997.61,3.63,3,Hyderabad,17.385,78.4867,Telangana
2024-01-03,27.1,17.1,21.5,27.9,18.4,0.0,0.0,14.7,29.9,123,17.11,32492.86,3.84,3,Hyderabad,17.385,78.4867,Telangana
2024-01-04,27.7,18.2,21.9,27.5,19.1,0.0,0.0,16.6,32.4,124,17.2,32855.92,3.89,3,Hyderabad,17.385,78.4867,Telangana
2024-01-05,27.6,17.0,21.3,26.7,17.8,0.0,0.0,15.6,33.5,130,18.3,35873.38,4.07,3,Hyderabad,17.385,78.4867,Telangana
2024-01-06,27.9,16.9,21.2,27.5,17.7,0.0,0.0,18.1,36.4,117,17.85,32400.0,3.92,3,Hyderabad,17.385,78.4867,Telangana
2024-01-07,27.0,17.5,21.0,25.8,18.1,0.0,0.0,17.1,35.3,113,16.78,34805.68,3.75,3,Hyderabad,17.385,78.4867,Telangana
2024-01-08,27.4,16.5,21.6,26.5,16.5,0.0,0.0,18.5,38.2,116,18.29,37504.27,4.27,2,Hyderabad,17.385,78.4867,Telangana
2024-01-09,28.3,17.0,22.0,26.7,16.1,0.0,0.0,19.4,38.2,122,18.2,37244.22,4.38,3,Hyderabad,17.385,78.4867,Telangana
2024-01-10,26.0,17.6,21.8,25.8,18.7,0.5,0.5,11.4,24.8,111,10.73,24623.94,2.64,53,Hyderabad,17.385,78.4867,Telangana
2024-01-11,29.5,17.7,23.2,30.2,18.6,0.0,0.0,11.0,25.9,110,18.36,37284.42,4.1,3,Hyderabad,17.385,78.4867,Telangana
2024-01-12,30.0,18.6,23.5,31.3,19.2,0.0,0.0,10.0,24.5,128,18.56,37267.35,4.16,3,Hyderabad,17.385,78.4867,Telangana
2024-01-13,30.0,17.6,23.4,32.0,18.9,0.0,0.0,9.4,17.3,315,16.11,35140.58,3.56,3,Hyderabad,17.385,78.4867,Telangana
2024-01-14,30.3,17.6,23.6,31.7,19.0,0.0,0.0,8.4,19.4,14,19.04,37754.57,4.19,0,Hyderabad,17.385,78.4867,Telangana
2024-01-15,29.2,17.3,23.5,31.4,17.7,0.0,0.0,9.0,18.4,3,18.35,37472.49,3.86,3,Hyderabad,17.385,78.4867,Telangana
2024-01-16,29.8,18.3,23.7,31.9,19.2,0.0,0.0,11.3,24.5,121,18.6,37451.86,4.22,3,Hyderabad,17.385,78.4867,Telangana
2024-01-17,29.8,17.7,23.6,30.6,18.6,0.0,0.0,14.0,29.9,141,18.69,37691.58,4.44,3,Hyderabad,17.385,78.4867,Telangana
2024-01-18,28.6,18.1,22.8,29.2,18.5,0.0,0.0,12.7,24.8,158,16.14,36365.4,3.83,3,Hyderabad,17.385,78.4867,Telangana
2024-01-19,29.9,17.0,23.8,30.9,17.9,0.0,0.0,13.9,24.1,124,17.16,37244.61,4.13,3,Hyderabad,17.385,78.4867,Telangana
2024-01-20,29.0,18.9,23.5,30.4,18.7,0.0,0.0,14.0,31.7,125,16.83,33486.99,4.26,3,Hyderabad,17.385,78.4867,Telangana
2024-01-21,30.1,18.2,23.9,31.6,18.9,0.0,0.0,13.4,23.4,158,18.58,37337.37,4.26,3,Hyderabad,17.385,78.4867,Telangana
2024-01-22,31.0,20.3,24.6,32.3,21.7,0.0,0.0,13.1,23.8,151,17.74,36347.16,4.24,3,Hyderabad,17.385,78.4867,Telangana
2024-01-23,30.7,19.0,24.7,30.4,21.0,0.0,0.0,17.4,36.4,186,18.4,37287.66,4.65,3,Hyderabad,17.385,78.4867,Telangana
2024-01-24,29.6,19.2,24.4,31.0,21.5,0.0,0.0,13.5,29.5,306,17.16,36042.45,3.91,3,Hyderabad,17.385,78.4867,Telangana
2024-01-25,28.3,18.1,22.7,30.7,19.8,0.0,0.0,12.3,25.9,76,16.12,35680.79,3.45,3,Hyderabad,17.385,78.4867,Telangana
2024-01-26,29.6,17.8,23.1,31.5,18.9,0.0,0.0,10.9,24.8,96,17.92,31966.88,4.04,3,Hyderabad,17.385,78.4867,Telangana
2024-01-27,29.0,17.5,22.7,30.3,18.7,0.0,0.0,12.6,27.7,99,18.15,35498.17,4.04,3,Hyderabad,17.385,78.4867,Telangana
2024-01-28,29.1,16.4,22.4,29.0,16.6,0.0,0.0,10.9,25.9,105,20.35,38692.92,4.62,3,Hyderabad,17.385,78.4867,Telangana
2024-01-29,29.2,15.9,22.2,30.2,16.3,0.0,0.0,11.1,26.3,107,20.01,37639.66,4.4,3,Hyderabad,17.385,78.4867,Telangana
2024-01-30,29.3,16.6,22.5,30.7,17.6,0.0,0.0,13.2,23.8,113,19.96,38632.8,4.55,3,Hyderabad,17.385,78.4867,Telangana
2024-01-31,30.8,16.8,23.1,31.4,17.3,0.0,0.0,12.9,25.6,140,19.53,38857.25,4.67,3,Hyderabad,17.385,78.4867,Telangana
2024-02-01,31.1,18.3,23.9,31.1,19.7,0.0,0.0,14.3,31.7,204,20.21,38571.33,5.04,3,Hyderabad,17.385,78.4867,Telangana
2024-02-02,30.8,17.1,24.1,32.6,17.9,0.0,0.0,9.3,23.8,277,18.8,33547.24,4.19,3,Hyderabad,17.385,78.4867,Telangana
2024-02-03,29.9,19.4,24.4,32.8,21.1,0.2,0.2,13.0,28.8,90,18.64,38256.02,4.34,51,Hyderabad,17.385,78.4867,Telangana
2024-02-04,31.3,20.4,25.2,32.7,22.0,0.0,0.0,10.8,27.0,118,20.28,39237.93,4.81,3,Hyderabad,17.385,78.4867,Telangana
2024-02-05,32.4,19.0,25.8,35.2,20.8,0.0,0.0,9.6,20.5,162,20.02,38446.13,4.59,1,Hyderabad,17.385,78.4867,Telangana
2024-02-06,32.8,20.2,26.5,34.9,21.8,0.0,0.0,10.8,21.6,187,19.34,39170.58,4.59,1,Hyderabad,17.385,78.4867,Telangana
2024-02-07,33.4,20.3,26.8,35.3,22.0,0.0,0.0,9.2,17.3,190,19.43,39388.47,4.61,1,Hyderabad,17.385,78.4867,Telangana
2024-02-08,33.1,20.6,26.7,35.1,21.4,0.0,0.0,9.9,20.2,335,20.41,39604.83,4.91,3,Hyderabad,17.385,78.4867,Telangana
2024-02-09,32.4,19.3,25.7,34.2,19.5,0.0,0.0,15.5,28.8,96,20.96,40071.74,5.21,2,Hyderabad,17.385,78.4867,Telangana
2024-02-10,32.3,20.5,25.8,33.8,22.6,0.0,0.0,17.9,35.6,132,18.73,34655.14,4.89,3,Hyderabad,17.385,78.4867,Telangana
2024-02-11,32.7,19.8,25.8,33.3,22.1,0.0,0.0,18.2,32.4,134,20.19,39497.35,5.35,3,Hyderabad,17.385,78.4867,Telangana
2024-02-12,32.0,19.0,25.0,31.6,20.4,0.0,0.0,14.8,32.0,127,21.21,39460.71,5.51,3,Hyderabad,17.385,78.4867,Telangana
2024-02-13,32.3,18.0,24.6,30.9,18.9,0.0,0.0,14.7,32.8,135,21.62,39565.2,5.5,3,Hyderabad,17.385,78.4867,Telangana
2024-02-14,32.6,18.9,25.0,32.5,19.4,0.0,0.0,13.3,30.2,124,21.37,39074.4,5.51,3,Hyderabad,17.385,78.4867,Telangana
2024-02-15,32.3,18.2,24.8,31.5,18.1,0.0,0.0,14.3,31.7,123,21.76,38833.2,5.77,3,Hyderabad,17.385,78.4867,Telangana
2024-02-16,32.0,16.7,24.0,29.7,15.6,0.0,0.0,16.7,36.0,114,22.6,41292.62,6.01,0,Hyderabad,17.385,78.4867,Telangana
2024-02-17,33.0,17.2,24.6,32.1,15.2,0.0,0.0,14.6,25.6,134,22.65,41347.35,5.94,0,Hyderabad,17.385,78.4867,Telangana
2024-02-18,33.5,17.7,25.8,33.9,15.6,0.0,0.0,19.5,34.6,142,22.42,41402.26,6.0,3,Hyderabad,17.385,78.4867,Telangana
2024-02-19,33.6,18.5,26.1,33.2,17.1,0.0,0.0,16.2,30.6,137,22.07,41457.3,5.99,3,Hyderabad,17.385,78.4867,Telangana
2024-02-20,33.4,19.7,26.7,34.6,19.1,0.0,0.0,12.7,31.3,176,19.59,37158.39,5.39,3,Hyderabad,17.385,78.4867,Telangana
2024-02-21,33.3,19.9,26.8,33.6,19.9,0.0,0.0,15.5,32.4,269,22.0,41567.55,6.02,3,Hyderabad,17.385,78.4867,Telangana
2024-02-22,33.0,19.0,25.9,33.7,18.1,0.0,0.0,12.8,29.2,353,22.45,41578.77,5.69,3,Hyderabad,17.385,78.4867,Telangana
2024-02-23,32.6,19.3,25.6,33.2,19.1,0.0,0.0,14.2,31.3,17,22.48,41678.03,5.64,3,Hyderabad,17.385,78.4867,Telangana
2024-02-24,33.7,18.7,26.8,35.0,20.3,0.1,0.1,20.7,37.4,135,19.5,33498.49,5.21,51,Hyderabad,17.385,78.4867,Telangana
2024-02-25,32.0,22.3,26.3,34.0,24.6,0.4,0.4,15.9,34.9,131,18.44,33404.82,4.73,51,Hyderabad,17.385,78.4867,Telangana
2024-02-26,32.3,20.7,26.1,32.5,21.9,0.1,0.1,19.9,41.8,127,20.52,38880.08,5.6,51,Hyderabad,17.385,78.4867,Telangana
2024-02-27,33.4,19.6,26.1,33.8,21.2,0.0,0.0,14.6,32.8,133,22.97,41904.91,5.74,3,Hyderabad,17.385,78.4867,Telangana
2024-02-28,32.9,20.3,25.6,33.1,20.3,0.0,0.0,12.8,27.4,105,22.11,41962.72,5.61,3,Hyderabad,17.385,78.4867,Telangana
2024-02-29,33.7,19.7,26.1,34.2,19.2,0.0,0.0,13.4,31.7,114,21.41,41546.98,5.77,2,Hyderabad,17.385,78.4867,Telangana
2024-03-01,34.3,20.3,27.1,34.5,20.0,0.0,0.0,17.0,31.3,126,20.43,41799.55,6.0,3,Hyderabad,17.385,78.4867,Telangana
2024-03-02,35.4,20.7,28.0,35.7,20.1,0.0,0.0,15.0,33.1,190,22.54,42137.99,6.58,3,Hyderabad,17.385,78.4867,Telangana
2024-03-03,35.1,21.4,28.0,35.4,21.9,0.0,0.0,16.3,32.4,216,22.65,42196.89,6.24,3,Hyderabad,17.385,78.4867,Telangana
2024-03-04,34.8,21.1,27.9,34.8,22.4,0.0,0.0,16.3,29.2,179,20.5,40674.51,5.78,3,Hyderabad,17.385,78.4867,Telangana
2024-03-05,34.6,20.9,27.8,36.3,21.9,0.0,0.0,20.5,38.2,123,21.69,41436.74,5.69,3,Hyderabad,17.385,78.4867,Telangana
2024-03-06,36.3,23.0,29.3,36.0,24.5,0.0,0.0,14.6,32.0,171,19.98,39495.09,6.0,3,Hyderabad,17.385,78.4867,Telangana
2024-03-07,36.1,22.6,28.9,37.2,23.4,0.0,0.0,13.8,27.0,325,22.86,42433.58,6.24,3,Hyderabad,17.385,78.4867,Telangana
2024-03-08,35.8,20.8,28.5,36.2,21.1,0.0,0.0,16.2,36.4,34,23.32,41538.07,6.25,3,Hyderabad,17.385,78.4867,Telangana
2024-03-09,36.3,21.7,29.3,38.1,23.1,0.0,0.0,13.8,24.8,100,19.27,29803.63,5.25,3,Hyderabad,17.385,78.4867,Telangana
2024-03-10,34.8,23.0,28.3,35.0,25.5,0.2,0.2,19.1,35.3,118,17.69,34766.56,5.29,51,Hyderabad,17.385,78.4867,Telangana
2024-03-11,35.6,23.0,28.5,37.6,23.7,0.0,0.0,18.4,33.8,149,17.23,41134.63,5.02,3,Hyderabad,17.385,78.4867,Telangana
2024-03-12,36.3,22.7,29.7,38.5,24.2,0.0,0.0,12.6,29.5,232,20.16,39032.86,5.6,3,Hyderabad,17.385,78.4867,Telangana
2024-03-13,37.4,25.9,31.0,37.7,26.1,0.0,0.0,16.6,35.6,225,17.78,32586.96,6.35,3,Hyderabad,17.385,78.4867,Telangana
2024-03-14,35.4,23.0,29.4,38.4,25.1,0.0,0.0,12.2,23.8,127,21.68,42746.49,5.55,3,Hyderabad,17.385,78.4867,Telangana
2024-03-15,37.8,22.3,29.6,37.7,24.3,0.0,0.0,21.3,38.5,125,20.14,42368.06,6.48,3,Hyderabad,17.385,78.4867,Telangana
2024-03-16,35.1,22.3,28.5,37.7,26.0,0.4,0.4,19.5,40.7,120,19.62,32832.32,5.63,51,Hyderabad,17.385,78.4867,Telangana
2024-03-17,34.9,22.8,27.5,37.1,25.6,5.7,5.7,17.7,34.9,103,14.81,26197.85,4.47,63,Hyderabad,17.385,78.4867,Telangana
2024-03-18,34.3,23.4,27.7,35.1,24.8,0.9,0.9,13.5,32.8,121,11.98,19544.19,3.75,51,Hyderabad,17.385,78.4867,Telangana
2024-03-19,34.9,22.3,28.5,35.7,24.1,0.2,0.2,16.0,33.5,173,17.73,40057.68,5.63,51,Hyderabad,17.385,78.4867,Telangana
2024-03-20,30.8,21.8,26.1,33.3,22.6,0.2,0.2,18.7,33.5,84,22.09,42820.79,5.86,51,Hyderabad,17.385,78.4867,Telangana
2024-03-21,33.1,20.4,26.5,33.7,22.0,0.0,0.0,14.8,29.9,118,23.94,39232.26,5.99,3,Hyderabad,17.385,78.4867,Telangana
2024-03-22,35.1,19.8,27.6,37.4,20.7,0.0,0.0,9.8,24.1,141,24.11,42320.29,5.81,1,Hyderabad,17.385,78.4867,Telangana
2024-03-23,35.4,20.9,29.1,36.8,21.0,0.0,0.0,13.4,24.8,162,21.98,42555.97,5.93,2,Hyderabad,17.385,78.4867,Telangana
2024-03-24,35.4,23.0,29.6,36.7,24.4,0.0,0.0,14.6,31.0,129,20.07,41685.03,6.2,2,Hyderabad,17.385,78.4867,Telangana
2024-03-25,35.5,23.0,28.9,36.4,23.1,0.0,0.0,12.5,25.6,145,18.28,38022.71,5.35,3,Hyderabad,17.385,78.4867,Telangana
2024-03-26,36.9,22.6,29.7,38.1,22.2,0.0,0.0,16.9,33.1,144,22.51,42755.08,6.79,2,Hyderabad,17.385,78.4867,Telangana
2024-03-27,37.2,22.4,29.5,37.7,20.5,0.0,0.0,13.1,26.6,135,24.3,42899.21,7.13,3,Hyderabad,17.385,78.4867,Telangana
2024-03-28,38.3,21.9,30.0,38.8,22.6,0.0,0.0,16.6,32.8,128,23.71,42910.43,6.82,1,Hyderabad,17.385,78.4867,Telangana
2024-03-29,38.7,23.7,30.8,39.2,24.3,0.0,0.0,16.2,30.6,136,23.49,42921.78,7.35,2,Hyderabad,17.385,78.4867,Telangana
2024-03-30,38.4,23.1,30.3,38.7,23.1,0.0,0.0,13.7,27.4,159,22.71,42933.29,6.8,3,Hyderabad,17.385,78.4867,Telangana
2024-03-31,37.6,23.0,29.9,39.6,22.9,0.0,0.0,13.7,27.0,129,23.85,42945.0,6.49,1,Hyderabad,17.385,78.4867,Telangana
2024-04-01,38.0,22.7,31.0,40.3,23.1,0.0,0.0,17.3,31.0,150,23.44,42956.95,6.8,3,Hyderabad,17.385,78.4867,Telangana
2024-04-02,37.7,23.9,30.9,40.2,25.0,0.0,0.0,10.6,24.1,184,21.9,42969.12,5.94,3,Hyderabad,17.385,78.4867,Telangana
2024-04-03,38.4,24.5,31.4,40.3,26.1,0.0,0.0,17.1,29.9,156,19.14,29319.18,6.03,3,Hyderabad,17.385,78.4867,Telangana
2024-04-04,38.8,23.6,31.4,40.5,26.5,0.0,0.0,14.2,32.0,163,21.51,32914.95,6.31,3,Hyderabad,17.385,78.4867,Telangana
2024-04-05,39.2,25.8,32.1,41.4,27.1,0.0,0.0,10.1,24.1,189,24.75,39405.29,6.74,3,Hyderabad,17.385,78.4867,Telangana
2024-04-06,38.7,26.4,32.2,41.2,25.9,0.0,0.0,13.1,24.8,137,22.82,41111.4,7.09,3,Hyderabad,17.385,78.4867,Telangana
2024-04-07,39.5,25.0,32.3,39.3,24.8,0.0,0.0,16.6,34.2,205,23.33,43029.28,7.68,3,Hyderabad,17.385,78.4867,Telangana
2024-04-08,37.3,25.8,31.1,37.4,25.1,0.0,0.0,22.8,40.7,114,23.56,42251.19,8.1,2,Hyderabad,17.385,78.4867,Telangana
2024-04-09,35.0,23.8,29.4,37.5,26.2,0.0,0.0,21.5,38.5,131,23.89,43053.43,6.68,2,Hyderabad,17.385,78.4867,Telangana
2024-04-10,35.6,24.2,30.1,36.6,25.0,0.0,0.0,18.4,38.9,131,22.26,42732.97,7.06,3,Hyderabad,17.385,78.4867,Telangana
2024-04-11,35.4,24.4,29.1,37.0,24.2,0.0,0.0,21.9,42.8,95,23.61,40683.65,6.93,3,Hyderabad,17.385,78.4867,Telangana
2024-04-12,31.2,23.7,27.8,34.0,26.6,6.3,6.3,17.3,37.8,109,20.6,42296.44,5.27,63,Hyderabad,17.385,78.4867,Telangana
2024-04-13,33.1,22.5,28.0,36.0,24.7,1.8,1.8,17.6,34.9,164,19.23,27840.09,5.14,61,Hyderabad,17.385,78.4867,Telangana
2024-04-14,36.6,23.8,30.0,39.5,25.7,0.0,0.0,13.0,27.7,124,23.89,43115.85,6.52,2,Hyderabad,17.385,78.4867,Telangana
2024-04-15,37.7,23.8,30.7,39.4,24.5,0.0,0.0,14.9,31.7,131,24.0,41518.06,6.83,3,Hyderabad,17.385,78.4867,Telangana
2024-04-16,37.8,24.4,31.3,40.1,24.8,0.0,0.0,13.4,25.6,29,24.78,43142.16,7.07,3,Hyderabad,17.385,78.4867,Telangana
2024-04-17,37.8,24.9,31.7,40.5,26.8,0.1,0.1,9.1,23.4,336,23.19,43155.71,6.19,51,Hyderabad,17.385,78.4867,Telangana
2024-04-18,38.6,26.4,32.1,41.6,27.9,0.0,0.0,11.2,21.2,334,22.98,42721.31,5.97,3,Hyderabad,17.385,78.4867,Telangana
2024-04-19,37.8,26.1,32.0,41.4,28.1,0.1,0.1,19.1,39.6,295,21.13,41737.62,6.07,51,Hyderabad,17.385,78.4867,Telangana
2024-04-20,36.4,25.8,30.0,39.1,27.3,0.5,0.5,17.1,30.6,275,17.21,24838.51,5.21,51,Hyderabad,17.385,78.4867,Telangana
2024-04-21,36.9,26.2,30.5,40.6,28.4,1.7,1.7,22.8,42.5,313,20.8,31311.72,5.97,61,Hyderabad,17.385,78.4867,Telangana
2024-04-22,37.0,25.7,30.9,40.0,26.9,0.0,0.0,23.1,43.9,330,22.47,43032.92,6.42,3,Hyderabad,17.385,78.4867,Telangana
2024-04-23,39.0,23.4,30.4,40.3,25.0,0.0,0.0,12.3,27.7,118,24.3,43200.0,6.22,3,Hyderabad,17.385,78.4867,Telangana
2024-04-24,38.7,22.9,30.8,39.2,22.6,0.0,0.0,16.1,27.7,164,25.41,43200.0,7.31,3,Hyderabad,17.385,78.4867,Telangana
2024-04-25,39.0,25.5,31.7,41.4,25.3,0.0,0.0,12.0,26.3,121,24.16,43203.44,7.1,3,Hyderabad,17.385,78.4867,Telangana
2024-04-26,40.4,23.8,32.3,41.7,24.1,0.0,0.0,10.2,23.0,178,22.4,41141.73,6.48,3,Hyderabad,17.385,78.4867,Telangana
2024-04-27,38.7,24.7,32.1,41.6,25.4,0.0,0.0,13.4,25.2,76,25.42,42715.03,6.85,3,Hyderabad,17.385,78.4867,Telangana
2024-04-28,40.5,25.8,33.3,42.0,26.7,0.0,0.0,16.9,34.2,229,25.62,43200.0,7.73,3,Hyderabad,17.385,78.4867,Telangana
2024-04-29,39.6,25.5,32.9,41.9,25.5,0.0,0.0,14.1,27.4,152,23.98,43200.0,6.73,3,Hyderabad,17.385,78.4867,Telangana
2024-04-30,39.9,25.8,33.2,42.9,27.7,0.0,0.0,13.4,28.4,211,24.34,43374.19,6.73,3,Hyderabad,17.385,78.4867,Telangana
2024-05-01,40.5,28.0,33.7,40.9,28.2,0.0,0.0,16.1,31.7,304,26.08,43200.0,8.21,3,Hyderabad,17.385,78.4867,Telangana
2024-05-02,39.6,25.2,32.5,39.7,25.1,0.0,0.0,17.0,35.3,325,26.45,43346.11,7.92,0,Hyderabad,17.385,78.4867,Telangana
2024-05-03,40.4,24.0,32.5,41.1,23.6,0.0,0.0,13.4,27.0,333,26.59,43582.54,7.73,0,Hyderabad,17.385,78.4867,Telangana
2024-05-04,41.4,24.9,33.1,43.6,28.5,0.0,0.0,14.7,27.7,33,25.99,43319.6,7.21,0,Hyderabad,17.385,78.4867,Telangana
2024-05-05,40.0,26.0,33.4,40.7,30.3,0.0,0.0,16.0,29.5,31,26.02,43557.65,7.6,3,Hyderabad,17.385,78.4867,Telangana
2024-05-06,40.8,25.9,33.6,42.1,30.2,0.0,0.0,15.3,28.1,11,25.34,43545.85,7.31,0,Hyderabad,17.385,78.4867,Telangana
2024-05-07,35.1,23.9,29.3,39.6,25.3,1.6,1.6,24.5,49.3,115,21.47,39252.54,5.73,53,Hyderabad,17.385,78.4867,Telangana
2024-05-08,36.5,23.4,29.7,41.3,26.1,0.8,0.8,19.7,39.6,177,23.54,38785.39,6.01,51,Hyderabad,17.385,78.4867,Telangana
2024-05-09,36.2,23.6,29.3,39.9,24.8,0.8,0.8,22.9,61.2,106,20.72,36000.0,5.78,53,Hyderabad,17.385,78.4867,Telangana
2024-05-10,34.8,22.0,27.7,39.9,25.9,22.9,22.9,15.1,35.6,119,18.94,27280.18,4.45,65,Hyderabad,17.385,78.4867,Telangana
2024-05-11,37.3,24.2,30.7,40.3,28.1,0.0,0.0,13.8,28.8,123,24.02,42748.51,6.51,3,Hyderabad,17.385,78.4867,Telangana
2024-05-12,35.8,24.2,30.1,40.3,27.9,5.1,5.1,18.4,43.9,140,23.43,42643.71,5.8,63,Hyderabad,17.385,78.4867,Telangana
2024-05-13,34.9,24.9,29.4,38.9,28.5,1.6,1.6,11.7,27.4,125,20.16,39309.58,5.12,53,Hyderabad,17.385,78.4867,Telangana
2024-05-14,35.0,24.4,29.3,39.7,27.1,0.5,0.5,16.9,36.0,107,23.88,43469.28,5.87,53,Hyderabad,17.385,78.4867,Telangana
2024-05-15,36.1,24.6,29.7,40.7,29.1,1.0,1.0,14.6,30.2,126,24.32,42705.12,5.95,53,Hyderabad,17.385,78.4867,Telangana
2024-05-16,32.9,23.7,28.7,38.2,27.3,13.5,13.5,19.2,40.3,93,21.38,37105.71,5.05,63,Hyderabad,17.385,78.4867,Telangana
2024-05-17,32.6,23.1,27.3,36.2,27.1,2.3,2.3,18.7,35.6,106,20.66,36893.67,4.87,55,Hyderabad,17.385,78.4867,Telangana
2024-05-18,33.1,24.2,27.1,38.2,28.6,10.7,10.7,19.3,38.9,130,18.68,30193.05,4.13,63,Hyderabad,17.385,78.4867,Telangana
2024-05-19,32.8,23.7,27.1,39.0,28.0,10.3,10.3,11.4,20.9,197,18.78,28454.18,4.16,63,Hyderabad,17.385,78.4867,Telangana
2024-05-20,32.7,23.1,28.5,38.3,27.4,9.2,9.2,12.5,33.8,157,20.6,36488.47,4.72,63,Hyderabad,17.385,78.4867,Telangana
2024-05-21,34.6,24.7,29.7,39.2,27.9,0.2,0.2,14.6,35.6,140,22.68,43427.61,5.72,51,Hyderabad,17.385,78.4867,Telangana
2024-05-22,35.2,24.4,29.3,41.4,28.8,5.5,5.5,15.1,34.6,119,22.61,41322.38,5.27,63,Hyderabad,17.385,78.4867,Telangana
2024-05-23,36.3,25.0,30.3,41.1,29.9,0.0,0.0,11.2,23.8,132,19.53,30176.12,5.21,3,Hyderabad,17.385,78.4867,Telangana
2024-05-24,38.6,26.4,32.1,41.8,29.8,0.0,0.0,17.2,34.2,246,24.12,43200.0,6.8,3,Hyderabad,17.385,78.4867,Telangana
2024-05-25,37.0,27.3,31.7,38.8,30.2,0.5,0.5,16.9,36.4,257,12.88,7451.48,4.99,51,Hyderabad,17.385,78.4867,Telangana
2024-05-26,37.6,28.2,32.3,40.5,28.6,0.2,0.2,26.6,47.9,289,24.16,40819.96,8.3,51,Hyderabad,17.385,78.4867,Telangana
2024-05-27,38.0,27.9,31.5,41.0,28.5,0.0,0.0,24.3,46.8,267,21.7,36135.02,7.66,3,Hyderabad,17.385,78.4867,Telangana
2024-05-28,37.0,26.8,31.6,38.9,27.8,0.0,0.0,22.3,43.6,266,20.54,43143.35,7.32,3,Hyderabad,17.385,78.4867,Telangana
2024-05-29,38.6,27.0,32.4,40.4,27.4,0.0,0.0,24.5,47.2,274,25.89,43923.7,8.23,3,Hyderabad,17.385,78.4867,Telangana
2024-05-30,38.4,27.9,32.8,41.8,27.6,0.0,0.0,19.4,37.8,287,24.95,43923.21,7.85,3,Hyderabad,17.385,78.4867,Telangana
2024-05-31,39.5,28.0,33.6,42.1,28.0,0.0,0.0,20.5,40.0,295,24.93,43923.08,7.94,2,Hyderabad,17.385,78.4867,Telangana
2024-06-01,39.2,27.6,33.8,41.5,29.3,0.0,0.0,15.6,31.7,335,23.58,40063.28,6.9,3,Hyderabad,17.385,78.4867,Telangana
2024-06-02,37.2,26.1,29.9,40.3,30.0,25.2,25.2,16.2,43.2,247,16.32,28289.21,4.7,65,Hyderabad,17.385,78.4867,Telangana
2024-06-03,33.6,22.7,27.8,36.8,25.4,11.9,11.9,15.5,30.2,271,16.08,25927.17,4.11,63,Hyderabad,17.385,78.4867,Telangana
2024-06-04,33.5,25.2,28.8,37.7,28.9,7.4,7.4,14.4,34.9,254,14.21,21121.19,3.67,63,Hyderabad,17.385,78.4867,Telangana
2024-06-05,32.3,24.2,26.7,37.9,28.5,34.1,34.1,14.4,28.4,277,15.42,21030.82,3.4,63,Hyderabad,17.385,78.4867,Telangana
2024-06-06,34.1,23.6,27.1,38.6,26.6,38.3,38.3,16.5,34.6,303,20.18,30377.23,4.6,63,Hyderabad,17.385,78.4867,Telangana
2024-06-07,32.0,23.3,26.9,35.9,25.8,4.5,4.5,17.8,34.2,285,15.63,26858.15,3.71,61,Hyderabad,17.385,78.4867,Telangana
2024-06-08,31.3,24.0,26.4,36.0,27.3,6.3,6.3,15.9,32.4,255,16.1,25810.25,3.69,63,Hyderabad,17.385,78.4867,Telangana
2024-06-09,30.9,23.3,26.4,35.9,26.8,1.6,1.6,14.3,30.6,231,17.35,32883.84,4.06,53,Hyderabad,17.385,78.4867,Telangana
2024-06-10,29.2,23.4,25.5,33.5,25.5,10.6,10.6,19.5,35.3,274,13.78,18098.17,3.19,63,Hyderabad,17.385,78.4867,Telangana
2024-06-11,31.1,23.1,25.3,35.6,25.3,6.0,6.0,18.9,37.1,278,14.12,15901.72,3.24,63,Hyderabad,17.385,78.4867,Telangana
2024-06-12,31.1,22.6,25.7,35.0,25.3,6.2,6.2,20.2,42.5,287,14.27,14237.58,3.51,63,Hyderabad,17.385,78.4867,Telangana
2024-06-13,32.1,23.4,26.1,37.3,25.8,32.4,32.4,20.7,38.5,273,19.13,38487.73,4.3,63,Hyderabad,17.385,78.4867,Telangana
2024-06-14,30.4,23.2,25.9,33.8,26.1,8.7,8.7,23.7,45.0,279,17.59,31448.24,3.99,61,Hyderabad,17.385,78.4867,Telangana
2024-06-15,31.6,23.5,27.2,35.8,26.0,0.8,0.8,21.7,42.1,276,21.16,36636.22,5.08,53,Hyderabad,17.385,78.4867,Telangana
2024-06-16,31.2,23.9,27.5,35.5,26.3,2.1,2.1,19.1,36.7,276,17.99,35652.06,4.47,61,Hyderabad,17.385,78.4867,Telangana
2024-06-17,32.4,23.6,27.8,36.6,27.0,2.8,2.8,17.6,36.4,270,19.0,36545.22,4.64,61,Hyderabad,17.385,78.4867,Telangana
2024-06-18,32.6,23.8,27.9,36.1,26.9,0.4,0.4,18.9,36.7,275,19.36,38789.74,4.93,51,Hyderabad,17.385,78.4867,Telangana
2024-06-19,30.3,23.8,27.3,32.5,26.9,6.5,6.5,19.7,38.9,268,15.58,23711.72,4.36,63,Hyderabad,17.385,78.4867,Telangana
2024-06-20,32.1,24.5,27.8,34.6,26.3,0.6,0.6,23.7,45.7,267,19.39,32400.0,5.48,51,Hyderabad,17.385,78.4867,Telangana
2024-06-21,32.3,24.5,27.5,33.9,26.5,2.8,2.8,22.8,45.0,268,17.32,33309.81,4.88,61,Hyderabad,17.385,78.4867,Telangana
2024-06-22,29.0,23.9,25.7,33.1,27.2,15.8,15.8,16.6,29.2,280,7.08,382.71,1.94,63,Hyderabad,17.385,78.4867,Telangana
2024-06-23,31.9,23.2,27.2,36.5,26.0,2.5,2.5,20.5,38.9,260,21.16,32236.37,4.98,61,Hyderabad,17.385,78.4867,Telangana
2024-06-24,31.5,23.8,27.7,34.3,26.5,0.1,0.1,16.5,33.1,233,18.12,36937.41,4.8,51,Hyderabad,17.385,78.4867,Telangana
2024-06-25,32.5,24.1,27.2,35.8,26.6,7.9,7.9,22.3,42.8,247,18.79,37474.04,4.77,63,Hyderabad,17.385,78.4867,Telangana
2024-06-26,31.7,24.0,26.9,34.7,26.9,7.4,7.4,25.8,47.9,254,16.38,25193.33,4.24,61,Hyderabad,17.385,78.4867,Telangana
2024-06-27,27.5,23.5,25.0,29.9,25.8,28.0,28.0,21.8,46.4,258,10.94,7993.63,2.7,63,Hyderabad,17.385,78.4867,Telangana
2024-06-28,28.9,23.0,25.2,30.4,24.7,8.9,8.9,25.7,48.2,259,11.57,11543.62,2.99,55,Hyderabad,17.385,78.4867,Telangana
2024-06-29,30.0,23.4,26.6,31.9,25.6,2.2,2.2,25.8,47.9,259,15.16,28532.09,4.1,55,Hyderabad,17.385,78.4867,Telangana
2024-06-30,28.6,23.7,25.3,31.1,26.5,11.8,11.8,19.7,37.4,247,8.06,3600.0,2.31,61,Hyderabad,17.385,78.4867,Telangana
2024-07-01,28.9,23.4,26.0,30.2,25.5,1.0,1.0,26.8,50.0,250,9.55,6461.32,3.24,53,Hyderabad,17.385,78.4867,Telangana
2024-07-02,30.9,23.6,26.4,31.1,24.8,1.8,1.8,30.9,59.0,256,15.25,20233.53,4.65,55,Hyderabad,17.385,78.4867,Telangana
2024-07-03,30.7,23.5,26.6,32.0,25.8,0.0,0.0,25.1,46.4,257,13.71,12759.31,4.11,3,Hyderabad,17.385,78.4867,Telangana
2024-07-04,31.3,24.0,27.0,34.4,25.4,0.1,0.1,24.5,45.0,260,16.12,21600.0,4.63,51,Hyderabad,17.385,78.4867,Telangana
2024-07-05,30.8,23.7,26.2,33.0,25.5,2.4,2.4,25.1,47.5,248,15.0,21228.89,4.08,53,Hyderabad,17.385,78.4867,Telangana
2024-07-06,29.6,23.2,25.6,30.9,25.4,9.9,9.9,27.6,56.2,250,13.26,13653.05,3.55,63,Hyderabad,17.385,78.4867,Telangana
2024-07-07,28.9,22.8,25.2,31.6,24.6,9.3,9.3,19.5,42.5,264,13.87,18367.67,3.35,63,Hyderabad,17.385,78.4867,Telangana
2024-07-08,29.1,22.7,24.8,31.7,25.7,25.9,25.9,15.3,33.1,271,12.86,13591.08,2.85,63,Hyderabad,17.385,78.4867,Telangana
2024-07-09,29.3,23.1,25.3,32.0,25.6,8.6,8.6,17.9,36.4,244,16.24,25175.73,3.58,61,Hyderabad,17.385,78.4867,Telangana
2024-07-10,31.2,22.6,26.4,33.3,24.6,2.1,2.1,20.1,40.7,261,18.46,30194.96,4.62,55,Hyderabad,17.385,78.4867,Telangana
2024-07-11,31.0,23.1,26.3,32.8,25.3,12.0,12.0,21.6,41.8,264,17.53,29856.23,4.39,63,Hyderabad,17.385,78.4867,Telangana
2024-07-12,30.9,23.3,26.2,32.9,25.7,3.3,3.3,24.5,46.4,270,21.17,32400.0,5.09,61,Hyderabad,17.385,78.4867,Telangana
2024-07-13,30.5,23.1,25.9,32.1,24.7,3.6,3.6,28.2,56.5,270,17.22,27915.46,4.37,53,Hyderabad,17.385,78.4867,Telangana
2024-07-14,26.2,23.0,24.4,29.3,24.4,17.7,17.7,23.0,42.8,264,6.37,0.0,1.87,63,Hyderabad,17.385,78.4867,Telangana
2024-07-15,29.1,23.3,24.7,32.1,25.5,5.4,5.4,23.0,44.6,273,13.35,12238.23,2.99,61,Hyderabad,17.385,78.4867,Telangana
2024-07-16,29.8,23.0,25.6,32.0,25.7,8.8,8.8,23.9,45.4,263,18.34,32114.35,4.23,63,Hyderabad,17.385,78.4867,Telangana
2024-07-17,28.7,22.9,25.1,29.5,24.1,3.6,3.6,28.7,53.6,270,12.36,6895.74,3.29,61,Hyderabad,17.385,78.4867,Telangana
2024-07-18,27.6,23.1,24.9,29.7,24.7,10.8,10.8,26.7,56.2,270,11.94,12629.53,2.87,61,Hyderabad,17.385,78.4867,Telangana
2024-07-19,27.5,22.4,23.9,29.0,23.5,28.3,28.3,27.9,52.6,272,8.85,3787.76,2.14,63,Hyderabad,17.385,78.4867,Telangana
2024-07-20,25.9,22.7,23.4,26.4,23.2,20.6,20.6,34.2,61.2,266,8.02,2954.41,1.92,61,Hyderabad,17.385,78.4867,Telangana
2024-07-21,27.7,22.4,24.1,28.6,23.2,13.5,13.5,28.4,51.8,262,10.08,2044.21,2.69,63,Hyderabad,17.385,78.4867,Telangana
2024-07-22,25.8,22.8,24.0,27.6,23.7,10.2,10.2,28.2,50.4,261,6.66,1292.88,1.91,61,Hyderabad,17.385,78.4867,Telangana
2024-07-23,26.6,23.0,24.3,27.6,23.9,11.9,11.9,32.2,60.1,262,8.34,5251.47,2.31,61,Hyderabad,17.385,78.4867,Telangana
2024-07-24,24.6,22.4,23.3,25.5,23.1,25.7,25.7,28.4,51.8,260,4.92,0.0,1.48,63,Hyderabad,17.385,78.4867,Telangana
2024-07-25,24.9,22.4,23.2,25.8,23.5,18.2,18.2,28.9,52.6,261,6.1,0.0,1.61,61,Hyderabad,17.385,78.4867,Telangana
2024-07-26,27.2,22.0,23.9,28.2,22.6,13.5,13.5,29.6,56.2,269,7.94,0.0,2.41,61,Hyderabad,17.385,78.4867,Telangana
2024-07-27,25.5,22.9,23.7,26.9,23.8,10.5,10.5,27.8,55.4,271,8.06,0.0,2.07,55,Hyderabad,17.385,78.4867,Telangana
2024-07-28,28.7,22.7,25.1,30.0,24.0,4.8,4.8,32.4,62.6,267,19.39,38739.57,4.27,53,Hyderabad,17.385,78.4867,Telangana
2024-07-29,29.3,23.3,25.3,32.2,24.8,3.8,3.8,24.0,46.1,254,18.21,33274.68,3.95,55,Hyderabad,17.385,78.4867,Telangana
2024-07-30,29.9,23.4,26.0,32.0,25.6,0.0,0.0,25.1,47.5,258,14.64,22733.37,3.84,3,Hyderabad,17.385,78.4867,Telangana
2024-07-31,29.6,23.4,26.1,32.8,25.2,1.5,1.5,26.3,47.5,270,18.22,36028.85,4.35,53,Hyderabad,17.385,78.4867,Telangana
2024-08-01,29.0,23.7,25.5,30.5,25.6,3.7,3.7,23.4,43.2,263,11.94,4296.11,3.18,55,Hyderabad,17.385,78.4867,Telangana
2024-08-02,27.4,22.9,24.5,28.7,24.5,11.5,11.5,29.2,55.4,260,10.66,4681.86,2.66,61,Hyderabad,17.385,78.4867,Telangana
2024-08-03,28.2,23.1,25.4,30.0,24.1,0.4,0.4,30.3,57.2,259,12.68,11673.37,3.6,51,Hyderabad,17.385,78.4867,Telangana
2024-08-04,29.0,22.9,25.2,31.2,23.9,4.9,4.9,24.9,47.9,254,16.91,31580.26,3.94,63,Hyderabad,17.385,78.4867,Telangana
2024-08-05,30.2,22.7,25.8,33.9,24.6,0.5,0.5,21.4,40.3,261,19.31,38774.9,4.42,51,Hyderabad,17.385,78.4867,Telangana
2024-08-06,29.1,22.5,25.2,31.2,24.8,5.5,5.5,21.5,41.8,273,16.98,24792.59,3.83,55,Hyderabad,17.385,78.4867,Telangana
2024-08-07,25.1,22.6,23.5,28.6,25.4,22.2,22.2,18.9,38.5,268,7.46,4942.42,1.63,65,Hyderabad,17.385,78.4867,Telangana
2024-08-08,29.0,22.0,24.6,32.9,23.6,7.9,7.9,18.5,35.3,287,17.61,23105.23,3.76,63,Hyderabad,17.385,78.4867,Telangana
2024-08-09,30.3,21.9,25.3,34.2,25.0,3.6,3.6,15.6,31.3,278,19.88,32042.11,4.26,61,Hyderabad,17.385,78.4867,Telangana
2024-08-10,30.3,22.8,26.0,35.1,26.0,0.4,0.4,14.8,30.2,281,24.12,42903.09,5.1,51,Hyderabad,17.385,78.4867,Telangana
2024-08-11,29.4,22.9,25.8,32.6,25.7,0.2,0.2,16.1,32.4,287,20.29,38300.09,4.52,51,Hyderabad,17.385,78.4867,Telangana
2024-08-12,28.2,23.1,24.9,33.0,25.9,39.0,39.0,11.7,24.5,291,14.62,23808.75,3.05,65,Hyderabad,17.385,78.4867,Telangana
2024-08-13,30.4,22.6,26.2,35.5,26.2,2.2,2.2,10.2,24.8,307,22.38,42032.34,4.6,53,Hyderabad,17.385,78.4867,Telangana
2024-08-14,30.8,23.6,27.0,37.3,26.9,0.2,0.2,10.1,18.0,56,20.55,39943.53,4.34,51,Hyderabad,17.385,78.4867,Telangana
2024-08-15,31.0,23.3,26.5,38.1,28.0,1.1,1.1,11.4,23.0,92,21.05,38114.45,4.45,53,Hyderabad,17.385,78.4867,Telangana
2024-08-16,31.2,23.1,25.4,38.5,28.1,26.6,26.6,20.0,37.8,62,15.24,24275.49,3.13,65,Hyderabad,17.385,78.4867,Telangana
2024-08-17,30.4,22.8,26.4,35.9,26.7,3.2,3.2,10.8,24.5,100,20.14,40247.2,4.2,61,Hyderabad,17.385,78.4867,Telangana
2024-08-18,31.2,23.6,26.5,37.9,27.9,7.8,7.8,9.3,21.2,101,20.58,39897.33,4.33,63,Hyderabad,17.385,78.4867,Telangana
2024-08-19,28.8,23.6,25.2,34.7,28.4,17.3,17.3,8.0,19.1,271,11.76,14400.0,2.45,63,Hyderabad,17.385,78.4867,Telangana
2024-08-20,29.9,23.1,25.5,35.2,27.3,8.2,8.2,7.6,16.2,220,15.34,26466.46,3.26,61,Hyderabad,17.385,78.4867,Telangana
2024-08-21,31.2,23.0,26.7,36.9,27.6,7.4,7.4,12.0,27.0,140,23.08,41690.92,4.85,63,Hyderabad,17.385,78.4867,Telangana
2024-08-22,30.1,22.7,25.7,34.3,27.0,6.9,6.9,17.5,36.7,225,18.34,27949.63,3.97,63,Hyderabad,17.385,78.4867,Telangana
2024-08-23,28.4,23.2,25.5,30.7,25.9,0.2,0.2,22.2,41.4,241,12.18,17528.39,3.18,51,Hyderabad,17.385,78.4867,Telangana
2024-08-24,27.3,22.9,24.3,28.1,24.2,12.7,12.7,27.2,55.1,245,10.73,2004.39,2.63,61,Hyderabad,17.385,78.4867,Telangana
2024-08-25,27.0,22.1,24.1,28.9,23.2,9.1,9.1,26.9,52.2,252,11.65,13851.74,2.81,61,Hyderabad,17.385,78.4867,Telangana
2024-08-26,29.2,22.4,25.0,31.9,23.5,1.8,1.8,28.0,51.1,252,20.43,37944.15,4.53,51,Hyderabad,17.385,78.4867,Telangana
2024-08-27,29.7,22.4,25.1,32.2,24.0,4.0,4.0,26.4,49.0,257,19.58,40705.34,4.44,61,Hyderabad,17.385,78.4867,Telangana
2024-08-28,29.3,22.4,25.3,32.9,23.9,3.3,3.3,27.4,50.0,263,20.01,42083.95,4.46,63,Hyderabad,17.385,78.4867,Telangana
2024-08-29,29.2,22.3,25.1,32.3,23.7,1.0,1.0,22.2,41.8,280,18.78,26624.91,4.24,51,Hyderabad,17.385,78.4867,Telangana
2024-08-30,24.8,22.9,23.8,28.0,25.5,15.9,15.9,19.8,35.6,286,5.68,0.0,1.43,63,Hyderabad,17.385,78.4867,Telangana
2024-08-31,25.1,21.9,23.1,26.4,22.8,25.0,25.0,27.1,52.6,292,5.3,0.0,1.41,63,Hyderabad,17.385,78.4867,Telangana
2024-09-01,23.1,21.7,22.4,24.8,22.2,72.0,72.0,28.3,51.5,281,3.59,0.0,1.11,65,Hyderabad,17.385,78.4867,Telangana
2024-09-02,25.1,22.0,23.5,26.5,23.0,19.6,19.6,26.8,47.9,268,7.51,0.0,2.06,63,Hyderabad,17.385,78.4867,Telangana
2024-09-03,27.6,22.8,24.6,29.5,24.1,8.8,8.8,25.0,46.4,274,13.05,20745.13,3.02,63,Hyderabad,17.385,78.4867,Telangana
2024-09-04,28.1,22.6,24.4,30.4,24.4,7.9,7.9,28.2,56.2,282,15.26,25025.89,3.23,63,Hyderabad,17.385,78.4867,Telangana
2024-09-05,29.4,22.6,25.1,32.6,24.7,3.7,3.7,23.2,43.9,282,17.03,26851.08,3.79,63,Hyderabad,17.385,78.4867,Telangana
2024-09-06,29.0,22.6,25.2,32.3,24.9,2.9,2.9,21.4,43.9,286,17.91,31177.6,3.89,61,Hyderabad,17.385,78.4867,Telangana
2024-09-07,26.5,22.8,24.0,29.0,24.9,10.3,10.3,21.7,40.3,282,9.45,3600.0,2.1,61,Hyderabad,17.385,78.4867,Telangana
2024-09-08,26.4,22.7,23.7,28.7,24.8,16.1,16.1,18.4,34.6,280,6.22,2798.41,1.54,63,Hyderabad,17.385,78.4867,Telangana
2024-09-09,25.0,22.7,23.5,27.4,24.2,12.9,12.9,22.0,40.3,273,5.57,0.0,1.43,61,Hyderabad,17.385,78.4867,Telangana
2024-09-10,29.3,22.4,25.1,31.1,23.8,2.5,2.5,24.2,47.5,269,16.19,22765.22,3.78,61,Hyderabad,17.385,78.4867,Telangana
2024-09-11,29.4,22.0,25.1,31.1,22.9,0.1,0.1,24.9,46.1,260,19.72,40863.77,4.53,51,Hyderabad,17.385,78.4867,Telangana
2024-09-12,28.7,22.1,25.1,30.4,23.4,0.0,0.0,23.8,44.3,264,19.02,41080.83,4.45,3,Hyderabad,17.385,78.4867,Telangana
2024-09-13,28.7,21.9,24.8,31.0,23.3,0.0,0.0,21.5,42.5,274,23.42,40381.22,5.13,3,Hyderabad,17.385,78.4867,Telangana
2024-09-14,29.2,21.7,24.9,31.2,23.6,0.0,0.0,21.9,43.6,283,22.54,41611.11,4.91,3,Hyderabad,17.385,78.4867,Telangana
2024-09-15,29.4,21.8,25.2,31.5,23.4,0.0,0.0,20.8,40.3,280,23.52,41876.45,5.24,3,Hyderabad,17.385,78.4867,Telangana
2024-09-16,27.8,22.2,24.5,29.9,23.8,0.8,0.8,21.2,41.0,296,17.36,36202.86,4.04,51,Hyderabad,17.385,78.4867,Telangana
2024-09-17,29.8,22.1,25.2,32.4,23.8,0.0,0.0,21.7,41.8,295,24.07,41203.21,5.29,3,Hyderabad,17.385,78.4867,Telangana
2024-09-18,29.5,21.0,24.8,32.8,22.6,0.1,0.1,14.7,29.5,288,23.26,41228.39,4.95,51,Hyderabad,17.385,78.4867,Telangana
2024-09-19,30.4,21.1,25.5,35.2,23.5,0.0,0.0,8.5,21.2,284,23.75,41012.92,5.01,3,Hyderabad,17.385,78.4867,Telangana
2024-09-20,30.9,22.1,25.8,36.2,25.0,0.4,0.4,14.7,31.3,311,22.44,36033.34,4.83,51,Hyderabad,17.385,78.4867,Telangana
2024-09-21,29.5,22.3,24.9,35.0,25.7,6.1,6.1,16.1,32.0,311,15.83,27059.87,3.29,63,Hyderabad,17.385,78.4867,Telangana
2024-09-22,29.3,22.2,24.7,33.7,24.8,2.4,2.4,17.3,32.8,319,15.21,25452.54,3.18,61,Hyderabad,17.385,78.4867,Telangana
2024-09-23,29.2,22.2,24.8,34.0,25.5,20.0,20.0,11.7,25.6,309,12.97,16906.53,2.7,63,Hyderabad,17.385,78.4867,Telangana
2024-09-24,29.3,22.5,25.2,33.6,26.3,13.6,13.6,11.1,23.0,314,13.96,29639.87,2.93,63,Hyderabad,17.385,78.4867,Telangana
2024-09-25,28.7,22.7,24.7,32.6,26.3,14.6,14.6,13.9,25.6,259,15.81,20388.35,3.24,63,Hyderabad,17.385,78.4867,Telangana
2024-09-26,27.8,22.9,24.8,30.1,26.0,8.6,8.6,20.2,38.5,247,12.38,12524.53,2.76,63,Hyderabad,17.385,78.4867,Telangana
2024-09-27,29.0,22.8,25.3,31.1,24.8,0.0,0.0,18.8,37.4,244,14.96,25127.19,3.6,3,Hyderabad,17.385,78.4867,Telangana
2024-09-28,29.6,22.2,25.5,33.3,25.4,0.0,0.0,13.9,27.0,244,18.67,39873.88,4.0,3,Hyderabad,17.385,78.4867,Telangana
2024-09-29,30.7,22.1,26.1,36.0,25.5,0.8,0.8,6.1,16.6,180,20.79,39818.9,4.3,51,Hyderabad,17.385,78.4867,Telangana
2024-09-30,29.9,22.5,25.8,35.9,26.7,3.7,3.7,8.3,18.4,217,18.77,37632.69,3.84,61,Hyderabad,17.385,78.4867,Telangana
2024-10-01,31.2,22.7,26.4,37.1,27.3,2.7,2.7,11.2,22.7,51,21.19,39626.27,4.45,61,Hyderabad,17.385,78.4867,Telangana
2024-10-02,31.8,22.4,26.4,37.3,26.3,3.1,3.1,19.5,37.4,294,22.26,39600.0,4.68,61,Hyderabad,17.385,78.4867,Telangana
2024-10-03,31.5,22.5,26.1,36.9,25.6,1.1,1.1,14.8,30.6,296,22.0,39600.0,4.66,55,Hyderabad,17.385,78.4867,Telangana
2024-10-04,30.7,22.4,25.8,36.3,25.7,0.1,0.1,12.3,28.1,296,21.36,39600.0,4.45,51,Hyderabad,17.385,78.4867,Telangana
2024-10-05,30.4,22.3,24.9,36.5,25.7,2.2,2.2,18.2,34.2,295,20.86,37239.18,4.21,61,Hyderabad,17.385,78.4867,Telangana
2024-10-06,30.7,22.3,25.6,36.1,26.2,1.4,1.4,19.8,38.9,40,20.15,38925.05,4.19,53,Hyderabad,17.385,78.4867,Telangana
2024-10-07,30.0,21.7,25.4,34.3,25.4,2.1,2.1,15.3,31.0,81,20.07,36902.73,4.2,55,Hyderabad,17.385,78.4867,Telangana
2024-10-08,29.7,21.6,25.2,33.8,25.5,0.2,0.2,12.2,25.2,104,21.25,39600.0,4.46,51,Hyderabad,17.385,78.4867,Telangana
2024-10-09,30.2,22.4,25.2,34.5,26.2,2.7,2.7,15.7,30.6,121,19.82,38091.35,4.11,55,Hyderabad,17.385,78.4867,Telangana
2024-10-10,29.2,22.5,25.0,33.0,25.9,1.4,1.4,16.3,36.4,107,18.95,39600.0,3.93,53,Hyderabad,17.385,78.4867,Telangana
2024-10-11,29.7,22.6,24.9,33.0,24.9,1.7,1.7,19.7,38.2,113,17.02,32856.39,3.61,53,Hyderabad,17.385,78.4867,Telangana
2024-10-12,29.5,22.3,24.9,33.2,25.6,4.4,4.4,16.1,34.6,122,15.94,34858.01,3.34,61,Hyderabad,17.385,78.4867,Telangana
2024-10-13,29.7,22.2,25.2,33.6,26.1,2.7,2.7,13.8,28.4,111,17.22,38603.43,3.62,61,Hyderabad,17.385,78.4867,Telangana
2024-10-14,28.6,21.0,25.1,32.9,24.5,0.2,0.2,10.6,25.2,77,15.92,26790.5,3.36,51,Hyderabad,17.385,78.4867,Telangana
2024-10-15,29.4,22.1,24.6,33.1,26.2,11.0,11.0,15.0,32.4,94,13.92,18725.72,2.96,63,Hyderabad,17.385,78.4867,Telangana
2024-10-16,29.4,21.9,24.8,33.3,25.9,6.6,6.6,15.9,32.8,82,15.35,27803.82,3.22,63,Hyderabad,17.385,78.4867,Telangana
2024-10-17,29.0,22.7,25.0,31.9,26.4,7.8,7.8,20.5,40.3,90,15.27,32926.4,3.25,63,Hyderabad,17.385,78.4867,Telangana
2024-10-18,28.8,23.0,25.1,32.4,26.6,2.6,2.6,18.4,38.2,108,15.6,36000.0,3.27,55,Hyderabad,17.385,78.4867,Telangana
2024-10-19,30.3,22.0,25.3,33.7,26.0,0.9,0.9,19.1,37.8,110,18.81,36947.7,3.94,51,Hyderabad,17.385,78.4867,Telangana
2024-10-20,29.4,21.4,24.4,33.3,25.4,5.9,5.9,14.3,27.7,74,16.16,32400.0,3.38,63,Hyderabad,17.385,78.4867,Telangana
2024-10-21,29.6,20.8,24.8,34.3,24.4,1.2,1.2,11.6,22.7,78,18.22,39600.0,3.76,53,Hyderabad,17.385,78.4867,Telangana
2024-10-22,29.5,20.9,24.2,35.1,24.7,6.1,6.1,10.0,24.8,80,15.63,32333.37,3.2,63,Hyderabad,17.385,78.4867,Telangana
2024-10-23,30.5,21.0,24.9,32.6,24.1,0.0,0.0,13.3,28.1,12,21.57,39600.0,4.71,3,Hyderabad,17.385,78.4867,Telangana
2024-10-24,30.7,19.5,24.3,32.6,21.3,0.0,0.0,11.3,25.6,326,20.5,36866.52,4.56,3,Hyderabad,17.385,78.4867,Telangana
2024-10-25,30.1,19.9,24.2,31.4,20.6,0.0,0.0,15.1,31.7,325,21.41,39600.0,4.99,3,Hyderabad,17.385,78.4867,Telangana
2024-10-26,30.2,20.3,24.4,31.1,21.2,0.4,0.4,19.2,38.5,349,19.86,39600.0,4.71,51,Hyderabad,17.385,78.4867,Telangana
2024-10-27,30.5,18.7,24.5,32.7,20.2,0.0,0.0,12.5,27.7,314,20.65,39600.0,4.49,1,Hyderabad,17.385,78.4867,Telangana
2024-10-28,30.3,19.5,24.7,33.4,21.2,0.0,0.0,7.2,14.8,28,18.6,39600.0,3.93,2,Hyderabad,17.385,78.4867,Telangana
2024-10-29,30.5,20.0,25.4,34.5,22.5,0.1,0.1,8.3,16.2,269,19.8,39600.0,4.12,51,Hyderabad,17.385,78.4867,Telangana
2024-10-30,30.2,21.5,24.4,35.0,24.3,6.5,6.5,16.4,33.1,26,15.1,27412.18,3.2,63,Hyderabad,17.385,78.4867,Telangana
2024-10-31,28.7,21.1,24.4,32.8,24.0,11.3,11.3,10.4,25.9,82,13.9,28952.41,2.91,63,Hyderabad,17.385,78.4867,Telangana
2024-11-01,30.1,21.3,24.4,34.7,24.7,6.1,6.1,12.2,25.9,55,17.18,38347.62,3.53,63,Hyderabad,17.385,78.4867,Telangana
2024-11-02,29.2,20.7,24.4,32.9,24.1,1.6,1.6,14.1,31.7,69,16.15,37158.82,3.41,53,Hyderabad,17.385,78.4867,Telangana
2024-11-03,28.4,20.6,24.3,30.5,23.7,1.2,1.2,14.2,30.2,84,15.47,36002.12,3.37,53,Hyderabad,17.385,78.4867,Telangana
2024-11-04,29.5,20.4,24.5,31.9,23.6,0.0,0.0,10.5,25.2,87,18.95,39600.0,4.06,3,Hyderabad,17.385,78.4867,Telangana
2024-11-05,29.7,18.5,24.1,31.0,20.7,0.0,0.0,11.2,26.3,58,20.42,38098.86,4.58,3,Hyderabad,17.385,78.4867,Telangana
2024-11-06,30.2,18.1,23.8,31.6,18.9,0.0,0.0,12.7,26.3,27,21.18,39600.0,4.9,3,Hyderabad,17.385,78.4867,Telangana
2024-11-07,29.8,17.8,23.3,31.6,17.8,0.0,0.0,9.5,20.9,39,21.19,39600.0,4.64,2,Hyderabad,17.385,78.4867,Telangana
2024-11-08,29.6,17.6,23.8,32.1,18.3,0.0,0.0,10.3,25.6,67,19.73,39600.0,4.21,1,Hyderabad,17.385,78.4867,Telangana
2024-11-09,29.8,18.2,23.7,32.1,19.6,0.0,0.0,11.0,25.9,46,20.26,39600.0,4.4,0,Hyderabad,17.385,78.4867,Telangana
2024-11-10,29.9,18.5,24.1,31.0,19.2,0.0,0.0,12.4,24.1,40,20.65,39600.0,4.93,3,Hyderabad,17.385,78.4867,Telangana
2024-11-11,29.3,18.8,23.7,30.3,19.0,0.0,0.0,14.5,31.3,31,20.42,39600.0,4.78,3,Hyderabad,17.385,78.4867,Telangana
2024-11-12,29.9,20.5,25.4,31.3,20.7,0.0,0.0,12.9,29.2,50,18.75,37948.98,4.77,3,Hyderabad,17.385,78.4867,Telangana
2024-11-13,30.3,22.5,26.3,32.0,23.6,0.0,0.0,11.8,32.8,77,15.34,33208.88,4.2,3,Hyderabad,17.385,78.4867,Telangana
2024-11-14,29.5,21.9,25.1,33.0,25.3,1.0,1.0,11.6,29.9,85,10.63,13304.69,2.61,51,Hyderabad,17.385,78.4867,Telangana
2024-11-15,30.7,21.6,26.1,32.9,25.5,1.4,1.4,10.1,25.9,78,16.97,39600.0,4.14,53,Hyderabad,17.385,78.4867,Telangana
2024-11-16,30.6,21.9,26.0,31.0,23.2,0.0,0.0,9.9,28.8,57,19.68,39600.0,4.95,3,Hyderabad,17.385,78.4867,Telangana
2024-11-17,29.5,20.8,24.8,29.0,20.8,0.0,0.0,10.0,29.5,49,20.11,39600.0,5.03,2,Hyderabad,17.385,78.4867,Telangana
2024-11-18,28.6,19.9,23.9,29.3,20.0,0.0,0.0,9.8,26.6,60,20.24,39600.0,4.78,3,Hyderabad,17.385,78.4867,Telangana
2024-11-19,28.3,19.6,23.6,29.0,19.6,0.0,0.0,10.2,23.0,58,20.14,39600.0,4.67,0,Hyderabad,17.385,78.4867,Telangana
2024-11-20,28.1,18.8,23.3,29.0,18.9,0.0,0.0,8.6,22.3,74,20.1,39600.0,4.54,2,Hyderabad,17.385,78.4867,Telangana
2024-11-21,28.3,19.2,23.6,29.0,19.3,0.0,0.0,7.5,22.7,78,20.15,39600.0,4.44,1,Hyderabad,17.385,78.4867,Telangana
2024-11-22,28.6,19.1,23.6,29.2,19.2,0.0,0.0,9.6,23.4,64,19.94,39600.0,4.56,2,Hyderabad,17.385,78.4867,Telangana
2024-11-23,28.3,19.0,23.4,29.3,19.3,0.0,0.0,8.3,19.8,78,19.86,39600.0,4.14,3,Hyderabad,17.385,78.4867,Telangana
2024-11-24,28.4,19.4,23.5,29.5,19.6,0.0,0.0,9.6,23.0,56,19.59,39600.0,4.31,3,Hyderabad,17.385,78.4867,Telangana
2024-11-25,27.5,18.6,22.7,27.8,18.6,0.0,0.0,10.4,27.4,49,19.6,39565.71,4.47,3,Hyderabad,17.385,78.4867,Telangana
2024-11-26,28.8,18.6,23.3,29.7,17.9,0.0,0.0,12.2,29.9,32,18.7,39531.43,4.49,3,Hyderabad,17.385,78.4867,Telangana
2024-11-27,27.5,18.9,22.8,26.8,18.1,0.0,0.0,10.7,29.2,33,18.06,39497.24,4.57,3,Hyderabad,17.385,78.4867,Telangana
2024-11-28,26.9,18.0,22.0,25.2,16.4,0.0,0.0,15.7,40.7,34,19.62,37700.04,5.09,3,Hyderabad,17.385,78.4867,Telangana
2024-11-29,29.0,17.9,23.3,30.0,16.8,0.0,0.0,10.8,29.9,30,17.09,36358.35,4.35,3,Hyderabad,17.385,78.4867,Telangana
2024-11-30,29.1,21.1,24.7,29.7,21.6,0.0,0.0,14.9,39.2,34,13.13,29249.26,3.59,3,Hyderabad,17.385,78.4867,Telangana
2024-12-01,28.1,22.1,24.7,30.0,24.7,0.7,0.7,14.5,37.4,53,11.53,25845.1,2.99,51,Hyderabad,17.385,78.4867,Telangana
2024-12-02,27.3,21.7,23.7,29.7,24.3,4.2,4.2,12.8,32.8,76,9.06,16755.15,2.14,55,Hyderabad,17.385,78.4867,Telangana
2024-12-03,27.4,21.3,23.6,30.1,24.5,3.5,3.5,13.5,34.9,101,12.68,28800.0,2.67,53,Hyderabad,17.385,78.4867,Telangana
2024-12-04,28.3,21.8,24.7,31.3,25.2,0.8,0.8,11.2,27.7,109,15.21,38625.23,3.17,51,Hyderabad,17.385,78.4867,Telangana
2024-12-05,27.4,21.1,23.9,31.1,24.4,12.2,12.2,8.7,23.0,95,10.7,22113.84,2.28,63,Hyderabad,17.385,78.4867,Telangana
2024-12-06,29.1,21.6,24.7,33.0,25.0,3.1,3.1,10.3,24.1,118,15.84,36008.53,3.29,61,Hyderabad,17.385,78.4867,Telangana
2024-12-07,30.0,21.1,25.1,32.4,24.7,1.4,1.4,8.7,20.5,235,14.01,28800.0,2.91,53,Hyderabad,17.385,78.4867,Telangana
2024-12-08,28.7,21.8,24.5,33.0,25.4,1.1,1.1,8.3,28.8,138,13.01,29674.42,2.68,51,Hyderabad,17.385,78.4867,Telangana
2024-12-09,27.8,21.4,24.3,31.2,25.2,1.0,1.0,8.3,20.2,42,15.4,38733.25,3.08,51,Hyderabad,17.385,78.4867,Telangana
2024-12-10,28.2,21.0,23.8,29.9,21.9,0.6,0.6,13.0,32.8,53,14.95,32400.0,3.35,51,Hyderabad,17.385,78.4867,Telangana
2024-12-11,27.2,18.6,22.5,27.8,18.1,0.0,0.0,9.3,25.9,54,17.76,37973.17,4.03,3,Hyderabad,17.385,78.4867,Telangana
2024-12-12,27.4,17.5,22.2,27.6,17.4,0.0,0.0,7.7,16.6,40,17.95,37865.59,3.67,3,Hyderabad,17.385,78.4867,Telangana
2024-12-13,26.9,18.0,22.2,26.9,17.6,0.0,0.0,8.8,22.3,52,17.87,38924.37,4.02,3,Hyderabad,17.385,78.4867,Telangana
2024-12-14,26.6,17.5,21.7,26.8,16.9,0.0,0.0,8.8,25.9,50,18.4,38890.51,4.13,3,Hyderabad,17.385,78.4867,Telangana
2024-12-15,26.6,16.9,21.3,26.4,16.3,0.0,0.0,8.0,20.9,41,18.92,38857.43,4.08,2,Hyderabad,17.385,78.4867,Telangana
2024-12-16,27.0,15.5,20.9,26.2,14.0,0.0,0.0,7.1,20.5,60,18.89,38825.24,4.04,3,Hyderabad,17.385,78.4867,Telangana
2024-12-17,27.5,15.3,21.2,27.0,15.5,0.0,0.0,7.5,18.7,65,18.98,38794.04,3.82,3,Hyderabad,17.385,78.4867,Telangana
2024-12-18,28.0,16.7,22.3,28.5,16.8,0.0,0.0,8.3,20.5,30,18.37,38763.92,4.0,3,Hyderabad,17.385,78.4867,Telangana
2024-12-19,28.9,18.5,23.6,30.4,18.3,0.0,0.0,9.6,25.6,89,16.74,35161.69,3.76,3,Hyderabad,17.385,78.4867,Telangana
2024-12-20,29.4,20.9,24.7,31.0,24.4,0.0,0.0,8.1,23.0,48,12.22,28263.45,2.81,3,Hyderabad,17.385,78.4867,Telangana
2024-12-21,29.9,20.0,24.6,30.8,23.2,0.0,0.0,9.3,24.8,50,16.46,32400.0,3.77,3,Hyderabad,17.385,78.4867,Telangana
2024-12-22,28.5,20.2,24.0,31.0,21.5,0.0,0.0,10.9,25.2,77,15.22,32259.06,3.51,3,Hyderabad,17.385,78.4867,Telangana
2024-12-23,28.6,19.8,24.0,29.8,21.4,0.0,0.0,8.9,27.0,102,17.54,38433.63,3.93,1,Hyderabad,17.385,78.4867,Telangana
2024-12-24,28.5,21.0,24.3,28.1,21.5,0.0,0.0,13.2,32.8,102,15.13,36000.0,3.76,3,Hyderabad,17.385,78.4867,Telangana
2024-12-25,27.7,20.0,23.1,28.8,22.1,0.1,0.1,12.1,33.8,93,13.41,31002.3,3.0,51,Hyderabad,17.385,78.4867,Telangana
2024-12-26,25.9,20.6,22.4,27.3,22.5,0.5,0.5,14.1,34.6,103,9.28,20274.48,2.1,51,Hyderabad,17.385,78.4867,Telangana
2024-12-27,26.4,20.6,22.8,26.6,22.1,1.9,1.9,17.2,42.5,120,11.43,27110.58,2.77,53,Hyderabad,17.385,78.4867,Telangana
2024-12-28,27.9,18.8,23.0,29.0,20.3,0.0,0.0,12.1,33.1,133,17.29,38226.66,3.76,1,Hyderabad,17.385,78.4867,Telangana
2024-12-29,28.9,19.3,23.7,29.8,20.8,0.0,0.0,9.4,23.8,119,18.17,37970.46,3.96,0,Hyderabad,17.385,78.4867,Telangana
2024-12-30,30.0,19.4,24.5,30.1,20.8,0.0,0.0,9.0,23.8,92,18.48,38246.68,4.25,1,Hyderabad,17.385,78.4867,Telangana
2024-12-31,28.7,19.9,24.5,29.7,20.9,0.0,0.0,8.2,25.9,85,18.09,38255.68,4.06,3,Hyderabad,17.385,78.4867,Telangana
2025-01-01,28.6,20.5,24.3,29.1,21.7,0.0,0.0,10.2,29.9,57,18.17,37998.04,4.15,3,Hyderabad,17.385,78.4867,Telangana
2025-01-02,28.2,18.6,23.0,26.5,18.7,0.0,0.0,9.7,28.4,38,17.89,36677.29,4.37,3,Hyderabad,17.385,78.4867,Telangana
2025-01-03,28.9,18.2,23.1,27.7,17.0,0.0,0.0,9.4,26.6,59,19.14,38278.23,4.6,3,Hyderabad,17.385,78.4867,Telangana
2025-01-04,28.9,18.5,23.3,27.5,17.4,0.0,0.0,9.9,28.1,59,19.24,38284.11,4.63,3,Hyderabad,17.385,78.4867,Telangana
2025-01-05,28.2,16.4,22.4,28.2,17.8,0.0,0.0,9.5,24.5,116,19.1,38289.13,4.11,3,Hyderabad,17.385,78.4867,Telangana
2025-01-06,27.5,17.7,22.6,28.4,18.3,0.0,0.0,8.8,21.6,128,19.02,38028.58,4.04,0,Hyderabad,17.385,78.4867,Telangana
2025-01-07,28.6,18.0,23.1,28.5,19.2,0.0,0.0,10.4,27.0,63,18.96,37767.7,4.28,3,Hyderabad,17.385,78.4867,Telangana
2025-01-08,27.2,18.7,22.6,26.7,18.2,0.0,0.0,9.2,23.8,56,19.27,37850.93,4.44,1,Hyderabad,17.385,78.4867,Telangana
2025-01-09,25.8,17.0,21.6,25.7,15.7,0.0,0.0,11.3,32.8,85,19.09,37773.06,4.18,2,Hyderabad,17.385,78.4867,Telangana
2025-01-10,26.4,17.3,22.0,26.5,17.9,0.0,0.0,12.5,32.4,114,18.28,37247.93,4.1,3,Hyderabad,17.385,78.4867,Telangana
2025-01-11,26.8,17.8,22.2,27.2,18.2,0.0,0.0,12.5,30.6,120,18.34,37249.7,4.11,3,Hyderabad,17.385,78.4867,Telangana
2025-01-12,27.7,18.0,22.6,28.9,18.6,0.0,0.0,11.0,25.9,112,16.86,33650.86,3.85,3,Hyderabad,17.385,78.4867,Telangana
2025-01-13,28.7,19.0,23.5,29.7,19.3,0.0,0.0,11.7,29.5,100,17.44,35679.81,4.13,3,Hyderabad,17.385,78.4867,Telangana
2025-01-14,28.5,18.4,23.4,29.0,19.5,0.0,0.0,10.8,29.9,104,18.39,37251.33,4.23,3,Hyderabad,17.385,78.4867,Telangana
2025-01-15,28.1,18.7,23.1,28.6,20.2,0.0,0.0,12.2,33.5,111,17.16,31418.06,3.97,3,Hyderabad,17.385,78.4867,Telangana
2025-01-16,28.2,18.9,23.4,29.1,20.2,0.0,0.0,10.8,28.1,103,17.41,36726.95,3.96,2,Hyderabad,17.385,78.4867,Telangana
2025-01-17,28.4,18.9,23.2,28.6,19.7,0.0,0.0,12.0,29.9,76,18.76,36725.82,4.24,2,Hyderabad,17.385,78.4867,Telangana
2025-01-18,26.9,18.5,22.6,27.4,19.8,0.0,0.0,10.9,29.5,91,18.28,33895.34,3.97,3,Hyderabad,17.385,78.4867,Telangana
2025-01-19,29.3,19.0,23.7,29.0,19.3,0.0,0.0,9.7,24.5,50,19.48,37885.11,4.39,3,Hyderabad,17.385,78.4867,Telangana
2025-01-20,29.5,19.2,23.8,29.1,18.6,0.0,0.0,9.7,25.9,56,20.03,38119.52,4.72,3,Hyderabad,17.385,78.4867,Telangana
2025-01-21,30.5,18.2,24.1,29.7,17.7,0.0,0.0,9.6,25.6,95,20.43,38611.84,4.71,3,Hyderabad,17.385,78.4867,Telangana
2025-01-22,30.1,18.6,24.0,29.5,18.2,0.0,0.0,9.9,27.4,107,20.3,38585.19,4.72,0,Hyderabad,17.385,78.4867,Telangana
2025-01-23,29.6,18.5,23.4,30.1,19.1,0.0,0.0,11.6,28.1,120,19.81,38299.86,4.41,3,Hyderabad,17.385,78.4867,Telangana
2025-01-24,30.6,19.0,24.1,30.0,20.4,0.0,0.0,10.1,28.8,123,20.35,38530.25,4.69,3,Hyderabad,17.385,78.4867,Telangana
2025-01-25,31.3,18.3,24.3,30.6,19.6,0.0,0.0,9.8,25.2,123,20.48,38759.94,4.67,3,Hyderabad,17.385,78.4867,Telangana
2025-01-26,30.1,19.6,24.9,30.6,20.1,0.0,0.0,9.5,27.7,105,20.29,38731.52,4.8,3,Hyderabad,17.385,78.4867,Telangana
2025-01-27,31.2,19.2,25.0,31.7,19.9,0.0,0.0,9.9,26.3,93,20.48,38958.97,4.59,3,Hyderabad,17.385,78.4867,Telangana
2025-01-28,31.0,19.3,25.1,31.8,19.7,0.0,0.0,10.9,28.8,130,20.31,38929.2,4.78,3,Hyderabad,17.385,78.4867,Telangana
2025-01-29,30.5,19.8,24.7,31.6,20.4,0.0,0.0,10.9,29.2,121,20.07,38387.11,4.69,3,Hyderabad,17.385,78.4867,Telangana
2025-01-30,31.0,19.3,24.8,32.0,19.9,0.0,0.0,9.2,26.3,147,20.4,39122.81,4.71,3,Hyderabad,17.385,78.4867,Telangana
2025-01-31,32.4,19.6,25.6,32.7,20.1,0.0,0.0,10.7,27.0,141,20.7,39090.85,4.94,3,Hyderabad,17.385,78.4867,Telangana
2025-02-01,32.2,21.0,26.4,32.0,21.6,0.0,0.0,9.7,26.6,132,20.79,39312.58,5.23,3,Hyderabad,17.385,78.4867,Telangana
2025-02-02,32.3,21.3,26.5,32.8,21.1,0.0,0.0,11.0,28.8,115,20.64,38263.51,5.17,3,Hyderabad,17.385,78.4867,Telangana
2025-02-03,32.2,20.9,26.5,32.1,21.7,0.0,0.0,11.2,29.9,120,21.08,39752.4,5.18,1,Hyderabad,17.385,78.4867,Telangana
2025-02-04,33.1,20.0,26.6,32.7,20.2,0.0,0.0,10.2,25.9,161,21.13,39717.78,5.26,3,Hyderabad,17.385,78.4867,Telangana
2025-02-05,33.4,22.1,27.6,33.4,22.5,0.0,0.0,12.4,31.3,149,20.86,38420.18,5.41,3,Hyderabad,17.385,78.4867,Telangana
2025-02-06,32.4,21.6,26.9,32.5,22.0,0.0,0.0,12.7,33.5,119,20.91,39899.08,5.29,0,Hyderabad,17.385,78.4867,Telangana
2025-02-07,32.1,21.9,26.8,33.1,22.9,0.0,0.0,10.7,27.4,107,18.72,35618.47,4.77,3,Hyderabad,17.385,78.4867,Telangana
2025-02-08,32.3,22.2,27.1,33.0,23.5,0.0,0.0,11.2,29.9,94,20.67,39826.99,5.03,2,Hyderabad,17.385,78.4867,Telangana
2025-02-09,31.6,22.1,27.0,32.0,22.2,0.0,0.0,10.3,29.5,87,21.28,40292.49,5.43,0,Hyderabad,17.385,78.4867,Telangana
2025-02-10,32.3,21.4,26.7,33.2,22.6,0.0,0.0,12.2,32.0,118,20.97,40005.2,5.23,2,Hyderabad,17.385,78.4867,Telangana
2025-02-11,33.7,21.5,27.3,34.2,22.2,0.0,0.0,12.0,31.0,124,20.78,39585.08,5.23,3,Hyderabad,17.385,78.4867,Telangana
2025-02-12,34.4,22.0,28.0,35.2,22.1,0.0,0.0,10.9,31.0,216,21.13,40181.52,5.29,1,Hyderabad,17.385,78.4867,Telangana
2025-02-13,33.6,21.5,27.7,34.0,22.4,0.0,0.0,9.8,29.2,321,21.78,41068.44,5.18,1,Hyderabad,17.385,78.4867,Telangana
2025-02-14,32.8,22.4,27.1,33.3,22.6,0.0,0.0,6.4,21.2,60,21.97,41073.93,4.86,0,Hyderabad,17.385,78.4867,Telangana
2025-02-15,32.9,20.6,27.0,31.7,21.5,0.0,0.0,10.9,31.0,26,22.43,41278.26,5.36,0,Hyderabad,17.385,78.4867,Telangana
2025-02-16,33.5,20.4,27.2,33.0,21.3,0.0,0.0,8.8,25.9,111,22.46,41331.58,5.24,0,Hyderabad,17.385,78.4867,Telangana
2025-02-17,34.3,21.4,27.8,34.6,21.0,0.0,0.0,11.6,28.8,138,22.24,41385.31,5.31,0,Hyderabad,17.385,78.4867,Telangana
2025-02-18,34.7,21.9,28.1,35.1,22.2,0.0,0.0,11.8,29.2,195,22.04,41439.71,5.51,0,Hyderabad,17.385,78.4867,Telangana
2025-02-19,34.0,23.0,28.6,34.7,22.6,0.0,0.0,9.3,28.1,220,21.96,40826.12,5.71,1,Hyderabad,17.385,78.4867,Telangana
2025-02-20,33.9,23.4,28.3,35.3,23.6,0.5,0.5,8.6,24.5,134,20.31,40597.85,5.04,53,Hyderabad,17.385,78.4867,Telangana
2025-02-21,32.8,23.3,27.8,34.6,25.3,0.0,0.0,9.6,23.4,104,19.6,41579.02,4.68,1,Hyderabad,17.385,78.4867,Telangana
2025-02-22,33.9,22.3,28.1,34.1,23.5,0.0,0.0,11.0,31.3,320,21.03,41663.02,5.24,0,Hyderabad,17.385,78.4867,Telangana
2025-02-23,33.2,23.0,27.8,32.8,23.6,0.0,0.0,12.9,36.4,63,21.88,41720.03,5.78,0,Hyderabad,17.385,78.4867,Telangana
2025-02-24,32.3,22.7,27.7,31.6,20.4,0.0,0.0,10.9,31.7,87,23.17,41777.39,6.37,0,Hyderabad,17.385,78.4867,Telangana
2025-02-25,31.8,21.1,26.5,31.8,21.5,0.0,0.0,10.8,30.2,103,22.73,41835.07,5.81,2,Hyderabad,17.385,78.4867,Telangana
2025-02-26,31.8,21.7,26.9,32.3,22.0,0.0,0.0,10.7,32.4,92,22.69,41893.01,5.67,0,Hyderabad,17.385,78.4867,Telangana
2025-02-27,32.4,21.6,27.0,32.9,22.0,0.0,0.0,10.2,31.3,99,22.87,41951.19,5.61,0,Hyderabad,17.385,78.4867,Telangana
2025-02-28,32.5,21.7,27.2,33.3,23.4,0.0,0.0,10.1,30.2,111,22.91,42009.53,5.66,3,Hyderabad,17.385,78.4867,Telangana
2025-03-01,32.8,21.6,27.2,33.2,22.0,0.0,0.0,11.6,30.2,120,23.24,42067.99,5.98,3,Hyderabad,17.385,78.4867,Telangana
2025-03-02,34.5,22.5,28.5,34.9,23.0,0.0,0.0,11.7,31.7,114,22.59,39332.76,5.93,3,Hyderabad,17.385,78.4867,Telangana
2025-03-03,35.6,23.5,29.9,35.4,22.8,0.0,0.0,11.9,32.0,327,23.26,42185.11,6.02,3,Hyderabad,17.385,78.4867,Telangana
2025-03-04,36.0,22.8,29.9,35.5,23.1,0.0,0.0,13.5,35.6,44,22.59,40182.92,5.9,3,Hyderabad,17.385,78.4867,Telangana
2025-03-05,33.7,23.9,28.7,33.5,22.1,0.0,0.0,11.5,32.8,16,23.55,42302.18,6.19,3,Hyderabad,17.385,78.4867,Telangana
2025-03-06,32.5,21.1,26.9,30.5,18.1,0.0,0.0,11.1,31.3,6,24.96,42360.59,6.3,3,Hyderabad,17.385,78.4867,Telangana
2025-03-07,33.4,19.3,27.2,31.7,19.5,0.0,0.0,9.7,29.9,53,24.61,42418.84,5.94,0,Hyderabad,17.385,78.4867,Telangana
2025-03-08,35.8,19.8,28.3,35.3,20.1,0.0,0.0,9.9,24.5,68,24.4,42476.85,5.71,0,Hyderabad,17.385,78.4867,Telangana
2025-03-09,34.7,22.6,28.8,34.9,22.1,0.0,0.0,12.7,31.7,113,23.84,42534.89,6.37,1,Hyderabad,17.385,78.4867,Telangana
2025-03-10,32.6,20.7,27.1,33.5,22.4,0.0,0.0,12.2,36.0,106,23.45,41703.92,5.81,2,Hyderabad,17.385,78.4867,Telangana
2025-03-11,33.6,22.1,28.1,33.9,23.6,0.0,0.0,13.4,37.4,102,23.85,42652.02,6.02,1,Hyderabad,17.385,78.4867,Telangana
2025-03-12,35.8,22.4,29.2,36.3,23.1,0.0,0.0,10.8,30.6,142,24.0,42711.05,6.14,3,Hyderabad,17.385,78.4867,Telangana
2025-03-13,37.6,23.7,30.6,38.1,23.2,0.0,0.0,9.4,27.0,198,23.35,41178.12,6.31,3,Hyderabad,17.385,78.4867,Telangana
2025-03-14,37.4,25.5,31.6,38.1,24.9,0.0,0.0,10.5,26.3,178,22.2,42136.89,6.34,3,Hyderabad,17.385,78.4867,Telangana
2025-03-15,37.4,26.0,31.4,37.4,25.0,0.0,0.0,13.9,34.6,138,24.21,42755.62,7.07,0,Hyderabad,17.385,78.4867,Telangana
2025-03-16,37.2,25.8,31.4,36.2,24.0,0.0,0.0,12.7,34.6,155,24.64,42767.95,7.74,0,Hyderabad,17.385,78.4867,Telangana
2025-03-17,37.6,24.9,31.2,37.7,23.2,0.0,0.0,12.1,30.2,185,23.66,39600.0,6.74,3,Hyderabad,17.385,78.4867,Telangana
2025-03-18,37.0,26.2,31.4,36.9,25.7,0.0,0.0,13.6,35.3,129,24.42,42791.95,6.89,3,Hyderabad,17.385,78.4867,Telangana
2025-03-19,36.1,24.6,30.2,35.1,23.9,0.0,0.0,13.9,38.2,142,24.62,42803.7,7.44,1,Hyderabad,17.385,78.4867,Telangana
2025-03-20,35.3,22.1,28.7,36.7,24.3,0.0,0.0,13.8,32.4,142,23.57,42815.33,6.25,1,Hyderabad,17.385,78.4867,Telangana
2025-03-21,35.8,22.4,29.0,36.6,24.8,0.0,0.0,18.1,43.2,170,22.61,41122.64,6.03,2,Hyderabad,17.385,78.4867,Telangana
2025-03-22,33.8,23.0,27.2,37.1,26.1,0.5,0.5,11.3,46.4,122,20.61,40270.76,5.16,51,Hyderabad,17.385,78.4867,Telangana
2025-03-23,32.3,22.8,27.6,35.5,26.3,0.1,0.1,9.1,22.0,129,21.63,42849.96,4.77,51,Hyderabad,17.385,78.4867,Telangana
2025-03-24,33.3,22.8,28.2,35.7,26.2,0.0,0.0,9.4,28.8,92,22.92,42861.55,5.48,0,Hyderabad,17.385,78.4867,Telangana
2025-03-25,34.5,23.0,29.2,35.6,25.2,0.0,0.0,10.1,27.0,89,23.9,42873.21,5.86,0,Hyderabad,17.385,78.4867,Telangana
2025-03-26,36.2,24.0,30.0,37.6,24.6,0.0,0.0,13.1,36.7,133,24.36,42885.0,6.58,3,Hyderabad,17.385,78.4867,Telangana
2025-03-27,37.5,25.1,30.8,38.4,25.2,0.0,0.0,15.4,42.1,230,23.4,42896.96,6.72,3,Hyderabad,17.385,78.4867,Telangana
2025-03-28,37.8,26.1,31.8,38.6,26.1,0.0,0.0,8.4,26.3,198,21.11,42909.05,5.78,3,Hyderabad,17.385,78.4867,Telangana
2025-03-29,37.6,26.2,31.9,38.1,26.2,0.0,0.0,8.0,27.4,222,20.69,36757.17,5.76,3,Hyderabad,17.385,78.4867,Telangana
2025-03-30,38.1,26.8,32.0,39.6,25.7,0.0,0.0,13.3,37.4,128,22.41,42932.74,6.51,3,Hyderabad,17.385,78.4867,Telangana
2025-03-31,37.0,26.1,31.2,37.6,25.6,0.0,0.0,11.7,31.3,148,24.3,42944.37,6.75,1,Hyderabad,17.385,78.4867,Telangana
2025-04-01,35.2,23.8,29.4,37.7,25.4,0.0,0.0,12.3,34.2,109,23.12,42955.88,6.17,1,Hyderabad,17.385,78.4867,Telangana
2025-04-02,32.8,23.3,28.1,34.8,25.8,0.0,0.0,11.8,31.7,117,22.5,42754.09,5.71,3,Hyderabad,17.385,78.4867,Telangana
2025-04-03,30.3,21.6,25.8,33.8,24.6,9.4,9.4,11.3,29.9,143,19.21,32400.0,4.28,63,Hyderabad,17.385,78.4867,Telangana
2025-04-04,30.6,21.4,25.7,36.0,25.0,3.0,3.0,11.7,37.1,102,22.96,41996.24,4.86,55,Hyderabad,17.385,78.4867,Telangana
2025-04-05,32.5,23.6,27.7,36.2,26.9,0.0,0.0,6.6,23.0,110,24.15,43001.51,5.38,3,Hyderabad,17.385,78.4867,Telangana
2025-04-06,34.5,23.1,28.6,36.9,25.5,0.0,0.0,8.3,22.3,214,24.09,43012.98,5.65,1,Hyderabad,17.385,78.4867,Telangana
2025-04-07,36.1,23.8,29.8,38.2,24.8,0.0,0.0,11.5,28.8,129,23.93,43024.53,6.38,1,Hyderabad,17.385,78.4867,Telangana
2025-04-08,35.6,23.9,29.7,38.8,26.3,0.1,0.1,10.4,29.5,120,22.95,39585.61,5.97,51,Hyderabad,17.385,78.4867,Telangana
2025-04-09,36.8,23.8,30.3,39.4,27.0,0.0,0.0,13.1,41.8,107,23.32,41764.59,6.13,1,Hyderabad,17.385,78.4867,Telangana
2025-04-10,37.1,25.4,30.8,37.7,27.3,0.0,0.0,11.9,35.6,246,23.34,43060.02,6.12,3,Hyderabad,17.385,78.4867,Telangana
2025-04-11,37.0,24.3,31.0,36.4,25.1,0.0,0.0,16.4,44.6,280,24.59,43072.23,6.89,1,Hyderabad,17.385,78.4867,Telangana
2025-04-12,37.1,25.3,31.7,35.9,24.5,0.0,0.0,14.1,38.5,301,24.55,43084.69,7.13,3,Hyderabad,17.385,78.4867,Telangana
2025-04-13,37.0,25.1,31.3,36.7,25.1,0.0,0.0,10.4,31.7,344,24.73,43097.41,6.55,3,Hyderabad,17.385,78.4867,Telangana
2025-04-14,36.9,24.9,31.2,37.2,26.4,0.0,0.0,10.9,31.7,263,23.54,43110.44,6.31,1,Hyderabad,17.385,78.4867,Telangana
2025-04-15,36.2,25.6,31.2,37.3,26.3,0.0,0.0,11.2,32.8,207,23.48,43123.81,6.44,1,Hyderabad,17.385,78.4867,Telangana
2025-04-16,36.2,24.3,30.5,38.3,28.1,0.0,0.0,15.1,40.7,189,23.37,42969.46,6.34,1,Hyderabad,17.385,78.4867,Telangana
2025-04-17,35.9,25.1,30.1,39.1,28.0,0.3,0.3,10.3,29.9,195,22.18,43151.63,5.74,51,Hyderabad,17.385,78.4867,Telangana
2025-04-18,37.2,25.6,31.4,39.8,28.2,0.0,0.0,10.1,28.4,202,22.91,41985.78,6.14,2,Hyderabad,17.385,78.4867,Telangana
2025-04-19,35.3,26.7,30.7,39.4,28.6,1.7,1.7,8.6,33.1,224,20.75,38675.65,5.35,55,Hyderabad,17.385,78.4867,Telangana
2025-04-20,37.9,27.3,32.8,40.5,28.9,0.0,0.0,9.4,27.4,215,22.48,42964.21,6.09,2,Hyderabad,17.385,78.4867,Telangana
2025-04-21,37.8,26.7,32.4,40.9,28.4,0.1,0.1,11.5,25.9,207,23.8,41960.66,6.36,51,Hyderabad,17.385,78.4867,Telangana
2025-04-22,38.5,27.7,33.3,40.8,29.8,0.1,0.1,9.0,28.4,189,23.39,43200.0,6.06,51,Hyderabad,17.385,78.4867,Telangana
2025-04-23,38.3,28.0,33.2,40.2,29.7,0.0,0.0,9.9,29.9,187,23.83,43200.0,6.79,1,Hyderabad,17.385,78.4867,Telangana
2025-04-24,38.7,27.8,33.6,40.0,27.8,0.0,0.0,11.9,33.5,203,24.33,42592.31,6.98,3,Hyderabad,17.385,78.4867,Telangana
2025-04-25,38.4,28.9,33.4,39.8,30.1,0.0,0.0,9.8,30.2,216,24.22,39654.37,6.46,3,Hyderabad,17.385,78.4867,Telangana
2025-04-26,37.6,27.0,32.4,39.8,30.4,0.0,0.0,9.6,29.9,186,22.34,42524.6,5.91,3,Hyderabad,17.385,78.4867,Telangana
2025-04-27,32.9,24.7,29.1,37.3,28.0,8.2,8.2,11.1,26.6,122,15.65,28713.75,3.83,63,Hyderabad,17.385,78.4867,Telangana
2025-04-28,37.0,24.9,30.8,38.5,28.2,0.0,0.0,9.5,22.7,165,24.34,43200.0,6.0,1,Hyderabad,17.385,78.4867,Telangana
2025-04-29,36.9,25.0,31.2,39.0,28.0,0.0,0.0,11.1,31.3,180,23.64,38568.24,6.43,3,Hyderabad,17.385,78.4867,Telangana
2025-04-30,38.4,25.6,32.3,40.0,28.9,0.0,0.0,12.2,31.7,172,23.88,43200.0,6.86,1,Hyderabad,17.385,78.4867,Telangana
2025-05-01,37.9,25.2,31.7,40.9,29.3,0.0,0.0,11.9,29.5,141,23.99,43040.66,6.15,3,Hyderabad,17.385,78.4867,Telangana
2025-05-02,38.7,25.5,32.2,39.7,29.2,0.0,0.0,12.6,33.8,123,24.07,43200.0,6.59,2,Hyderabad,17.385,78.4867,Telangana
2025-05-03,38.6,26.2,32.3,39.4,29.3,0.0,0.0,12.1,32.4,224,24.76,43334.12,6.91,1,Hyderabad,17.385,78.4867,Telangana
2025-05-04,38.5,26.1,31.4,39.3,28.0,0.0,0.0,14.5,35.6,146,25.53,43321.12,6.66,1,Hyderabad,17.385,78.4867,Telangana
2025-05-05,37.5,23.9,31.4,38.6,26.1,0.0,0.0,10.6,31.0,260,24.98,43308.63,6.62,1,Hyderabad,17.385,78.4867,Telangana
2025-05-06,36.8,24.9,31.4,39.1,27.9,0.0,0.0,9.2,23.0,90,23.77,42850.12,5.93,2,Hyderabad,17.385,78.4867,Telangana
2025-05-07,36.0,24.8,31.2,38.1,25.6,0.8,0.8,11.9,34.2,220,25.04,42897.4,6.81,53,Hyderabad,17.385,78.4867,Telangana
2025-05-08,35.2,26.4,31.0,37.1,27.0,0.0,0.0,9.9,27.0,228,23.4,42415.77,6.33,2,Hyderabad,17.385,78.4867,Telangana
2025-05-09,35.6,25.1,30.9,37.3,26.2,0.0,0.0,12.8,31.3,234,24.72,42407.73,6.43,1,Hyderabad,17.385,78.4867,Telangana
2025-05-10,36.5,26.7,31.7,38.9,28.7,0.0,0.0,10.0,28.8,207,23.61,43176.75,6.26,2,Hyderabad,17.385,78.4867,Telangana
2025-05-11,37.6,27.4,32.2,40.2,29.9,0.2,0.2,10.4,28.8,238,24.34,42658.61,6.47,51,Hyderabad,17.385,78.4867,Telangana
2025-05-12,37.0,26.3,32.1,40.1,28.7,0.0,0.0,12.6,30.6,328,23.92,43200.0,6.48,3,Hyderabad,17.385,78.4867,Telangana
2025-05-13,36.5,26.1,31.2,40.3,28.9,0.0,0.0,11.9,28.8,279,22.8,42582.01,5.77,3,Hyderabad,17.385,78.4867,Telangana
2025-05-14,36.9,25.5,30.9,41.0,28.4,0.2,0.2,12.2,34.9,295,22.72,36419.02,5.59,51,Hyderabad,17.385,78.4867,Telangana
2025-05-15,33.6,22.8,29.3,39.0,26.1,11.5,11.5,10.4,32.4,304,23.26,38510.19,5.28,63,Hyderabad,17.385,78.4867,Telangana
2025-05-16,35.5,25.0,29.9,39.3,28.5,0.3,0.3,9.9,28.1,271,19.39,36700.13,4.72,51,Hyderabad,17.385,78.4867,Telangana
2025-05-17,34.9,26.1,30.2,39.6,29.7,0.6,0.6,9.9,27.0,334,23.03,39808.89,5.54,51,Hyderabad,17.385,78.4867,Telangana
2025-05-18,35.2,25.0,29.6,39.7,28.2,1.5,1.5,10.9,28.1,281,22.04,38530.61,5.21,51,Hyderabad,17.385,78.4867,Telangana
2025-05-19,34.0,23.6,28.8,38.1,26.4,8.8,8.8,14.7,44.3,96,21.62,31559.69,5.2,63,Hyderabad,17.385,78.4867,Telangana
2025-05-20,34.5,25.7,29.9,38.7,30.8,1.9,1.9,13.8,37.4,129,21.14,37020.43,5.14,53,Hyderabad,17.385,78.4867,Telangana
2025-05-21,30.2,24.1,26.4,36.7,28.0,24.5,24.5,10.1,37.4,182,17.57,28259.86,3.81,63,Hyderabad,17.385,78.4867,Telangana
2025-05-22,30.8,23.7,26.5,35.2,27.3,5.4,5.4,12.5,32.4,249,17.35,27556.41,4.0,61,Hyderabad,17.385,78.4867,Telangana
2025-05-23,31.5,24.0,27.4,34.5,26.0,1.0,1.0,17.2,45.0,236,19.68,36025.3,4.7,53,Hyderabad,17.385,78.4867,Telangana
2025-05-24,31.1,24.5,26.8,35.5,27.5,1.6,1.6,10.9,32.4,197,18.59,31057.03,4.3,51,Hyderabad,17.385,78.4867,Telangana
2025-05-25,30.4,23.2,26.5,35.1,26.8,2.6,2.6,16.3,44.3,208,21.32,39708.33,4.66,55,Hyderabad,17.385,78.4867,Telangana
2025-05-26,28.8,23.7,25.7,33.4,27.1,2.0,2.0,10.1,27.0,228,14.46,18079.83,3.21,53,Hyderabad,17.385,78.4867,Telangana
2025-05-27,30.7,23.4,25.9,35.5,27.0,1.5,1.5,14.8,38.5,274,18.1,31735.09,3.99,53,Hyderabad,17.385,78.4867,Telangana
2025-05-28,28.0,23.8,25.3,30.9,26.7,3.5,3.5,17.9,43.9,282,13.44,12501.65,3.05,53,Hyderabad,17.385,78.4867,Telangana
2025-05-29,30.9,23.5,26.1,35.2,26.9,4.5,4.5,13.7,31.3,269,9.28,4776.17,2.45,53,Hyderabad,17.385,78.4867,Telangana
2025-05-30,32.2,23.6,27.7,35.7,26.5,1.8,1.8,17.3,43.9,278,23.09,41454.97,5.47,55,Hyderabad,17.385,78.4867,Telangana
2025-05-31,33.6,24.5,28.6,35.5,26.6,0.0,0.0,16.5,40.7,279,25.96,43200.0,6.57,3,Hyderabad,17.385,78.4867,Telangana
2025-06-01,33.0,24.3,28.0,35.2,26.2,0.2,0.2,16.4,41.8,272,24.83,43403.03,6.33,51,Hyderabad,17.385,78.4867,Telangana
2025-06-02,31.9,24.0,27.3,34.3,26.3,1.1,1.1,17.7,43.6,255,21.38,36324.73,5.44,51,Hyderabad,17.385,78.4867,Telangana
2025-06-03,31.8,24.1,27.7,35.1,26.3,0.2,0.2,13.9,34.6,258,20.88,36569.36,5.2,51,Hyderabad,17.385,78.4867,Telangana
2025-06-04,33.0,23.9,28.3,36.4,26.1,0.1,0.1,13.1,33.1,266,25.05,43666.8,6.25,51,Hyderabad,17.385,78.4867,Telangana
2025-06-05,32.5,23.9,28.0,36.4,27.1,0.7,0.7,10.1,22.7,263,22.05,39600.0,5.14,53,Hyderabad,17.385,78.4867,Telangana
2025-06-06,33.8,23.8,29.0,38.2,26.9,0.2,0.2,8.5,24.5,287,23.53,37887.51,5.46,51,Hyderabad,17.385,78.4867,Telangana
2025-06-07,35.4,25.5,29.7,38.5,27.8,0.0,0.0,12.3,32.8,284,24.51,43019.25,6.24,3,Hyderabad,17.385,78.4867,Telangana
2025-06-08,35.1,25.5,29.3,38.0,28.1,0.6,0.6,12.6,34.9,292,21.42,40077.14,5.73,53,Hyderabad,17.385,78.4867,Telangana
2025-06-09,28.6,24.7,26.1,33.0,27.0,6.2,6.2,14.4,34.2,280,8.85,8638.12,2.57,61,Hyderabad,17.385,78.4867,Telangana
2025-06-10,31.5,24.6,27.4,33.9,26.6,1.6,1.6,15.2,37.1,302,16.51,30612.76,4.32,53,Hyderabad,17.385,78.4867,Telangana
2025-06-11,30.1,23.9,26.6,33.7,26.7,2.6,2.6,15.7,36.4,310,17.23,25316.44,3.99,53,Hyderabad,17.385,78.4867,Telangana
2025-06-12,31.1,22.6,26.5,37.4,26.6,10.0,10.0,10.1,27.4,322,20.42,33041.74,4.31,63,Hyderabad,17.385,78.4867,Telangana
2025-06-13,32.1,24.2,27.6,37.1,29.0,0.9,0.9,8.0,16.6,110,23.14,42791.67,4.95,51,Hyderabad,17.385,78.4867,Telangana
2025-06-14,31.4,24.6,27.7,36.3,28.5,1.6,1.6,11.4,28.8,210,23.16,41275.57,5.2,53,Hyderabad,17.385,78.4867,Telangana
2025-06-15,30.9,23.8,26.5,34.4,26.7,5.4,5.4,16.9,43.6,230,20.02,42682.72,4.61,61,Hyderabad,17.385,78.4867,Telangana
2025-06-16,30.2,23.8,26.4,33.1,26.1,1.6,1.6,25.1,62.3,244,20.33,36166.51,4.9,61,Hyderabad,17.385,78.4867,Telangana
2025-06-17,31.8,24.1,27.6,34.8,26.3,0.1,0.1,21.0,51.8,254,20.17,40790.06,5.38,51,Hyderabad,17.385,78.4867,Telangana
2025-06-18,31.4,23.7,27.5,33.6,25.4,0.2,0.2,21.1,52.6,252,19.67,37592.7,5.31,51,Hyderabad,17.385,78.4867,Telangana
2025-06-19,31.6,24.1,27.2,34.2,25.6,2.3,2.3,26.7,66.6,255,18.95,30457.65,5.31,61,Hyderabad,17.385,78.4867,Telangana
2025-06-20,31.6,24.1,27.5,32.9,26.1,0.2,0.2,20.6,52.2,262,18.21,28912.53,5.08,51,Hyderabad,17.385,78.4867,Telangana
2025-06-21,32.5,23.7,28.1,34.7,25.7,0.3,0.3,19.3,51.8,269,23.59,41335.9,6.23,51,Hyderabad,17.385,78.4867,Telangana
2025-06-22,33.0,23.6,28.1,33.9,25.6,1.0,1.0,21.8,53.3,271,22.76,42068.46,6.19,51,Hyderabad,17.385,78.4867,Telangana
2025-06-23,31.7,24.0,26.7,33.3,25.6,0.5,0.5,22.9,58.3,261,13.47,17053.27,4.45,51,Hyderabad,17.385,78.4867,Telangana
2025-06-24,29.4,23.4,25.7,31.1,24.7,12.4,12.4,23.8,58.3,261,12.93,15164.2,3.88,63,Hyderabad,17.385,78.4867,Telangana
2025-06-25,28.9,23.7,25.9,31.2,25.5,7.2,7.2,19.4,47.2,263,11.15,13384.05,3.38,61,Hyderabad,17.385,78.4867,Telangana
2025-06-26,30.0,22.8,26.2,31.7,25.2,9.8,9.8,18.2,45.0,262,16.4,27433.89,4.17,63,Hyderabad,17.385,78.4867,Telangana
2025-06-27,30.4,23.3,26.7,33.0,25.1,1.6,1.6,20.3,49.0,251,18.08,33014.8,4.71,53,Hyderabad,17.385,78.4867,Telangana
2025-06-28,32.0,23.4,27.6,34.1,25.2,0.3,0.3,23.0,54.0,264,18.69,33463.33,5.29,51,Hyderabad,17.385,78.4867,Telangana
2025-06-29,32.0,23.8,26.9,32.6,25.1,1.5,1.5,23.3,56.5,267,20.06,32289.98,5.68,51,Hyderabad,17.385,78.4867,Telangana
2025-06-30,30.6,23.1,25.5,32.8,25.0,8.7,8.7,24.1,61.2,266,14.21,12149.5,3.97,63,Hyderabad,17.385,78.4867,Telangana
2025-07-01,28.0,22.7,24.5,30.4,24.5,9.6,9.6,19.1,52.2,269,9.23,5846.26,2.59,61,Hyderabad,17.385,78.4867,Telangana
2025-07-02,27.8,22.7,24.6,30.7,25.3,4.9,4.9,15.7,36.0,261,7.72,3600.0,2.11,53,Hyderabad,17.385,78.4867,Telangana
2025-07-03,27.7,23.4,25.2,30.5,25.2,1.8,1.8,20.0,52.2,257,12.14,13917.28,3.23,53,Hyderabad,17.385,78.4867,Telangana
2025-07-04,29.9,23.5,25.9,32.9,24.9,11.5,11.5,23.5,58.0,259,16.92,31820.25,4.25,63,Hyderabad,17.385,78.4867,Telangana
2025-07-05,29.9,23.9,26.0,32.9,25.5,2.9,2.9,23.3,58.3,262,19.2,27701.25,4.76,61,Hyderabad,17.385,78.4867,Telangana
2025-07-06,30.8,23.4,26.6,32.8,24.6,2.4,2.4,22.9,56.5,266,18.64,25580.69,5.08,61,Hyderabad,17.385,78.4867,Telangana
2025-07-07,28.9,23.2,25.5,30.5,24.4,3.0,3.0,20.7,56.9,273,13.85,15903.35,3.75,53,Hyderabad,17.385,78.4867,Telangana
2025-07-08,29.8,23.3,25.8,31.8,25.0,1.7,1.7,22.8,60.1,274,20.97,38021.03,4.95,53,Hyderabad,17.385,78.4867,Telangana
2025-07-09,29.9,23.7,26.0,31.3,25.7,0.6,0.6,20.8,51.5,278,19.16,33397.74,4.68,51,Hyderabad,17.385,78.4867,Telangana
2025-07-10,31.4,22.9,26.8,33.8,25.4,0.7,0.7,16.8,41.4,295,23.57,42861.14,5.44,51,Hyderabad,17.385,78.4867,Telangana
2025-07-11,31.6,23.4,27.5,35.5,26.2,0.3,0.3,13.1,36.4,283,23.73,43200.0,5.52,51,Hyderabad,17.385,78.4867,Telangana
2025-07-12,32.2,23.7,27.6,34.8,26.4,1.3,1.3,16.2,43.9,278,24.14,43200.0,5.8,53,Hyderabad,17.385,78.4867,Telangana
2025-07-13,32.0,24.4,28.1,33.6,26.7,0.0,0.0,16.9,43.2,271,21.36,43200.0,5.63,3,Hyderabad,17.385,78.4867,Telangana
2025-07-14,32.3,24.2,28.2,34.4,26.3,1.2,1.2,19.4,47.9,264,21.87,41030.3,5.97,51,Hyderabad,17.385,78.4867,Telangana
2025-07-15,31.2,24.0,27.0,34.7,25.9,2.7,2.7,20.0,47.2,259,17.95,32127.55,4.56,55,Hyderabad,17.385,78.4867,Telangana
2025-07-16,32.2,23.8,27.7,35.6,26.5,4.3,4.3,14.2,37.1,280,20.86,36011.97,4.96,61,Hyderabad,17.385,78.4867,Telangana
2025-07-17,31.3,22.8,27.0,37.5,26.5,7.0,7.0,12.8,32.8,275,21.91,41527.77,4.69,63,Hyderabad,17.385,78.4867,Telangana
2025-07-18,31.1,22.7,25.9,36.5,26.5,12.5,12.5,9.9,23.8,282,20.41,34704.38,4.28,63,Hyderabad,17.385,78.4867,Telangana
2025-07-19,30.2,22.5,25.7,36.1,26.0,8.5,8.5,9.8,28.1,292,20.17,36106.58,4.18,63,Hyderabad,17.385,78.4867,Telangana
2025-07-20,29.5,23.7,26.2,34.9,26.5,2.1,2.1,11.8,28.1,285,19.59,29973.6,4.28,55,Hyderabad,17.385,78.4867,Telangana
2025-07-21,30.3,23.5,26.2,35.1,26.7,3.0,3.0,13.4,33.1,279,19.74,24325.52,4.34,55,Hyderabad,17.385,78.4867,Telangana
2025-07-22,29.0,23.0,25.3,31.9,25.7,5.5,5.5,16.7,41.4,282,15.11,25449.86,3.33,63,Hyderabad,17.385,78.4867,Telangana
2025-07-23,27.6,23.0,24.4,30.5,25.3,8.1,8.1,19.0,47.2,274,11.27,8214.7,2.56,61,Hyderabad,17.385,78.4867,Telangana
2025-07-24,25.7,22.8,23.9,28.1,24.8,8.5,8.5,18.0,45.4,272,8.23,26.38,2.06,55,Hyderabad,17.385,78.4867,Telangana
2025-07-25,26.6,22.9,24.0,29.2,24.7,14.9,14.9,20.9,58.3,267,7.31,0.0,1.93,63,Hyderabad,17.385,78.4867,Telangana
2025-07-26,24.5,22.6,23.5,26.5,24.0,23.5,23.5,22.8,49.7,260,5.65,0.0,1.5,63,Hyderabad,17.385,78.4867,Telangana
2025-07-27,29.3,23.0,25.8,30.9,24.0,0.9,0.9,27.1,67.3,261,21.46,42031.1,5.15,51,Hyderabad,17.385,78.4867,Telangana
2025-07-28,29.9,22.6,25.9,30.9,23.5,0.0,0.0,27.2,62.6,268,20.0,43200.0,5.09,3,Hyderabad,17.385,78.4867,Telangana
2025-07-29,29.6,23.2,26.0,30.7,24.2,0.5,0.5,27.2,64.8,268,21.84,40240.1,5.29,51,Hyderabad,17.385,78.4867,Telangana
2025-07-30,28.5,23.2,25.4,31.9,25.1,2.9,2.9,22.1,55.4,265,21.14,42386.09,4.64,55,Hyderabad,17.385,78.4867,Telangana
2025-07-31,29.3,23.0,26.0,31.7,24.8,1.0,1.0,20.6,49.3,270,19.0,34040.05,4.47,51,Hyderabad,17.385,78.4867,Telangana
2025-08-01,30.3,23.3,26.4,33.8,25.5,0.0,0.0,18.2,43.6,279,20.26,41790.13,4.67,3,Hyderabad,17.385,78.4867,Telangana
2025-08-02,30.8,23.6,27.0,34.8,26.2,0.2,0.2,11.9,31.3,290,24.06,43200.0,5.23,51,Hyderabad,17.385,78.4867,Telangana
2025-08-03,30.7,23.4,26.8,36.8,26.5,0.6,0.6,9.2,25.2,288,22.66,39600.0,4.85,51,Hyderabad,17.385,78.4867,Telangana
2025-08-04,31.1,23.4,26.4,37.0,28.6,4.1,4.1,6.2,20.2,302,18.72,27538.53,3.97,63,Hyderabad,17.385,78.4867,Telangana
2025-08-05,29.6,23.6,26.5,36.1,28.3,6.6,6.6,7.3,24.8,24,19.58,40483.97,4.06,63,Hyderabad,17.385,78.4867,Telangana
2025-08-06,31.5,22.8,26.6,38.1,27.1,7.0,7.0,9.6,20.9,89,23.36,42147.29,4.89,63,Hyderabad,17.385,78.4867,Telangana
2025-08-07,30.0,24.1,26.1,35.0,29.0,23.7,23.7,7.6,18.4,338,16.82,26629.67,3.59,63,Hyderabad,17.385,78.4867,Telangana
2025-08-08,29.5,22.5,26.0,35.5,26.3,3.9,3.9,7.2,22.7,286,21.15,30476.01,4.36,61,Hyderabad,17.385,78.4867,Telangana
2025-08-09,28.1,21.8,24.8,33.9,25.4,5.4,5.4,9.8,26.3,299,16.25,27034.51,3.34,61,Hyderabad,17.385,78.4867,Telangana
2025-08-10,28.5,22.8,24.7,33.7,26.4,15.0,15.0,11.7,27.4,284,16.79,23787.04,3.45,63,Hyderabad,17.385,78.4867,Telangana
2025-08-11,28.6,22.3,24.8,33.5,25.4,9.7,9.7,14.1,35.3,283,18.78,31494.6,3.88,63,Hyderabad,17.385,78.4867,Telangana
2025-08-12,28.5,22.2,24.9,33.5,24.9,4.4,4.4,16.4,41.0,287,19.25,25424.36,4.01,55,Hyderabad,17.385,78.4867,Telangana
2025-08-13,26.3,22.2,23.8,30.0,24.6,11.8,11.8,17.3,45.4,286,14.6,19215.71,2.96,61,Hyderabad,17.385,78.4867,Telangana
2025-08-14,27.4,21.9,24.1,30.2,24.7,8.8,8.8,14.2,34.6,270,13.19,17170.8,2.87,61,Hyderabad,17.385,78.4867,Telangana
2025-08-15,27.6,22.3,24.4,30.7,24.6,4.8,4.8,18.1,42.5,276,13.53,20162.17,2.94,61,Hyderabad,17.385,78.4867,Telangana
2025-08-16,26.9,22.5,24.2,29.2,24.7,2.0,2.0,21.2,50.0,283,13.98,16216.46,2.96,51,Hyderabad,17.385,78.4867,Telangana
2025-08-17,26.6,22.5,23.8,29.8,24.9,7.5,7.5,17.4,45.7,265,10.04,7200.0,2.26,61,Hyderabad,17.385,78.4867,Telangana
2025-08-18,25.7,22.4,23.6,27.6,23.9,15.6,15.6,23.4,55.8,272,10.02,2967.66,2.33,61,Hyderabad,17.385,78.4867,Telangana
2025-08-19,26.9,22.1,23.8,29.2,23.4,7.4,7.4,25.5,64.1,264,15.11,24065.58,3.31,61,Hyderabad,17.385,78.4867,Telangana
2025-08-20,27.5,22.7,24.6,30.6,24.2,2.8,2.8,21.8,55.1,256,15.99,28921.2,3.51,53,Hyderabad,17.385,78.4867,Telangana
2025-08-21,29.4,22.4,25.8,32.5,24.2,0.1,0.1,20.8,49.7,259,20.52,42088.62,4.63,51,Hyderabad,17.385,78.4867,Telangana
2025-08-22,28.9,22.7,25.6,31.7,24.5,0.1,0.1,19.1,50.0,267,18.68,29399.8,4.35,51,Hyderabad,17.385,78.4867,Telangana
2025-08-23,28.8,22.4,25.3,31.6,24.0,0.1,0.1,20.9,52.9,265,20.08,35945.6,4.66,51,Hyderabad,17.385,78.4867,Telangana
2025-08-24,29.2,22.2,25.6,31.5,23.9,0.1,0.1,21.1,51.5,264,22.67,39281.06,5.17,51,Hyderabad,17.385,78.4867,Telangana
2025-08-25,29.4,21.9,25.6,32.2,23.3,0.1,0.1,21.0,50.4,271,22.04,43005.67,5.09,51,Hyderabad,17.385,78.4867,Telangana
2025-08-26,26.7,22.7,24.2,30.6,24.9,19.8,19.8,18.3,45.4,271,12.22,13363.67,2.72,63,Hyderabad,17.385,78.4867,Telangana
2025-08-27,26.7,22.2,23.3,30.2,24.4,25.8,25.8,17.0,35.6,278,7.7,5901.95,1.72,63,Hyderabad,17.385,78.4867,Telangana
2025-08-28,26.5,21.8,23.7,29.8,24.3,17.6,17.6,19.3,46.4,270,15.5,18856.12,3.0,61,Hyderabad,17.385,78.4867,Telangana
2025-08-29,28.6,21.8,24.9,32.1,24.0,1.7,1.7,18.2,43.6,252,20.39,36992.37,4.27,53,Hyderabad,17.385,78.4867,Telangana
2025-08-30,29.6,22.5,25.8,33.8,25.0,0.4,0.4,17.8,42.5,254,20.67,43066.08,4.48,51,Hyderabad,17.385,78.4867,Telangana
2025-08-31,28.0,22.9,25.0,32.8,25.7,2.9,2.9,16.2,41.4,273,15.45,27788.04,3.27,53,Hyderabad,17.385,78.4867,Telangana
2025-09-01,27.9,22.7,24.8,30.6,25.1,8.7,8.7,18.3,45.4,284,14.26,13921.07,3.19,63,Hyderabad,17.385,78.4867,Telangana
2025-09-02,27.0,22.7,24.3,29.5,24.7,4.5,4.5,21.0,50.0,285,13.18,7927.83,2.91,61,Hyderabad,17.385,78.4867,Telangana
2025-09-03,28.8,22.2,24.9,31.1,24.4,0.2,0.2,16.7,40.3,290,16.1,19903.34,3.65,51,Hyderabad,17.385,78.4867,Telangana
2025-09-04,29.4,22.1,25.4,31.7,24.7,0.3,0.3,18.7,46.8,263,21.91,36323.93,4.73,51,Hyderabad,17.385,78.4867,Telangana
2025-09-05,29.1,22.2,25.5,32.3,24.7,0.6,0.6,15.8,37.4,251,22.45,42786.91,4.8,51,Hyderabad,17.385,78.4867,Telangana
2025-09-06,28.9,22.8,25.6,33.5,25.4,0.2,0.2,13.9,36.4,263,20.97,38547.28,4.48,51,Hyderabad,17.385,78.4867,Telangana
2025-09-07,29.3,22.6,25.6,33.4,25.0,0.0,0.0,13.6,37.1,268,24.21,41926.74,5.13,3,Hyderabad,17.385,78.4867,Telangana
2025-09-08,30.0,22.7,26.2,34.9,25.6,0.5,0.5,9.7,25.9,277,22.36,39987.95,4.88,51,Hyderabad,17.385,78.4867,Telangana
2025-09-09,31.8,22.2,27.2,36.2,24.9,0.9,0.9,8.7,23.4,294,23.67,39600.0,5.27,51,Hyderabad,17.385,78.4867,Telangana
2025-09-10,30.7,22.6,26.1,36.2,26.0,12.2,12.2,10.4,27.4,311,19.0,32146.02,4.08,63,Hyderabad,17.385,78.4867,Telangana
2025-09-11,26.7,22.7,24.2,30.4,26.0,20.5,20.5,14.7,38.5,314,11.71,17770.31,2.5,63,Hyderabad,17.385,78.4867,Telangana
2025-09-12,25.7,21.9,23.8,29.4,25.1,6.6,6.6,12.8,32.0,312,10.05,3844.2,2.11,63,Hyderabad,17.385,78.4867,Telangana
2025-09-13,27.2,22.5,24.1,31.9,26.0,11.5,11.5,9.6,27.4,307,11.31,13769.51,2.3,63,Hyderabad,17.385,78.4867,Telangana
2025-09-14,29.3,21.7,25.0,36.1,25.3,7.2,7.2,10.1,25.6,266,20.71,38263.43,4.17,61,Hyderabad,17.385,78.4867,Telangana
2025-09-15,28.9,22.6,25.2,33.2,25.9,4.5,4.5,13.4,32.4,251,18.23,35753.9,3.74,61,Hyderabad,17.385,78.4867,Telangana
2025-09-16,29.4,22.9,25.2,33.8,26.9,7.6,7.6,10.1,27.0,249,17.56,32728.3,3.55,63,Hyderabad,17.385,78.4867,Telangana
2025-09-17,28.8,22.5,25.4,34.4,26.4,1.2,1.2,7.2,19.8,232,16.61,36186.12,3.38,53,Hyderabad,17.385,78.4867,Telangana
2025-09-18,30.0,21.9,25.8,37.0,25.4,6.3,6.3,10.0,27.4,200,21.93,40741.95,4.45,63,Hyderabad,17.385,78.4867,Telangana
2025-09-19,30.3,22.0,25.5,36.0,25.7,16.2,16.2,11.2,26.6,240,21.75,39368.71,4.46,63,Hyderabad,17.385,78.4867,Telangana
2025-09-20,30.0,21.9,25.7,36.0,24.9,2.2,2.2,11.6,27.7,289,21.04,39908.98,4.34,53,Hyderabad,17.385,78.4867,Telangana
2025-09-21,29.7,22.4,25.4,35.8,25.5,9.3,9.3,11.6,29.9,296,19.74,36378.35,4.06,61,Hyderabad,17.385,78.4867,Telangana
2025-09-22,28.4,22.4,24.7,33.2,25.5,6.8,6.8,11.7,34.6,304,15.04,18518.45,3.11,55,Hyderabad,17.385,78.4867,Telangana
2025-09-23,28.7,22.7,24.7,33.8,26.0,10.2,10.2,16.8,39.2,291,18.0,31762.17,3.65,61,Hyderabad,17.385,78.4867,Telangana
2025-09-24,28.3,22.5,25.0,31.8,24.9,0.0,0.0,19.1,45.4,296,18.58,32205.84,4.01,3,Hyderabad,17.385,78.4867,Telangana
2025-09-25,25.7,22.2,23.6,27.0,23.8,6.0,6.0,18.0,46.1,300,7.68,0.0,2.1,53,Hyderabad,17.385,78.4867,Telangana
2025-09-26,27.7,21.7,23.7,32.8,23.3,16.9,16.9,17.8,38.2,300,11.28,9546.62,2.48,63,Hyderabad,17.385,78.4867,Telangana
2025-09-27,25.1,22.0,23.4,28.8,24.7,10.5,10.5,14.5,34.6,270,8.46,0.0,1.78,55,Hyderabad,17.385,78.4867,Telangana
2025-09-28,27.1,21.7,23.9,30.3,23.5,3.3,3.3,19.2,45.0,241,15.61,32400.0,3.25,61,Hyderabad,17.385,78.4867,Telangana
2025-09-29,29.2,21.6,25.0,31.9,23.7,0.0,0.0,14.8,38.2,261,21.12,39600.0,4.47,3,Hyderabad,17.385,78.4867,Telangana
2025-09-30,28.4,22.1,25.2,32.4,24.5,0.1,0.1,13.6,40.7,275,20.21,39600.0,4.26,51,Hyderabad,17.385,78.4867,Telangana
2025-10-01,29.2,22.4,25.4,32.2,24.7,0.2,0.2,16.4,40.0,282,21.83,36946.53,4.71,51,Hyderabad,17.385,78.4867,Telangana
2025-10-02,27.9,23.0,25.1,30.3,24.9,0.0,0.0,13.5,31.7,282,12.74,10669.61,3.07,3,Hyderabad,17.385,78.4867,Telangana
2025-10-03,29.7,23.0,25.8,32.9,25.5,0.0,0.0,15.9,39.6,281,21.0,38767.03,4.56,3,Hyderabad,17.385,78.4867,Telangana
2025-10-04,29.7,23.6,26.0,34.0,26.4,0.8,0.8,11.6,31.7,282,19.54,36509.53,4.18,53,Hyderabad,17.385,78.4867,Telangana
2025-10-05,29.6,22.3,25.4,34.2,24.8,2.3,2.3,12.4,30.6,294,20.12,37023.01,4.12,55,Hyderabad,17.385,78.4867,Telangana
2025-10-06,29.6,21.5,24.6,32.8,24.3,10.2,10.2,12.2,32.8,294,17.91,32269.73,3.73,63,Hyderabad,17.385,78.4867,Telangana
2025-10-07,28.5,21.8,24.7,33.4,24.8,3.4,3.4,9.5,27.0,316,19.35,39600.0,3.85,61,Hyderabad,17.385,78.4867,Telangana
2025-10-08,30.4,22.7,25.9,35.0,26.4,0.7,0.7,9.5,24.1,347,21.55,39600.0,4.47,51,Hyderabad,17.385,78.4867,Telangana
2025-10-09,29.2,22.0,25.8,33.5,26.0,1.1,1.1,8.4,25.2,2,20.07,39600.0,4.27,51,Hyderabad,17.385,78.4867,Telangana
2025-10-10,30.7,22.8,26.3,33.6,25.0,0.0,0.0,9.7,25.2,347,22.55,37549.8,5.11,3,Hyderabad,17.385,78.4867,Telangana
2025-10-11,30.8,21.8,26.1,33.1,22.9,0.0,0.0,12.9,33.1,355,21.99,39600.0,5.22,3,Hyderabad,17.385,78.4867,Telangana
2025-10-12,31.4,22.3,26.9,34.0,23.8,0.0,0.0,9.4,28.8,31,22.29,39600.0,5.29,3,Hyderabad,17.385,78.4867,Telangana
2025-10-13,28.1,23.7,25.5,30.0,26.2,0.2,0.2,10.4,27.4,24,7.6,5302.16,2.18,51,Hyderabad,17.385,78.4867,Telangana
2025-10-14,28.9,22.5,24.9,33.1,26.4,2.1,2.1,12.5,36.0,86,18.06,36664.54,3.73,53,Hyderabad,17.385,78.4867,Telangana
2025-10-15,29.7,22.3,25.7,32.6,25.7,0.7,0.7,13.0,34.2,100,20.71,38438.16,4.52,51,Hyderabad,17.385,78.4867,Telangana
2025-10-16,31.0,22.6,26.8,33.0,26.4,0.0,0.0,13.9,42.1,93,21.39,39600.0,4.98,3,Hyderabad,17.385,78.4867,Telangana
2025-10-17,31.2,22.7,26.9,33.2,26.3,0.7,0.7,14.0,38.9,84,20.58,39600.0,4.95,51,Hyderabad,17.385,78.4867,Telangana
2025-10-18,31.7,22.6,27.1,33.9,25.9,0.0,0.0,11.2,31.3,74,21.41,39600.0,5.1,3,Hyderabad,17.385,78.4867,Telangana
2025-10-19,31.1,22.5,26.2,33.9,25.2,1.3,1.3,13.8,34.2,80,20.76,39600.0,4.78,53,Hyderabad,17.385,78.4867,Telangana
2025-10-20,29.8,22.6,25.7,33.3,26.5,10.8,10.8,9.4,27.7,105,16.64,31969.1,3.75,65,Hyderabad,17.385,78.4867,Telangana
2025-10-21,30.4,22.8,25.4,33.3,26.6,2.2,2.2,14.7,40.7,100,17.68,39285.56,3.93,53,Hyderabad,17.385,78.4867,Telangana
2025-10-22,29.8,22.6,25.1,33.4,26.0,5.1,5.1,15.5,42.8,98,15.38,27191.45,3.49,63,Hyderabad,17.385,78.4867,Telangana
2025-10-23,26.7,22.5,23.7,29.0,25.6,5.5,5.5,17.3,44.6,97,10.72,10606.63,2.24,55,Hyderabad,17.385,78.4867,Telangana
2025-10-24,25.7,21.9,23.3,29.3,25.4,12.0,12.0,10.8,31.3,110,11.25,20917.71,2.24,65,Hyderabad,17.385,78.4867,Telangana
2025-10-25,27.0,21.6,23.4,31.7,25.2,20.4,20.4,10.0,23.4,123,12.16,22530.54,2.42,65,Hyderabad,17.385,78.4867,Telangana
2025-10-26,28.0,21.6,24.4,32.5,25.1,1.0,1.0,10.9,26.6,116,15.48,33232.12,3.15,51,Hyderabad,17.385,78.4867,Telangana
2025-10-27,28.8,21.3,24.9,32.8,25.2,2.3,2.3,7.0,21.6,127,18.05,39229.77,3.69,55,Hyderabad,17.385,78.4867,Telangana
2025-10-28,27.8,22.0,23.5,30.8,24.5,16.8,16.8,16.2,40.7,316,8.99,7200.0,2.06,63,Hyderabad,17.385,78.4867,Telangana
2025-10-29,23.8,21.7,22.5,25.5,23.7,26.7,26.7,18.2,41.0,278,2.66,0.0,0.94,63,Hyderabad,17.385,78.4867,Telangana
2025-10-30,28.4,22.3,24.8,30.3,23.8,0.2,0.2,19.5,45.4,247,15.78,30180.13,3.78,51,Hyderabad,17.385,78.4867,Telangana
2025-10-31,28.5,20.9,24.4,30.8,21.9,0.0,0.0,14.3,35.3,244,19.09,39506.62,4.19,3,Hyderabad,17.385,78.4867,Telangana
2025-11-01,28.7,22.0,25.2,33.0,24.8,0.1,0.1,9.0,26.3,254,18.72,39600.0,3.77,51,Hyderabad,17.385,78.4867,Telangana
2025-11-02,29.1,22.5,25.0,33.4,24.7,0.4,0.4,13.8,36.4,295,17.34,39600.0,3.63,51,Hyderabad,17.385,78.4867,Telangana
2025-11-03,28.8,22.4,25.4,33.4,25.2,1.0,1.0,12.6,31.0,309,16.71,39600.0,3.43,51,Hyderabad,17.385,78.4867,Telangana
2025-11-04,28.2,22.3,24.3,31.8,25.2,1.6,1.6,10.1,25.9,304,16.57,32806.7,3.34,53,Hyderabad,17.385,78.4867,Telangana
2025-11-05,29.7,21.7,25.2,31.9,25.6,0.0,0.0,9.7,26.6,341,18.19,39600.0,3.92,3,Hyderabad,17.385,78.4867,Telangana
2025-11-06,28.7,21.7,25.0,30.2,24.2,0.0,0.0,8.5,23.8,13,13.89,35463.99,3.34,3,Hyderabad,17.385,78.4867,Telangana
2025-11-07,29.5,21.6,25.0,30.7,22.3,0.0,0.0,9.9,27.4,8,20.47,39600.0,4.72,3,Hyderabad,17.385,78.4867,Telangana
2025-11-08,28.9,20.3,24.2,29.0,20.6,0.0,0.0,8.9,25.9,356,21.24,39600.0,4.78,3,Hyderabad,17.385,78.4867,Telangana
2025-11-09,28.0,18.3,23.3,28.7,19.0,0.0,0.0,8.3,25.6,10,21.1,39600.0,4.53,0,Hyderabad,17.385,78.4867,Telangana
2025-11-10,28.8,18.0,23.5,30.0,18.0,0.0,0.0,6.5,20.5,349,20.7,39600.0,4.27,1,Hyderabad,17.385,78.4867,Telangana
2025-11-11,29.3,19.2,24.2,30.7,19.6,0.0,0.0,9.7,27.4,3,20.36,39600.0,4.47,1,Hyderabad,17.385,78.4867,Telangana
2025-11-12,29.5,19.3,24.1,30.4,19.4,0.0,0.0,9.3,24.5,27,20.55,39600.0,4.7,0,Hyderabad,17.385,78.4867,Telangana
2025-11-13,29.0,18.7,23.4,29.3,18.4,0.0,0.0,9.8,24.8,17,20.99,39600.0,4.85,0,Hyderabad,17.385,78.4867,Telangana
2025-11-14,28.2,16.4,22.4,28.6,16.0,0.0,0.0,8.9,22.3,46,21.07,39600.0,4.57,0,Hyderabad,17.385,78.4867,Telangana
2025-11-15,27.8,16.7,22.4,28.1,17.1,0.0,0.0,8.4,22.7,75,20.87,39600.0,4.41,1,Hyderabad,17.385,78.4867,Telangana
2025-11-16,27.9,17.1,22.4,27.5,16.8,0.0,0.0,9.8,26.3,37,20.58,39600.0,4.67,3,Hyderabad,17.385,78.4867,Telangana
2025-11-17,27.7,17.4,22.3,27.5,16.0,0.0,0.0,10.7,30.2,45,20.78,39600.0,4.91,3,Hyderabad,17.385,78.4867,Telangana
2025-11-18,29.1,17.3,23.1,30.1,15.8,0.0,0.0,8.9,21.2,35,20.44,39600.0,4.5,3,Hyderabad,17.385,78.4867,Telangana
2025-11-19,29.0,17.4,23.1,29.8,17.4,0.0,0.0,8.3,23.0,21,20.41,39600.0,4.41,0,Hyderabad,17.385,78.4867,Telangana
2025-11-20,28.9,16.6,23.0,29.3,16.7,0.0,0.0,8.7,22.3,56,20.3,39600.0,4.53,0,Hyderabad,17.385,78.4867,Telangana
2025-11-21,29.7,18.5,24.3,31.3,18.9,0.0,0.0,10.8,31.0,79,17.55,39600.0,4.08,3,Hyderabad,17.385,78.4867,Telangana
2025-11-22,30.5,20.8,25.2,32.6,22.7,0.0,0.0,10.5,29.9,109,17.18,39600.0,4.02,3,Hyderabad,17.385,78.4867,Telangana
2025-11-23,31.2,21.0,25.7,33.2,23.3,0.0,0.0,8.8,24.1,85,18.31,39600.0,4.2,3,Hyderabad,17.385,78.4867,Telangana
2025-11-24,30.2,21.3,25.4,31.1,22.7,0.0,0.0,9.7,26.3,85,18.67,39600.0,4.49,3,Hyderabad,17.385,78.4867,Telangana
2025-11-25,29.3,19.6,24.4,30.2,20.5,0.0,0.0,9.7,28.4,95,18.48,34527.96,4.31,3,Hyderabad,17.385,78.4867,Telangana
2025-11-26,29.0,19.1,24.0,29.7,20.6,0.0,0.0,11.3,30.2,93,18.03,32400.0,4.17,3,Hyderabad,17.385,78.4867,Telangana
2025-11-27,28.5,18.7,23.6,29.6,20.7,0.0,0.0,11.1,29.2,71,18.91,39253.3,4.31,3,Hyderabad,17.385,78.4867,Telangana
2025-11-28,28.1,19.2,23.1,27.9,18.9,0.0,0.0,11.1,29.5,41,19.12,39472.11,4.67,3,Hyderabad,17.385,78.4867,Telangana
2025-11-29,27.0,17.2,22.1,26.9,16.3,0.0,0.0,9.8,22.7,52,16.79,37452.18,4.01,3,Hyderabad,17.385,78.4867,Telangana
2025-11-30,26.9,19.2,22.7,27.0,18.7,0.0,0.0,9.6,25.2,55,12.99,25413.31,3.38,3,Hyderabad,17.385,78.4867,Telangana
2025-12-01,28.3,19.5,23.4,29.0,20.2,0.2,0.2,10.1,26.3,74,16.09,38025.49,3.73,51,Hyderabad,17.385,78.4867,Telangana
2025-12-02,28.8,19.0,23.9,30.2,21.0,0.0,0.0,12.4,30.2,63,14.82,31905.71,3.73,3,Hyderabad,17.385,78.4867,Telangana
2025-12-03,28.5,20.3,24.1,30.0,20.6,0.0,0.0,10.2,29.5,72,16.38,35846.72,4.02,3,Hyderabad,17.385,78.4867,Telangana
2025-12-04,28.4,20.8,24.3,30.1,21.3,0.1,0.1,9.4,27.0,79,14.55,38155.1,3.46,51,Hyderabad,17.385,78.4867,Telangana
2025-12-05,28.2,19.7,23.6,28.4,19.4,0.0,0.0,11.6,28.4,54,17.51,39215.29,4.33,3,Hyderabad,17.385,78.4867,Telangana
2025-12-06,28.3,17.9,22.9,28.3,17.4,0.0,0.0,9.2,22.7,61,18.77,39178.84,4.3,3,Hyderabad,17.385,78.4867,Telangana
2025-12-07,29.1,18.8,23.4,28.9,18.3,0.0,0.0,10.6,27.4,55,18.09,39142.71,4.46,3,Hyderabad,17.385,78.4867,Telangana
2025-12-08,28.9,17.3,22.6,27.4,16.3,0.0,0.0,11.1,28.8,38,18.52,39106.99,4.58,2,Hyderabad,17.385,78.4867,Telangana
2025-12-09,28.8,17.5,22.7,26.3,16.2,0.0,0.0,13.5,34.9,44,19.25,39071.76,5.1,1,Hyderabad,17.385,78.4867,Telangana
2025-12-10,28.6,17.6,22.7,26.4,15.8,0.0,0.0,12.3,33.8,44,19.31,39037.12,5.0,2,Hyderabad,17.385,78.4867,Telangana
2025-12-11,28.3,16.8,22.2,26.1,15.1,0.0,0.0,9.9,23.8,35,19.62,39003.14,4.77,2,Hyderabad,17.385,78.4867,Telangana
2025-12-12,28.2,15.2,21.9,26.3,14.0,0.0,0.0,8.8,22.3,41,19.3,38969.92,4.42,0,Hyderabad,17.385,78.4867,Telangana
2025-12-13,28.3,15.1,22.1,27.5,15.0,0.0,0.0,9.2,22.0,53,19.03,38937.52,4.13,0,Hyderabad,17.385,78.4867,Telangana
2025-12-14,28.3,16.4,22.3,27.4,15.9,0.0,0.0,8.5,23.4,74,18.83,38905.38,4.13,3,Hyderabad,17.385,78.4867,Telangana
2025-12-15,27.7,16.7,22.0,27.4,16.6,0.0,0.0,8.3,23.0,75,18.75,38873.07,4.08,1,Hyderabad,17.385,78.4867,Telangana
2025-12-16,27.9,17.0,22.0,27.0,16.8,0.0,0.0,8.0,24.5,93,18.94,38840.7,4.1,3,Hyderabad,17.385,78.4867,Telangana
2025-12-17,29.2,17.7,22.9,28.6,17.7,0.0,0.0,9.2,22.3,43,18.94,38808.36,4.23,2,Hyderabad,17.385,78.4867,Telangana
2025-12-18,29.0,17.2,22.7,27.0,15.8,0.0,0.0,10.3,27.4,31,19.23,38776.15,4.6,1,Hyderabad,17.385,78.4867,Telangana
2025-12-19,27.5,17.4,22.1,25.3,15.4,0.0,0.0,10.3,30.6,31,19.32,38744.16,4.75,3,Hyderabad,17.385,78.4867,Telangana
2025-12-20,27.3,15.9,21.6,25.9,14.9,0.0,0.0,9.8,26.6,41,19.0,38712.49,4.38,3,Hyderabad,17.385,78.4867,Telangana
2025-12-21,27.0,14.8,21.2,26.3,15.2,0.0,0.0,8.3,25.6,81,18.69,38681.22,3.87,3,Hyderabad,17.385,78.4867,Telangana
2025-12-22,27.5,17.0,22.2,27.1,17.0,0.0,0.0,8.3,23.4,54,18.66,38650.46,4.07,3,Hyderabad,17.385,78.4867,Telangana
2025-12-23,27.5,15.6,21.7,26.9,15.7,0.0,0.0,10.1,25.2,47,18.63,38620.3,4.08,3,Hyderabad,17.385,78.4867,Telangana
2025-12-24,27.1,17.1,21.9,26.6,16.5,0.0,0.0,8.6,25.2,73,18.71,38590.83,4.16,3,Hyderabad,17.385,78.4867,Telangana
2025-12-25,26.8,16.7,21.9,26.2,16.5,0.0,0.0,8.3,23.0,87,18.81,38562.14,4.08,3,Hyderabad,17.385,78.4867,Telangana
2025-12-26,26.6,16.2,21.4,26.4,16.5,0.0,0.0,8.7,24.5,81,18.85,38534.33,3.92,0,Hyderabad,17.385,78.4867,Telangana
2025-12-27,26.9,16.2,21.5,26.5,16.8,0.0,0.0,8.0,23.0,88,18.86,38507.49,3.88,0,Hyderabad,17.385,78.4867,Telangana
2025-12-28,26.8,16.2,21.5,26.5,16.5,0.0,0.0,8.0,22.7,78,18.83,38481.71,3.92,0,Hyderabad,17.385,78.4867,Telangana
2025-12-29,26.6,16.5,21.4,26.0,16.6,0.0,0.0,8.0,25.2,81,18.95,38457.09,3.96,3,Hyderabad,17.385,78.4867,Telangana
2025-12-30,28.0,16.1,22.0,28.2,16.6,0.0,0.0,5.1,16.6,146,18.85,38433.71,3.61,3,Hyderabad,17.385,78.4867,Telangana
2025-12-31,28.3,16.7,22.7,28.1,17.3,0.0,0.0,9.4,24.1,176,18.81,38411.67,3.99,3,Hyderabad,17.385,78.4867,Telangana
2026-01-01,29.1,18.2,23.1,29.7,19.5,0.0,0.0,13.6,32.4,116,17.1,37996.54,3.75,2,Hyderabad,17.385,78.4867,Telangana
2026-01-02,28.9,18.8,23.3,29.7,20.4,0.0,0.0,10.1,24.1,113,15.61,36213.85,3.48,3,Hyderabad,17.385,78.4867,Telangana
2026-01-03,27.6,18.6,22.9,28.6,19.8,0.0,0.0,10.7,28.8,107,15.81,30637.13,3.66,3,Hyderabad,17.385,78.4867,Telangana
2026-01-04,26.7,18.2,22.4,27.0,19.6,0.0,0.0,10.7,28.4,89,15.98,37750.01,3.75,3,Hyderabad,17.385,78.4867,Telangana
2026-01-05,26.8,17.5,22.1,26.3,18.2,0.0,0.0,9.9,29.2,80,18.46,37755.32,4.05,1,Hyderabad,17.385,78.4867,Telangana
2026-01-06,26.6,17.0,21.7,25.5,16.7,0.0,0.0,10.5,29.9,70,19.02,38024.81,4.25,0,Hyderabad,17.385,78.4867,Telangana
2026-01-07,26.6,16.5,21.3,24.8,15.8,0.0,0.0,11.3,32.0,84,19.29,38134.29,4.29,3,Hyderabad,17.385,78.4867,Telangana
2026-01-08,26.0,16.2,21.0,24.5,15.3,0.0,0.0,10.3,31.0,79,19.22,37853.86,4.26,3,Hyderabad,17.385,78.4867,Telangana
2026-01-09,25.3,16.3,20.8,23.8,14.5,0.0,0.0,11.6,33.5,64,18.83,37770.66,4.34,3,Hyderabad,17.385,78.4867,Telangana
2026-01-10,25.5,17.1,20.9,23.6,14.3,0.0,0.0,10.8,31.7,76,16.71,32425.32,4.42,3,Hyderabad,17.385,78.4867,Telangana
2026-01-11,25.6,16.7,21.5,23.9,15.3,0.0,0.0,9.7,25.2,88,13.82,29362.04,3.64,3,Hyderabad,17.385,78.4867,Telangana
2026-01-12,26.6,18.8,22.6,25.9,18.6,0.0,0.0,10.2,30.2,105,17.57,37256.66,4.1,1,Hyderabad,17.385,78.4867,Telangana
2026-01-13,29.5,19.0,23.9,30.2,19.1,0.0,0.0,9.6,26.3,111,17.85,37251.29,4.08,2,Hyderabad,17.385,78.4867,Telangana
2026-01-14,29.6,19.7,24.5,30.1,20.9,0.2,0.2,8.5,25.6,154,16.05,36989.73,3.59,51,Hyderabad,17.385,78.4867,Telangana
2026-01-15,28.8,20.0,24.5,29.8,21.3,0.0,0.0,8.3,21.6,92,16.6,36989.96,3.8,3,Hyderabad,17.385,78.4867,Telangana
2026-01-16,28.7,19.0,23.7,28.8,19.5,0.0,0.0,8.4,25.2,78,19.49,37959.53,4.36,3,Hyderabad,17.385,78.4867,Telangana
2026-01-17,29.6,18.0,23.7,28.4,17.6,0.0,0.0,8.7,22.7,70,20.06,38198.11,4.4,3,Hyderabad,17.385,78.4867,Telangana
2026-01-18,30.2,17.0,23.6,28.9,17.4,0.0,0.0,7.9,22.3,170,20.21,38434.65,4.38,2,Hyderabad,17.385,78.4867,Telangana
2026-01-19,29.7,17.7,23.8,29.3,18.1,0.0,0.0,11.1,26.3,130,19.8,38151.12,4.68,0,Hyderabad,17.385,78.4867,Telangana
2026-01-20,28.4,18.7,23.7,28.0,19.7,0.0,0.0,11.2,32.0,114,19.41,37867.29,4.67,1,Hyderabad,17.385,78.4867,Telangana
2026-01-21,27.2,17.7,22.7,26.5,18.2,0.0,0.0,11.7,32.8,105,19.23,37495.54,4.64,2,Hyderabad,17.385,78.4867,Telangana
2026-01-22,27.0,17.4,22.4,26.4,17.9,0.0,0.0,11.6,31.7,115,19.62,37818.51,4.62,1,Hyderabad,17.385,78.4867,Telangana
2026-01-23,26.8,17.8,22.4,26.4,18.3,0.0,0.0,11.6,29.2,125,19.97,38309.06,4.59,0,Hyderabad,17.385,78.4867,Telangana
2026-01-24,28.2,17.6,22.5,28.3,18.1,0.0,0.0,11.2,29.2,121,17.84,36805.36,4.09,3,Hyderabad,17.385,78.4867,Telangana
2026-01-25,28.6,19.2,23.6,29.2,19.7,0.0,0.0,9.6,27.4,119,17.35,37225.73,4.05,2,Hyderabad,17.385,78.4867,Telangana
2026-01-26,28.7,19.6,23.8,29.7,19.7,0.0,0.0,10.9,28.8,125,17.41,34487.43,4.24,3,Hyderabad,17.385,78.4867,Telangana
2026-01-27,28.7,19.5,24.0,30.1,19.7,0.0,0.0,10.5,29.5,130,16.86,37195.11,4.22,3,Hyderabad,17.385,78.4867,Telangana
2026-01-28,30.1,19.1,24.3,30.9,20.2,0.0,0.0,9.7,27.0,110,16.52,32519.47,3.86,3,Hyderabad,17.385,78.4867,Telangana
2026-01-29,29.2,19.4,24.3,29.4,20.9,0.0,0.0,10.7,28.4,102,19.58,37389.51,4.59,3,Hyderabad,17.385,78.4867,Telangana
2026-01-30,28.6,19.6,23.9,29.1,20.2,0.0,0.0,10.7,30.6,103,18.09,33984.52,4.39,3,Hyderabad,17.385,78.4867,Telangana
2026-01-31,27.7,18.7,23.3,27.9,19.4,0.0,0.0,10.9,31.7,106,20.33,37664.48,4.66,3,Hyderabad,17.385,78.4867,Telangana
2026-02-01,27.7,17.8,22.9,28.1,19.2,0.0,0.0,10.4,31.7,107,20.4,38301.39,4.43,3,Hyderabad,17.385,78.4867,Telangana
2026-02-02,28.2,18.2,23.2,28.4,19.8,0.0,0.0,11.5,31.3,100,20.05,38777.56,4.37,2,Hyderabad,17.385,78.4867,Telangana
2026-02-03,28.1,18.3,23.2,28.5,20.1,0.0,0.0,11.5,29.9,109,18.46,33125.38,4.27,3,Hyderabad,17.385,78.4867,Telangana
2026-02-04,28.2,18.4,23.5,28.3,19.7,0.0,0.0,11.2,29.5,104,20.41,37952.72,4.66,3,Hyderabad,17.385,78.4867,Telangana
2026-02-05,28.4,18.5,23.4,28.4,19.7,0.0,0.0,9.5,29.2,102,20.6,39183.83,4.63,1,Hyderabad,17.385,78.4867,Telangana
2026-02-06,28.8,18.9,24.0,28.7,19.7,0.0,0.0,9.9,29.9,87,20.99,39653.92,4.73,0,Hyderabad,17.385,78.4867,Telangana
2026-02-07,29.4,18.6,24.3,29.4,19.5,0.0,0.0,10.3,28.4,36,21.51,40374.15,4.95,0,Hyderabad,17.385,78.4867,Telangana
2026-02-08,29.6,20.3,24.7,28.6,18.9,0.0,0.0,10.6,29.5,53,21.86,40776.9,5.37,3,Hyderabad,17.385,78.4867,Telangana
2026-02-09,30.1,18.9,24.3,29.6,17.3,0.0,0.0,11.1,27.4,71,21.62,40552.63,4.96,3,Hyderabad,17.385,78.4867,Telangana
2026-02-10,30.0,18.7,24.4,29.6,18.3,0.0,0.0,10.7,29.2,87,21.86,40968.89,5.14,3,Hyderabad,17.385,78.4867,Telangana
2026-02-11,29.5,18.3,23.8,29.4,18.4,0.0,0.0,11.2,31.3,99,21.76,40974.28,4.9,1,Hyderabad,17.385,78.4867,Telangana
2026-02-12,29.6,18.3,24.0,29.2,19.0,0.0,0.0,11.5,30.6,113,21.96,40813.67,5.08,3,Hyderabad,17.385,78.4867,Telangana
2026-02-13,30.2,18.6,24.5,29.8,19.1,0.0,0.0,10.4,28.4,121,22.04,41069.59,5.15,3,Hyderabad,17.385,78.4867,Telangana
2026-02-14,30.5,19.2,25.2,30.3,19.4,0.0,0.0,9.5,29.2,101,22.11,41207.83,5.27,3,Hyderabad,17.385,78.4867,Telangana
2026-02-15,31.2,18.8,25.7,31.1,19.8,0.0,0.0,10.3,27.0,68,22.1,41261.6,5.22,3,Hyderabad,17.385,78.4867,Telangana
2026-02-16,30.7,20.8,26.1,30.6,20.7,0.0,0.0,11.5,32.4,93,22.23,41315.97,5.56,0,Hyderabad,17.385,78.4867,Telangana
2026-02-17,30.0,19.8,25.0,30.2,19.5,0.0,0.0,11.1,31.7,120,22.23,40791.74,5.43,1,Hyderabad,17.385,78.4867,Telangana
2026-02-18,29.4,18.8,24.4,29.4,19.1,0.0,0.0,11.2,32.0,127,22.18,41426.32,5.28,0,Hyderabad,17.385,78.4867,Telangana
2026-02-19,30.0,20.2,25.0,30.3,20.4,0.0,0.0,11.8,33.1,119,21.96,41331.31,5.41,0,Hyderabad,17.385,78.4867,Telangana
2026-02-20,31.0,19.5,25.3,30.9,20.5,0.0,0.0,11.8,33.1,114,22.4,41538.46,5.48,3,Hyderabad,17.385,78.4867,Telangana
2026-02-21,31.5,20.9,26.3,32.3,22.1,0.0,0.0,10.8,28.4,116,22.25,40864.71,5.42,3,Hyderabad,17.385,78.4867,Telangana
2026-02-22,31.9,21.8,26.4,32.8,23.2,0.0,0.0,12.1,29.5,127,16.04,28744.5,4.16,3,Hyderabad,17.385,78.4867,Telangana
2026-02-23,31.4,21.7,25.6,32.3,24.0,1.9,1.9,12.5,40.7,92,17.82,37673.63,4.06,61,Hyderabad,17.385,78.4867,Telangana
2026-02-24,28.9,19.5,24.1,31.3,21.2,3.7,3.7,9.4,25.2,123,20.45,38518.43,4.19,61,Hyderabad,17.385,78.4867,Telangana
2026-02-25,29.0,20.8,24.8,30.7,22.7,0.0,0.0,6.2,19.1,117,17.92,40709.94,3.83,3,Hyderabad,17.385,78.4867,Telangana
2026-02-26,29.7,20.4,24.9,31.9,22.2,0.0,0.0,8.1,19.8,120,19.73,41143.78,4.32,2,Hyderabad,17.385,78.4867,Telangana
2026-02-27,30.4,21.5,25.8,33.0,22.5,0.0,0.0,10.4,25.2,180,19.84,35021.92,4.52,3,Hyderabad,17.385,78.4867,Telangana
2026-02-28,31.6,20.8,26.4,32.6,22.8,0.0,0.0,9.4,28.1,185,21.46,41996.75,5.1,3,Hyderabad,17.385,78.4867,Telangana
2026-03-01,32.7,21.8,27.3,33.3,22.4,0.0,0.0,10.8,28.8,216,19.94,39838.26,5.02,3,Hyderabad,17.385,78.4867,Telangana
2026-03-02,34.1,22.9,28.3,35.3,24.3,0.0,0.0,11.3,28.4,114,19.35,37786.42,4.82,3,Hyderabad,17.385,78.4867,Telangana
2026-03-03,34.1,22.8,28.8,34.3,25.2,0.0,0.0,10.8,31.7,66,23.41,42169.1,5.86,1,Hyderabad,17.385,78.4867,Telangana
2026-03-04,33.6,20.9,28.2,32.8,23.1,0.0,0.0,12.1,35.3,50,23.75,42226.5,5.88,0,Hyderabad,17.385,78.4867,Telangana
2026-03-05,34.5,21.0,28.6,33.4,21.9,0.0,0.0,11.1,32.4,8,24.13,42284.34,5.94,0,Hyderabad,17.385,78.4867,Telangana
2026-03-06,35.1,21.9,29.1,34.1,21.5,0.0,0.0,9.4,29.5,13,24.18,42342.58,6.22,0,Hyderabad,17.385,78.4867,Telangana
2026-03-07,35.3,21.6,29.1,34.8,22.0,0.0,0.0,11.0,30.2,52,24.15,42401.19,6.07,0,Hyderabad,17.385,78.4867,Telangana
2026-03-08,34.5,23.0,28.7,34.4,23.8,0.0,0.0,11.5,31.0,63,24.02,42460.08,5.94,0,Hyderabad,17.385,78.4867,Telangana
2026-03-09,33.7,22.5,27.8,34.3,24.6,0.0,0.0,12.9,36.0,96,23.15,42519.26,5.82,0,Hyderabad,17.385,78.4867,Telangana
2026-03-10,32.5,22.4,27.4,33.9,25.1,0.0,0.0,11.5,33.5,113,23.49,42578.66,5.75,0,Hyderabad,17.385,78.4867,Telangana
2026-03-11,34.3,22.8,28.4,35.1,22.9,0.0,0.0,13.1,37.1,124,23.72,42638.24,6.05,0,Hyderabad,17.385,78.4867,Telangana
2026-03-12,35.3,21.1,29.2,34.7,22.8,0.0,0.0,11.4,33.5,86,24.29,42697.96,6.23,0,Hyderabad,17.385,78.4867,Telangana
2026-03-13,36.1,23.6,30.2,35.2,23.3,0.0,0.0,14.6,40.0,106,24.46,42724.65,6.74,0,Hyderabad,17.385,78.4867,Telangana
2026-03-14,35.5,23.9,29.5,35.6,24.8,0.0,0.0,12.6,31.7,157,21.47,39275.47,6.38,3,Hyderabad,17.385,78.4867,Telangana
2026-03-15,33.9,22.8,28.6,33.9,25.0,0.0,0.0,14.7,40.0,180,21.16,36016.06,5.94,3,Hyderabad,17.385,78.4867,Telangana
2026-03-16,33.4,23.6,28.1,33.8,24.4,0.3,0.3,13.9,39.2,148,21.7,40349.6,5.65,51,Hyderabad,17.385,78.4867,Telangana
2026-03-17,31.0,22.3,26.6,32.9,23.6,0.4,0.4,10.7,27.7,146,17.39,35918.72,4.56,51,Hyderabad,17.385,78.4867,Telangana
2026-03-18,27.8,20.4,23.5,28.8,21.1,3.8,3.8,15.1,38.9,122,16.79,30464.74,4.09,55,Hyderabad,17.385,78.4867,Telangana
2026-03-19,30.4,19.8,24.9,34.1,21.9,0.0,0.0,12.2,28.4,137,22.02,40745.53,4.89,3,Hyderabad,17.385,78.4867,Telangana
2026-03-20,30.8,20.0,25.8,32.6,22.4,0.0,0.0,8.0,20.2,108,23.05,42812.18,5.11,3,Hyderabad,17.385,78.4867,Telangana
2026-03-21,32.5,22.0,26.8,34.2,24.0,0.1,0.1,9.4,22.0,116,21.58,38722.64,4.92,51,Hyderabad,17.385,78.4867,Telangana
2026-03-22,31.4,22.5,27.3,34.1,26.4,0.4,0.4,10.5,25.6,106,22.07,41841.2,5.02,51,Hyderabad,17.385,78.4867,Telangana
2026-03-23,34.0,23.3,28.4,35.2,26.2,0.2,0.2,9.9,27.0,116,21.69,42799.84,5.54,51,Hyderabad,17.385,78.4867,Telangana
2026-03-24,33.7,23.7,28.3,35.6,25.9,0.7,0.7,8.0,24.1,209,21.88,38177.21,5.18,51,Hyderabad,17.385,78.4867,Telangana
2026-03-25,33.5,24.1,28.7,35.7,26.7,0.1,0.1,9.0,23.8,193,21.45,39636.36,5.13,51,Hyderabad,17.385,78.4867,Telangana
2026-03-26,35.1,24.1,29.8,36.7,27.2,0.0,0.0,10.4,29.5,118,22.2,42885.11,5.62,3,Hyderabad,17.385,78.4867,Telangana
2026-03-27,35.5,23.9,30.0,37.0,26.2,0.0,0.0,11.5,28.8,242,23.21,42295.77,6.0,2,Hyderabad,17.385,78.4867,Telangana
2026-03-28,35.2,25.2,30.4,36.3,25.8,0.0,0.0,15.0,35.6,253,23.95,38198.71,6.53,3,Hyderabad,17.385,78.4867,Telangana
2026-03-29,36.6,25.2,30.9,36.9,25.3,0.0,0.0,10.0,26.3,345,23.98,42769.75,6.22,2,Hyderabad,17.385,78.4867,Telangana
2026-03-30,36.3,26.2,30.3,37.4,27.7,0.3,0.3,12.1,37.1,173,18.68,30641.05,5.27,51,Hyderabad,17.385,78.4867,Telangana
2026-03-31,32.0,23.2,27.6,34.3,24.2,1.5,1.5,15.1,39.2,84,22.42,42278.9,5.37,61,Hyderabad,17.385,78.4867,Telangana
2026-04-01,33.5,23.9,28.9,36.0,27.1,0.0,0.0,12.3,30.6,124,22.87,42952.17,5.69,1,Hyderabad,17.385,78.4867,Telangana
2026-04-02,33.5,23.7,28.8,35.1,25.4,0.0,0.0,10.4,27.7,117,23.53,42963.2,5.9,3,Hyderabad,17.385,78.4867,Telangana
2026-04-03,34.9,24.4,30.0,36.9,26.1,0.0,0.0,9.1,25.9,156,23.3,41300.72,5.84,3,Hyderabad,17.385,78.4867,Telangana
2026-04-04,34.6,26.1,30.5,37.0,26.8,0.1,0.1,10.5,33.8,315,21.59,40313.6,5.51,51,Hyderabad,17.385,78.4867,Telangana
2026-04-05,33.9,27.1,30.4,35.5,28.7,2.3,2.3,8.5,26.3,342,20.83,42352.93,5.25,53,Hyderabad,17.385,78.4867,Telangana
2026-04-06,34.7,25.1,30.5,35.8,26.2,0.0,0.0,15.4,36.0,259,24.31,43008.23,6.82,1,Hyderabad,17.385,78.4867,Telangana
2026-04-07,34.6,24.7,30.2,35.3,24.1,0.0,0.0,12.4,36.4,320,25.63,43019.89,6.8,0,Hyderabad,17.385,78.4867,Telangana
2026-04-08,35.6,25.2,30.9,36.0,24.4,0.0,0.0,13.0,36.0,316,25.59,43031.79,6.74,0,Hyderabad,17.385,78.4867,Telangana
2026-04-09,36.3,25.9,31.3,37.3,26.5,0.0,0.0,15.9,40.7,308,24.57,43043.96,6.65,2,Hyderabad,17.385,78.4867,Telangana
2026-04-10,36.8,25.7,31.6,38.4,27.4,0.0,0.0,12.2,36.0,31,25.24,43056.42,6.64,2,Hyderabad,17.385,78.4867,Telangana
2026-04-11,37.9,26.2,32.1,40.2,27.8,0.0,0.0,10.7,29.2,87,24.81,43069.23,6.26,1,Hyderabad,17.385,78.4867,Telangana
2026-04-12,38.3,27.3,32.6,40.3,29.2,0.0,0.0,12.8,31.7,143,21.95,38764.85,5.95,3,Hyderabad,17.385,78.4867,Telangana
2026-04-13,37.4,27.4,32.6,39.1,28.6,0.0,0.0,13.6,36.7,196,23.73,43095.62,6.93,1,Hyderabad,17.385,78.4867,Telangana
2026-04-14,38.4,27.5,33.1,40.3,29.0,0.0,0.0,11.6,32.0,190,23.57,41995.11,6.98,2,Hyderabad,17.385,78.4867,Telangana
2026-04-15,38.6,27.7,33.5,39.4,29.0,0.0,0.0,12.4,32.0,208,24.94,43122.45,7.22,1,Hyderabad,17.385,78.4867,Telangana
2026-04-16,38.4,27.4,33.2,39.3,29.7,0.0,0.0,11.8,31.0,188,23.34,40522.61,6.77,3,Hyderabad,17.385,78.4867,Telangana
2026-04-17,39.5,27.9,33.8,40.2,32.0,0.0,0.0,9.5,27.4,165,21.66,37046.0,6.36,3,Hyderabad,17.385,78.4867,Telangana
2026-04-18,39.0,27.4,33.2,39.9,30.3,0.0,0.0,9.9,28.4,173,22.37,42783.06,6.15,3,Hyderabad,17.385,78.4867,Telangana
2026-04-19,38.3,26.6,32.4,40.5,29.9,0.0,0.0,9.4,26.3,230,23.52,41738.1,6.21,3,Hyderabad,17.385,78.4867,Telangana
2026-04-20,37.1,26.6,32.4,38.7,27.1,0.0,0.0,11.4,31.7,40,22.72,37398.49,6.7,3,Hyderabad,17.385,78.4867,Telangana
2026-04-21,36.6,27.3,31.9,38.6,30.1,0.2,0.2,13.7,37.1,242,21.92,39600.0,6.02,51,Hyderabad,17.385,78.4867,Telangana
2026-04-22,37.8,26.3,32.0,39.5,28.5,0.0,0.0,11.6,41.8,148,23.13,42669.56,6.19,3,Hyderabad,17.385,78.4867,Telangana
2026-04-23,37.3,26.9,32.4,38.9,29.8,0.0,0.0,11.3,33.1,92,22.9,43200.0,6.06,3,Hyderabad,17.385,78.4867,Telangana
2026-04-24,37.7,26.4,32.3,40.1,27.9,0.0,0.0,9.1,29.5,201,24.24,43200.0,6.46,3,Hyderabad,17.385,78.4867,Telangana
2026-04-25,38.2,26.9,33.0,40.5,29.3,0.0,0.0,11.4,29.2,154,22.56,43209.72,6.24,3,Hyderabad,17.385,78.4867,Telangana
2026-04-26,37.7,27.9,33.4,40.3,30.8,0.0,0.0,12.9,33.5,192,23.24,41232.43,6.74,3,Hyderabad,17.385,78.4867,Telangana
2026-04-27,39.1,27.6,33.7,41.2,29.2,0.0,0.0,11.8,33.8,225,24.27,42738.28,7.26,3,Hyderabad,17.385,78.4867,Telangana
2026-04-28,39.3,27.3,33.4,40.6,30.6,0.0,0.0,12.2,32.0,207,23.37,40960.48,6.68,3,Hyderabad,17.385,78.4867,Telangana
2026-04-29,39.4,28.0,33.5,40.3,29.1,0.0,0.0,10.4,27.4,243,24.96,39575.41,6.97,3,Hyderabad,17.385,78.4867,Telangana
2026-04-30,38.9,29.1,34.2,39.2,29.9,0.0,0.0,12.3,35.3,269,26.14,43200.0,7.49,0,Hyderabad,17.385,78.4867,Telangana
2026-05-01,37.9,27.3,33.1,37.3,27.9,0.0,0.0,13.8,36.7,275,26.32,43364.43,7.83,1,Hyderabad,17.385,78.4867,Telangana
2026-05-02,38.9,28.2,33.9,39.1,27.2,0.0,0.0,13.2,34.6,284,25.43,43350.89,7.66,1,Hyderabad,17.385,78.4867,Telangana
2026-05-03,38.8,28.7,33.7,39.0,27.0,0.0,0.0,13.7,33.8,300,25.13,43337.8,7.74,3,Hyderabad,17.385,78.4867,Telangana
2026-05-04,38.8,26.1,32.6,38.5,28.7,0.0,0.0,12.4,35.3,231,26.12,43325.1,7.26,3,Hyderabad,17.385,78.4867,Telangana
2026-05-05,38.2,26.1,32.1,39.3,29.6,0.0,0.0,13.6,34.9,146,24.53,42123.94,6.51,3,Hyderabad,17.385,78.4867,Telangana
2026-05-06,35.8,25.5,30.7,38.0,27.5,0.0,0.0,14.2,34.6,107,22.93,37469.32,6.29,3,Hyderabad,17.385,78.4867,Telangana
2026-05-07,35.2,25.7,30.4,38.0,29.0,0.2,0.2,11.4,33.1,123,21.35,42068.46,5.79,51,Hyderabad,17.385,78.4867,Telangana
2026-05-08,34.8,25.4,30.1,37.4,27.1,0.0,0.0,13.1,32.0,110,18.46,38298.03,5.54,3,Hyderabad,17.385,78.4867,Telangana
2026-05-09,34.7,24.7,30.2,38.0,28.6,0.0,0.0,10.3,27.4,104,23.25,43519.35,6.05,3,Hyderabad,17.385,78.4867,Telangana
2026-05-10,36.3,24.7,30.8,39.7,28.1,0.2,0.2,12.3,30.6,116,23.53,41589.55,6.46,51,Hyderabad,17.385,78.4867,Telangana
2026-05-11,36.7,25.1,30.9,39.3,28.0,0.0,0.0,13.5,33.8,127,24.02,43499.85,6.35,3,Hyderabad,17.385,78.4867,Telangana
2026-05-12,36.6,26.2,31.2,39.8,30.1,2.0,2.0,11.0,29.5,132,23.22,42076.94,6.19,53,Hyderabad,17.385,78.4867,Telangana
2026-05-13,36.9,26.5,31.9,40.6,30.1,1.5,1.5,10.6,25.9,166,23.67,41159.01,6.17,53,Hyderabad,17.385,78.4867,Telangana
2026-05-14,36.9,28.5,32.7,40.3,31.1,0.3,0.3,10.5,26.3,149,20.52,31851.92,5.51,51,Hyderabad,17.385,78.4867,Telangana
2026-05-15,37.4,27.5,33.1,40.5,31.0,0.2,0.2,9.8,28.1,298,21.52,39751.19,6.05,51,Hyderabad,17.385,78.4867,Telangana
2026-05-16,37.7,29.4,33.0,42.4,32.9,1.0,1.0,14.1,41.0,143,22.96,42277.35,6.2,53,Hyderabad,17.385,78.4867,Telangana
2026-05-17,36.6,27.6,32.1,40.2,31.2,0.4,0.4,12.1,30.2,134,22.18,41431.97,6.04,51,Hyderabad,17.385,78.4867,Telangana
2026-05-18,36.7,27.8,32.5,40.3,31.3,0.6,0.6,13.2,34.2,146,23.11,43200.0,6.26,51,Hyderabad,17.385,78.4867,Telangana
2026-05-19,37.9,28.0,33.2,41.2,31.8,0.3,0.3,11.3,29.5,230,24.12,41575.7,6.68,51,Hyderabad,17.385,78.4867,Telangana
2026-05-20,38.5,28.2,33.7,40.9,31.0,0.3,0.3,12.4,34.6,260,23.81,42766.97,7.34,51,Hyderabad,17.385,78.4867,Telangana
2026-05-21,40.0,29.3,34.9,41.9,31.2,0.0,0.0,13.4,34.9,285,24.07,42726.73,7.42,3,Hyderabad,17.385,78.4867,Telangana
2026-05-22,36.8,29.3,32.8,39.1,31.5,0.2,0.2,19.5,49.3,270,22.85,42269.51,7.51,51,Hyderabad,17.385,78.4867,Telangana
2026-05-23,37.2,28.0,32.9,38.9,30.0,0.8,0.8,17.7,47.9,294,21.52,43676.67,6.99,53,Hyderabad,17.385,78.4867,Telangana
2026-05-24,37.7,26.5,32.5,39.8,28.4,0.0,0.0,18.4,47.5,288,24.76,43673.41,7.66,2,Hyderabad,17.385,78.4867,Telangana
2026-05-25,37.1,29.1,32.8,40.0,29.7,1.8,1.8,14.7,36.0,286,22.35,43142.2,7.04,53,Hyderabad,17.385,78.4867,Telangana
2026-05-26,36.9,25.1,32.3,39.9,29.1,4.1,4.1,14.5,39.2,279,22.06,41681.6,6.5,55,Hyderabad,17.385,78.4867,Telangana
2026-05-27,32.5,23.2,28.5,35.0,25.8,2.5,2.5,14.7,36.7,269,20.4,37845.34,5.15,55,Hyderabad,17.385,78.4867,Telangana
2026-05-28,36.2,26.0,30.7,40.0,28.4,0.3,0.3,12.9,33.1,262,24.42,43406.67,6.42,51,Hyderabad,17.385,78.4867,Telangana
2026-05-29,36.8,27.5,31.9,38.9,30.1,0.0,0.0,15.3,39.6,260,24.06,43664.53,6.87,3,Hyderabad,17.385,78.4867,Telangana
2026-05-30,37.0,28.2,32.7,37.9,30.2,0.0,0.0,16.3,43.6,282,25.69,43923.39,7.71,3,Hyderabad,17.385,78.4867,Telangana
2026-05-31,35.8,28.2,31.9,37.7,30.4,0.5,0.5,17.3,55.1,282,23.94,43664.06,6.9,51,Hyderabad,17.385,78.4867,Telangana
2026-06-01,35.8,27.4,32.1,37.1,28.4,0.0,0.0,10.6,28.4,299,23.03,44184.1,6.46,1,Hyderabad,17.385,78.4867,Telangana
2026-06-02,35.5,27.7,31.9,38.5,29.5,0.6,0.6,9.9,29.5,272,22.36,41091.17,5.83,51,Hyderabad,17.385,78.4867,Telangana
2026-06-03,34.4,26.8,30.9,37.2,29.1,0.2,0.2,13.0,36.0,277,23.1,41817.77,6.39,51,Hyderabad,17.385,78.4867,Telangana
2026-06-04,35.0,26.9,30.7,37.0,28.7,0.9,0.9,15.0,37.1,273,21.56,39087.52,6.19,51,Hyderabad,17.385,78.4867,Telangana
2026-06-05,33.5,25.3,29.6,36.4,28.1,0.1,0.1,16.7,37.8,272,17.86,33308.81,4.93,51,Hyderabad,17.385,78.4867,Telangana
2026-06-06,35.2,23.7,30.0,38.5,26.1,7.8,7.8,16.7,37.8,303,21.68,39530.26,5.54,63,Hyderabad,17.385,78.4867,Telangana
2026-06-07,35.0,24.8,29.5,39.0,28.8,0.8,0.8,18.6,44.6,273,20.02,30152.93,5.36,53,Hyderabad,17.385,78.4867,Telangana
2026-06-08,31.6,24.9,28.2,35.8,28.1,0.3,0.3,14.6,32.0,268,23.05,40664.68,5.66,51,Hyderabad,17.385,78.4867,Telangana
2026-06-09,32.2,25.6,27.9,36.0,28.6,1.3,1.3,16.1,39.6,268,19.32,33587.11,4.84,55,Hyderabad,17.385,78.4867,Telangana
2026-06-10,34.0,25.0,28.9,38.2,27.3,1.0,1.0,16.1,52.2,275,25.57,40736.06,6.32,53,Hyderabad,17.385,78.4867,Telangana
2026-06-11,34.5,25.8,29.8,38.9,28.2,0.0,0.0,15.5,36.7,253,25.42,43947.03,6.32,2,Hyderabad,17.385,78.4867,Telangana
2026-06-12,34.1,25.9,30.1,36.9,27.9,0.0,0.0,13.2,33.8,254,21.27,42569.14,5.68,3,Hyderabad,17.385,78.4867,Telangana
2026-06-13,32.9,24.5,28.3,36.5,27.4,2.8,2.8,14.1,38.2,254,17.98,26257.36,4.76,55,Hyderabad,17.385,78.4867,Telangana
2026-06-14,33.0,25.7,28.8,36.5,27.2,0.7,0.7,16.0,40.3,270,19.87,32146.36,5.36,51,Hyderabad,17.385,78.4867,Telangana
2026-06-15,34.0,26.4,30.2,37.2,27.6,0.0,0.0,15.7,40.3,294,24.58,43439.71,6.57,3,Hyderabad,17.385,78.4867,Telangana
2026-06-16,35.2,26.9,31.2,37.2,27.5,0.0,0.0,14.8,39.2,299,24.53,44232.43,6.81,3,Hyderabad,17.385,78.4867,Telangana
2026-06-17,36.2,27.3,31.6,38.4,28.0,1.2,1.2,15.8,39.2,291,24.52,43200.0,6.86,55,Hyderabad,17.385,78.4867,Telangana
2026-06-18,35.2,27.3,31.7,37.8,29.3,0.2,0.2,13.7,37.8,305,24.31,44244.35,6.59,51,Hyderabad,17.385,78.4867,Telangana
2026-06-19,34.9,26.1,31.4,38.9,28.7,0.2,0.2,14.6,37.4,268,25.27,43200.05,6.59,51,Hyderabad,17.385,78.4867,Telangana
2026-06-20,36.9,26.9,31.9,40.4,29.8,1.1,1.1,15.3,39.6,287,22.02,40874.69,6.22,53,Hyderabad,17.385,78.4867,Telangana
2026-06-21,32.6,25.9,29.1,36.9,28.5,2.3,2.3,12.1,31.3,260,13.3,13804.54,3.8,61,Hyderabad,17.385,78.4867,Telangana
2026-06-22,33.2,26.6,30.0,37.4,28.9,0.0,0.0,14.2,36.7,237,23.31,41215.02,6.08,3,Hyderabad,17.385,78.4867,Telangana
2026-06-23,31.9,23.6,28.4,34.9,26.5,2.7,2.7,18.8,45.0,253,18.85,25726.26,5.43,55,Hyderabad,17.385,78.4867,Telangana
2026-06-24,31.0,24.6,27.5,33.5,26.4,0.4,0.4,18.6,45.7,261,17.32,29987.46,4.99,51,Hyderabad,17.385,78.4867,Telangana
2026-06-25,30.5,23.8,27.0,33.2,26.1,1.8,1.8,17.2,43.6,279,22.84,41411.54,5.42,53,Hyderabad,17.385,78.4867,Telangana
2026-06-26,30.8,24.4,27.3,33.3,27.4,1.2,1.2,14.7,38.9,290,19.82,31403.77,4.61,51,Hyderabad,17.385,78.4867,Telangana
2026-06-27,28.7,24.1,26.6,32.5,28.3,4.2,4.2,13.8,35.6,285,16.65,24604.38,3.67,61,Hyderabad,17.385,78.4867,Telangana
2026-06-28,32.6,23.2,26.9,38.7,26.2,14.6,14.6,17.3,41.4,263,21.14,37579.95,4.52,63,Hyderabad,17.385,78.4867,Telangana
2026-06-29,29.6,24.3,26.7,34.0,27.9,0.9,0.9,14.8,31.3,254,17.04,24478.98,4.0,51,Hyderabad,17.385,78.4867,Telangana
2026-06-30,29.8,23.8,26.7,31.9,25.9,1.8,1.8,19.8,47.9,270,16.35,26479.36,4.3,53,Hyderabad,17.385,78.4867,Telangana
2026-07-01,29.1,23.7,25.9,31.1,25.9,4.0,4.0,19.0,47.2,261,14.08,20225.83,3.74,53,Hyderabad,17.385,78.4867,Telangana
2026-07-02,28.6,23.5,25.6,30.1,25.7,6.9,6.9,19.9,50.4,269,10.81,9465.05,3.02,61,Hyderabad,17.385,78.4867,Telangana
2026-07-03,28.3,23.5,25.3,29.2,25.6,7.1,7.1,25.4,63.0,262,11.57,16666.8,3.15,55,Hyderabad,17.385,78.4867,Telangana
2026-07-04,25.2,22.8,24.0,27.6,24.3,10.7,10.7,22.8,59.0,263,6.52,0.0,1.86,55,Hyderabad,17.385,78.4867,Telangana
2026-07-05,27.9,23.2,25.4,29.9,24.6,4.5,4.5,24.4,60.1,255,12.25,14150.65,3.5,61,Hyderabad,17.385,78.4867,Telangana
2026-07-06,31.1,23.7,26.6,32.2,25.4,1.8,1.8,23.2,58.3,245,14.34,20794.81,4.38,53,Hyderabad,17.385,78.4867,Telangana
2026-07-07,31.6,24.6,27.1,33.2,26.0,2.2,2.2,24.5,62.3,241,20.71,36178.81,5.46,53,Hyderabad,17.385,78.4867,Telangana
2026-07-08,32.4,24.4,27.6,34.6,26.0,0.8,0.8,25.7,62.6,246,21.39,37188.64,5.77,51,Hyderabad,17.385,78.4867,Telangana
2026-07-09,31.6,24.1,27.2,34.1,26.4,0.6,0.6,19.3,47.5,260,19.44,31441.76,4.87,51,Hyderabad,17.385,78.4867,Telangana
2026-07-10,32.7,24.5,28.8,33.8,26.7,0.0,0.0,18.1,44.3,274,19.91,39055.78,5.56,3,Hyderabad,17.385,78.4867,Telangana
2026-07-11,33.3,25.2,29.4,35.0,27.2,0.8,0.8,19.2,47.9,278,23.41,42555.1,6.5,53,Hyderabad,17.385,78.4867,Telangana
2026-07-12,33.2,24.8,29.4,33.6,26.4,0.0,0.0,20.1,50.0,274,19.67,36871.85,6.1,3,Hyderabad,17.385,78.4867,Telangana
2026-07-13,33.9,24.4,29.7,36.3,26.3,0.9,0.9,18.3,46.4,274,26.42,43114.48,7.26,53,Hyderabad,17.385,78.4867,Telangana
2026-07-14,32.8,24.9,29.5,34.0,26.2,0.0,0.0,18.2,47.5,295,21.81,41148.13,6.29,3,Hyderabad,17.385,78.4867,Telangana
2026-07-15,32.9,25.7,29.0,34.5,26.9,0.7,0.7,15.9,46.1,281,25.18,43665.89,6.89,53,Hyderabad,17.385,78.4867,Telangana
2026-07-16,32.6,25.4,28.4,35.1,27.5,1.0,1.0,19.0,47.9,283,19.61,29015.56,5.42,53,Hyderabad,17.385,78.4867,Telangana
2026-07-17,29.3,23.3,25.5,31.5,26.1,13.6,13.6,13.1,35.3,273,8.2,2881.68,2.27,61,Hyderabad,17.385,78.4867,Telangana
2026-07-18,28.6,23.2,25.7,30.4,25.9,8.2,8.2,16.8,42.5,284,12.3,20315.78,3.28,61,Hyderabad,17.385,78.4867,Telangana
2026-07-19,30.6,23.7,26.1,33.6,26.0,2.4,2.4,15.7,42.1,270,21.84,39619.17,4.89,55,Hyderabad,17.385,78.4867,Telangana
2026-07-20,29.8,22.9,25.6,32.8,25.3,5.0,5.0,18.3,44.3,270,16.63,33198.52,3.95,55,Hyderabad,17.385,78.4867,Telangana
2026-07-21,26.7,22.8,24.2,30.4,24.7,13.9,13.9,18.4,39.2,264,6.96,0.0,1.92,63,Hyderabad,17.385,78.4867,Telangana
2026-07-22,26.3,22.5,24.0,28.3,24.0,12.3,12.3,19.6,47.2,251,9.11,3705.54,2.41,61,Hyderabad,17.385,78.4867,Telangana
2026-07-23,28.6,22.7,25.3,30.4,24.6,1.2,1.2,24.2,60.1,243,21.14,37072.03,4.87,53,Hyderabad,17.385,78.4867,Telangana
2026-07-24,29.2,23.7,26.2,31.2,24.9,0.2,0.2,25.3,65.5,249,17.43,31758.05,4.55,51,Hyderabad,17.385,78.4867,Telangana
2026-07-25,29.7,23.1,26.3,31.8,24.9,0.0,0.0,19.3,47.5,259,18.23,37417.53,4.54,3,Hyderabad,17.385,78.4867,Telangana
2026-07-26,30.0,23.8,26.4,33.8,25.7,6.2,6.2,19.1,47.5,277,20.46,40539.73,4.74,61,Hyderabad,17.385,78.4867,Telangana
2026-07-27,29.0,23.0,25.4,32.7,25.2,16.5,16.5,18.4,40.7,269,13.62,18416.13,3.2,63,Hyderabad,17.385,78.4867,Telangana
2026-07-28,30.3,23.2,25.7,33.9,25.9,8.0,8.0,20.2,50.0,267,19.65,32300.87,4.4,61,Hyderabad,17.385,78.4867,Telangana
2026-07-29,25.5,22.7,23.8,28.3,24.7,24.9,24.9,20.2,43.9,268,6.86,2210.53,1.64,63,Hyderabad,17.385,78.4867,Telangana
2026-07-30,25.0,23.3,24.0,27.5,24.8,15.1,15.1,24.3,52.6,263,7.41,0.0,1.88,63,Hyderabad,17.385,78.4867,Telangana
2026-07-31,29.4,23.3,25.9,31.6,25.0,2.7,2.7,24.2,64.1,245,20.43,36605.06,4.68,51,Hyderabad,17.385,78.4867,Telangana
2026-08-01,30.3,23.9,26.6,33.7,26.8,2.0,2.0,17.2,42.8,251,21.9,35669.42,4.98,51,Hyderabad,17.385,78.4867,Telangana
2026-08-02,30.6,23.9,26.8,33.7,26.3,1.3,1.3,17.7,43.9,270,23.68,41689.62,5.34,51,Hyderabad,17.385,78.4867,Telangana
2026-08-03,30.6,23.5,26.3,34.1,26.5,2.7,2.7,15.0,38.9,273,22.07,40837.45,4.83,53,Hyderabad,17.385,78.4867,Telangana
2026-08-04,28.8,23.2,25.4,31.7,26.2,9.0,9.0,14.2,36.7,284,16.85,28560.19,3.59,63,Hyderabad,17.385,78.4867,Telangana
2026-08-05,29.9,23.4,25.8,34.2,26.8,4.5,4.5,16.2,40.3,273,18.98,31367.38,4.08,55,Hyderabad,17.385,78.4867,Telangana
2026-08-06,29.4,23.9,26.2,32.3,26.8,1.8,1.8,16.6,41.0,269,17.5,35320.22,4.13,53,Hyderabad,17.385,78.4867,Telangana
2026-08-07,28.4,23.3,25.7,30.7,25.6,1.3,1.3,19.6,48.2,289,15.22,20892.49,3.69,53,Hyderabad,17.385,78.4867,Telangana
2026-08-08,28.8,22.5,25.7,31.0,24.5,1.0,1.0,19.4,46.8,290,16.15,27556.33,3.84,51,Hyderabad,17.385,78.4867,Telangana
2026-08-09,30.2,23.8,26.5,32.1,25.7,0.2,0.2,20.0,50.4,288,22.04,40662.51,5.02,51,Hyderabad,17.385,78.4867,Telangana
2026-08-10,30.8,23.9,26.8,33.7,26.3,2.4,2.4,15.6,40.0,273,25.47,41599.76,5.61,53,Hyderabad,17.385,78.4867,Telangana
2026-08-11,30.0,23.5,26.5,32.8,26.0,0.6,0.6,16.9,41.8,268,22.85,43200.0,5.18,51,Hyderabad,17.385,78.4867,Telangana
2026-08-12,29.0,23.2,25.9,31.6,25.4,3.6,3.6,19.0,46.4,269,18.54,35235.65,4.27,53,Hyderabad,17.385,78.4867,Telangana
2026-08-13,30.0,23.5,26.2,32.0,26.5,0.6,0.6,16.6,41.4,276,16.56,30879.18,3.96,51,Hyderabad,17.385,78.4867,Telangana
2026-08-14,30.1,23.4,26.0,31.6,25.5,3.4,3.4,19.8,48.2,279,19.6,37366.11,4.61,61,Hyderabad,17.385,78.4867,Telangana
2026-08-15,30.3,23.8,26.6,32.1,25.8,1.0,1.0,19.4,48.2,276,22.32,40277.33,5.27,51,Hyderabad,17.385,78.4867,Telangana
2026-08-16,28.6,23.8,26.2,31.1,26.1,1.0,1.0,16.1,41.0,273,12.42,18259.92,3.38,51,Hyderabad,17.385,78.4867,Telangana
2026-08-17,30.2,23.7,27.1,32.3,25.9,0.9,0.9,19.4,49.0,268,22.82,41986.83,5.64,51,Hyderabad,17.385,78.4867,Telangana
2026-08-18,31.2,23.9,26.7,33.1,25.9,1.6,1.6,18.7,46.1,273,19.59,36496.88,4.95,51,Hyderabad,17.385,78.4867,Telangana
2026-08-19,29.3,23.9,25.9,31.0,26.4,3.0,3.0,16.6,41.0,285,15.58,27082.16,4.0,55,Hyderabad,17.385,78.4867,Telangana
2026-08-20,30.3,23.0,26.4,32.3,25.7,1.1,1.1,17.6,43.6,290,23.16,43200.0,5.26,53,Hyderabad,17.385,78.4867,Telangana
2026-08-21,30.9,23.9,27.4,32.0,25.8,0.2,0.2,18.5,46.1,292,22.45,43200.0,5.51,51,Hyderabad,17.385,78.4867,Telangana
2026-08-22,31.5,24.2,27.6,33.4,26.1,0.4,0.4,18.5,47.5,285,23.33,43200.0,5.89,51,Hyderabad,17.385,78.4867,Telangana
2026-08-23,28.2,23.9,25.3,30.8,26.9,11.0,11.0,17.3,42.5,282,12.23,15920.24,2.94,61,Hyderabad,17.385,78.4867,Telangana
2026-08-24,27.4,23.2,24.8,30.4,25.9,2.9,2.9,16.5,40.0,277,11.46,7564.03,2.58,53,Hyderabad,17.385,78.4867,Telangana
2026-08-25,29.0,23.3,26.0,31.9,26.1,3.2,3.2,15.7,40.0,279,20.76,42006.81,4.62,53,Hyderabad,17.385,78.4867,Telangana
2026-08-26,30.1,23.5,26.5,32.5,25.8,0.7,0.7,19.1,46.1,284,23.25,41275.4,5.37,51,Hyderabad,17.385,78.4867,Telangana
2026-08-27,29.3,23.9,26.6,31.5,25.4,0.0,0.0,20.1,48.6,282,16.89,37690.34,4.38,3,Hyderabad,17.385,78.4867,Telangana
2026-08-28,30.4,23.5,26.7,31.9,25.3,0.5,0.5,19.5,47.2,281,21.47,43170.04,5.3,51,Hyderabad,17.385,78.4867,Telangana
2026-08-29,30.1,23.7,26.3,31.0,25.1,0.6,0.6,21.5,54.0,281,20.36,38054.06,5.25,51,Hyderabad,17.385,78.4867,Telangana
2026-08-30,27.9,23.4,25.0,28.8,24.7,2.5,2.5,20.5,49.7,287,13.86,18123.97,3.7,53,Hyderabad,17.385,78.4867,Telangana
2026-08-31,28.0,23.3,25.3,30.3,24.7,0.1,0.1,19.7,47.2,286,10.83,5124.7,3.02,51,Hyderabad,17.385,78.4867,Telangana
2026-09-01,29.8,23.5,26.7,32.9,25.9,0.3,0.3,16.0,40.3,296,22.65,42734.51,5.2,51,Hyderabad,17.385,78.4867,Telangana
2026-09-02,31.3,24.4,27.4,34.0,27.2,0.5,0.5,15.4,41.8,290,21.07,35742.85,5.13,51,Hyderabad,17.385,78.4867,Telangana
2026-09-03,28.4,23.7,26.0,29.9,26.6,0.4,0.4,15.3,36.0,275,11.54,6813.07,3.25,51,Hyderabad,17.385,78.4867,Telangana
2026-09-04,30.9,24.3,27.6,34.4,27.2,0.0,0.0,13.1,36.0,274,21.8,42585.44,5.21,3,Hyderabad,17.385,78.4867,Telangana
2026-09-05,31.2,24.5,28.3,34.1,27.4,2.2,2.2,12.6,36.0,279,23.16,42798.2,5.49,53,Hyderabad,17.385,78.4867,Telangana
2026-09-06,32.0,24.7,28.1,35.8,27.5,5.3,5.3,13.3,34.2,282,23.19,42748.94,5.53,53,Hyderabad,17.385,78.4867,Telangana
2026-09-07,31.8,22.0,27.4,35.6,25.4,11.7,11.7,11.7,34.9,285,20.55,42648.88,4.72,63,Hyderabad,17.385,78.4867,Telangana
2026-09-08,32.1,24.9,28.6,35.5,28.1,0.3,0.3,14.2,39.2,288,23.06,41461.46,5.65,51,Hyderabad,17.385,78.4867,Telangana
2026-09-09,32.2,25.1,28.3,36.1,27.5,2.6,2.6,14.6,39.2,307,22.9,39600.0,5.55,55,Hyderabad,17.385,78.4867,Telangana
2026-09-10,31.5,25.2,28.2,34.1,28.5,3.2,3.2,15.3,40.7,318,20.78,41749.23,5.27,61,Hyderabad,17.385,78.4867,Telangana
2026-09-11,30.6,25.6,27.7,32.0,27.8,1.5,1.5,15.3,39.2,314,13.45,20014.85,3.85,53,Hyderabad,17.385,78.4867,Telangana
