time,temperature_2m_max,temperature_2m_min,temperature_2m_mean,apparent_temperature_max,apparent_temperature_min,precipitation_sum,rain_sum,windspeed_10m_max,windgusts_10m_max,winddirection_10m_dominant,shortwave_radiation_sum,sunshine_duration,et0_fao_evapotranspiration,weathercode,city,latitude,longitude,region
2023-09-11,33.2,23.9,28.0,37.7,29.1,1.0,1.0,14.4,34.2,9,19.31,42239.36,4.53,53,Jaipur,26.9124,75.7873,Rajasthan
2023-09-12,32.7,24.7,28.7,37.6,29.1,1.1,1.1,13.6,28.8,27,20.04,41257.72,4.8,53,Jaipur,26.9124,75.7873,Rajasthan
2023-09-13,32.9,24.4,28.4,38.5,28.4,1.7,1.7,12.4,27.0,306,17.57,34114.72,4.08,53,Jaipur,26.9124,75.7873,Rajasthan
2023-09-14,33.2,25.7,28.3,38.9,29.9,29.0,29.0,12.2,23.0,325,18.55,31021.76,4.26,65,Jaipur,26.9124,75.7873,Rajasthan
2023-09-15,33.2,24.5,28.9,39.9,30.1,1.4,1.4,15.6,32.4,33,20.11,41989.4,4.71,61,Jaipur,26.9124,75.7873,Rajasthan
2023-09-16,29.9,25.2,27.7,32.9,28.3,7.3,7.3,27.9,54.0,53,15.88,35849.42,3.97,61,Jaipur,26.9124,75.7873,Rajasthan
2023-09-17,29.4,23.8,25.9,31.7,26.2,3.4,3.4,28.7,52.2,85,16.17,31135.62,3.65,53,Jaipur,26.9124,75.7873,Rajasthan
2023-09-18,29.5,23.1,25.6,31.2,25.0,1.6,1.6,26.0,47.2,132,11.26,17747.32,3.1,51,Jaipur,26.9124,75.7873,Rajasthan
2023-09-19,31.7,23.8,27.4,35.3,27.4,0.3,0.3,16.9,33.8,142,20.17,40398.52,4.58,51,Jaipur,26.9124,75.7873,Rajasthan
2023-09-20,32.7,24.3,28.5,38.2,29.1,0.0,0.0,7.3,20.5,181,19.71,41064.65,4.48,1,Jaipur,26.9124,75.7873,Rajasthan
2023-09-21,33.2,25.6,28.5,39.8,29.5,0.1,0.1,13.4,22.3,300,20.04,39600.0,4.5,51,Jaipur,26.9124,75.7873,Rajasthan
2023-09-22,33.2,24.9,28.4,39.1,28.5,0.2,0.2,12.3,25.9,313,17.48,37318.74,4.05,51,Jaipur,26.9124,75.7873,Rajasthan
2023-09-23,31.5,24.8,27.4,35.9,26.7,7.7,7.7,18.8,39.2,326,17.18,40634.14,4.03,63,Jaipur,26.9124,75.7873,Rajasthan
2023-09-24,33.8,24.6,28.1,38.2,28.0,0.6,0.6,23.3,39.2,325,19.25,40488.82,4.56,51,Jaipur,26.9124,75.7873,Rajasthan
2023-09-25,32.4,23.6,27.6,37.3,27.4,0.3,0.3,10.1,27.4,341,18.46,40523.87,4.2,51,Jaipur,26.9124,75.7873,Rajasthan
2023-09-26,33.1,24.0,27.9,38.7,27.3,2.0,2.0,9.8,21.6,36,19.12,39507.13,4.28,53,Jaipur,26.9124,75.7873,Rajasthan
2023-09-27,33.5,23.8,28.5,36.6,24.5,0.0,0.0,10.5,23.8,25,19.85,40335.79,4.87,1,Jaipur,26.9124,75.7873,Rajasthan
2023-09-28,34.2,22.5,27.5,35.2,22.6,0.0,0.0,9.7,19.8,33,21.6,40370.68,5.48,3,Jaipur,26.9124,75.7873,Rajasthan
2023-09-29,34.7,21.2,27.8,35.5,20.6,0.0,0.0,11.7,20.5,13,21.57,40405.43,5.73,3,Jaipur,26.9124,75.7873,Rajasthan
2023-09-30,35.7,21.9,28.2,35.5,21.9,0.0,0.0,13.0,25.2,8,21.36,40181.58,6.04,3,Jaipur,26.9124,75.7873,Rajasthan
2023-10-01,34.6,21.5,27.4,34.5,21.9,0.0,0.0,11.4,24.8,19,21.33,40215.84,5.67,3,Jaipur,26.9124,75.7873,Rajasthan
2023-10-02,35.4,20.7,27.5,36.1,19.8,0.0,0.0,15.0,30.2,346,20.71,39600.0,5.74,2,Jaipur,26.9124,75.7873,Rajasthan
2023-10-03,34.3,20.9,27.3,34.3,19.8,0.0,0.0,14.0,27.0,338,21.03,39765.78,5.93,3,Jaipur,26.9124,75.7873,Rajasthan
2023-10-04,35.1,20.3,27.1,33.4,19.1,0.0,0.0,14.9,29.9,318,21.15,39798.75,6.4,0,Jaipur,26.9124,75.7873,Rajasthan
2023-10-05,35.5,20.2,27.7,34.3,18.7,0.0,0.0,19.9,36.7,300,20.83,39600.0,6.69,0,Jaipur,26.9124,75.7873,Rajasthan
2023-10-06,35.6,23.3,28.6,35.3,21.6,0.0,0.0,19.4,37.8,293,20.41,39604.67,7.01,0,Jaipur,26.9124,75.7873,Rajasthan
2023-10-07,35.3,23.5,28.9,36.3,23.1,0.0,0.0,17.4,31.7,283,20.17,39600.0,6.48,0,Jaipur,26.9124,75.7873,Rajasthan
2023-10-08,35.0,23.8,29.0,35.9,24.1,0.0,0.0,19.1,37.8,277,19.86,39600.0,6.43,0,Jaipur,26.9124,75.7873,Rajasthan
2023-10-09,34.8,24.5,29.1,34.2,25.0,0.0,0.0,20.5,40.0,267,19.75,39600.0,6.56,0,Jaipur,26.9124,75.7873,Rajasthan
2023-10-10,33.9,23.4,28.6,35.2,25.0,0.0,0.0,15.2,31.0,271,18.37,39600.0,5.56,0,Jaipur,26.9124,75.7873,Rajasthan
2023-10-11,34.8,22.5,28.0,34.5,20.6,0.0,0.0,13.8,24.1,305,19.87,39600.0,5.93,0,Jaipur,26.9124,75.7873,Rajasthan
2023-10-12,34.5,21.0,27.5,34.5,20.2,0.0,0.0,11.4,25.9,317,19.56,39600.0,5.58,0,Jaipur,26.9124,75.7873,Rajasthan
2023-10-13,34.9,22.3,28.3,35.3,22.3,0.0,0.0,11.0,25.2,304,19.22,39600.0,5.49,1,Jaipur,26.9124,75.7873,Rajasthan
2023-10-14,34.6,22.8,29.0,35.5,22.4,0.0,0.0,11.7,23.4,294,17.48,39600.0,5.1,3,Jaipur,26.9124,75.7873,Rajasthan
2023-10-15,33.5,22.1,27.7,34.1,21.6,0.0,0.0,14.2,29.5,284,16.85,39600.0,5.19,3,Jaipur,26.9124,75.7873,Rajasthan
2023-10-16,32.9,21.6,26.0,32.4,20.8,0.0,0.0,19.1,37.1,286,15.5,33695.81,5.04,3,Jaipur,26.9124,75.7873,Rajasthan
2023-10-17,30.8,20.0,23.8,31.8,20.6,0.1,0.1,16.1,29.5,66,17.01,37099.88,4.34,51,Jaipur,26.9124,75.7873,Rajasthan
2023-10-18,30.1,18.5,24.1,30.3,19.1,0.0,0.0,10.7,18.7,5,16.79,38743.22,4.2,1,Jaipur,26.9124,75.7873,Rajasthan
2023-10-19,31.3,17.1,24.0,30.8,17.2,0.0,0.0,11.4,23.0,347,18.59,39483.5,4.63,0,Jaipur,26.9124,75.7873,Rajasthan
2023-10-20,31.6,19.3,25.1,32.5,18.8,0.0,0.0,10.7,22.3,26,17.37,39322.11,4.7,1,Jaipur,26.9124,75.7873,Rajasthan
2023-10-21,32.1,19.4,25.5,32.4,19.0,0.0,0.0,10.6,19.1,44,16.71,39347.3,4.05,1,Jaipur,26.9124,75.7873,Rajasthan
2023-10-22,32.4,20.0,25.5,32.5,19.0,0.0,0.0,12.6,22.0,47,17.29,39106.4,4.74,1,Jaipur,26.9124,75.7873,Rajasthan
2023-10-23,31.5,19.2,25.1,30.5,19.0,0.0,0.0,13.8,27.7,357,17.15,39131.93,4.98,1,Jaipur,26.9124,75.7873,Rajasthan
2023-10-24,31.3,17.9,24.2,30.4,16.7,0.0,0.0,14.5,27.7,3,17.1,38890.45,4.64,0,Jaipur,26.9124,75.7873,Rajasthan
2023-10-25,31.3,17.3,24.5,29.7,16.8,0.0,0.0,16.6,32.0,337,17.05,38471.76,5.1,1,Jaipur,26.9124,75.7873,Rajasthan
2023-10-26,31.7,18.3,24.3,29.2,17.5,0.0,0.0,19.2,35.3,340,17.93,38942.35,5.29,0,Jaipur,26.9124,75.7873,Rajasthan
2023-10-27,31.4,16.7,23.9,30.8,15.0,0.0,0.0,9.9,21.6,360,17.68,38968.94,4.57,3,Jaipur,26.9124,75.7873,Rajasthan
2023-10-28,31.3,19.3,24.7,30.0,18.0,0.0,0.0,8.3,19.8,13,13.56,33581.2,3.76,3,Jaipur,26.9124,75.7873,Rajasthan
2023-10-29,32.9,19.5,25.9,32.0,18.8,0.0,0.0,13.6,23.8,307,17.23,38214.64,4.85,3,Jaipur,26.9124,75.7873,Rajasthan
2023-10-30,32.6,18.9,25.3,32.3,18.1,0.0,0.0,11.5,19.1,42,16.51,38240.99,4.53,3,Jaipur,26.9124,75.7873,Rajasthan
2023-10-31,32.9,19.2,25.5,31.5,19.0,0.0,0.0,12.0,22.3,45,16.76,38267.71,4.68,3,Jaipur,26.9124,75.7873,Rajasthan
2023-11-01,31.6,19.2,24.9,31.5,19.1,0.0,0.0,10.9,20.9,67,16.37,38023.67,4.31,1,Jaipur,26.9124,75.7873,Rajasthan
2023-11-02,31.4,18.5,24.7,30.8,17.9,0.0,0.0,12.2,22.3,348,16.0,38050.51,4.29,1,Jaipur,26.9124,75.7873,Rajasthan
2023-11-03,31.7,19.6,25.0,29.7,17.6,0.0,0.0,15.5,28.4,320,15.74,38077.57,4.6,1,Jaipur,26.9124,75.7873,Rajasthan
2023-11-04,30.7,17.1,23.6,30.0,16.0,0.0,0.0,10.0,18.7,61,14.4,35115.85,3.63,3,Jaipur,26.9124,75.7873,Rajasthan
2023-11-05,31.0,19.2,24.6,30.1,17.8,0.0,0.0,13.4,24.8,122,15.0,37586.27,4.25,1,Jaipur,26.9124,75.7873,Rajasthan
2023-11-06,30.6,18.1,24.2,30.4,16.6,0.0,0.0,12.5,27.4,118,14.76,35755.93,4.23,3,Jaipur,26.9124,75.7873,Rajasthan
2023-11-07,31.4,17.6,24.1,30.7,16.3,0.0,0.0,9.8,23.0,97,15.66,37365.72,4.1,1,Jaipur,26.9124,75.7873,Rajasthan
2023-11-08,31.3,18.0,24.4,29.3,16.6,0.0,0.0,14.4,28.8,300,14.9,36421.72,4.35,3,Jaipur,26.9124,75.7873,Rajasthan
2023-11-09,31.1,18.5,24.6,29.8,17.8,0.0,0.0,9.7,20.2,336,14.72,37143.61,3.97,3,Jaipur,26.9124,75.7873,Rajasthan
2023-11-10,29.7,18.1,23.3,28.5,16.6,0.0,0.0,14.2,28.8,33,13.38,36067.13,3.9,2,Jaipur,26.9124,75.7873,Rajasthan
2023-11-11,27.0,15.4,20.7,26.5,16.6,0.0,0.0,11.5,23.0,349,15.83,36919.78,3.47,0,Jaipur,26.9124,75.7873,Rajasthan
2023-11-12,26.6,14.7,20.1,25.8,14.3,0.0,0.0,8.4,21.2,342,15.87,36945.5,3.53,0,Jaipur,26.9124,75.7873,Rajasthan
2023-11-13,26.5,14.7,20.5,26.2,13.9,0.0,0.0,8.2,20.5,73,15.08,34089.39,3.39,3,Jaipur,26.9124,75.7873,Rajasthan
2023-11-14,25.6,16.7,20.7,24.9,16.8,0.0,0.0,8.9,20.9,76,10.7,23251.8,2.69,3,Jaipur,26.9124,75.7873,Rajasthan
2023-11-15,26.6,14.4,20.0,26.5,14.0,0.0,0.0,10.9,19.1,23,15.53,36744.67,3.4,0,Jaipur,26.9124,75.7873,Rajasthan
2023-11-16,26.1,13.7,19.4,25.1,12.5,0.0,0.0,9.0,20.5,71,15.52,36770.36,3.51,0,Jaipur,26.9124,75.7873,Rajasthan
2023-11-17,25.6,14.0,19.3,24.9,13.8,0.0,0.0,9.8,18.4,63,15.48,36517.17,3.19,3,Jaipur,26.9124,75.7873,Rajasthan
2023-11-18,25.7,14.3,19.7,25.4,13.9,0.0,0.0,9.4,14.4,174,15.0,36263.24,3.09,3,Jaipur,26.9124,75.7873,Rajasthan
2023-11-19,26.6,13.2,19.4,25.9,11.9,0.0,0.0,10.0,21.6,94,14.98,36288.62,3.36,0,Jaipur,26.9124,75.7873,Rajasthan
2023-11-20,27.1,14.1,20.2,26.8,13.7,0.0,0.0,7.7,19.8,61,14.94,36314.14,3.15,0,Jaipur,26.9124,75.7873,Rajasthan
2023-11-21,27.1,14.4,19.9,26.0,14.0,0.0,0.0,13.0,23.4,335,14.62,36058.69,3.55,3,Jaipur,26.9124,75.7873,Rajasthan
2023-11-22,26.0,12.8,18.9,23.7,11.5,0.0,0.0,9.7,22.3,320,15.24,36361.69,3.51,0,Jaipur,26.9124,75.7873,Rajasthan
2023-11-23,26.5,12.4,19.4,24.9,11.2,0.0,0.0,9.4,19.1,146,15.0,36091.86,3.42,0,Jaipur,26.9124,75.7873,Rajasthan
2023-11-24,26.5,13.2,19.4,26.1,12.2,0.0,0.0,9.7,18.7,77,14.62,36104.96,3.06,1,Jaipur,26.9124,75.7873,Rajasthan
2023-11-25,25.8,13.0,19.0,24.0,12.5,0.0,0.0,10.0,22.0,99,12.96,35960.16,3.05,3,Jaipur,26.9124,75.7873,Rajasthan
2023-11-26,25.6,14.8,19.8,22.2,14.6,0.0,0.0,19.6,36.7,93,11.73,26633.19,3.4,3,Jaipur,26.9124,75.7873,Rajasthan
2023-11-27,21.8,15.3,18.1,21.0,15.8,2.6,2.6,16.5,35.3,135,11.19,34364.92,2.43,61,Jaipur,26.9124,75.7873,Rajasthan
2023-11-28,21.0,14.4,17.3,21.0,14.8,0.3,0.3,10.5,23.0,69,7.41,16227.69,1.56,51,Jaipur,26.9124,75.7873,Rajasthan
2023-11-29,23.5,14.0,18.0,23.1,13.8,0.2,0.2,8.8,21.2,70,12.89,35932.65,2.47,51,Jaipur,26.9124,75.7873,Rajasthan
2023-11-30,24.4,14.6,18.7,24.5,14.8,0.2,0.2,12.6,21.2,61,13.38,35929.52,2.51,51,Jaipur,26.9124,75.7873,Rajasthan
2023-12-01,24.3,14.3,18.2,24.2,14.4,0.0,0.0,11.5,25.6,42,13.1,35927.9,2.49,1,Jaipur,26.9124,75.7873,Rajasthan
2023-12-02,24.3,14.6,18.8,23.3,14.4,0.0,0.0,12.9,27.4,54,13.18,35644.2,2.83,2,Jaipur,26.9124,75.7873,Rajasthan
2023-12-03,23.1,15.0,18.1,22.2,14.5,2.2,2.2,13.1,27.4,66,8.35,22428.27,2.04,61,Jaipur,26.9124,75.7873,Rajasthan
2023-12-04,22.6,13.9,17.5,22.6,13.7,0.7,0.7,11.6,22.3,38,12.13,35574.37,2.39,51,Jaipur,26.9124,75.7873,Rajasthan
2023-12-05,23.2,13.3,17.2,22.1,11.2,0.0,0.0,12.1,25.6,39,13.94,35937.28,2.92,0,Jaipur,26.9124,75.7873,Rajasthan
2023-12-06,22.6,12.3,16.6,21.1,10.4,0.0,0.0,11.0,22.3,42,14.14,35944.19,3.0,0,Jaipur,26.9124,75.7873,Rajasthan
2023-12-07,23.7,12.8,17.3,23.0,11.0,0.0,0.0,11.6,22.0,15,13.78,35952.97,2.97,0,Jaipur,26.9124,75.7873,Rajasthan
2023-12-08,24.3,12.4,17.9,23.8,11.3,0.0,0.0,10.2,18.0,267,13.32,35292.19,2.81,2,Jaipur,26.9124,75.7873,Rajasthan
2023-12-09,24.4,12.1,18.2,23.7,11.5,0.0,0.0,10.2,13.7,306,13.8,35975.83,2.66,0,Jaipur,26.9124,75.7873,Rajasthan
2023-12-10,24.3,10.7,16.7,21.7,8.8,0.0,0.0,8.8,20.2,337,14.12,35989.77,3.02,3,Jaipur,26.9124,75.7873,Rajasthan
2023-12-11,23.2,10.2,16.1,21.6,8.6,0.0,0.0,11.1,24.5,148,13.81,36000.0,2.87,0,Jaipur,26.9124,75.7873,Rajasthan
2023-12-12,23.3,10.6,16.5,21.7,8.9,0.0,0.0,10.2,21.6,165,13.76,36000.0,2.84,1,Jaipur,26.9124,75.7873,Rajasthan
2023-12-13,23.6,11.7,16.9,22.2,10.4,0.0,0.0,9.7,18.4,235,13.73,36000.0,2.81,3,Jaipur,26.9124,75.7873,Rajasthan
2023-12-14,23.5,10.0,16.6,21.8,8.6,0.0,0.0,10.0,22.0,230,13.81,36000.0,2.88,3,Jaipur,26.9124,75.7873,Rajasthan
2023-12-15,22.9,10.2,16.2,21.5,8.5,0.0,0.0,10.3,20.9,104,13.85,36000.0,2.8,1,Jaipur,26.9124,75.7873,Rajasthan
2023-12-16,23.6,10.4,16.5,22.5,8.8,0.0,0.0,9.8,17.3,93,13.59,36000.0,2.79,1,Jaipur,26.9124,75.7873,Rajasthan
2023-12-17,23.9,10.1,16.7,22.8,9.0,0.0,0.0,13.3,24.5,3,13.63,36000.0,2.78,3,Jaipur,26.9124,75.7873,Rajasthan
2023-12-18,22.7,11.5,16.1,19.1,9.5,0.0,0.0,14.5,25.9,6,14.05,36000.0,3.5,2,Jaipur,26.9124,75.7873,Rajasthan
2023-12-19,22.3,9.3,15.0,19.9,6.9,0.0,0.0,10.9,20.5,340,14.17,36000.0,3.1,3,Jaipur,26.9124,75.7873,Rajasthan
2023-12-20,21.0,10.0,15.0,19.2,7.3,0.0,0.0,9.5,16.2,352,11.58,28840.4,2.45,3,Jaipur,26.9124,75.7873,Rajasthan
2023-12-21,22.9,9.1,15.7,21.0,6.8,0.0,0.0,9.2,15.1,14,12.45,32435.0,2.41,3,Jaipur,26.9124,75.7873,Rajasthan
2023-12-22,23.3,9.0,15.5,20.8,6.5,0.0,0.0,10.3,19.1,66,13.75,36000.0,2.91,3,Jaipur,26.9124,75.7873,Rajasthan
2023-12-23,23.3,11.2,16.2,21.9,9.7,0.4,0.4,11.7,23.4,86,13.54,36000.0,2.72,51,Jaipur,26.9124,75.7873,Rajasthan
2023-12-24,22.8,9.7,15.2,21.5,8.7,0.0,0.0,9.4,20.9,71,13.42,36000.0,2.47,3,Jaipur,26.9124,75.7873,Rajasthan
2023-12-25,24.1,9.7,15.9,22.7,8.4,0.0,0.0,10.1,16.6,74,13.68,36000.0,2.66,3,Jaipur,26.9124,75.7873,Rajasthan
2023-12-26,25.1,10.0,16.9,22.7,8.5,0.0,0.0,9.8,22.7,116,13.93,36000.0,3.05,2,Jaipur,26.9124,75.7873,Rajasthan
2023-12-27,24.6,9.6,16.2,22.8,8.0,0.0,0.0,12.0,19.8,51,13.87,36000.0,2.85,3,Jaipur,26.9124,75.7873,Rajasthan
2023-12-28,23.0,10.3,15.1,21.6,8.9,0.0,0.0,10.0,17.6,59,14.04,36000.0,2.59,0,Jaipur,26.9124,75.7873,Rajasthan
2023-12-29,21.7,9.6,13.9,19.7,8.5,0.0,0.0,11.0,22.7,81,12.73,28800.0,2.26,3,Jaipur,26.9124,75.7873,Rajasthan
2023-12-30,21.5,9.1,13.6,19.8,7.8,0.0,0.0,11.7,20.5,72,12.43,28950.1,2.23,3,Jaipur,26.9124,75.7873,Rajasthan
2023-12-31,21.5,9.1,13.7,20.0,7.2,0.0,0.0,12.5,24.1,67,13.66,36000.0,2.47,2,Jaipur,26.9124,75.7873,Rajasthan
2024-01-01,21.0,8.3,12.7,18.9,6.5,0.0,0.0,9.4,18.7,60,13.83,30898.78,2.28,3,Jaipur,26.9124,75.7873,Rajasthan
2024-01-02,19.0,7.4,11.8,18.4,5.7,0.0,0.0,9.4,16.6,77,13.26,29986.64,2.09,3,Jaipur,26.9124,75.7873,Rajasthan
2024-01-03,17.7,7.3,11.4,17.0,5.5,0.0,0.0,8.2,19.8,65,12.78,32592.98,1.96,3,Jaipur,26.9124,75.7873,Rajasthan
2024-01-04,18.1,6.5,11.0,17.3,4.8,0.0,0.0,7.4,17.6,37,13.33,30366.81,2.06,3,Jaipur,26.9124,75.7873,Rajasthan
2024-01-05,17.5,6.4,10.9,16.7,4.5,0.0,0.0,10.4,21.6,42,13.9,36000.0,2.06,3,Jaipur,26.9124,75.7873,Rajasthan
2024-01-06,18.1,6.3,11.0,17.4,4.5,0.0,0.0,9.9,16.6,30,14.07,36000.0,2.18,0,Jaipur,26.9124,75.7873,Rajasthan
2024-01-07,18.2,5.7,10.9,17.0,3.4,0.0,0.0,7.9,17.6,69,14.28,36000.0,2.2,0,Jaipur,26.9124,75.7873,Rajasthan
2024-01-08,19.7,7.2,12.7,19.1,5.4,0.0,0.0,10.8,24.8,80,13.94,36000.0,2.23,0,Jaipur,26.9124,75.7873,Rajasthan
2024-01-09,19.9,9.0,13.3,19.1,7.1,0.0,0.0,11.8,23.0,28,11.66,30435.29,1.97,3,Jaipur,26.9124,75.7873,Rajasthan
2024-01-10,19.4,6.3,11.4,17.4,4.2,0.0,0.0,10.5,18.4,335,14.26,29709.41,2.43,3,Jaipur,26.9124,75.7873,Rajasthan
2024-01-11,20.1,4.1,11.7,18.4,2.0,0.0,0.0,7.6,16.9,346,15.07,36000.0,2.39,0,Jaipur,26.9124,75.7873,Rajasthan
2024-01-12,21.1,6.0,13.4,19.8,3.5,0.0,0.0,9.6,16.2,94,14.98,36000.0,2.55,1,Jaipur,26.9124,75.7873,Rajasthan
2024-01-13,22.2,6.8,14.1,21.3,4.3,0.0,0.0,10.5,16.2,103,13.31,33637.9,2.43,3,Jaipur,26.9124,75.7873,Rajasthan
2024-01-14,22.6,8.6,14.9,22.5,7.1,0.0,0.0,9.7,14.4,60,14.8,36000.0,2.53,3,Jaipur,26.9124,75.7873,Rajasthan
2024-01-15,21.2,8.0,14.4,20.4,6.5,0.0,0.0,7.1,17.3,53,15.07,36000.0,2.53,3,Jaipur,26.9124,75.7873,Rajasthan
2024-01-16,21.0,7.1,13.9,19.7,5.4,0.0,0.0,11.2,19.1,109,14.81,36000.0,2.63,3,Jaipur,26.9124,75.7873,Rajasthan
2024-01-17,20.9,8.7,13.6,19.1,6.8,0.0,0.0,11.3,24.8,79,14.87,36000.0,2.7,3,Jaipur,26.9124,75.7873,Rajasthan
2024-01-18,20.9,7.1,12.7,20.1,5.6,0.0,0.0,9.8,17.3,82,15.09,36000.0,2.49,3,Jaipur,26.9124,75.7873,Rajasthan
2024-01-19,19.9,7.8,12.0,19.0,6.1,0.0,0.0,13.4,22.3,82,14.3,29555.97,2.39,3,Jaipur,26.9124,75.7873,Rajasthan
2024-01-20,19.1,6.0,11.0,17.2,4.1,0.0,0.0,9.0,19.4,76,15.01,31466.63,2.36,3,Jaipur,26.9124,75.7873,Rajasthan
2024-01-21,20.8,7.3,12.6,18.8,5.8,0.0,0.0,13.2,22.7,343,14.84,29896.72,2.66,3,Jaipur,26.9124,75.7873,Rajasthan
2024-01-22,20.5,6.8,12.7,18.9,4.8,0.0,0.0,9.6,21.2,113,14.95,29252.73,2.56,3,Jaipur,26.9124,75.7873,Rajasthan
2024-01-23,21.1,8.3,13.6,19.4,6.6,0.0,0.0,9.3,20.9,142,13.12,25015.75,2.41,3,Jaipur,26.9124,75.7873,Rajasthan
2024-01-24,21.1,7.7,14.1,19.7,6.4,0.0,0.0,12.5,20.9,56,15.73,36000.0,2.76,1,Jaipur,26.9124,75.7873,Rajasthan
2024-01-25,20.3,7.7,13.1,18.5,6.2,0.0,0.0,10.2,22.7,109,15.43,36000.0,2.6,3,Jaipur,26.9124,75.7873,Rajasthan
2024-01-26,21.7,6.6,13.6,20.7,4.8,0.0,0.0,10.9,20.2,113,15.34,36000.0,2.72,3,Jaipur,26.9124,75.7873,Rajasthan
2024-01-27,23.5,8.6,15.4,22.2,7.1,0.0,0.0,11.2,22.7,194,15.9,36000.0,3.09,3,Jaipur,26.9124,75.7873,Rajasthan
2024-01-28,24.0,10.2,16.8,22.0,9.0,0.0,0.0,13.0,28.4,150,14.94,33408.85,3.17,3,Jaipur,26.9124,75.7873,Rajasthan
2024-01-29,24.6,11.1,17.2,23.7,10.0,0.0,0.0,9.3,18.7,10,16.01,36000.0,3.18,3,Jaipur,26.9124,75.7873,Rajasthan
2024-01-30,23.5,10.9,16.9,22.9,10.0,0.0,0.0,9.4,19.4,145,13.77,31355.34,2.75,3,Jaipur,26.9124,75.7873,Rajasthan
2024-01-31,24.2,12.7,18.0,22.6,12.4,0.1,0.1,15.1,31.0,162,14.77,36000.0,3.11,51,Jaipur,26.9124,75.7873,Rajasthan
2024-02-01,25.8,11.9,18.0,23.1,11.0,0.0,0.0,16.8,33.5,318,16.35,36350.51,3.72,1,Jaipur,26.9124,75.7873,Rajasthan
2024-02-02,22.8,12.4,16.6,20.7,10.2,0.1,0.1,15.9,30.2,67,16.17,32725.29,3.36,51,Jaipur,26.9124,75.7873,Rajasthan
2024-02-03,22.9,10.1,16.5,21.4,8.2,0.8,0.8,11.2,25.9,130,14.04,34215.41,3.01,53,Jaipur,26.9124,75.7873,Rajasthan
2024-02-04,24.1,13.9,18.1,22.0,13.5,4.9,4.9,25.2,54.7,240,10.18,24614.46,2.17,61,Jaipur,26.9124,75.7873,Rajasthan
2024-02-05,21.6,12.1,16.5,21.1,9.6,0.1,0.1,12.2,24.8,6,16.57,34673.9,3.02,51,Jaipur,26.9124,75.7873,Rajasthan
2024-02-06,20.7,9.4,14.4,19.4,7.1,0.0,0.0,11.6,22.3,39,17.1,36769.91,3.27,3,Jaipur,26.9124,75.7873,Rajasthan
2024-02-07,21.2,10.8,15.0,19.5,8.0,0.0,0.0,15.8,26.3,12,14.95,30727.52,3.38,3,Jaipur,26.9124,75.7873,Rajasthan
2024-02-08,21.2,9.4,14.0,17.9,6.2,0.0,0.0,15.3,31.7,324,18.16,36989.77,3.79,1,Jaipur,26.9124,75.7873,Rajasthan
2024-02-09,21.3,6.8,13.7,19.8,3.9,0.0,0.0,11.2,18.0,48,18.53,37234.63,3.67,0,Jaipur,26.9124,75.7873,Rajasthan
2024-02-10,21.9,8.3,14.3,20.2,5.4,0.0,0.0,9.7,22.3,65,18.49,37208.24,3.61,0,Jaipur,26.9124,75.7873,Rajasthan
2024-02-11,22.5,8.9,14.6,21.6,6.5,0.0,0.0,10.4,15.8,39,18.49,37451.97,3.34,0,Jaipur,26.9124,75.7873,Rajasthan
2024-02-12,21.8,8.8,14.8,20.2,7.0,0.0,0.0,9.3,19.4,63,17.2,36000.0,3.24,3,Jaipur,26.9124,75.7873,Rajasthan
2024-02-13,23.5,10.2,16.4,23.6,8.5,0.0,0.0,10.2,20.9,29,18.04,37399.27,3.44,3,Jaipur,26.9124,75.7873,Rajasthan
2024-02-14,24.5,13.3,18.2,24.0,11.4,0.1,0.1,11.8,20.2,7,18.3,37641.79,4.05,51,Jaipur,26.9124,75.7873,Rajasthan
2024-02-15,24.9,10.8,17.1,24.1,9.0,0.0,0.0,10.4,16.6,56,18.89,37883.63,3.84,0,Jaipur,26.9124,75.7873,Rajasthan
2024-02-16,25.4,11.1,17.6,24.4,9.6,0.0,0.0,10.5,20.2,101,19.07,37857.33,3.88,0,Jaipur,26.9124,75.7873,Rajasthan
2024-02-17,26.9,11.3,19.4,25.1,9.1,0.0,0.0,8.9,22.7,261,19.24,38098.45,4.19,0,Jaipur,26.9124,75.7873,Rajasthan
2024-02-18,27.9,13.6,20.1,25.7,10.9,0.0,0.0,15.8,32.4,156,18.55,37005.69,4.4,3,Jaipur,26.9124,75.7873,Rajasthan
2024-02-19,30.6,12.9,21.0,26.3,11.5,0.0,0.0,29.0,51.1,208,18.9,38046.62,5.26,1,Jaipur,26.9124,75.7873,Rajasthan
2024-02-20,27.6,18.4,22.3,25.9,17.4,0.0,0.0,20.1,40.0,267,18.0,38287.12,4.96,1,Jaipur,26.9124,75.7873,Rajasthan
2024-02-21,26.1,13.6,19.6,25.1,10.7,0.0,0.0,12.5,21.2,290,18.09,37996.35,4.19,3,Jaipur,26.9124,75.7873,Rajasthan
2024-02-22,23.9,13.9,18.1,22.9,10.5,0.0,0.0,13.2,24.8,26,15.65,37336.26,4.2,3,Jaipur,26.9124,75.7873,Rajasthan
2024-02-23,24.3,11.9,17.5,22.6,8.6,0.0,0.0,19.4,30.6,48,19.82,38741.48,4.62,1,Jaipur,26.9124,75.7873,Rajasthan
2024-02-24,22.4,12.2,16.6,20.3,8.7,0.5,0.5,24.0,47.9,71,16.97,37359.64,4.49,51,Jaipur,26.9124,75.7873,Rajasthan
2024-02-25,24.7,12.0,18.0,21.8,8.5,0.0,0.0,22.0,42.5,80,19.04,36844.78,5.18,3,Jaipur,26.9124,75.7873,Rajasthan
2024-02-26,23.1,14.3,17.7,20.0,10.6,0.0,0.0,18.3,33.8,85,13.72,23125.85,4.38,3,Jaipur,26.9124,75.7873,Rajasthan
2024-02-27,25.0,12.9,18.0,23.2,10.6,0.0,0.0,17.7,33.8,65,19.53,38906.74,4.62,2,Jaipur,26.9124,75.7873,Rajasthan
2024-02-28,25.7,12.7,18.6,24.6,10.0,0.0,0.0,13.6,23.0,358,20.09,39177.48,4.64,0,Jaipur,26.9124,75.7873,Rajasthan
2024-02-29,27.4,12.3,19.6,26.6,10.6,0.0,0.0,11.6,22.7,124,20.25,39467.95,4.49,1,Jaipur,26.9124,75.7873,Rajasthan
2024-03-01,30.5,15.2,21.0,29.3,14.0,4.2,4.2,22.3,48.2,117,18.01,30988.29,4.63,61,Jaipur,26.9124,75.7873,Rajasthan
2024-03-02,25.0,15.7,19.9,25.6,16.0,1.9,1.9,16.8,38.2,175,10.97,16890.38,2.82,53,Jaipur,26.9124,75.7873,Rajasthan
2024-03-03,23.9,13.5,17.6,23.3,9.3,0.0,0.0,12.3,24.5,297,21.14,39739.02,4.33,0,Jaipur,26.9124,75.7873,Rajasthan
2024-03-04,22.6,10.7,16.0,21.2,6.2,0.0,0.0,12.8,22.3,337,21.73,40001.48,4.73,0,Jaipur,26.9124,75.7873,Rajasthan
2024-03-05,23.3,10.5,16.5,22.1,6.7,0.0,0.0,15.2,25.6,8,21.52,40002.88,4.9,3,Jaipur,26.9124,75.7873,Rajasthan
2024-03-06,24.6,11.5,17.4,23.1,8.5,0.4,0.4,11.6,23.0,351,20.85,40263.81,4.69,51,Jaipur,26.9124,75.7873,Rajasthan
2024-03-07,27.2,10.8,18.8,25.7,8.0,0.0,0.0,15.3,30.2,17,20.48,39784.66,4.68,2,Jaipur,26.9124,75.7873,Rajasthan
2024-03-08,26.6,12.8,19.5,25.9,11.0,0.0,0.0,20.0,33.8,47,21.58,40524.06,4.9,0,Jaipur,26.9124,75.7873,Rajasthan
2024-03-09,27.7,14.1,20.4,26.0,10.8,0.0,0.0,16.6,33.1,357,21.86,40783.28,5.58,3,Jaipur,26.9124,75.7873,Rajasthan
2024-03-10,28.7,13.1,21.0,27.7,10.6,0.0,0.0,10.5,22.3,145,21.17,39424.71,5.01,3,Jaipur,26.9124,75.7873,Rajasthan
2024-03-11,30.4,15.3,23.1,29.5,13.4,0.0,0.0,12.8,29.2,185,21.37,40782.51,5.41,1,Jaipur,26.9124,75.7873,Rajasthan
2024-03-12,31.5,16.3,23.5,31.7,13.7,0.0,0.0,12.9,25.9,7,21.73,40513.83,5.65,1,Jaipur,26.9124,75.7873,Rajasthan
2024-03-13,31.2,15.5,23.4,27.2,13.9,0.0,0.0,28.6,52.2,279,19.08,41516.48,6.3,2,Jaipur,26.9124,75.7873,Rajasthan
2024-03-14,29.9,15.7,22.7,29.2,14.4,0.0,0.0,15.8,27.0,4,22.32,41483.61,5.6,0,Jaipur,26.9124,75.7873,Rajasthan
2024-03-15,29.4,17.2,22.7,27.5,13.9,0.0,0.0,18.6,31.3,358,22.6,41709.02,6.58,0,Jaipur,26.9124,75.7873,Rajasthan
2024-03-16,28.1,15.2,21.2,26.0,11.9,0.0,0.0,13.2,26.6,34,18.81,35518.77,5.01,3,Jaipur,26.9124,75.7873,Rajasthan
2024-03-17,29.5,16.0,22.2,27.9,12.5,0.0,0.0,13.4,22.7,27,21.65,42417.23,5.91,3,Jaipur,26.9124,75.7873,Rajasthan
2024-03-18,30.6,15.2,23.1,28.8,12.9,0.0,0.0,14.5,26.6,353,23.15,42383.42,6.15,0,Jaipur,26.9124,75.7873,Rajasthan
2024-03-19,32.2,16.1,23.8,30.2,13.8,0.1,0.1,22.9,55.4,0,21.06,42607.89,6.1,51,Jaipur,26.9124,75.7873,Rajasthan
2024-03-20,31.3,17.6,23.8,30.8,14.9,0.0,0.0,12.3,22.0,44,23.31,42832.33,5.92,3,Jaipur,26.9124,75.7873,Rajasthan
2024-03-21,31.4,17.7,24.7,30.4,15.7,0.0,0.0,12.9,29.9,141,22.0,42540.39,6.02,3,Jaipur,26.9124,75.7873,Rajasthan
2024-03-22,35.4,17.3,26.0,33.1,15.8,0.0,0.0,15.9,29.2,205,23.12,43023.3,6.77,3,Jaipur,26.9124,75.7873,Rajasthan
2024-03-23,36.2,19.5,27.6,35.3,16.8,0.0,0.0,13.8,27.0,328,22.99,43149.44,6.68,3,Jaipur,26.9124,75.7873,Rajasthan
2024-03-24,35.1,20.3,27.5,33.9,18.7,0.0,0.0,22.5,39.2,39,19.24,37531.92,6.0,3,Jaipur,26.9124,75.7873,Rajasthan
2024-03-25,35.1,19.2,27.4,34.6,18.9,0.0,0.0,16.9,30.6,351,22.95,43200.0,6.47,1,Jaipur,26.9124,75.7873,Rajasthan
2024-03-26,36.8,21.4,29.3,35.7,19.3,0.0,0.0,17.4,32.0,271,19.48,36270.75,5.95,3,Jaipur,26.9124,75.7873,Rajasthan
2024-03-27,37.2,22.0,29.8,37.2,20.9,0.0,0.0,11.3,26.6,123,22.37,41788.52,6.31,3,Jaipur,26.9124,75.7873,Rajasthan
2024-03-28,38.4,22.8,30.3,38.5,21.7,0.0,0.0,15.9,31.0,113,22.11,42263.42,6.87,3,Jaipur,26.9124,75.7873,Rajasthan
2024-03-29,37.9,23.2,30.3,37.1,22.7,0.0,0.0,18.4,32.0,174,21.34,40230.91,6.67,3,Jaipur,26.9124,75.7873,Rajasthan
2024-03-30,36.1,23.0,29.6,33.4,20.2,0.0,0.0,21.4,39.6,276,23.59,43200.0,8.49,3,Jaipur,26.9124,75.7873,Rajasthan
2024-03-31,34.8,21.8,28.3,32.5,18.2,0.0,0.0,20.7,38.9,294,23.93,43200.0,8.28,3,Jaipur,26.9124,75.7873,Rajasthan
2024-04-01,33.7,20.4,27.0,31.9,18.6,0.0,0.0,21.6,41.8,324,23.02,41380.73,7.67,3,Jaipur,26.9124,75.7873,Rajasthan
2024-04-02,34.6,18.5,27.0,33.1,15.6,0.0,0.0,15.8,31.7,285,23.49,42645.35,6.62,3,Jaipur,26.9124,75.7873,Rajasthan
2024-04-03,35.6,20.2,28.1,34.5,16.9,0.0,0.0,12.4,27.0,192,21.98,36736.66,6.76,3,Jaipur,26.9124,75.7873,Rajasthan
2024-04-04,35.2,22.3,28.5,34.4,19.1,0.0,0.0,19.7,36.0,182,19.15,29973.39,6.44,3,Jaipur,26.9124,75.7873,Rajasthan
2024-04-05,33.9,23.8,28.7,30.7,21.4,0.0,0.0,14.3,29.2,336,14.64,20113.16,5.83,3,Jaipur,26.9124,75.7873,Rajasthan
2024-04-06,34.3,22.3,28.2,34.0,20.1,0.5,0.5,18.4,35.6,20,19.11,38177.96,6.06,53,Jaipur,26.9124,75.7873,Rajasthan
2024-04-07,36.1,22.0,29.1,33.2,18.7,0.0,0.0,17.4,33.1,1,24.95,43200.0,8.27,3,Jaipur,26.9124,75.7873,Rajasthan
2024-04-08,37.4,20.2,28.5,35.3,16.3,0.0,0.0,13.0,30.2,336,24.34,42978.19,6.97,1,Jaipur,26.9124,75.7873,Rajasthan
2024-04-09,37.7,22.9,29.8,36.5,19.0,0.0,0.0,15.6,29.9,51,19.84,33009.81,6.79,3,Jaipur,26.9124,75.7873,Rajasthan
2024-04-10,36.0,23.5,29.4,34.5,19.3,0.1,0.1,24.2,53.3,135,21.18,39741.22,7.54,51,Jaipur,26.9124,75.7873,Rajasthan
2024-04-11,36.9,20.8,29.2,36.4,19.0,0.0,0.0,13.9,34.2,178,23.29,41954.23,7.03,3,Jaipur,26.9124,75.7873,Rajasthan
2024-04-12,36.7,23.1,30.4,35.3,20.6,0.0,0.0,16.6,31.3,142,22.62,39600.0,7.75,3,Jaipur,26.9124,75.7873,Rajasthan
2024-04-13,36.3,21.9,28.9,36.3,21.9,0.0,0.0,20.2,39.6,156,20.84,39600.0,6.66,3,Jaipur,26.9124,75.7873,Rajasthan
2024-04-14,35.5,23.2,28.2,36.5,21.5,0.8,0.8,19.1,33.8,46,19.09,31924.36,5.85,53,Jaipur,26.9124,75.7873,Rajasthan
2024-04-15,35.2,24.3,29.5,35.0,24.1,0.0,0.0,22.8,41.0,270,18.81,35573.5,6.18,3,Jaipur,26.9124,75.7873,Rajasthan
2024-04-16,36.1,24.2,30.1,35.1,23.1,0.0,0.0,15.8,31.7,319,24.06,40271.83,7.98,3,Jaipur,26.9124,75.7873,Rajasthan
2024-04-17,36.9,23.3,29.8,34.5,22.4,0.0,0.0,25.5,46.8,329,23.69,36608.16,8.33,3,Jaipur,26.9124,75.7873,Rajasthan
2024-04-18,38.9,23.3,30.5,36.6,20.9,0.5,0.5,32.6,57.2,277,22.69,32518.67,8.74,51,Jaipur,26.9124,75.7873,Rajasthan
2024-04-19,37.8,25.1,31.3,34.8,22.4,0.0,0.0,28.4,53.3,262,24.5,43200.0,9.49,3,Jaipur,26.9124,75.7873,Rajasthan
2024-04-20,35.7,23.2,29.6,33.9,20.5,0.0,0.0,17.3,35.6,277,23.93,37422.86,7.99,3,Jaipur,26.9124,75.7873,Rajasthan
2024-04-21,35.4,23.3,29.6,34.9,21.8,0.0,0.0,14.3,27.4,208,20.45,32608.63,6.57,3,Jaipur,26.9124,75.7873,Rajasthan
2024-04-22,36.6,23.4,30.1,35.8,20.9,0.0,0.0,13.3,30.2,287,23.5,41228.76,6.93,1,Jaipur,26.9124,75.7873,Rajasthan
2024-04-23,37.5,24.1,30.9,35.5,21.8,0.0,0.0,18.1,35.6,313,23.66,42896.88,7.74,1,Jaipur,26.9124,75.7873,Rajasthan
2024-04-24,38.2,22.7,30.5,36.1,21.0,0.0,0.0,17.2,35.3,321,24.92,42851.4,7.63,1,Jaipur,26.9124,75.7873,Rajasthan
2024-04-25,38.8,24.1,31.3,38.4,21.1,0.0,0.0,12.7,21.6,50,24.58,41137.78,6.94,2,Jaipur,26.9124,75.7873,Rajasthan
2024-04-26,37.8,23.9,31.1,36.6,21.1,0.0,0.0,24.9,48.6,198,21.54,36635.47,7.36,3,Jaipur,26.9124,75.7873,Rajasthan
2024-04-27,36.8,25.7,30.8,33.4,23.2,0.0,0.0,22.4,43.9,259,24.84,41125.73,8.85,3,Jaipur,26.9124,75.7873,Rajasthan
2024-04-28,37.9,23.3,31.1,36.4,21.1,0.0,0.0,14.0,30.6,315,23.79,40585.06,7.16,3,Jaipur,26.9124,75.7873,Rajasthan
2024-04-29,37.7,22.8,30.9,35.1,20.8,0.0,0.0,24.4,45.4,275,24.51,42139.73,9.16,1,Jaipur,26.9124,75.7873,Rajasthan
2024-04-30,35.8,23.1,29.5,32.8,19.1,0.0,0.0,20.7,38.5,313,25.43,42739.89,8.77,0,Jaipur,26.9124,75.7873,Rajasthan
2024-05-01,34.0,22.4,28.1,30.6,18.5,0.0,0.0,20.1,38.9,328,25.55,42554.48,9.1,0,Jaipur,26.9124,75.7873,Rajasthan
2024-05-02,35.2,20.1,28.1,32.2,17.0,0.0,0.0,14.5,25.6,329,23.87,42229.35,7.29,3,Jaipur,26.9124,75.7873,Rajasthan
2024-05-03,38.1,22.2,31.1,36.7,19.3,0.0,0.0,11.5,25.2,326,22.7,32400.0,7.36,3,Jaipur,26.9124,75.7873,Rajasthan
2024-05-04,39.2,26.5,32.4,37.1,23.4,0.0,0.0,21.3,39.2,242,19.07,27471.07,7.09,3,Jaipur,26.9124,75.7873,Rajasthan
2024-05-05,39.6,27.1,33.2,38.3,24.7,0.0,0.0,19.1,36.0,277,23.93,41827.38,8.94,3,Jaipur,26.9124,75.7873,Rajasthan
2024-05-06,40.8,25.1,33.4,40.6,22.9,0.0,0.0,14.5,29.2,309,23.75,40228.31,7.47,1,Jaipur,26.9124,75.7873,Rajasthan
2024-05-07,42.1,27.3,35.2,42.2,24.9,0.0,0.0,17.0,32.0,358,21.89,38826.55,7.55,3,Jaipur,26.9124,75.7873,Rajasthan
2024-05-08,42.6,26.8,35.2,40.5,25.9,0.0,0.0,23.1,44.3,10,23.31,41356.48,9.37,1,Jaipur,26.9124,75.7873,Rajasthan
2024-05-09,42.7,26.5,34.8,41.7,27.3,0.0,0.0,19.4,40.0,52,22.28,40613.69,8.56,2,Jaipur,26.9124,75.7873,Rajasthan
2024-05-10,42.4,26.0,34.4,42.1,25.1,0.0,0.0,25.2,54.4,103,23.29,40981.43,7.4,3,Jaipur,26.9124,75.7873,Rajasthan
2024-05-11,39.4,28.3,33.6,38.6,26.9,0.0,0.0,20.9,38.2,343,20.13,37647.92,7.42,3,Jaipur,26.9124,75.7873,Rajasthan
2024-05-12,40.6,27.0,33.9,38.4,26.9,0.0,0.0,20.0,40.3,295,22.02,39998.08,8.11,2,Jaipur,26.9124,75.7873,Rajasthan
2024-05-13,38.6,27.5,33.0,37.8,26.2,0.7,0.7,22.2,47.5,37,17.75,35112.52,6.33,53,Jaipur,26.9124,75.7873,Rajasthan
2024-05-14,41.3,25.7,34.0,40.7,24.3,0.0,0.0,18.4,31.7,332,21.92,38161.29,7.47,3,Jaipur,26.9124,75.7873,Rajasthan
2024-05-15,42.6,26.4,34.7,40.6,25.1,0.0,0.0,21.1,41.8,328,24.03,39882.02,7.43,3,Jaipur,26.9124,75.7873,Rajasthan
2024-05-16,43.7,27.6,36.2,42.4,25.0,0.0,0.0,16.1,32.8,18,23.2,36817.07,8.29,2,Jaipur,26.9124,75.7873,Rajasthan
2024-05-17,43.8,28.0,36.6,43.4,25.3,0.0,0.0,16.0,27.4,312,23.19,39224.97,7.84,2,Jaipur,26.9124,75.7873,Rajasthan
2024-05-18,44.5,30.0,37.5,42.3,27.4,0.0,0.0,19.9,42.1,325,22.78,39527.84,9.01,3,Jaipur,26.9124,75.7873,Rajasthan
2024-05-19,44.4,29.1,37.3,42.7,26.3,0.0,0.0,14.9,32.4,337,22.75,39195.13,8.18,2,Jaipur,26.9124,75.7873,Rajasthan
2024-05-20,43.4,31.5,37.3,41.3,28.6,0.0,0.0,23.1,46.1,308,18.71,34354.23,8.84,3,Jaipur,26.9124,75.7873,Rajasthan
2024-05-21,44.2,31.8,37.5,42.0,28.8,0.0,0.0,22.9,45.0,310,19.0,33685.92,9.29,3,Jaipur,26.9124,75.7873,Rajasthan
2024-05-22,43.9,30.6,37.6,43.5,28.6,0.0,0.0,14.0,27.4,323,18.44,34001.91,6.5,3,Jaipur,26.9124,75.7873,Rajasthan
2024-05-23,44.8,30.4,37.0,43.8,29.6,0.0,0.0,22.4,39.2,88,21.56,37092.33,8.86,3,Jaipur,26.9124,75.7873,Rajasthan
2024-05-24,42.3,30.2,36.3,42.6,30.9,0.0,0.0,18.7,35.6,95,22.07,39951.59,8.58,1,Jaipur,26.9124,75.7873,Rajasthan
2024-05-25,44.9,29.8,37.5,43.0,31.0,0.0,0.0,22.9,45.7,23,21.85,38906.23,8.59,2,Jaipur,26.9124,75.7873,Rajasthan
2024-05-26,46.0,30.7,38.5,44.7,28.6,0.0,0.0,26.3,53.6,330,21.09,36355.17,8.63,3,Jaipur,26.9124,75.7873,Rajasthan
2024-05-27,46.6,31.4,38.5,43.8,28.6,0.0,0.0,20.3,39.2,304,24.63,41663.16,9.91,0,Jaipur,26.9124,75.7873,Rajasthan
2024-05-28,45.5,30.6,38.2,43.1,27.8,0.0,0.0,26.9,48.6,277,22.63,41390.41,10.65,1,Jaipur,26.9124,75.7873,Rajasthan
2024-05-29,46.0,32.5,38.6,43.3,31.5,0.0,0.0,24.9,47.9,267,23.93,41374.47,11.37,0,Jaipur,26.9124,75.7873,Rajasthan
2024-05-30,44.9,31.0,37.7,42.8,32.1,0.0,0.0,22.1,40.0,264,24.09,41125.12,10.24,0,Jaipur,26.9124,75.7873,Rajasthan
2024-05-31,44.9,31.7,37.6,43.1,27.8,0.0,0.0,24.6,45.7,284,20.56,36356.18,10.06,3,Jaipur,26.9124,75.7873,Rajasthan
2024-06-01,42.2,31.8,36.5,42.7,30.9,0.0,0.0,23.7,47.9,291,18.54,33571.5,8.88,3,Jaipur,26.9124,75.7873,Rajasthan
2024-06-02,41.5,29.0,33.3,41.7,28.9,0.0,0.0,26.9,54.7,284,14.98,24114.01,6.42,3,Jaipur,26.9124,75.7873,Rajasthan
2024-06-03,42.4,30.1,36.0,42.8,29.9,0.0,0.0,18.8,37.4,282,21.45,40100.99,8.85,3,Jaipur,26.9124,75.7873,Rajasthan
2024-06-04,42.9,31.5,37.1,42.2,30.1,0.0,0.0,20.9,41.0,281,22.71,40684.27,9.99,1,Jaipur,26.9124,75.7873,Rajasthan
2024-06-05,41.8,31.2,36.4,41.8,28.9,0.0,0.0,24.1,45.7,272,23.16,40323.9,9.69,1,Jaipur,26.9124,75.7873,Rajasthan
2024-06-06,41.6,30.0,35.7,43.0,30.1,0.0,0.0,20.0,36.0,279,22.64,39654.1,8.16,1,Jaipur,26.9124,75.7873,Rajasthan
2024-06-07,41.9,30.3,34.7,42.3,28.5,0.0,0.0,24.3,49.0,278,22.43,37630.39,8.19,2,Jaipur,26.9124,75.7873,Rajasthan
2024-06-08,40.2,28.4,34.4,41.7,28.4,0.0,0.0,22.5,44.3,298,19.57,36242.06,7.26,3,Jaipur,26.9124,75.7873,Rajasthan
2024-06-09,42.1,28.5,35.9,39.9,27.9,0.0,0.0,17.2,36.4,308,22.64,40499.2,8.16,1,Jaipur,26.9124,75.7873,Rajasthan
2024-06-10,42.7,29.9,36.6,42.7,27.3,0.0,0.0,19.5,35.6,331,19.99,35208.54,7.77,3,Jaipur,26.9124,75.7873,Rajasthan
2024-06-11,42.0,30.5,36.0,40.7,29.4,0.0,0.0,20.2,38.9,276,16.4,26357.59,8.27,3,Jaipur,26.9124,75.7873,Rajasthan
2024-06-12,42.2,30.7,36.5,41.7,30.2,0.0,0.0,20.9,41.0,279,21.18,37142.51,9.61,3,Jaipur,26.9124,75.7873,Rajasthan
2024-06-13,40.6,31.8,35.1,41.7,30.1,1.1,1.1,33.4,61.9,280,20.64,39497.19,8.34,55,Jaipur,26.9124,75.7873,Rajasthan
2024-06-14,39.7,30.7,35.1,39.4,30.3,0.0,0.0,23.1,44.6,275,16.64,32228.11,7.82,3,Jaipur,26.9124,75.7873,Rajasthan
2024-06-15,42.1,30.4,36.0,41.6,30.0,0.0,0.0,22.4,43.2,277,23.0,40668.83,9.15,0,Jaipur,26.9124,75.7873,Rajasthan
2024-06-16,41.9,31.5,36.6,43.4,30.9,0.0,0.0,21.0,40.7,275,21.98,39918.95,9.27,1,Jaipur,26.9124,75.7873,Rajasthan
2024-06-17,42.6,32.5,37.3,44.0,33.2,0.0,0.0,22.4,43.2,278,21.16,38134.37,9.12,3,Jaipur,26.9124,75.7873,Rajasthan
2024-06-18,42.0,33.0,37.2,42.8,33.1,0.0,0.0,25.9,48.2,273,22.31,40858.98,10.31,3,Jaipur,26.9124,75.7873,Rajasthan
2024-06-19,41.0,32.0,36.1,43.3,33.4,0.0,0.0,24.2,44.6,268,22.15,35979.39,9.17,3,Jaipur,26.9124,75.7873,Rajasthan
2024-06-20,38.8,28.8,33.0,42.1,29.6,1.1,1.1,28.6,55.1,228,19.5,39586.56,6.61,53,Jaipur,26.9124,75.7873,Rajasthan
2024-06-21,36.7,25.2,29.8,41.3,29.0,13.0,13.0,16.1,32.8,164,20.92,36565.55,5.26,63,Jaipur,26.9124,75.7873,Rajasthan
2024-06-22,37.4,27.0,32.1,41.7,31.5,0.0,0.0,13.9,29.2,73,18.06,36718.2,5.26,3,Jaipur,26.9124,75.7873,Rajasthan
2024-06-23,37.9,28.3,33.0,41.5,31.6,0.0,0.0,9.4,24.8,99,17.91,30124.82,4.99,3,Jaipur,26.9124,75.7873,Rajasthan
2024-06-24,37.2,29.2,32.4,41.4,34.1,1.0,1.0,15.9,31.3,111,18.66,30366.34,5.27,53,Jaipur,26.9124,75.7873,Rajasthan
2024-06-25,35.9,27.5,30.6,41.6,32.7,7.2,7.2,15.8,34.9,126,20.31,37420.32,5.14,63,Jaipur,26.9124,75.7873,Rajasthan
2024-06-26,36.4,27.5,30.9,40.8,33.3,3.3,3.3,15.1,32.8,112,18.53,30777.25,4.77,63,Jaipur,26.9124,75.7873,Rajasthan
2024-06-27,33.4,26.2,29.1,37.3,30.9,24.6,24.6,20.5,37.8,91,13.09,21188.54,3.54,65,Jaipur,26.9124,75.7873,Rajasthan
2024-06-28,33.1,25.4,28.5,38.9,30.7,8.6,8.6,13.9,31.3,118,16.71,20982.64,3.97,63,Jaipur,26.9124,75.7873,Rajasthan
2024-06-29,31.2,26.2,27.6,36.8,31.5,32.1,32.1,9.2,21.6,239,10.1,9781.73,2.42,65,Jaipur,26.9124,75.7873,Rajasthan
2024-06-30,33.4,25.6,29.3,38.4,30.3,1.6,1.6,19.7,38.2,235,15.63,27147.54,4.0,53,Jaipur,26.9124,75.7873,Rajasthan
2024-07-01,34.4,25.6,30.0,40.5,30.4,0.2,0.2,19.4,33.5,230,18.99,36138.52,5.09,51,Jaipur,26.9124,75.7873,Rajasthan
2024-07-02,34.4,26.1,30.4,39.9,30.1,0.2,0.2,17.8,33.8,219,18.86,31777.66,5.17,51,Jaipur,26.9124,75.7873,Rajasthan
2024-07-03,35.8,27.3,30.2,42.5,31.2,2.1,2.1,17.8,33.8,234,20.51,31473.54,5.16,53,Jaipur,26.9124,75.7873,Rajasthan
2024-07-04,30.7,25.5,27.6,35.5,30.9,30.8,30.8,13.0,29.2,263,10.18,4720.54,2.39,65,Jaipur,26.9124,75.7873,Rajasthan
2024-07-05,32.8,24.7,27.0,38.1,28.7,18.2,18.2,21.0,41.4,292,13.27,16885.09,3.11,63,Jaipur,26.9124,75.7873,Rajasthan
2024-07-06,32.8,24.5,27.5,38.5,28.5,5.1,5.1,16.2,30.2,242,14.17,18000.0,3.24,61,Jaipur,26.9124,75.7873,Rajasthan
2024-07-07,33.9,25.4,28.8,40.4,29.5,3.2,3.2,13.8,26.6,229,19.94,29989.14,4.69,61,Jaipur,26.9124,75.7873,Rajasthan
2024-07-08,31.8,23.9,27.4,37.6,28.4,6.0,6.0,11.4,23.4,92,16.44,28482.49,3.71,61,Jaipur,26.9124,75.7873,Rajasthan
2024-07-09,33.8,25.6,29.5,40.7,31.0,1.0,1.0,9.2,20.9,90,22.02,39373.35,5.06,51,Jaipur,26.9124,75.7873,Rajasthan
2024-07-10,33.4,25.6,29.5,40.0,31.5,10.8,10.8,11.2,23.8,180,16.9,28022.07,3.95,63,Jaipur,26.9124,75.7873,Rajasthan
2024-07-11,35.6,26.7,30.4,40.7,31.2,3.1,3.1,21.3,40.0,271,22.44,38523.45,5.82,61,Jaipur,26.9124,75.7873,Rajasthan
2024-07-12,33.6,25.6,28.5,40.6,29.9,7.4,7.4,20.2,36.4,248,20.82,33061.33,4.9,63,Jaipur,26.9124,75.7873,Rajasthan
2024-07-13,33.8,24.9,28.8,39.9,29.3,0.9,0.9,15.4,30.6,270,21.94,41994.46,5.08,51,Jaipur,26.9124,75.7873,Rajasthan
2024-07-14,34.0,25.6,29.4,40.8,30.7,1.4,1.4,14.5,30.6,278,21.58,39361.03,5.12,53,Jaipur,26.9124,75.7873,Rajasthan
2024-07-15,33.4,27.1,29.8,39.9,31.8,1.0,1.0,12.4,27.7,51,21.28,39917.59,5.09,55,Jaipur,26.9124,75.7873,Rajasthan
2024-07-16,33.7,26.8,30.1,39.2,31.6,0.8,0.8,16.0,34.2,87,21.45,40812.85,5.28,51,Jaipur,26.9124,75.7873,Rajasthan
2024-07-17,34.4,27.4,30.8,40.7,33.0,1.4,1.4,14.1,30.2,94,22.28,41896.1,5.52,53,Jaipur,26.9124,75.7873,Rajasthan
2024-07-18,33.7,26.5,30.0,41.6,33.1,2.7,2.7,9.4,21.2,124,20.46,37389.76,4.7,61,Jaipur,26.9124,75.7873,Rajasthan
2024-07-19,34.6,26.4,29.7,40.5,32.1,0.2,0.2,15.5,28.8,127,21.3,36600.24,5.04,51,Jaipur,26.9124,75.7873,Rajasthan
2024-07-20,34.9,25.6,30.0,41.6,31.6,0.4,0.4,10.9,24.8,125,22.05,38839.08,5.19,51,Jaipur,26.9124,75.7873,Rajasthan
2024-07-21,35.2,26.7,30.8,41.7,33.3,0.1,0.1,9.6,23.4,125,22.85,42544.44,5.29,51,Jaipur,26.9124,75.7873,Rajasthan
2024-07-22,34.3,26.3,30.7,42.3,32.3,9.0,9.0,11.5,20.2,141,21.3,41878.04,4.92,63,Jaipur,26.9124,75.7873,Rajasthan
2024-07-23,34.1,26.1,29.8,40.8,30.0,1.7,1.7,20.2,35.3,259,17.14,26897.24,4.23,61,Jaipur,26.9124,75.7873,Rajasthan
2024-07-24,33.8,25.8,28.6,39.6,31.0,17.6,17.6,19.7,36.4,264,16.83,31151.15,3.92,65,Jaipur,26.9124,75.7873,Rajasthan
2024-07-25,32.6,25.4,27.9,39.2,30.4,20.8,20.8,13.9,30.2,272,17.84,32168.13,3.94,65,Jaipur,26.9124,75.7873,Rajasthan
2024-07-26,31.9,25.6,28.3,37.1,29.9,14.8,14.8,14.0,28.8,297,14.66,18087.79,3.45,63,Jaipur,26.9124,75.7873,Rajasthan
2024-07-27,32.9,26.4,28.9,39.2,31.6,10.6,10.6,14.8,28.1,312,14.15,18001.66,3.38,63,Jaipur,26.9124,75.7873,Rajasthan
2024-07-28,32.9,25.8,29.3,38.6,31.7,5.1,5.1,15.0,31.7,41,18.57,32569.71,4.36,63,Jaipur,26.9124,75.7873,Rajasthan
2024-07-29,33.6,26.6,29.9,38.9,31.5,0.5,0.5,20.2,37.1,84,22.18,41255.54,5.36,51,Jaipur,26.9124,75.7873,Rajasthan
2024-07-30,33.2,27.3,29.9,39.0,32.7,2.6,2.6,13.5,31.3,131,20.31,39603.61,4.74,61,Jaipur,26.9124,75.7873,Rajasthan
2024-07-31,32.3,26.5,29.4,39.6,31.8,3.4,3.4,16.6,29.5,248,18.15,34920.04,4.36,63,Jaipur,26.9124,75.7873,Rajasthan
2024-08-01,27.9,25.0,26.5,32.5,29.4,28.0,28.0,15.1,28.4,270,6.93,0.0,1.84,63,Jaipur,26.9124,75.7873,Rajasthan
2024-08-02,30.3,24.6,26.7,35.8,29.1,8.0,8.0,14.0,23.8,255,15.4,25657.21,3.34,61,Jaipur,26.9124,75.7873,Rajasthan
2024-08-03,31.0,24.8,27.5,35.7,29.4,0.9,0.9,13.4,27.7,189,17.54,29605.67,3.89,51,Jaipur,26.9124,75.7873,Rajasthan
2024-08-04,31.4,24.9,28.0,36.8,29.5,3.8,3.8,20.9,37.8,47,20.66,40927.04,4.78,61,Jaipur,26.9124,75.7873,Rajasthan
2024-08-05,29.8,24.2,26.1,32.7,25.8,11.2,11.2,28.2,50.4,98,9.74,11708.15,2.58,61,Jaipur,26.9124,75.7873,Rajasthan
2024-08-06,28.1,24.4,26.0,31.5,27.3,1.0,1.0,24.4,43.6,225,8.82,1255.43,2.44,51,Jaipur,26.9124,75.7873,Rajasthan
2024-08-07,29.3,24.6,26.7,33.5,28.3,1.6,1.6,19.8,36.4,260,12.7,16858.02,3.19,51,Jaipur,26.9124,75.7873,Rajasthan
2024-08-08,28.2,24.3,25.7,31.9,28.4,12.5,12.5,19.9,36.4,268,7.28,1297.68,1.88,63,Jaipur,26.9124,75.7873,Rajasthan
2024-08-09,29.4,23.9,26.1,33.4,28.2,4.3,4.3,15.1,28.1,264,12.21,8113.71,2.81,55,Jaipur,26.9124,75.7873,Rajasthan
2024-08-10,30.7,23.8,26.5,36.1,27.8,15.8,15.8,16.5,31.7,278,13.16,9045.39,2.96,63,Jaipur,26.9124,75.7873,Rajasthan
2024-08-11,29.0,23.9,25.9,34.8,28.4,18.3,18.3,16.0,29.5,265,9.77,4257.74,2.13,63,Jaipur,26.9124,75.7873,Rajasthan
2024-08-12,29.9,23.7,26.0,35.0,28.4,30.7,30.7,15.6,28.4,298,13.1,18264.32,2.87,63,Jaipur,26.9124,75.7873,Rajasthan
2024-08-13,30.6,24.0,26.5,36.0,27.5,20.3,20.3,17.6,32.4,291,15.08,23697.78,3.26,63,Jaipur,26.9124,75.7873,Rajasthan
2024-08-14,30.5,24.4,26.6,37.0,29.1,25.4,25.4,16.6,33.8,287,15.25,21864.12,3.26,63,Jaipur,26.9124,75.7873,Rajasthan
2024-08-15,29.4,24.7,26.3,34.4,29.7,38.2,38.2,15.7,29.9,295,10.61,7846.6,2.29,65,Jaipur,26.9124,75.7873,Rajasthan
2024-08-16,28.7,24.5,26.2,33.7,29.8,25.7,25.7,12.6,27.7,248,12.95,19867.32,2.67,65,Jaipur,26.9124,75.7873,Rajasthan
2024-08-17,31.0,24.0,27.3,35.6,29.2,0.4,0.4,11.6,24.5,212,20.04,37699.81,4.3,51,Jaipur,26.9124,75.7873,Rajasthan
2024-08-18,31.6,24.9,28.0,37.2,29.1,0.8,0.8,12.1,24.1,295,21.17,37952.95,4.66,51,Jaipur,26.9124,75.7873,Rajasthan
2024-08-19,31.4,25.1,27.9,37.3,29.0,0.9,0.9,15.6,31.0,284,18.41,27553.99,4.21,53,Jaipur,26.9124,75.7873,Rajasthan
2024-08-20,31.4,25.2,28.1,37.6,29.3,1.9,1.9,8.4,18.0,285,19.18,34585.86,4.26,53,Jaipur,26.9124,75.7873,Rajasthan
2024-08-21,31.6,25.1,27.8,38.7,30.5,2.0,2.0,11.2,20.5,285,20.15,36360.92,4.32,51,Jaipur,26.9124,75.7873,Rajasthan
2024-08-22,31.6,24.9,27.0,38.8,29.9,15.8,15.8,9.0,20.9,293,17.32,26498.21,3.68,63,Jaipur,26.9124,75.7873,Rajasthan
2024-08-23,31.7,24.4,26.9,39.2,28.7,10.3,10.3,9.0,17.3,323,18.77,33951.32,3.96,65,Jaipur,26.9124,75.7873,Rajasthan
2024-08-24,31.9,24.3,27.2,38.4,28.6,7.1,7.1,14.4,34.6,29,20.12,36000.0,4.27,63,Jaipur,26.9124,75.7873,Rajasthan
2024-08-25,30.1,24.2,26.5,34.3,27.5,11.6,11.6,23.9,46.1,63,17.22,30548.74,3.88,63,Jaipur,26.9124,75.7873,Rajasthan
2024-08-26,30.4,24.2,26.0,34.1,27.3,12.7,12.7,22.7,44.3,93,15.35,20696.72,3.37,63,Jaipur,26.9124,75.7873,Rajasthan
2024-08-27,30.0,23.6,26.1,33.2,27.0,7.3,7.3,20.7,39.6,133,19.07,35170.97,4.01,61,Jaipur,26.9124,75.7873,Rajasthan
2024-08-28,30.6,23.5,26.6,33.9,27.5,0.0,0.0,15.7,31.3,150,21.78,43200.0,4.7,3,Jaipur,26.9124,75.7873,Rajasthan
2024-08-29,29.5,23.3,26.4,33.7,27.2,1.0,1.0,16.8,32.8,156,15.86,28828.64,3.55,51,Jaipur,26.9124,75.7873,Rajasthan
2024-08-30,30.8,24.0,26.7,37.5,28.3,9.4,9.4,13.7,25.6,117,21.36,39716.91,4.46,63,Jaipur,26.9124,75.7873,Rajasthan
2024-08-31,31.2,23.7,26.8,38.0,28.3,12.2,12.2,9.1,21.6,322,19.22,36859.28,4.05,65,Jaipur,26.9124,75.7873,Rajasthan
2024-09-01,32.0,25.1,28.1,38.6,29.5,1.8,1.8,10.8,22.7,342,20.21,40540.86,4.44,53,Jaipur,26.9124,75.7873,Rajasthan
2024-09-02,30.6,24.9,27.2,36.8,30.6,6.2,6.2,11.9,27.7,77,15.44,28795.34,3.31,63,Jaipur,26.9124,75.7873,Rajasthan
2024-09-03,31.0,24.5,27.0,37.2,29.1,6.0,6.0,16.2,31.3,77,18.99,34624.91,3.92,63,Jaipur,26.9124,75.7873,Rajasthan
2024-09-04,29.6,23.6,26.1,36.2,28.1,1.8,1.8,8.9,16.9,156,11.63,13935.26,2.53,53,Jaipur,26.9124,75.7873,Rajasthan
2024-09-05,28.2,23.6,24.8,33.0,28.3,47.6,47.6,8.2,20.2,69,10.39,14205.42,2.12,65,Jaipur,26.9124,75.7873,Rajasthan
2024-09-06,29.8,23.8,25.9,35.4,29.2,15.5,15.5,9.0,20.9,40,14.15,21354.3,2.99,63,Jaipur,26.9124,75.7873,Rajasthan
2024-09-07,29.0,23.8,25.6,34.6,28.8,12.4,12.4,7.6,19.8,44,11.69,13421.13,2.5,63,Jaipur,26.9124,75.7873,Rajasthan
2024-09-08,28.3,23.4,25.2,32.5,27.6,6.8,6.8,11.5,24.5,35,12.25,20316.67,2.59,63,Jaipur,26.9124,75.7873,Rajasthan
2024-09-09,30.5,23.3,26.4,37.4,28.3,1.6,1.6,9.1,20.5,6,16.9,34156.55,3.53,51,Jaipur,26.9124,75.7873,Rajasthan
2024-09-10,30.7,24.2,26.5,37.3,29.2,4.6,4.6,12.9,26.6,5,16.18,34988.03,3.44,61,Jaipur,26.9124,75.7873,Rajasthan
2024-09-11,31.1,23.7,26.3,37.3,28.5,14.3,14.3,21.6,40.0,7,17.77,32400.0,3.67,65,Jaipur,26.9124,75.7873,Rajasthan
2024-09-12,31.0,25.4,27.3,34.0,28.7,6.0,6.0,25.5,45.0,309,13.85,26720.88,3.45,61,Jaipur,26.9124,75.7873,Rajasthan
2024-09-13,30.5,24.0,26.7,33.8,26.5,0.8,0.8,27.9,49.3,270,18.96,39028.2,4.47,53,Jaipur,26.9124,75.7873,Rajasthan
2024-09-14,29.9,22.3,25.6,34.0,24.6,0.3,0.3,19.8,35.6,265,18.63,41674.9,4.09,51,Jaipur,26.9124,75.7873,Rajasthan
2024-09-15,30.0,22.0,25.6,34.5,24.4,0.0,0.0,15.5,29.9,284,22.31,42271.79,4.89,1,Jaipur,26.9124,75.7873,Rajasthan
2024-09-16,31.3,21.7,25.8,35.1,23.1,0.0,0.0,14.2,28.4,295,22.08,42305.31,5.03,0,Jaipur,26.9124,75.7873,Rajasthan
2024-09-17,30.5,22.2,25.9,34.5,23.5,0.0,0.0,15.3,30.6,314,15.43,28095.61,3.85,3,Jaipur,26.9124,75.7873,Rajasthan
2024-09-18,30.2,23.1,26.1,33.7,25.6,1.2,1.2,22.0,42.1,11,19.62,41083.33,4.62,55,Jaipur,26.9124,75.7873,Rajasthan
2024-09-19,27.9,22.4,24.6,31.9,25.3,0.3,0.3,10.8,18.4,342,10.62,9720.9,2.35,51,Jaipur,26.9124,75.7873,Rajasthan
2024-09-20,29.5,21.8,25.8,34.2,26.0,0.5,0.5,5.2,15.1,195,14.76,34435.9,3.09,51,Jaipur,26.9124,75.7873,Rajasthan
2024-09-21,30.4,23.5,26.9,35.4,28.1,0.6,0.6,7.1,18.7,188,17.01,39699.57,3.6,51,Jaipur,26.9124,75.7873,Rajasthan
2024-09-22,32.6,24.1,28.1,38.2,28.7,0.0,0.0,6.7,17.3,323,19.45,40448.08,4.33,2,Jaipur,26.9124,75.7873,Rajasthan
2024-09-23,32.9,24.4,28.4,38.2,29.0,0.0,0.0,10.7,19.8,348,18.5,40482.77,4.23,2,Jaipur,26.9124,75.7873,Rajasthan
2024-09-24,33.3,24.5,28.8,38.3,29.2,0.1,0.1,7.0,16.6,56,18.85,40259.36,4.26,51,Jaipur,26.9124,75.7873,Rajasthan
2024-09-25,33.0,25.2,29.0,38.9,30.1,0.4,0.4,9.8,21.2,91,19.64,40293.78,4.51,51,Jaipur,26.9124,75.7873,Rajasthan
2024-09-26,31.1,24.7,27.8,36.7,29.0,0.4,0.4,13.8,27.7,83,17.79,40022.04,4.14,51,Jaipur,26.9124,75.7873,Rajasthan
2024-09-27,31.2,23.9,27.1,35.5,28.4,0.0,0.0,14.6,34.9,68,18.14,40103.8,4.18,3,Jaipur,26.9124,75.7873,Rajasthan
2024-09-28,31.4,23.0,26.3,33.9,27.1,0.0,0.0,16.5,31.7,46,16.11,30292.33,3.79,3,Jaipur,26.9124,75.7873,Rajasthan
2024-09-29,31.6,21.7,26.1,35.0,25.7,0.0,0.0,13.0,25.9,50,18.55,39600.0,4.09,3,Jaipur,26.9124,75.7873,Rajasthan
2024-09-30,32.6,23.0,27.5,36.0,26.8,0.0,0.0,11.8,24.5,284,19.41,39687.31,4.42,3,Jaipur,26.9124,75.7873,Rajasthan
2024-10-01,34.6,23.7,28.7,37.8,25.7,0.0,0.0,15.6,31.3,286,20.22,39720.79,5.31,0,Jaipur,26.9124,75.7873,Rajasthan
2024-10-02,35.0,25.9,29.4,36.7,27.3,0.0,0.0,23.7,43.6,278,20.56,39754.41,6.17,0,Jaipur,26.9124,75.7873,Rajasthan
2024-10-03,35.0,24.7,28.7,36.8,25.8,0.0,0.0,20.3,37.8,270,19.85,39788.11,5.99,1,Jaipur,26.9124,75.7873,Rajasthan
2024-10-04,33.6,23.5,27.6,36.7,24.3,0.0,0.0,16.9,33.5,262,20.38,39600.0,5.34,0,Jaipur,26.9124,75.7873,Rajasthan
2024-10-05,32.5,22.8,27.4,36.6,24.1,0.0,0.0,14.5,29.2,268,19.68,39600.0,4.98,1,Jaipur,26.9124,75.7873,Rajasthan
2024-10-06,32.7,22.9,27.4,36.0,24.4,0.1,0.1,12.0,22.3,308,18.65,39600.0,4.66,51,Jaipur,26.9124,75.7873,Rajasthan
2024-10-07,33.1,22.2,27.5,36.8,24.3,0.0,0.0,8.4,19.1,36,19.07,39600.0,4.52,1,Jaipur,26.9124,75.7873,Rajasthan
2024-10-08,33.5,21.7,27.4,35.7,23.2,0.0,0.0,9.0,20.2,323,18.98,39600.0,4.66,1,Jaipur,26.9124,75.7873,Rajasthan
2024-10-09,33.8,22.5,27.8,35.2,24.1,0.0,0.0,11.5,23.0,351,19.13,39600.0,4.98,1,Jaipur,26.9124,75.7873,Rajasthan
2024-10-10,32.1,22.4,27.0,35.8,24.3,0.4,0.4,8.8,20.9,76,18.69,39600.0,4.38,51,Jaipur,26.9124,75.7873,Rajasthan
2024-10-11,32.5,20.6,26.5,33.4,23.0,0.0,0.0,10.7,20.9,278,19.14,39600.0,4.72,3,Jaipur,26.9124,75.7873,Rajasthan
2024-10-12,31.9,21.8,26.6,33.4,24.0,0.0,0.0,10.3,22.3,225,18.73,39600.0,4.56,3,Jaipur,26.9124,75.7873,Rajasthan
2024-10-13,29.9,22.5,25.7,32.4,24.8,0.0,0.0,9.0,22.3,229,13.41,30639.69,3.37,3,Jaipur,26.9124,75.7873,Rajasthan
2024-10-14,31.9,20.6,26.3,33.8,23.3,0.0,0.0,9.8,22.3,54,18.05,38876.93,4.14,3,Jaipur,26.9124,75.7873,Rajasthan
2024-10-15,32.2,20.6,26.3,31.7,21.0,0.0,0.0,10.0,23.0,38,19.22,39593.79,4.74,2,Jaipur,26.9124,75.7873,Rajasthan
2024-10-16,33.1,19.4,26.4,33.7,18.7,0.0,0.0,10.3,18.7,269,18.87,39560.8,4.87,3,Jaipur,26.9124,75.7873,Rajasthan
2024-10-17,32.8,20.7,26.9,34.1,21.3,0.0,0.0,10.4,17.3,239,18.37,39527.34,4.69,3,Jaipur,26.9124,75.7873,Rajasthan
2024-10-18,32.8,21.8,26.8,34.5,21.8,0.0,0.0,9.5,19.8,235,18.24,39493.38,4.69,0,Jaipur,26.9124,75.7873,Rajasthan
2024-10-19,33.9,21.9,27.2,35.0,22.2,0.0,0.0,9.4,20.5,271,17.83,39458.92,4.68,0,Jaipur,26.9124,75.7873,Rajasthan
2024-10-20,33.4,20.9,26.8,34.5,20.8,0.0,0.0,11.4,22.0,216,17.43,39074.2,4.67,1,Jaipur,26.9124,75.7873,Rajasthan
2024-10-21,33.3,21.1,27.1,34.2,21.1,0.0,0.0,10.5,24.1,250,17.1,38833.06,4.34,1,Jaipur,26.9124,75.7873,Rajasthan
2024-10-22,32.0,20.5,26.2,33.6,21.3,0.0,0.0,8.3,16.9,347,16.66,38058.03,3.94,2,Jaipur,26.9124,75.7873,Rajasthan
2024-10-23,32.2,20.4,25.9,32.6,21.1,0.0,0.0,12.6,25.6,1,16.59,38883.81,4.35,1,Jaipur,26.9124,75.7873,Rajasthan
2024-10-24,32.0,20.0,25.4,31.0,20.2,0.0,0.0,18.0,34.9,357,18.01,39177.42,5.04,0,Jaipur,26.9124,75.7873,Rajasthan
2024-10-25,33.0,19.9,25.6,33.3,20.0,0.0,0.0,11.5,23.0,349,17.85,38936.2,4.76,0,Jaipur,26.9124,75.7873,Rajasthan
2024-10-26,33.5,20.2,26.1,33.5,20.2,0.0,0.0,13.2,26.3,342,17.66,38694.42,4.63,0,Jaipur,26.9124,75.7873,Rajasthan
2024-10-27,32.4,19.6,25.8,35.2,21.0,0.0,0.0,8.1,15.5,79,17.38,38721.08,3.9,1,Jaipur,26.9124,75.7873,Rajasthan
2024-10-28,32.1,20.1,25.6,34.2,22.0,0.0,0.0,10.3,24.1,157,17.15,38209.1,4.1,0,Jaipur,26.9124,75.7873,Rajasthan
2024-10-29,33.3,20.2,26.3,35.0,21.3,0.0,0.0,10.2,23.0,193,17.07,38235.4,4.31,0,Jaipur,26.9124,75.7873,Rajasthan
2024-10-30,34.9,22.1,27.7,34.0,21.9,0.0,0.0,12.1,24.8,293,17.16,38262.0,5.11,0,Jaipur,26.9124,75.7873,Rajasthan
2024-10-31,33.7,21.8,27.2,32.8,19.9,0.0,0.0,14.0,28.4,320,16.95,38288.85,5.53,0,Jaipur,26.9124,75.7873,Rajasthan
2024-11-01,32.7,19.7,26.0,32.1,19.5,0.0,0.0,14.9,30.2,313,16.71,38044.5,4.76,0,Jaipur,26.9124,75.7873,Rajasthan
2024-11-02,32.3,19.7,25.8,32.3,19.5,0.0,0.0,9.2,20.9,277,16.65,37799.35,4.25,0,Jaipur,26.9124,75.7873,Rajasthan
2024-11-03,32.6,19.7,25.3,32.5,18.9,0.0,0.0,11.3,23.4,343,16.65,37825.83,4.51,0,Jaipur,26.9124,75.7873,Rajasthan
2024-11-04,31.1,18.1,24.1,32.1,18.2,0.0,0.0,9.0,16.6,34,16.44,37579.54,3.73,0,Jaipur,26.9124,75.7873,Rajasthan
2024-11-05,30.5,17.7,24.1,31.8,17.6,0.0,0.0,9.8,20.5,109,16.13,37605.84,3.67,0,Jaipur,26.9124,75.7873,Rajasthan
2024-11-06,31.0,18.3,24.2,32.1,19.2,0.0,0.0,9.0,19.8,187,16.05,37358.28,3.7,0,Jaipur,26.9124,75.7873,Rajasthan
2024-11-07,31.4,18.6,24.4,32.8,19.5,0.0,0.0,9.1,19.1,252,15.98,37384.31,3.62,0,Jaipur,26.9124,75.7873,Rajasthan
2024-11-08,31.3,18.2,24.4,33.0,19.9,0.0,0.0,7.6,17.3,93,15.85,37135.41,3.38,1,Jaipur,26.9124,75.7873,Rajasthan
2024-11-09,31.6,18.2,24.3,31.8,19.4,0.0,0.0,9.4,22.0,228,15.84,37161.24,3.9,0,Jaipur,26.9124,75.7873,Rajasthan
2024-11-10,31.7,18.0,24.6,30.8,17.9,0.0,0.0,12.4,26.3,311,15.74,36911.43,4.35,0,Jaipur,26.9124,75.7873,Rajasthan
2024-11-11,31.3,19.0,24.5,31.2,20.3,0.0,0.0,10.4,19.4,0,15.62,36937.43,4.01,0,Jaipur,26.9124,75.7873,Rajasthan
2024-11-12,31.2,17.8,24.5,30.6,18.6,0.0,0.0,10.4,20.2,350,15.66,36963.7,3.79,0,Jaipur,26.9124,75.7873,Rajasthan
2024-11-13,30.6,19.5,24.7,29.9,18.7,0.0,0.0,10.1,26.3,76,15.51,36712.67,3.98,0,Jaipur,26.9124,75.7873,Rajasthan
2024-11-14,29.8,18.1,23.8,29.0,17.7,0.0,0.0,9.8,27.4,144,15.2,36738.84,3.81,1,Jaipur,26.9124,75.7873,Rajasthan
2024-11-15,29.4,17.6,23.6,28.4,17.8,0.0,0.0,9.9,27.7,236,15.07,36486.64,3.38,1,Jaipur,26.9124,75.7873,Rajasthan
2024-11-16,29.6,17.3,23.3,28.4,17.9,0.0,0.0,9.2,24.8,314,15.11,36512.58,3.4,0,Jaipur,26.9124,75.7873,Rajasthan
2024-11-17,29.1,17.7,23.1,27.2,17.2,0.0,0.0,11.3,31.7,326,15.12,36538.59,4.18,0,Jaipur,26.9124,75.7873,Rajasthan
2024-11-18,27.0,15.9,20.8,25.8,14.9,0.0,0.0,9.6,20.2,17,15.33,36564.64,3.39,0,Jaipur,26.9124,75.7873,Rajasthan
2024-11-19,26.3,14.1,19.9,25.4,13.3,0.0,0.0,5.6,15.5,7,15.17,36310.17,2.89,0,Jaipur,26.9124,75.7873,Rajasthan
2024-11-20,26.1,13.8,19.7,25.1,12.5,0.0,0.0,7.6,15.1,21,15.17,36335.69,3.01,0,Jaipur,26.9124,75.7873,Rajasthan
2024-11-21,25.8,14.0,19.4,24.3,13.4,0.0,0.0,7.0,18.0,58,15.14,36359.23,2.8,0,Jaipur,26.9124,75.7873,Rajasthan
2024-11-22,26.0,13.6,19.6,24.7,12.7,0.0,0.0,4.9,17.3,207,14.94,36088.12,2.84,0,Jaipur,26.9124,75.7873,Rajasthan
2024-11-23,25.7,14.3,20.0,24.3,13.2,0.0,0.0,7.2,24.5,210,14.73,36099.83,3.06,0,Jaipur,26.9124,75.7873,Rajasthan
2024-11-24,27.2,15.4,20.8,25.6,14.3,0.0,0.0,7.3,23.0,252,14.6,36112.91,3.0,0,Jaipur,26.9124,75.7873,Rajasthan
2024-11-25,27.5,16.6,21.5,24.8,14.7,0.0,0.0,11.9,32.0,311,14.67,35949.33,3.91,0,Jaipur,26.9124,75.7873,Rajasthan
2024-11-26,26.9,14.1,20.6,25.1,12.9,0.0,0.0,9.5,26.3,324,14.43,35941.1,3.15,0,Jaipur,26.9124,75.7873,Rajasthan
2024-11-27,27.3,14.5,20.6,26.0,14.3,0.0,0.0,11.7,24.8,351,14.32,35934.53,3.11,0,Jaipur,26.9124,75.7873,Rajasthan
2024-11-28,26.1,15.0,19.8,24.9,14.2,0.0,0.0,9.8,23.4,62,14.4,35929.67,3.26,0,Jaipur,26.9124,75.7873,Rajasthan
2024-11-29,24.2,13.4,18.2,22.7,11.7,0.0,0.0,6.9,20.2,50,14.46,35926.67,2.96,0,Jaipur,26.9124,75.7873,Rajasthan
2024-11-30,24.8,13.4,18.5,22.7,11.9,0.0,0.0,12.1,28.1,21,14.25,35925.53,3.19,0,Jaipur,26.9124,75.7873,Rajasthan
2024-12-01,25.4,14.2,19.5,24.2,13.0,0.0,0.0,10.9,25.9,28,13.92,35926.19,3.16,0,Jaipur,26.9124,75.7873,Rajasthan
2024-12-02,25.7,14.3,19.6,24.2,13.4,0.0,0.0,9.0,25.6,50,14.0,35928.6,3.2,0,Jaipur,26.9124,75.7873,Rajasthan
2024-12-03,26.4,14.3,19.8,24.5,13.0,0.0,0.0,9.1,23.4,39,14.1,35932.72,3.11,0,Jaipur,26.9124,75.7873,Rajasthan
2024-12-04,26.2,15.4,20.5,24.8,14.1,0.0,0.0,8.7,23.4,340,13.99,35938.49,3.4,0,Jaipur,26.9124,75.7873,Rajasthan
2024-12-05,24.9,14.4,19.6,22.2,12.1,0.0,0.0,8.5,24.8,330,14.27,35945.86,3.37,0,Jaipur,26.9124,75.7873,Rajasthan
2024-12-06,24.3,13.6,18.8,22.1,10.9,0.0,0.0,9.2,27.4,289,14.09,35954.79,3.06,1,Jaipur,26.9124,75.7873,Rajasthan
2024-12-07,24.1,10.8,17.7,22.1,9.2,0.0,0.0,6.6,22.7,172,14.03,35965.21,2.81,0,Jaipur,26.9124,75.7873,Rajasthan
2024-12-08,22.7,11.6,17.2,20.2,10.4,0.0,0.0,15.5,37.1,198,13.75,35977.09,3.5,1,Jaipur,26.9124,75.7873,Rajasthan
2024-12-09,20.7,10.8,15.4,18.1,7.8,0.0,0.0,12.9,26.3,326,14.18,35990.38,3.27,0,Jaipur,26.9124,75.7873,Rajasthan
2024-12-10,21.1,10.3,15.1,18.3,8.5,0.0,0.0,8.2,20.2,16,14.14,36000.0,2.87,0,Jaipur,26.9124,75.7873,Rajasthan
2024-12-11,21.9,8.9,14.7,19.0,6.4,0.0,0.0,6.3,13.7,19,14.39,36000.0,2.47,2,Jaipur,26.9124,75.7873,Rajasthan
2024-12-12,20.7,8.4,14.4,18.0,5.2,0.0,0.0,10.1,20.2,9,14.31,36000.0,2.74,1,Jaipur,26.9124,75.7873,Rajasthan
2024-12-13,21.4,11.0,15.7,17.8,7.6,0.0,0.0,12.3,26.3,348,14.35,36000.0,3.67,3,Jaipur,26.9124,75.7873,Rajasthan
2024-12-14,23.0,9.0,15.8,19.6,5.9,0.0,0.0,10.9,22.3,332,14.36,36000.0,3.32,0,Jaipur,26.9124,75.7873,Rajasthan
2024-12-15,22.6,9.4,15.4,19.6,5.9,0.0,0.0,8.0,19.4,41,14.49,36000.0,2.99,0,Jaipur,26.9124,75.7873,Rajasthan
2024-12-16,22.4,8.1,14.8,19.9,5.7,0.0,0.0,7.2,16.9,84,14.36,36000.0,2.57,0,Jaipur,26.9124,75.7873,Rajasthan
2024-12-17,22.2,8.1,14.8,20.2,6.1,0.0,0.0,8.0,19.1,64,13.96,36000.0,2.56,0,Jaipur,26.9124,75.7873,Rajasthan
2024-12-18,21.6,9.2,15.0,19.6,7.3,0.0,0.0,9.7,19.4,44,14.17,36000.0,2.57,3,Jaipur,26.9124,75.7873,Rajasthan
2024-12-19,20.8,9.5,14.5,18.7,7.6,0.0,0.0,12.2,31.3,74,13.6,36000.0,2.61,0,Jaipur,26.9124,75.7873,Rajasthan
2024-12-20,21.8,11.6,15.9,20.1,9.9,0.0,0.0,10.9,29.5,63,13.25,36000.0,2.63,1,Jaipur,26.9124,75.7873,Rajasthan
2024-12-21,22.9,10.4,16.1,20.8,8.6,0.0,0.0,10.3,20.2,54,13.84,36000.0,2.77,3,Jaipur,26.9124,75.7873,Rajasthan
2024-12-22,22.0,10.9,16.0,19.6,9.6,0.0,0.0,11.4,27.7,100,13.75,36000.0,2.86,3,Jaipur,26.9124,75.7873,Rajasthan
2024-12-23,18.5,12.8,15.3,17.3,10.9,1.5,1.5,12.4,30.2,102,9.53,35388.48,2.09,53,Jaipur,26.9124,75.7873,Rajasthan
2024-12-24,20.5,11.6,15.3,20.0,10.5,0.4,0.4,10.3,25.2,57,12.32,36000.0,2.2,51,Jaipur,26.9124,75.7873,Rajasthan
2024-12-25,20.2,11.2,15.1,19.1,10.0,0.0,0.0,10.5,30.2,48,10.47,33018.12,1.96,3,Jaipur,26.9124,75.7873,Rajasthan
2024-12-26,20.8,11.9,16.0,20.1,10.4,0.8,0.8,13.0,33.8,61,9.89,28800.0,2.08,53,Jaipur,26.9124,75.7873,Rajasthan
2024-12-27,19.3,14.7,16.4,20.9,14.7,25.4,25.4,10.9,28.1,90,5.47,7248.22,1.03,65,Jaipur,26.9124,75.7873,Rajasthan
2024-12-28,19.9,12.2,16.0,19.4,10.6,1.4,1.4,11.3,27.4,334,13.34,32400.0,2.37,55,Jaipur,26.9124,75.7873,Rajasthan
2024-12-29,18.6,9.3,13.1,17.1,7.5,0.0,0.0,9.8,19.1,358,14.16,36000.0,2.34,0,Jaipur,26.9124,75.7873,Rajasthan
2024-12-30,18.5,6.6,12.3,18.4,5.1,0.0,0.0,8.6,16.6,4,14.03,36000.0,2.17,0,Jaipur,26.9124,75.7873,Rajasthan
2024-12-31,16.9,7.4,11.2,16.4,6.3,0.0,0.0,6.5,18.7,71,11.48,25185.74,1.71,3,Jaipur,26.9124,75.7873,Rajasthan
2025-01-01,19.1,6.5,11.9,19.0,5.2,0.0,0.0,8.9,18.4,8,12.92,29852.64,2.04,3,Jaipur,26.9124,75.7873,Rajasthan
2025-01-02,22.6,9.0,14.5,21.9,7.8,0.0,0.0,9.2,18.4,308,13.3,33702.64,2.26,3,Jaipur,26.9124,75.7873,Rajasthan
2025-01-03,22.0,10.0,15.0,22.1,9.5,0.0,0.0,4.7,15.1,126,13.75,36000.0,2.25,3,Jaipur,26.9124,75.7873,Rajasthan
2025-01-04,22.1,10.0,15.6,22.8,9.1,0.0,0.0,8.9,19.8,159,14.36,36000.0,2.41,1,Jaipur,26.9124,75.7873,Rajasthan
2025-01-05,21.9,10.1,15.2,21.7,9.4,0.0,0.0,8.9,24.8,101,13.86,36000.0,2.33,2,Jaipur,26.9124,75.7873,Rajasthan
2025-01-06,21.1,10.9,14.8,21.1,10.1,0.4,0.4,10.4,23.4,1,13.39,36000.0,2.33,51,Jaipur,26.9124,75.7873,Rajasthan
2025-01-07,18.2,8.6,12.6,17.0,6.7,0.0,0.0,13.0,30.6,334,14.03,31910.56,2.21,3,Jaipur,26.9124,75.7873,Rajasthan
2025-01-08,19.2,7.6,13.0,17.6,5.3,0.0,0.0,10.3,20.9,313,14.8,36000.0,2.49,0,Jaipur,26.9124,75.7873,Rajasthan
2025-01-09,19.6,8.3,13.7,18.1,6.8,0.0,0.0,9.7,22.7,106,14.72,36000.0,2.51,0,Jaipur,26.9124,75.7873,Rajasthan
2025-01-10,19.8,8.8,13.5,18.1,7.1,0.0,0.0,13.3,27.4,86,14.73,36000.0,2.62,0,Jaipur,26.9124,75.7873,Rajasthan
2025-01-11,17.3,10.0,13.0,17.1,8.1,8.9,8.9,12.0,32.4,91,9.71,29026.28,1.6,63,Jaipur,26.9124,75.7873,Rajasthan
2025-01-12,17.4,8.7,12.2,16.9,7.9,0.2,0.2,13.2,27.4,350,9.65,22834.87,1.58,51,Jaipur,26.9124,75.7873,Rajasthan
2025-01-13,18.5,8.8,12.7,17.1,6.8,0.0,0.0,10.6,24.5,18,13.14,29504.4,2.1,3,Jaipur,26.9124,75.7873,Rajasthan
2025-01-14,18.8,8.4,13.1,17.9,7.4,0.0,0.0,9.4,18.4,58,14.94,36000.0,2.45,3,Jaipur,26.9124,75.7873,Rajasthan
2025-01-15,16.8,9.3,12.6,15.5,7.7,3.0,3.0,12.4,31.3,72,8.95,19840.74,1.39,61,Jaipur,26.9124,75.7873,Rajasthan
2025-01-16,19.9,10.9,14.3,18.8,9.9,0.2,0.2,9.9,22.3,46,13.88,36000.0,2.33,51,Jaipur,26.9124,75.7873,Rajasthan
2025-01-17,18.9,8.9,12.8,18.1,7.0,0.0,0.0,9.4,22.0,26,15.36,36000.0,2.49,0,Jaipur,26.9124,75.7873,Rajasthan
2025-01-18,19.9,7.2,13.4,19.8,5.3,0.0,0.0,7.7,22.7,76,14.78,36000.0,2.41,2,Jaipur,26.9124,75.7873,Rajasthan
2025-01-19,23.9,11.3,17.0,24.9,10.4,0.0,0.0,6.8,20.9,153,14.8,36000.0,2.59,2,Jaipur,26.9124,75.7873,Rajasthan
2025-01-20,24.6,14.1,18.8,25.5,15.1,0.0,0.0,9.3,20.5,275,14.93,36000.0,2.69,0,Jaipur,26.9124,75.7873,Rajasthan
2025-01-21,24.1,13.5,18.5,25.2,13.1,0.0,0.0,9.5,19.8,51,15.02,36000.0,2.73,1,Jaipur,26.9124,75.7873,Rajasthan
2025-01-22,23.3,13.0,17.9,23.2,11.8,1.0,1.0,10.7,29.5,96,14.63,36000.0,2.84,51,Jaipur,26.9124,75.7873,Rajasthan
2025-01-23,22.4,13.4,16.9,21.3,11.7,0.1,0.1,11.0,25.9,29,14.14,36000.0,2.85,51,Jaipur,26.9124,75.7873,Rajasthan
2025-01-24,21.7,11.1,15.6,19.6,9.2,0.0,0.0,10.4,27.0,344,16.19,36000.0,3.22,0,Jaipur,26.9124,75.7873,Rajasthan
2025-01-25,21.5,10.6,15.3,19.0,7.3,0.0,0.0,9.2,23.4,322,16.77,36000.0,3.4,0,Jaipur,26.9124,75.7873,Rajasthan
2025-01-26,23.0,8.8,15.5,21.2,5.8,0.0,0.0,7.2,14.0,341,16.84,36209.56,2.93,0,Jaipur,26.9124,75.7873,Rajasthan
2025-01-27,23.9,9.4,16.0,21.9,7.4,0.0,0.0,4.9,14.8,356,16.89,36184.45,2.8,0,Jaipur,26.9124,75.7873,Rajasthan
2025-01-28,24.3,9.7,16.8,22.3,7.8,0.0,0.0,7.6,20.5,140,16.91,36159.32,3.28,1,Jaipur,26.9124,75.7873,Rajasthan
2025-01-29,24.8,12.5,17.9,23.7,11.0,0.0,0.0,9.7,26.6,96,16.14,34498.54,3.45,3,Jaipur,26.9124,75.7873,Rajasthan
2025-01-30,26.6,12.4,18.7,24.7,11.9,0.0,0.0,8.6,24.5,256,16.76,36384.54,3.32,0,Jaipur,26.9124,75.7873,Rajasthan
2025-01-31,25.5,13.2,18.9,23.5,11.3,0.0,0.0,9.2,27.0,96,16.83,36358.84,3.64,0,Jaipur,26.9124,75.7873,Rajasthan
2025-02-01,24.1,12.8,17.9,23.9,12.0,0.0,0.0,9.8,22.7,77,16.56,36058.59,3.15,0,Jaipur,26.9124,75.7873,Rajasthan
2025-02-02,25.0,13.5,18.2,24.8,12.4,0.0,0.0,11.5,25.2,31,16.33,36307.56,3.12,1,Jaipur,26.9124,75.7873,Rajasthan
2025-02-03,23.6,12.3,17.7,22.3,10.5,0.0,0.0,10.7,29.5,69,16.05,36282.01,3.43,1,Jaipur,26.9124,75.7873,Rajasthan
2025-02-04,23.4,15.7,18.6,24.0,14.9,7.6,7.6,12.4,28.4,143,12.96,32578.12,2.57,63,Jaipur,26.9124,75.7873,Rajasthan
2025-02-05,22.7,12.2,16.9,20.6,10.2,0.0,0.0,12.8,25.6,348,17.7,36776.31,3.79,0,Jaipur,26.9124,75.7873,Rajasthan
2025-02-06,22.3,9.3,15.6,20.2,7.6,0.0,0.0,9.6,22.3,355,17.86,37022.15,3.58,0,Jaipur,26.9124,75.7873,Rajasthan
2025-02-07,22.1,10.7,16.0,19.5,7.6,0.0,0.0,10.7,27.4,336,18.01,36995.64,3.87,3,Jaipur,26.9124,75.7873,Rajasthan
2025-02-08,24.9,11.6,17.8,23.2,8.6,0.0,0.0,9.8,18.4,309,17.71,36698.32,3.75,3,Jaipur,26.9124,75.7873,Rajasthan
2025-02-09,24.1,12.1,17.7,22.4,10.3,0.0,0.0,6.0,20.9,82,14.93,34091.31,2.93,3,Jaipur,26.9124,75.7873,Rajasthan
2025-02-10,27.2,12.9,19.4,25.9,11.4,0.0,0.0,7.7,23.8,192,17.19,37187.44,3.45,3,Jaipur,26.9124,75.7873,Rajasthan
2025-02-11,27.6,14.5,20.4,26.3,14.0,0.0,0.0,6.3,19.8,245,18.1,37430.92,3.65,3,Jaipur,26.9124,75.7873,Rajasthan
2025-02-12,26.1,15.5,20.2,23.0,12.5,0.0,0.0,13.9,35.6,328,18.65,37404.72,4.74,2,Jaipur,26.9124,75.7873,Rajasthan
2025-02-13,25.4,14.2,19.3,23.0,11.2,0.0,0.0,13.0,30.6,328,18.71,37647.41,4.31,0,Jaipur,26.9124,75.7873,Rajasthan
2025-02-14,27.4,14.2,21.0,25.3,11.9,0.0,0.0,10.6,30.2,268,18.3,37621.43,4.34,3,Jaipur,26.9124,75.7873,Rajasthan
2025-02-15,30.7,15.6,22.1,28.5,13.9,0.0,0.0,16.1,40.3,259,18.33,37863.48,4.66,3,Jaipur,26.9124,75.7873,Rajasthan
2025-02-16,28.0,14.8,21.1,27.9,13.8,0.0,0.0,10.9,24.1,67,18.67,37570.58,4.06,1,Jaipur,26.9124,75.7873,Rajasthan
2025-02-17,27.6,17.1,21.8,27.2,16.0,0.0,0.0,12.1,32.4,77,17.91,37545.62,4.42,3,Jaipur,26.9124,75.7873,Rajasthan
2025-02-18,25.6,17.9,20.8,25.6,16.5,1.0,1.0,11.5,31.0,77,15.6,33970.96,3.47,51,Jaipur,26.9124,75.7873,Rajasthan
2025-02-19,26.3,15.5,20.2,26.6,15.8,1.4,1.4,16.6,34.9,66,16.31,35513.62,3.46,61,Jaipur,26.9124,75.7873,Rajasthan
2025-02-20,26.0,15.3,20.3,27.4,14.1,1.3,1.3,17.2,34.6,81,17.5,38268.97,3.78,61,Jaipur,26.9124,75.7873,Rajasthan
2025-02-21,26.9,14.9,20.4,25.3,13.4,0.0,0.0,15.7,35.6,349,19.52,38774.13,4.95,2,Jaipur,26.9124,75.7873,Rajasthan
2025-02-22,26.2,13.7,19.6,24.7,12.5,0.0,0.0,10.8,28.8,348,19.3,38483.88,4.14,0,Jaipur,26.9124,75.7873,Rajasthan
2025-02-23,26.6,14.8,20.5,26.2,13.2,0.0,0.0,9.3,25.6,353,19.64,38723.38,4.25,0,Jaipur,26.9124,75.7873,Rajasthan
2025-02-24,27.5,14.9,20.8,27.2,13.5,0.0,0.0,8.4,22.3,79,19.66,38434.58,4.06,0,Jaipur,26.9124,75.7873,Rajasthan
2025-02-25,28.9,15.7,22.0,28.2,15.0,0.0,0.0,8.5,27.4,141,19.36,36829.04,4.37,3,Jaipur,26.9124,75.7873,Rajasthan
2025-02-26,30.4,18.1,23.9,29.8,17.9,0.0,0.0,10.2,30.6,166,19.4,38386.72,4.61,3,Jaipur,26.9124,75.7873,Rajasthan
2025-02-27,29.2,19.2,23.3,28.9,18.2,0.0,0.0,12.6,32.8,131,12.81,20719.07,3.72,3,Jaipur,26.9124,75.7873,Rajasthan
2025-02-28,26.6,18.2,21.5,26.7,19.4,0.0,0.0,10.2,20.9,105,7.81,13402.8,1.95,3,Jaipur,26.9124,75.7873,Rajasthan
2025-03-01,27.5,17.0,22.1,29.3,16.6,0.0,0.0,14.3,31.7,56,18.51,38842.01,4.02,3,Jaipur,26.9124,75.7873,Rajasthan
2025-03-02,28.6,16.8,21.9,29.0,16.9,0.0,0.0,13.2,29.9,30,19.17,38295.27,4.22,2,Jaipur,26.9124,75.7873,Rajasthan
2025-03-03,30.4,15.9,22.7,28.4,14.7,0.0,0.0,19.4,46.8,221,19.56,39735.74,5.08,1,Jaipur,26.9124,75.7873,Rajasthan
2025-03-04,25.4,17.2,21.3,21.7,13.5,0.0,0.0,17.5,44.6,305,21.69,39738.83,6.35,0,Jaipur,26.9124,75.7873,Rajasthan
2025-03-05,25.5,12.9,19.2,21.3,9.3,0.0,0.0,18.5,46.8,323,21.9,40262.03,6.05,0,Jaipur,26.9124,75.7873,Rajasthan
2025-03-06,29.3,15.6,21.8,25.8,11.2,0.0,0.0,12.6,34.2,297,21.71,40264.12,5.67,0,Jaipur,26.9124,75.7873,Rajasthan
2025-03-07,31.2,16.0,23.8,29.3,13.3,0.0,0.0,12.4,34.2,270,21.42,40266.05,5.03,0,Jaipur,26.9124,75.7873,Rajasthan
2025-03-08,31.1,16.5,23.7,30.1,14.2,0.0,0.0,10.6,28.8,102,21.72,40527.4,5.15,0,Jaipur,26.9124,75.7873,Rajasthan
2025-03-09,31.5,17.4,24.4,29.7,15.5,0.0,0.0,11.7,33.8,115,21.39,40528.42,5.59,3,Jaipur,26.9124,75.7873,Rajasthan
2025-03-10,32.9,18.6,25.5,32.1,17.4,0.0,0.0,10.4,30.6,113,21.41,40787.86,5.64,3,Jaipur,26.9124,75.7873,Rajasthan
2025-03-11,35.3,19.3,27.4,34.1,18.9,0.0,0.0,11.1,32.8,194,21.0,39067.88,5.57,3,Jaipur,26.9124,75.7873,Rajasthan
2025-03-12,34.8,19.6,27.2,33.1,20.6,0.0,0.0,13.8,36.7,333,21.5,40567.62,5.87,3,Jaipur,26.9124,75.7873,Rajasthan
2025-03-13,33.5,22.0,26.9,34.0,22.2,0.1,0.1,21.8,54.4,280,19.06,39973.79,5.06,51,Jaipur,26.9124,75.7873,Rajasthan
2025-03-14,33.6,20.4,26.9,32.8,20.8,0.0,0.0,12.6,34.6,172,19.67,39827.66,5.21,3,Jaipur,26.9124,75.7873,Rajasthan
2025-03-15,33.6,19.5,26.2,31.6,18.6,0.0,0.0,18.7,46.1,334,20.35,39463.27,6.11,3,Jaipur,26.9124,75.7873,Rajasthan
2025-03-16,30.3,18.8,24.4,29.9,17.8,0.0,0.0,14.3,32.4,352,20.31,41682.66,5.53,1,Jaipur,26.9124,75.7873,Rajasthan
2025-03-17,29.5,17.5,24.0,28.0,15.0,0.0,0.0,12.5,33.8,349,22.34,40098.06,5.98,2,Jaipur,26.9124,75.7873,Rajasthan
2025-03-18,30.9,16.2,23.5,30.0,15.9,0.0,0.0,11.2,24.1,13,22.89,42389.28,5.19,3,Jaipur,26.9124,75.7873,Rajasthan
2025-03-19,31.2,17.9,24.4,30.1,15.9,0.0,0.0,10.5,27.0,80,22.76,42613.4,5.69,0,Jaipur,26.9124,75.7873,Rajasthan
2025-03-20,31.7,19.9,25.6,30.5,17.6,0.0,0.0,12.3,30.2,66,20.11,36500.27,6.13,3,Jaipur,26.9124,75.7873,Rajasthan
2025-03-21,32.7,19.4,26.2,31.4,17.3,0.0,0.0,12.6,31.0,14,21.27,42545.67,5.91,2,Jaipur,26.9124,75.7873,Rajasthan
2025-03-22,33.1,18.9,25.7,30.3,17.4,0.0,0.0,17.1,41.0,328,22.9,43071.69,6.38,0,Jaipur,26.9124,75.7873,Rajasthan
2025-03-23,33.2,17.7,25.5,32.4,16.0,0.0,0.0,10.5,26.6,102,23.41,43138.13,5.57,0,Jaipur,26.9124,75.7873,Rajasthan
2025-03-24,34.4,19.3,26.7,33.3,17.7,0.0,0.0,10.7,32.4,154,23.18,43200.0,5.66,0,Jaipur,26.9124,75.7873,Rajasthan
2025-03-25,36.3,20.3,28.5,34.5,19.5,0.0,0.0,10.5,31.7,221,23.45,43200.0,6.07,0,Jaipur,26.9124,75.7873,Rajasthan
2025-03-26,35.9,20.6,28.9,35.1,20.4,0.0,0.0,11.5,32.4,246,23.5,43200.0,6.06,0,Jaipur,26.9124,75.7873,Rajasthan
2025-03-27,35.7,24.6,29.8,34.3,22.1,0.0,0.0,18.6,46.1,272,22.8,43200.0,7.62,0,Jaipur,26.9124,75.7873,Rajasthan
2025-03-28,31.2,21.3,25.9,28.0,16.9,0.0,0.0,17.4,38.9,317,25.23,43200.0,8.04,0,Jaipur,26.9124,75.7873,Rajasthan
2025-03-29,31.0,17.8,24.3,28.0,12.6,0.0,0.0,15.7,36.4,348,24.53,43200.0,7.13,3,Jaipur,26.9124,75.7873,Rajasthan
2025-03-30,33.2,18.7,26.0,31.4,15.5,0.0,0.0,11.8,24.1,333,24.21,43200.0,6.14,2,Jaipur,26.9124,75.7873,Rajasthan
2025-03-31,34.7,19.8,27.2,33.8,16.4,0.0,0.0,10.0,22.0,8,24.57,43200.0,6.23,0,Jaipur,26.9124,75.7873,Rajasthan
2025-04-01,35.2,21.1,27.8,34.1,18.0,0.0,0.0,9.9,25.2,19,24.38,43200.0,6.35,0,Jaipur,26.9124,75.7873,Rajasthan
2025-04-02,34.9,19.6,27.8,33.1,17.1,0.0,0.0,11.4,31.3,79,24.44,43200.0,6.92,0,Jaipur,26.9124,75.7873,Rajasthan
2025-04-03,34.2,22.6,27.9,34.4,19.2,0.1,0.1,16.3,47.2,84,20.95,42719.34,6.56,51,Jaipur,26.9124,75.7873,Rajasthan
2025-04-04,37.2,21.4,29.6,35.4,19.8,0.0,0.0,12.6,33.5,251,23.36,43200.0,6.48,2,Jaipur,26.9124,75.7873,Rajasthan
2025-04-05,37.0,23.4,30.0,35.8,20.5,0.0,0.0,13.2,35.3,331,24.02,43200.0,6.84,0,Jaipur,26.9124,75.7873,Rajasthan
2025-04-06,39.0,22.6,30.7,37.9,22.1,0.0,0.0,10.5,34.6,246,24.06,43200.0,6.02,2,Jaipur,26.9124,75.7873,Rajasthan
2025-04-07,39.8,25.1,32.0,39.3,23.3,0.0,0.0,10.7,29.5,113,24.29,43200.0,6.9,0,Jaipur,26.9124,75.7873,Rajasthan
2025-04-08,39.9,25.8,32.7,39.7,23.9,0.0,0.0,10.6,30.6,114,23.4,42994.69,6.8,2,Jaipur,26.9124,75.7873,Rajasthan
2025-04-09,41.2,25.9,33.5,40.0,24.8,0.0,0.0,16.4,41.0,318,23.77,42763.35,7.3,2,Jaipur,26.9124,75.7873,Rajasthan
2025-04-10,40.2,27.5,33.7,38.6,24.8,0.0,0.0,16.9,44.3,271,23.17,43200.0,8.0,1,Jaipur,26.9124,75.7873,Rajasthan
2025-04-11,38.5,24.9,30.8,36.4,24.0,0.1,0.1,17.9,49.7,269,22.23,41558.42,7.3,51,Jaipur,26.9124,75.7873,Rajasthan
2025-04-12,36.8,21.7,28.7,36.0,23.3,0.0,0.0,15.7,40.3,58,23.32,41754.02,6.45,3,Jaipur,26.9124,75.7873,Rajasthan
2025-04-13,37.1,22.4,29.3,37.5,22.1,0.0,0.0,17.1,42.5,37,24.16,43200.0,6.71,1,Jaipur,26.9124,75.7873,Rajasthan
2025-04-14,36.9,23.5,30.5,37.7,23.1,0.0,0.0,10.4,27.0,73,24.27,43024.44,6.55,0,Jaipur,26.9124,75.7873,Rajasthan
2025-04-15,36.9,24.5,30.7,37.9,23.7,0.0,0.0,11.3,32.4,98,23.91,42973.45,6.9,0,Jaipur,26.9124,75.7873,Rajasthan
2025-04-16,38.3,25.9,31.9,39.3,25.4,0.0,0.0,11.7,31.3,124,23.98,43088.65,6.77,2,Jaipur,26.9124,75.7873,Rajasthan
2025-04-17,41.3,25.6,33.9,40.4,25.2,0.0,0.0,15.0,40.3,215,23.81,39992.41,7.37,3,Jaipur,26.9124,75.7873,Rajasthan
2025-04-18,42.3,27.5,35.6,40.9,27.6,0.0,0.0,15.5,38.5,273,23.03,43200.0,8.37,1,Jaipur,26.9124,75.7873,Rajasthan
2025-04-19,39.9,27.6,34.2,37.3,25.6,0.0,0.0,17.5,44.6,239,25.06,43200.0,8.81,0,Jaipur,26.9124,75.7873,Rajasthan
2025-04-20,39.3,27.8,33.8,39.0,25.4,0.0,0.0,15.2,39.6,249,24.27,42891.26,8.45,3,Jaipur,26.9124,75.7873,Rajasthan
2025-04-21,38.3,26.7,32.9,34.6,21.7,0.0,0.0,15.8,41.8,291,25.91,43200.0,9.08,0,Jaipur,26.9124,75.7873,Rajasthan
2025-04-22,38.8,26.2,32.8,35.7,21.5,0.0,0.0,14.0,38.5,301,25.69,43200.0,8.68,0,Jaipur,26.9124,75.7873,Rajasthan
2025-04-23,38.9,25.4,32.5,35.6,20.6,0.0,0.0,13.7,36.0,299,26.23,43200.0,8.34,0,Jaipur,26.9124,75.7873,Rajasthan
2025-04-24,39.9,26.3,33.3,37.0,21.6,0.0,0.0,18.2,44.3,271,25.43,43015.47,8.85,0,Jaipur,26.9124,75.7873,Rajasthan
2025-04-25,40.8,28.6,34.6,38.5,24.4,0.0,0.0,13.6,37.8,274,23.11,42361.14,8.07,2,Jaipur,26.9124,75.7873,Rajasthan
2025-04-26,40.1,28.6,33.6,39.1,25.9,0.0,0.0,16.4,43.2,317,21.47,38750.77,6.74,3,Jaipur,26.9124,75.7873,Rajasthan
2025-04-27,39.8,27.0,33.2,38.6,24.2,0.0,0.0,9.2,26.3,328,24.09,41684.4,6.41,1,Jaipur,26.9124,75.7873,Rajasthan
2025-04-28,41.0,26.7,33.7,38.6,24.4,0.0,0.0,15.1,39.6,268,24.96,42687.92,8.02,0,Jaipur,26.9124,75.7873,Rajasthan
2025-04-29,40.1,24.7,32.4,38.7,22.0,0.0,0.0,12.6,31.0,56,24.17,42499.59,7.53,1,Jaipur,26.9124,75.7873,Rajasthan
2025-04-30,39.6,25.6,32.5,39.9,25.2,0.1,0.1,25.0,52.9,78,22.68,36000.0,7.44,51,Jaipur,26.9124,75.7873,Rajasthan
2025-05-01,39.8,26.0,32.9,40.0,24.2,0.0,0.0,12.8,32.0,89,23.37,40832.85,7.62,3,Jaipur,26.9124,75.7873,Rajasthan
2025-05-02,36.2,25.9,30.5,38.0,25.1,0.3,0.3,20.0,50.0,92,21.16,33077.29,6.63,51,Jaipur,26.9124,75.7873,Rajasthan
2025-05-03,35.4,24.4,28.7,37.5,25.6,2.0,2.0,11.9,38.9,116,19.23,34296.88,5.0,55,Jaipur,26.9124,75.7873,Rajasthan
2025-05-04,35.8,24.2,29.3,36.5,25.5,0.0,0.0,9.5,25.9,238,22.76,37864.26,5.72,3,Jaipur,26.9124,75.7873,Rajasthan
2025-05-05,35.8,23.2,28.9,36.5,24.2,0.0,0.0,10.7,27.7,111,22.63,40830.27,5.67,3,Jaipur,26.9124,75.7873,Rajasthan
2025-05-06,33.3,21.9,26.8,35.3,24.6,0.2,0.2,17.8,43.9,347,22.04,37211.37,5.08,51,Jaipur,26.9124,75.7873,Rajasthan
2025-05-07,32.4,22.4,27.7,34.0,24.8,0.8,0.8,15.0,38.9,97,20.04,37011.63,4.88,53,Jaipur,26.9124,75.7873,Rajasthan
2025-05-08,32.2,23.5,27.1,36.3,25.3,2.8,2.8,11.5,32.8,102,20.17,37632.76,4.71,61,Jaipur,26.9124,75.7873,Rajasthan
2025-05-09,34.7,22.8,28.7,37.3,26.0,0.5,0.5,8.7,25.2,243,22.64,39832.75,5.12,53,Jaipur,26.9124,75.7873,Rajasthan
2025-05-10,36.2,24.7,30.0,38.7,26.6,0.1,0.1,12.4,32.8,321,22.13,39403.12,5.95,51,Jaipur,26.9124,75.7873,Rajasthan
2025-05-11,38.3,25.2,32.0,38.5,28.4,0.0,0.0,9.6,29.2,317,21.81,40320.86,5.54,3,Jaipur,26.9124,75.7873,Rajasthan
2025-05-12,38.7,25.8,32.4,39.2,25.8,0.0,0.0,11.8,32.0,263,22.26,39821.06,6.53,2,Jaipur,26.9124,75.7873,Rajasthan
2025-05-13,39.5,27.4,33.4,39.7,26.9,0.0,0.0,14.9,38.9,280,22.2,40034.87,7.09,2,Jaipur,26.9124,75.7873,Rajasthan
2025-05-14,40.1,27.0,33.9,39.2,26.3,0.0,0.0,15.0,40.3,283,22.6,40661.25,7.39,1,Jaipur,26.9124,75.7873,Rajasthan
2025-05-15,40.7,27.7,34.9,39.3,26.4,0.0,0.0,15.7,40.0,296,22.86,40479.29,8.07,1,Jaipur,26.9124,75.7873,Rajasthan
2025-05-16,41.5,29.1,35.7,41.1,27.2,0.0,0.0,16.4,42.1,282,22.15,40301.12,7.69,1,Jaipur,26.9124,75.7873,Rajasthan
2025-05-17,42.2,30.0,36.1,42.0,29.1,0.0,0.0,16.7,42.8,271,21.79,39893.57,8.75,1,Jaipur,26.9124,75.7873,Rajasthan
2025-05-18,42.4,30.4,36.3,41.6,30.6,0.0,0.0,17.1,41.8,280,21.99,40462.74,8.48,2,Jaipur,26.9124,75.7873,Rajasthan
2025-05-19,42.1,30.8,36.4,42.5,30.6,0.0,0.0,16.3,41.4,277,22.49,40522.35,8.4,1,Jaipur,26.9124,75.7873,Rajasthan
2025-05-20,42.4,30.7,36.9,41.3,29.4,0.0,0.0,18.4,45.7,287,23.01,40728.76,9.44,1,Jaipur,26.9124,75.7873,Rajasthan
2025-05-21,43.4,31.4,37.5,42.0,29.9,0.0,0.0,16.0,40.7,290,22.32,40664.98,9.16,1,Jaipur,26.9124,75.7873,Rajasthan
2025-05-22,42.0,27.5,34.6,43.1,30.2,0.0,0.0,15.5,40.0,66,22.62,40377.4,7.21,1,Jaipur,26.9124,75.7873,Rajasthan
2025-05-23,42.2,28.2,35.1,43.4,30.1,0.0,0.0,12.3,33.8,75,21.62,39741.7,6.79,3,Jaipur,26.9124,75.7873,Rajasthan
2025-05-24,40.9,28.7,34.7,42.8,30.0,0.0,0.0,16.8,36.4,90,22.87,40528.57,7.93,1,Jaipur,26.9124,75.7873,Rajasthan
2025-05-25,38.3,24.9,32.4,41.2,27.5,0.0,0.0,15.3,38.9,101,22.53,39005.29,6.69,1,Jaipur,26.9124,75.7873,Rajasthan
2025-05-26,38.8,25.5,32.8,42.2,27.5,0.0,0.0,14.1,31.3,83,21.97,39812.0,6.7,1,Jaipur,26.9124,75.7873,Rajasthan
2025-05-27,38.6,28.1,33.5,41.9,30.3,0.0,0.0,13.6,36.0,78,21.83,39358.25,6.55,2,Jaipur,26.9124,75.7873,Rajasthan
2025-05-28,41.0,29.1,35.0,43.7,31.7,0.0,0.0,12.5,31.3,55,22.02,39483.49,6.73,3,Jaipur,26.9124,75.7873,Rajasthan
2025-05-29,38.6,30.4,34.4,40.6,32.5,0.1,0.1,8.6,31.3,70,14.85,20160.2,4.6,51,Jaipur,26.9124,75.7873,Rajasthan
2025-05-30,38.7,28.4,33.4,40.7,29.3,0.7,0.7,20.3,54.7,267,18.35,26688.68,5.92,53,Jaipur,26.9124,75.7873,Rajasthan
2025-05-31,39.1,28.7,33.9,40.1,28.7,0.0,0.0,18.0,42.8,248,20.65,36793.21,7.81,3,Jaipur,26.9124,75.7873,Rajasthan
2025-06-01,38.2,29.2,33.4,38.7,29.9,0.0,0.0,17.6,41.4,251,22.24,40341.04,7.71,2,Jaipur,26.9124,75.7873,Rajasthan
2025-06-02,36.5,25.5,30.3,38.1,26.7,0.1,0.1,17.0,39.2,248,16.51,26765.18,5.67,51,Jaipur,26.9124,75.7873,Rajasthan
2025-06-03,29.5,23.5,25.2,33.0,25.9,11.2,11.2,10.7,40.7,152,6.73,3002.33,1.99,63,Jaipur,26.9124,75.7873,Rajasthan
2025-06-04,34.9,22.4,27.5,37.7,24.6,0.0,0.0,15.1,40.7,257,20.76,37396.4,5.14,3,Jaipur,26.9124,75.7873,Rajasthan
2025-06-05,34.8,22.6,28.4,37.7,24.1,0.0,0.0,7.1,15.1,90,22.83,40165.69,5.36,1,Jaipur,26.9124,75.7873,Rajasthan
2025-06-06,37.3,24.0,30.9,39.2,26.0,0.0,0.0,18.0,43.2,290,21.35,39001.84,6.34,1,Jaipur,26.9124,75.7873,Rajasthan
2025-06-07,40.4,26.5,34.0,40.1,28.7,0.0,0.0,15.9,41.8,313,22.69,40129.3,7.41,1,Jaipur,26.9124,75.7873,Rajasthan
2025-06-08,41.4,28.3,35.5,41.4,28.5,0.0,0.0,16.8,43.2,303,23.24,40840.94,8.18,1,Jaipur,26.9124,75.7873,Rajasthan
2025-06-09,42.3,30.7,36.7,41.4,27.9,0.0,0.0,18.4,45.4,299,24.13,41361.22,10.16,0,Jaipur,26.9124,75.7873,Rajasthan
2025-06-10,42.2,30.7,36.6,40.9,27.9,0.0,0.0,18.4,45.0,297,24.15,41456.73,9.61,0,Jaipur,26.9124,75.7873,Rajasthan
2025-06-11,43.5,31.0,37.1,43.5,29.2,0.0,0.0,18.0,41.8,311,23.18,41010.3,8.87,3,Jaipur,26.9124,75.7873,Rajasthan
2025-06-12,44.2,29.5,37.0,44.0,29.7,0.0,0.0,14.7,39.2,27,23.47,40897.87,7.33,2,Jaipur,26.9124,75.7873,Rajasthan
2025-06-13,42.1,30.8,36.3,45.1,32.6,0.0,0.0,12.6,41.8,88,21.26,38824.06,6.96,1,Jaipur,26.9124,75.7873,Rajasthan
2025-06-14,41.5,30.3,35.9,44.3,33.5,0.0,0.0,9.8,29.5,116,21.68,39383.31,6.31,2,Jaipur,26.9124,75.7873,Rajasthan
2025-06-15,39.4,29.7,33.5,43.3,32.9,0.8,0.8,16.4,41.8,94,21.32,38258.91,6.07,53,Jaipur,26.9124,75.7873,Rajasthan
2025-06-16,34.8,25.4,29.7,39.0,29.0,10.7,10.7,17.7,45.7,78,17.63,31675.55,4.79,63,Jaipur,26.9124,75.7873,Rajasthan
2025-06-17,36.4,25.0,29.0,40.4,29.2,20.9,20.9,18.3,41.8,77,19.45,28606.37,4.86,63,Jaipur,26.9124,75.7873,Rajasthan
2025-06-18,31.7,25.3,28.3,36.4,30.5,2.0,2.0,12.4,33.8,119,16.98,30095.47,3.88,53,Jaipur,26.9124,75.7873,Rajasthan
2025-06-19,33.7,25.6,28.8,39.5,31.0,2.8,2.8,8.3,20.9,95,16.59,28289.17,3.83,53,Jaipur,26.9124,75.7873,Rajasthan
2025-06-20,29.2,25.2,27.0,35.2,30.0,14.3,14.3,13.4,29.9,244,8.83,4588.01,2.08,63,Jaipur,26.9124,75.7873,Rajasthan
2025-06-21,33.5,24.5,28.0,40.3,29.8,6.5,6.5,7.8,23.4,248,18.72,28800.0,4.15,63,Jaipur,26.9124,75.7873,Rajasthan
2025-06-22,33.8,25.8,29.5,40.5,31.3,0.5,0.5,9.1,21.6,237,20.04,37866.51,4.5,51,Jaipur,26.9124,75.7873,Rajasthan
2025-06-23,35.3,26.0,28.8,41.8,31.1,1.7,1.7,15.9,47.2,284,20.29,33586.64,4.61,53,Jaipur,26.9124,75.7873,Rajasthan
2025-06-24,35.0,25.8,30.2,40.9,31.3,3.3,3.3,13.3,29.5,299,22.03,39086.26,5.03,63,Jaipur,26.9124,75.7873,Rajasthan
2025-06-25,33.5,24.8,29.0,38.6,29.0,5.0,5.0,15.4,41.0,73,16.68,31557.52,4.0,63,Jaipur,26.9124,75.7873,Rajasthan
2025-06-26,34.0,26.2,29.8,39.4,30.7,0.4,0.4,14.8,33.8,82,21.2,37577.94,5.15,51,Jaipur,26.9124,75.7873,Rajasthan
2025-06-27,33.4,26.0,28.9,39.2,30.5,2.4,2.4,11.5,27.0,94,19.85,33970.63,4.49,55,Jaipur,26.9124,75.7873,Rajasthan
2025-06-28,33.3,26.0,29.3,38.4,31.1,0.0,0.0,10.0,26.6,210,21.42,38088.72,5.05,3,Jaipur,26.9124,75.7873,Rajasthan
2025-06-29,33.4,25.5,28.8,40.4,29.8,2.4,2.4,9.7,23.0,226,19.43,31856.69,4.45,55,Jaipur,26.9124,75.7873,Rajasthan
2025-06-30,32.4,25.9,28.7,38.0,29.9,0.3,0.3,13.9,33.8,245,18.17,35354.67,4.25,51,Jaipur,26.9124,75.7873,Rajasthan
2025-07-01,32.1,25.7,27.9,38.4,30.4,17.6,17.6,13.1,33.5,307,12.84,11079.21,2.98,65,Jaipur,26.9124,75.7873,Rajasthan
2025-07-02,33.2,24.6,28.4,38.6,29.1,2.9,2.9,11.9,26.6,13,20.13,37865.12,4.47,53,Jaipur,26.9124,75.7873,Rajasthan
2025-07-03,32.4,24.8,28.6,38.8,30.2,4.0,4.0,9.7,27.0,90,21.27,37258.18,4.58,61,Jaipur,26.9124,75.7873,Rajasthan
2025-07-04,33.1,25.2,28.6,41.0,31.3,4.3,4.3,11.8,30.2,188,21.25,37339.68,4.65,61,Jaipur,26.9124,75.7873,Rajasthan
2025-07-05,32.7,25.2,27.9,39.4,30.2,5.9,5.9,11.3,26.3,277,18.05,34089.6,3.96,63,Jaipur,26.9124,75.7873,Rajasthan
2025-07-06,33.5,25.1,28.9,40.5,30.6,6.1,6.1,6.7,19.4,250,20.77,37799.02,4.54,63,Jaipur,26.9124,75.7873,Rajasthan
2025-07-07,32.3,25.0,28.7,38.6,31.1,2.3,2.3,8.9,21.6,255,18.28,31085.68,4.13,53,Jaipur,26.9124,75.7873,Rajasthan
2025-07-08,34.2,25.9,29.9,40.4,30.4,0.0,0.0,10.5,25.9,270,23.08,41171.1,5.46,3,Jaipur,26.9124,75.7873,Rajasthan
2025-07-09,33.0,26.3,29.2,39.7,29.8,3.2,3.2,11.1,26.6,264,21.02,36120.15,4.89,63,Jaipur,26.9124,75.7873,Rajasthan
2025-07-10,27.1,24.6,25.9,32.7,29.6,11.1,11.1,10.4,24.1,268,8.56,4506.98,1.88,61,Jaipur,26.9124,75.7873,Rajasthan
2025-07-11,31.2,24.6,27.3,37.4,29.4,5.1,5.1,12.4,27.4,281,17.42,27388.41,3.75,63,Jaipur,26.9124,75.7873,Rajasthan
2025-07-12,31.3,23.1,27.4,36.5,26.4,28.4,28.4,15.3,30.6,313,16.15,28719.67,3.56,65,Jaipur,26.9124,75.7873,Rajasthan
2025-07-13,31.2,23.6,27.1,37.1,28.3,4.4,4.4,11.9,32.0,22,14.1,22242.66,3.21,61,Jaipur,26.9124,75.7873,Rajasthan
2025-07-14,28.0,24.0,25.4,33.5,28.4,57.9,57.9,14.1,30.6,6,7.86,1549.54,1.75,65,Jaipur,26.9124,75.7873,Rajasthan
2025-07-15,31.4,23.4,26.9,35.9,27.0,21.4,21.4,16.1,33.8,210,14.46,20144.13,3.37,63,Jaipur,26.9124,75.7873,Rajasthan
2025-07-16,32.2,25.1,28.3,37.3,29.7,0.4,0.4,11.9,31.7,234,21.92,39068.67,4.85,51,Jaipur,26.9124,75.7873,Rajasthan
2025-07-17,30.1,24.6,27.1,36.2,29.3,7.4,7.4,10.3,24.5,275,12.74,9077.62,2.82,61,Jaipur,26.9124,75.7873,Rajasthan
2025-07-18,30.6,24.4,26.6,36.0,28.2,25.1,25.1,17.8,35.6,352,14.71,23031.74,3.22,63,Jaipur,26.9124,75.7873,Rajasthan
2025-07-19,29.5,23.9,26.4,32.6,26.9,4.2,4.2,24.3,56.9,185,16.87,26121.69,3.58,53,Jaipur,26.9124,75.7873,Rajasthan
2025-07-20,31.5,24.2,27.8,35.8,28.4,0.0,0.0,11.6,29.9,205,20.46,42305.82,4.49,3,Jaipur,26.9124,75.7873,Rajasthan
2025-07-21,30.4,25.4,28.1,36.6,29.9,0.4,0.4,7.8,22.3,202,15.52,20796.35,3.44,51,Jaipur,26.9124,75.7873,Rajasthan
2025-07-22,32.4,26.2,28.7,38.9,31.7,4.7,4.7,9.5,28.1,267,19.5,31819.43,4.36,63,Jaipur,26.9124,75.7873,Rajasthan
2025-07-23,30.5,25.9,27.6,36.1,30.1,7.1,7.1,12.1,25.6,241,11.72,15366.97,2.74,63,Jaipur,26.9124,75.7873,Rajasthan
2025-07-24,32.5,25.4,28.9,39.2,28.8,0.3,0.3,10.7,24.8,274,21.77,42940.79,4.92,51,Jaipur,26.9124,75.7873,Rajasthan
2025-07-25,33.6,25.9,29.6,39.9,29.4,0.8,0.8,11.4,29.2,295,22.58,43200.0,5.29,53,Jaipur,26.9124,75.7873,Rajasthan
2025-07-26,31.3,25.9,28.1,37.6,30.6,5.2,5.2,11.9,24.5,314,10.51,7743.2,2.58,63,Jaipur,26.9124,75.7873,Rajasthan
2025-07-27,32.5,25.1,28.3,37.5,29.7,11.9,11.9,12.5,34.2,20,12.92,13307.93,3.1,63,Jaipur,26.9124,75.7873,Rajasthan
2025-07-28,32.7,26.0,29.2,39.8,32.2,2.2,2.2,11.4,31.7,317,18.76,29005.83,4.16,55,Jaipur,26.9124,75.7873,Rajasthan
2025-07-29,32.5,25.8,28.2,39.8,30.4,4.2,4.2,12.7,29.5,286,14.21,12754.91,3.36,61,Jaipur,26.9124,75.7873,Rajasthan
2025-07-30,27.6,24.7,26.1,33.8,29.0,42.6,42.6,11.6,26.6,291,5.94,0.0,1.38,63,Jaipur,26.9124,75.7873,Rajasthan
2025-07-31,28.1,24.4,25.7,33.6,28.4,7.0,7.0,12.9,29.2,270,9.42,4526.87,2.09,55,Jaipur,26.9124,75.7873,Rajasthan
2025-08-01,31.2,24.1,27.3,36.8,28.5,1.3,1.3,14.7,36.4,253,17.57,28747.82,3.85,53,Jaipur,26.9124,75.7873,Rajasthan
2025-08-02,32.1,25.0,28.2,37.4,29.0,0.7,0.7,13.5,33.5,258,20.13,35696.33,4.64,51,Jaipur,26.9124,75.7873,Rajasthan
2025-08-03,32.2,25.8,28.3,38.6,29.2,4.6,4.6,11.8,28.8,261,18.37,30196.18,4.24,63,Jaipur,26.9124,75.7873,Rajasthan
2025-08-04,32.0,25.5,28.5,37.8,29.0,0.0,0.0,13.2,33.8,253,20.88,31734.51,4.78,3,Jaipur,26.9124,75.7873,Rajasthan
2025-08-05,32.1,25.4,28.2,37.7,29.1,1.3,1.3,15.7,36.4,245,21.51,43200.0,4.89,55,Jaipur,26.9124,75.7873,Rajasthan
2025-08-06,31.9,24.5,28.0,37.6,28.0,0.5,0.5,14.2,32.8,255,22.76,43200.0,5.15,51,Jaipur,26.9124,75.7873,Rajasthan
2025-08-07,32.3,24.4,28.3,37.1,27.4,0.5,0.5,12.8,31.7,270,22.95,43200.0,5.42,51,Jaipur,26.9124,75.7873,Rajasthan
2025-08-08,32.9,24.7,28.8,37.9,27.4,0.0,0.0,13.0,34.2,263,22.56,39111.98,5.42,3,Jaipur,26.9124,75.7873,Rajasthan
2025-08-09,31.8,25.2,28.4,36.0,28.0,0.1,0.1,12.0,28.1,284,15.76,31996.25,3.91,51,Jaipur,26.9124,75.7873,Rajasthan
2025-08-10,32.5,25.3,28.5,37.0,28.8,0.1,0.1,12.8,32.4,285,18.73,39775.25,4.42,51,Jaipur,26.9124,75.7873,Rajasthan
2025-08-11,32.7,25.7,28.9,39.0,28.9,0.1,0.1,13.5,32.8,262,18.39,32230.56,4.51,51,Jaipur,26.9124,75.7873,Rajasthan
2025-08-12,33.1,25.9,29.3,38.2,29.2,0.0,0.0,12.8,32.4,259,22.93,42256.35,5.5,3,Jaipur,26.9124,75.7873,Rajasthan
2025-08-13,33.4,25.6,29.6,38.7,29.1,0.4,0.4,10.5,28.4,254,21.14,42348.03,5.15,51,Jaipur,26.9124,75.7873,Rajasthan
2025-08-14,30.3,26.1,27.7,35.8,31.5,4.2,4.2,7.4,21.2,2,11.6,10842.22,2.67,61,Jaipur,26.9124,75.7873,Rajasthan
2025-08-15,31.5,24.7,28.2,37.1,29.9,0.4,0.4,6.9,19.4,80,17.48,41691.95,3.8,51,Jaipur,26.9124,75.7873,Rajasthan
2025-08-16,31.4,25.9,28.5,37.9,31.8,4.1,4.1,13.0,32.8,79,18.58,38545.09,4.04,61,Jaipur,26.9124,75.7873,Rajasthan
2025-08-17,33.1,26.5,29.4,38.0,31.7,0.7,0.7,13.6,33.8,83,21.7,42773.08,5.13,51,Jaipur,26.9124,75.7873,Rajasthan
2025-08-18,33.2,25.2,28.9,39.1,29.5,4.6,4.6,15.7,37.8,80,21.46,41965.65,4.99,61,Jaipur,26.9124,75.7873,Rajasthan
2025-08-19,32.3,25.8,29.0,38.8,31.0,1.6,1.6,14.3,39.6,73,21.42,42904.02,4.95,53,Jaipur,26.9124,75.7873,Rajasthan
2025-08-20,33.2,25.8,29.5,36.9,30.4,0.7,0.7,17.2,45.4,85,22.06,43200.0,5.56,51,Jaipur,26.9124,75.7873,Rajasthan
2025-08-21,30.8,24.1,27.1,36.1,28.5,17.3,17.3,12.9,33.8,76,18.22,33719.22,3.88,63,Jaipur,26.9124,75.7873,Rajasthan
2025-08-22,30.2,24.3,25.9,35.3,28.5,26.1,26.1,12.5,30.2,310,10.18,9596.48,2.24,65,Jaipur,26.9124,75.7873,Rajasthan
2025-08-23,30.4,23.5,25.7,35.6,27.8,39.0,39.0,15.2,37.1,325,12.47,20954.72,2.66,65,Jaipur,26.9124,75.7873,Rajasthan
2025-08-24,29.3,23.1,25.4,35.7,28.2,34.4,34.4,5.8,20.5,76,12.02,10293.04,2.51,63,Jaipur,26.9124,75.7873,Rajasthan
2025-08-25,30.7,23.5,26.2,36.5,28.8,2.8,2.8,10.0,24.5,254,18.07,31000.11,3.76,53,Jaipur,26.9124,75.7873,Rajasthan
2025-08-26,31.7,23.7,26.9,39.0,29.1,4.6,4.6,6.9,18.0,220,19.32,33305.2,4.07,63,Jaipur,26.9124,75.7873,Rajasthan
2025-08-27,31.9,24.5,27.5,39.4,30.2,7.3,7.3,10.1,25.2,59,19.33,32860.08,4.07,63,Jaipur,26.9124,75.7873,Rajasthan
2025-08-28,32.3,25.0,28.4,39.8,31.2,0.3,0.3,6.1,17.6,116,20.68,37379.61,4.42,51,Jaipur,26.9124,75.7873,Rajasthan
2025-08-29,31.4,25.6,27.9,38.0,31.4,1.6,1.6,9.7,27.0,102,16.53,25909.98,3.54,53,Jaipur,26.9124,75.7873,Rajasthan
2025-08-30,32.1,24.0,28.0,38.4,28.3,18.5,18.5,14.0,29.5,90,20.83,38423.33,4.48,65,Jaipur,26.9124,75.7873,Rajasthan
2025-08-31,29.9,24.0,25.7,35.7,29.4,22.7,22.7,10.5,29.5,184,10.85,5187.98,2.32,63,Jaipur,26.9124,75.7873,Rajasthan
2025-09-01,27.3,22.7,24.8,31.4,26.8,17.7,17.7,16.4,37.1,234,12.45,19224.91,2.49,63,Jaipur,26.9124,75.7873,Rajasthan
2025-09-02,30.8,23.4,26.1,36.7,27.3,2.4,2.4,15.8,36.7,260,17.41,36960.85,3.62,53,Jaipur,26.9124,75.7873,Rajasthan
2025-09-03,30.0,22.9,25.7,34.3,27.0,6.2,6.2,10.0,27.7,65,13.31,26538.88,2.83,63,Jaipur,26.9124,75.7873,Rajasthan
2025-09-04,30.0,23.3,26.3,35.7,27.2,12.0,12.0,12.6,32.4,46,15.32,30405.15,3.36,63,Jaipur,26.9124,75.7873,Rajasthan
2025-09-05,29.2,23.9,25.9,34.0,27.1,8.4,8.4,18.0,39.6,56,16.66,36558.59,3.49,63,Jaipur,26.9124,75.7873,Rajasthan
2025-09-06,30.6,23.7,26.1,35.2,26.9,8.5,8.5,18.7,44.6,107,17.78,33859.34,3.67,61,Jaipur,26.9124,75.7873,Rajasthan
2025-09-07,30.6,23.6,26.2,35.2,28.0,3.3,3.3,14.7,38.9,148,18.8,38878.5,3.91,61,Jaipur,26.9124,75.7873,Rajasthan
2025-09-08,30.5,22.4,26.4,35.1,25.8,0.5,0.5,12.6,32.0,192,20.22,40936.64,4.33,51,Jaipur,26.9124,75.7873,Rajasthan
2025-09-09,31.1,23.4,27.1,36.1,27.1,0.0,0.0,8.2,23.0,262,22.02,43004.04,4.78,0,Jaipur,26.9124,75.7873,Rajasthan
2025-09-10,31.2,23.8,27.3,35.6,26.1,0.0,0.0,13.1,32.0,290,21.61,42945.04,5.1,0,Jaipur,26.9124,75.7873,Rajasthan
2025-09-11,30.6,23.3,26.8,34.9,25.8,0.0,0.0,12.7,32.0,277,21.2,41431.09,4.93,3,Jaipur,26.9124,75.7873,Rajasthan
2025-09-12,30.8,23.6,27.0,34.9,25.9,0.0,0.0,11.5,28.1,290,18.98,41703.84,4.32,3,Jaipur,26.9124,75.7873,Rajasthan
2025-09-13,31.9,23.7,27.7,37.0,26.2,0.0,0.0,9.9,23.0,295,21.35,42974.53,4.83,3,Jaipur,26.9124,75.7873,Rajasthan
2025-09-14,32.6,24.5,28.4,37.1,27.5,0.0,0.0,9.7,20.5,301,19.42,39148.99,4.64,3,Jaipur,26.9124,75.7873,Rajasthan
2025-09-15,32.4,24.8,28.5,36.5,27.6,0.1,0.1,11.5,28.4,287,21.1,42265.75,5.07,51,Jaipur,26.9124,75.7873,Rajasthan
2025-09-16,32.6,24.3,28.2,36.7,27.3,0.0,0.0,9.1,23.0,279,19.44,39600.0,4.58,3,Jaipur,26.9124,75.7873,Rajasthan
2025-09-17,32.6,24.7,28.7,38.1,27.6,0.1,0.1,10.4,25.2,297,20.57,41816.81,4.76,51,Jaipur,26.9124,75.7873,Rajasthan
2025-09-18,32.8,25.0,28.2,38.0,28.1,0.5,0.5,9.9,31.7,321,16.69,34945.04,3.99,51,Jaipur,26.9124,75.7873,Rajasthan
2025-09-19,34.0,24.9,29.0,38.1,29.3,0.0,0.0,8.7,25.9,299,20.27,41110.74,4.85,3,Jaipur,26.9124,75.7873,Rajasthan
2025-09-20,33.7,25.5,29.0,37.2,28.5,0.0,0.0,10.4,26.3,304,18.74,33944.75,4.81,3,Jaipur,26.9124,75.7873,Rajasthan
2025-09-21,34.4,24.6,29.2,37.1,27.2,0.0,0.0,10.9,29.5,304,20.83,41694.61,5.35,2,Jaipur,26.9124,75.7873,Rajasthan
2025-09-22,34.8,24.1,29.5,37.2,26.5,0.0,0.0,11.3,27.4,306,22.0,40954.62,5.77,2,Jaipur,26.9124,75.7873,Rajasthan
2025-09-23,34.4,24.8,29.4,36.8,27.2,0.0,0.0,11.8,30.2,298,21.1,39956.39,5.68,1,Jaipur,26.9124,75.7873,Rajasthan
2025-09-24,34.0,24.5,29.0,36.6,26.3,0.0,0.0,13.5,34.2,297,21.61,40505.83,5.66,0,Jaipur,26.9124,75.7873,Rajasthan
2025-09-25,34.9,24.5,29.4,37.8,26.2,0.0,0.0,13.3,31.7,304,20.36,40539.61,5.49,3,Jaipur,26.9124,75.7873,Rajasthan
2025-09-26,35.5,25.3,30.4,37.8,26.4,0.0,0.0,12.0,30.2,328,21.34,40573.7,6.04,0,Jaipur,26.9124,75.7873,Rajasthan
2025-09-27,35.7,25.7,30.3,38.8,27.4,0.0,0.0,15.5,37.4,29,20.61,39833.45,5.8,3,Jaipur,26.9124,75.7873,Rajasthan
2025-09-28,34.0,25.8,29.6,37.0,29.4,0.6,0.6,18.0,48.6,69,19.08,39538.79,5.19,51,Jaipur,26.9124,75.7873,Rajasthan
2025-09-29,32.9,24.3,28.5,37.5,28.3,2.9,2.9,13.8,36.4,85,17.13,38752.78,4.28,53,Jaipur,26.9124,75.7873,Rajasthan
2025-09-30,32.0,24.9,26.8,37.8,29.9,15.5,15.5,7.5,22.0,82,16.3,26360.65,3.48,63,Jaipur,26.9124,75.7873,Rajasthan
2025-10-01,29.2,23.5,25.4,35.4,28.3,5.3,5.3,8.8,23.8,274,12.73,25759.01,2.62,63,Jaipur,26.9124,75.7873,Rajasthan
2025-10-02,30.8,22.2,26.5,36.4,26.6,4.5,4.5,8.9,22.0,74,17.99,39326.49,3.81,61,Jaipur,26.9124,75.7873,Rajasthan
2025-10-03,30.9,23.9,26.6,35.4,28.2,0.4,0.4,10.8,31.3,58,16.5,39397.11,3.56,51,Jaipur,26.9124,75.7873,Rajasthan
2025-10-04,31.2,24.0,27.3,36.0,28.4,0.6,0.6,10.1,24.5,308,18.31,39031.3,3.99,51,Jaipur,26.9124,75.7873,Rajasthan
2025-10-05,31.6,23.1,26.9,35.5,25.9,0.0,0.0,11.7,30.2,277,19.03,39600.0,4.39,3,Jaipur,26.9124,75.7873,Rajasthan
2025-10-06,26.0,21.7,23.4,29.4,23.8,30.4,30.4,14.2,31.7,233,10.76,22287.13,2.25,65,Jaipur,26.9124,75.7873,Rajasthan
2025-10-07,28.0,19.7,23.4,30.9,22.4,2.6,2.6,12.2,29.9,227,17.22,38561.67,3.63,61,Jaipur,26.9124,75.7873,Rajasthan
2025-10-08,27.6,19.3,23.1,28.4,21.1,0.0,0.0,10.6,27.7,328,19.35,39600.0,4.17,1,Jaipur,26.9124,75.7873,Rajasthan
2025-10-09,28.4,18.7,23.1,29.7,19.8,0.0,0.0,8.0,21.6,342,20.04,39600.0,4.28,0,Jaipur,26.9124,75.7873,Rajasthan
2025-10-10,28.9,18.0,23.3,30.6,18.7,0.0,0.0,7.0,19.4,337,19.4,39600.0,4.01,1,Jaipur,26.9124,75.7873,Rajasthan
2025-10-11,29.6,19.1,23.9,29.7,20.3,0.0,0.0,10.5,28.1,340,19.82,39600.0,4.49,0,Jaipur,26.9124,75.7873,Rajasthan
2025-10-12,30.3,19.4,24.5,31.2,20.6,0.0,0.0,9.7,24.5,359,19.17,39600.0,4.23,1,Jaipur,26.9124,75.7873,Rajasthan
2025-10-13,30.8,19.6,24.8,31.9,20.1,0.0,0.0,7.1,19.1,48,19.35,39600.0,4.15,0,Jaipur,26.9124,75.7873,Rajasthan
2025-10-14,30.4,19.2,24.5,30.8,18.9,0.0,0.0,10.3,20.9,76,19.52,39600.0,4.34,0,Jaipur,26.9124,75.7873,Rajasthan
2025-10-15,30.6,19.4,24.9,31.2,19.7,0.0,0.0,7.2,18.7,77,19.31,39600.0,4.12,0,Jaipur,26.9124,75.7873,Rajasthan
2025-10-16,30.8,19.7,24.8,31.4,19.5,0.0,0.0,8.1,20.9,328,19.24,39566.84,4.24,0,Jaipur,26.9124,75.7873,Rajasthan
2025-10-17,30.9,19.1,24.6,31.9,19.2,0.0,0.0,7.5,19.4,30,18.97,39533.18,4.15,1,Jaipur,26.9124,75.7873,Rajasthan
2025-10-18,30.0,18.8,24.0,30.9,18.9,0.0,0.0,8.0,19.8,50,18.78,39499.1,4.0,0,Jaipur,26.9124,75.7873,Rajasthan
2025-10-19,29.7,19.8,24.5,31.2,19.4,0.0,0.0,8.4,23.0,59,18.47,39464.61,3.93,0,Jaipur,26.9124,75.7873,Rajasthan
2025-10-20,30.4,19.3,24.6,31.1,19.8,0.0,0.0,9.6,27.7,68,17.63,37260.74,4.03,3,Jaipur,26.9124,75.7873,Rajasthan
2025-10-21,29.9,20.3,24.6,31.2,22.0,0.0,0.0,11.8,28.4,63,17.07,39094.59,3.82,1,Jaipur,26.9124,75.7873,Rajasthan
2025-10-22,31.2,20.0,25.2,31.9,21.5,0.0,0.0,11.2,22.3,15,17.34,39120.18,4.02,2,Jaipur,26.9124,75.7873,Rajasthan
2025-10-23,31.0,20.3,25.2,31.1,19.9,0.0,0.0,11.3,23.0,4,18.31,39322.52,4.8,0,Jaipur,26.9124,75.7873,Rajasthan
2025-10-24,31.1,18.6,24.4,30.9,18.5,0.0,0.0,9.5,20.5,39,18.28,39285.97,4.17,0,Jaipur,26.9124,75.7873,Rajasthan
2025-10-25,31.0,18.2,24.3,31.1,17.6,0.0,0.0,10.4,25.2,24,18.0,39199.17,4.45,0,Jaipur,26.9124,75.7873,Rajasthan
2025-10-26,29.7,18.7,24.2,30.0,17.8,0.0,0.0,11.2,31.3,59,17.45,38957.73,4.56,3,Jaipur,26.9124,75.7873,Rajasthan
2025-10-27,23.1,18.8,21.0,24.2,19.4,6.9,6.9,15.1,29.2,58,4.54,0.0,1.7,55,Jaipur,26.9124,75.7873,Rajasthan
2025-10-28,20.7,18.4,19.4,21.6,19.0,1.4,1.4,15.7,40.3,66,2.79,0.0,0.94,55,Jaipur,26.9124,75.7873,Rajasthan
2025-10-29,25.1,18.0,21.4,25.7,19.1,0.5,0.5,13.5,33.5,63,10.27,14429.2,2.44,53,Jaipur,26.9124,75.7873,Rajasthan
2025-10-30,22.8,20.0,21.4,25.9,21.4,7.4,7.4,12.6,24.1,38,2.88,0.0,0.78,55,Jaipur,26.9124,75.7873,Rajasthan
2025-10-31,25.5,20.1,22.5,29.4,23.3,1.1,1.1,5.8,14.0,84,7.72,13523.53,1.58,53,Jaipur,26.9124,75.7873,Rajasthan
2025-11-01,27.9,19.9,23.7,31.5,22.7,0.0,0.0,7.0,13.3,265,15.3,37495.08,3.07,2,Jaipur,26.9124,75.7873,Rajasthan
2025-11-02,28.5,18.3,22.8,29.5,19.7,0.0,0.0,6.2,15.1,320,16.91,37792.35,3.46,3,Jaipur,26.9124,75.7873,Rajasthan
2025-11-03,29.6,18.1,23.1,29.0,17.9,0.0,0.0,8.7,23.0,265,17.23,38090.75,3.75,3,Jaipur,26.9124,75.7873,Rajasthan
2025-11-04,26.1,20.1,22.5,27.6,20.9,0.3,0.3,10.7,22.3,183,14.08,32303.51,2.91,51,Jaipur,26.9124,75.7873,Rajasthan
2025-11-05,28.4,18.5,22.3,26.9,17.9,0.0,0.0,14.0,27.0,308,17.2,37871.66,4.22,3,Jaipur,26.9124,75.7873,Rajasthan
2025-11-06,26.0,15.7,20.0,23.9,14.2,0.0,0.0,11.2,25.2,341,17.22,37898.82,4.05,0,Jaipur,26.9124,75.7873,Rajasthan
2025-11-07,26.0,12.7,18.7,24.4,10.5,0.0,0.0,8.1,19.1,324,17.25,37926.29,3.82,0,Jaipur,26.9124,75.7873,Rajasthan
2025-11-08,26.2,12.1,18.7,24.4,10.4,0.0,0.0,9.3,24.1,329,16.83,37679.22,3.59,0,Jaipur,26.9124,75.7873,Rajasthan
2025-11-09,26.3,12.5,18.8,24.7,11.3,0.0,0.0,7.4,19.8,333,16.65,37431.37,3.38,0,Jaipur,26.9124,75.7873,Rajasthan
2025-11-10,26.2,12.8,18.8,25.1,11.5,0.0,0.0,10.4,18.7,305,16.43,37458.58,3.38,3,Jaipur,26.9124,75.7873,Rajasthan
2025-11-11,26.5,13.2,19.0,25.1,11.2,0.0,0.0,9.6,19.1,345,16.32,37209.57,3.5,1,Jaipur,26.9124,75.7873,Rajasthan
2025-11-12,26.3,13.0,19.2,25.1,11.9,0.0,0.0,6.9,18.0,300,16.1,37236.56,3.29,0,Jaipur,26.9124,75.7873,Rajasthan
2025-11-13,25.9,14.3,19.1,24.4,12.2,0.0,0.0,9.4,20.9,338,16.14,36986.27,3.69,0,Jaipur,26.9124,75.7873,Rajasthan
2025-11-14,25.6,12.2,18.0,24.3,10.7,0.0,0.0,7.3,16.2,340,16.12,37012.95,3.19,0,Jaipur,26.9124,75.7873,Rajasthan
2025-11-15,25.9,11.9,17.8,24.6,10.2,0.0,0.0,7.8,15.8,21,16.03,36761.23,3.18,0,Jaipur,26.9124,75.7873,Rajasthan
2025-11-16,25.7,11.9,18.0,24.2,10.2,0.0,0.0,7.6,15.1,352,15.96,36787.43,3.14,0,Jaipur,26.9124,75.7873,Rajasthan
2025-11-17,25.3,11.5,17.7,24.6,9.7,0.0,0.0,6.3,11.9,24,15.78,36813.62,2.94,0,Jaipur,26.9124,75.7873,Rajasthan
2025-11-18,25.3,12.2,17.9,24.8,10.9,0.0,0.0,5.9,11.9,8,15.62,36559.81,2.9,0,Jaipur,26.9124,75.7873,Rajasthan
2025-11-19,24.5,11.8,17.7,24.2,10.3,0.0,0.0,6.9,16.9,59,15.48,36585.33,2.94,3,Jaipur,26.9124,75.7873,Rajasthan
2025-11-20,24.6,13.3,18.2,24.7,13.0,0.0,0.0,4.7,16.6,188,15.14,36329.85,2.73,0,Jaipur,26.9124,75.7873,Rajasthan
2025-11-21,24.7,12.6,18.5,25.0,12.4,0.0,0.0,5.5,18.7,182,14.93,36072.67,2.7,0,Jaipur,26.9124,75.7873,Rajasthan
2025-11-22,24.9,13.8,18.5,24.9,13.8,0.0,0.0,6.2,17.3,201,14.84,36082.28,2.8,0,Jaipur,26.9124,75.7873,Rajasthan
2025-11-23,24.6,13.3,18.2,24.1,12.7,0.0,0.0,6.8,18.4,109,14.85,36093.43,2.75,0,Jaipur,26.9124,75.7873,Rajasthan
2025-11-24,23.9,11.8,17.3,23.2,10.5,0.0,0.0,7.4,16.9,62,14.94,36106.36,2.87,0,Jaipur,26.9124,75.7873,Rajasthan
2025-11-25,24.0,12.5,17.1,23.0,11.2,0.0,0.0,8.0,15.8,34,14.9,36121.24,2.84,0,Jaipur,26.9124,75.7873,Rajasthan
2025-11-26,23.3,11.4,16.6,21.7,9.3,0.0,0.0,9.2,21.6,58,14.43,35944.3,3.06,0,Jaipur,26.9124,75.7873,Rajasthan
2025-11-27,23.8,14.4,18.4,22.5,12.6,0.0,0.0,9.5,24.8,73,12.95,32338.38,2.94,3,Jaipur,26.9124,75.7873,Rajasthan
2025-11-28,25.0,14.9,18.9,26.0,14.2,0.9,0.9,8.2,16.6,44,11.57,35819.14,2.27,53,Jaipur,26.9124,75.7873,Rajasthan
2025-11-29,26.0,14.3,19.4,26.5,13.6,0.0,0.0,7.8,17.6,351,13.58,35829.09,2.69,1,Jaipur,26.9124,75.7873,Rajasthan
2025-11-30,24.7,14.4,18.9,24.6,14.5,0.0,0.0,9.2,24.1,272,12.43,35838.1,2.42,3,Jaipur,26.9124,75.7873,Rajasthan
2025-12-01,24.6,13.0,18.3,24.7,12.6,0.0,0.0,8.5,21.6,139,13.89,35930.76,2.64,0,Jaipur,26.9124,75.7873,Rajasthan
2025-12-02,25.1,15.6,19.3,23.2,14.7,0.0,0.0,12.0,27.4,286,14.0,35932.71,3.1,0,Jaipur,26.9124,75.7873,Rajasthan
2025-12-03,24.1,13.0,17.5,22.7,10.5,0.0,0.0,10.3,20.2,13,14.18,35936.15,3.16,3,Jaipur,26.9124,75.7873,Rajasthan
2025-12-04,22.8,10.9,16.3,20.3,8.3,0.0,0.0,9.1,25.2,340,14.37,35941.04,2.95,1,Jaipur,26.9124,75.7873,Rajasthan
2025-12-05,23.5,9.6,15.7,21.2,7.3,0.0,0.0,8.8,16.9,3,14.4,35947.36,2.77,0,Jaipur,26.9124,75.7873,Rajasthan
2025-12-06,23.3,10.4,16.5,21.1,7.7,0.0,0.0,8.0,18.7,327,13.92,35955.09,2.94,3,Jaipur,26.9124,75.7873,Rajasthan
2025-12-07,25.6,11.8,18.4,23.6,9.3,0.0,0.0,8.8,16.9,318,14.05,35964.17,3.17,3,Jaipur,26.9124,75.7873,Rajasthan
2025-12-08,27.3,12.9,19.3,25.2,10.6,0.0,0.0,9.4,20.2,339,14.02,35974.6,3.32,3,Jaipur,26.9124,75.7873,Rajasthan
2025-12-09,26.6,13.4,19.5,23.9,10.9,0.0,0.0,10.0,26.3,322,14.14,35986.34,3.6,0,Jaipur,26.9124,75.7873,Rajasthan
2025-12-10,25.7,12.7,19.0,22.9,10.4,0.0,0.0,10.1,23.0,303,14.19,35999.36,3.33,0,Jaipur,26.9124,75.7873,Rajasthan
2025-12-11,26.4,13.1,19.0,23.6,10.0,0.0,0.0,7.7,22.0,312,14.03,36000.0,3.36,0,Jaipur,26.9124,75.7873,Rajasthan
2025-12-12,26.4,12.7,18.8,24.0,10.4,0.0,0.0,6.9,18.0,301,13.99,36000.0,2.9,2,Jaipur,26.9124,75.7873,Rajasthan
2025-12-13,25.0,12.7,17.9,23.8,11.6,0.0,0.0,5.9,18.7,148,13.78,36000.0,2.6,3,Jaipur,26.9124,75.7873,Rajasthan
2025-12-14,24.2,12.2,17.6,23.5,11.5,0.0,0.0,6.7,18.4,99,13.04,31383.58,2.39,3,Jaipur,26.9124,75.7873,Rajasthan
2025-12-15,25.0,11.5,17.7,24.4,10.9,0.0,0.0,8.2,16.6,297,13.89,36000.0,2.62,3,Jaipur,26.9124,75.7873,Rajasthan
2025-12-16,25.5,11.7,18.1,23.9,10.5,0.0,0.0,7.8,18.0,334,14.02,36000.0,2.91,0,Jaipur,26.9124,75.7873,Rajasthan
2025-12-17,27.1,12.7,19.0,24.8,10.8,0.0,0.0,8.6,18.4,324,14.18,36000.0,3.31,0,Jaipur,26.9124,75.7873,Rajasthan
2025-12-18,25.6,12.1,18.1,23.9,10.3,0.0,0.0,8.0,16.9,348,14.0,36000.0,2.91,3,Jaipur,26.9124,75.7873,Rajasthan
2025-12-19,25.8,11.6,17.6,23.6,10.2,0.0,0.0,6.2,14.8,333,13.9,36000.0,2.65,3,Jaipur,26.9124,75.7873,Rajasthan
2025-12-20,25.6,12.1,17.9,24.1,10.9,0.0,0.0,5.9,17.3,171,13.65,36000.0,2.56,2,Jaipur,26.9124,75.7873,Rajasthan
2025-12-21,24.3,12.2,17.2,24.3,12.5,0.0,0.0,8.0,17.3,88,12.36,33980.01,2.26,3,Jaipur,26.9124,75.7873,Rajasthan
2025-12-22,25.1,11.7,17.5,24.9,11.8,0.0,0.0,7.1,15.1,119,13.23,33025.5,2.38,3,Jaipur,26.9124,75.7873,Rajasthan
2025-12-23,26.5,14.9,19.6,25.0,14.1,0.0,0.0,11.7,29.5,306,13.69,36000.0,3.41,0,Jaipur,26.9124,75.7873,Rajasthan
2025-12-24,22.0,12.2,16.7,19.3,10.2,0.0,0.0,11.3,24.8,325,14.23,36000.0,3.22,0,Jaipur,26.9124,75.7873,Rajasthan
2025-12-25,21.6,9.2,15.0,19.8,7.8,0.0,0.0,7.1,16.6,54,14.17,36000.0,2.53,3,Jaipur,26.9124,75.7873,Rajasthan
2025-12-26,21.5,10.3,15.0,19.9,9.5,0.0,0.0,5.1,16.2,98,13.9,36000.0,2.35,3,Jaipur,26.9124,75.7873,Rajasthan
2025-12-27,20.9,9.2,14.5,19.1,7.7,0.0,0.0,5.9,15.5,297,10.94,35052.73,1.98,3,Jaipur,26.9124,75.7873,Rajasthan
2025-12-28,21.8,8.3,14.8,20.0,6.9,0.0,0.0,6.7,20.2,244,14.11,36000.0,2.44,3,Jaipur,26.9124,75.7873,Rajasthan
2025-12-29,22.0,9.6,15.2,20.2,8.4,0.0,0.0,5.8,19.4,116,13.98,36000.0,2.47,3,Jaipur,26.9124,75.7873,Rajasthan
2025-12-30,22.1,9.0,15.2,20.8,8.0,0.0,0.0,6.2,21.6,149,14.01,36000.0,2.45,3,Jaipur,26.9124,75.7873,Rajasthan
2025-12-31,22.1,11.1,16.2,21.2,10.4,0.1,0.1,7.7,22.3,138,13.72,36000.0,2.51,51,Jaipur,26.9124,75.7873,Rajasthan
2026-01-01,19.4,12.2,14.9,20.1,12.0,3.0,3.0,7.8,18.4,54,9.29,20135.87,1.58,61,Jaipur,26.9124,75.7873,Rajasthan
2026-01-02,18.6,10.8,14.2,17.3,9.4,0.0,0.0,10.1,20.2,351,13.55,33476.46,2.27,3,Jaipur,26.9124,75.7873,Rajasthan
2026-01-03,16.6,7.2,11.9,15.9,6.0,0.0,0.0,7.7,20.2,56,12.91,35488.36,1.88,3,Jaipur,26.9124,75.7873,Rajasthan
2026-01-04,17.3,7.2,12.1,16.8,5.9,0.0,0.0,7.0,14.0,75,13.77,36000.0,2.07,1,Jaipur,26.9124,75.7873,Rajasthan
2026-01-05,17.2,7.0,11.9,16.7,5.5,0.0,0.0,7.1,18.7,58,13.78,33657.58,2.02,3,Jaipur,26.9124,75.7873,Rajasthan
2026-01-06,17.7,7.0,12.2,16.9,5.5,0.0,0.0,7.4,16.2,54,14.27,36000.0,2.19,3,Jaipur,26.9124,75.7873,Rajasthan
2026-01-07,17.3,7.2,11.5,16.7,5.8,0.0,0.0,9.0,18.4,37,13.35,36000.0,2.02,3,Jaipur,26.9124,75.7873,Rajasthan
2026-01-08,17.0,6.4,10.6,15.1,4.3,0.0,0.0,10.4,22.3,61,13.93,30832.82,2.14,3,Jaipur,26.9124,75.7873,Rajasthan
2026-01-09,17.0,8.3,11.7,15.8,5.6,7.8,7.8,12.6,36.0,62,14.12,36000.0,2.17,63,Jaipur,26.9124,75.7873,Rajasthan
2026-01-10,19.4,7.8,12.9,19.2,5.7,0.0,0.0,11.7,23.8,22,14.34,36000.0,2.4,0,Jaipur,26.9124,75.7873,Rajasthan
2026-01-11,19.6,8.0,12.9,19.1,5.3,0.0,0.0,10.6,22.3,20,14.63,36000.0,2.54,0,Jaipur,26.9124,75.7873,Rajasthan
2026-01-12,19.9,7.4,13.1,19.0,5.2,0.0,0.0,9.3,20.2,79,14.73,36000.0,2.48,0,Jaipur,26.9124,75.7873,Rajasthan
2026-01-13,21.8,8.4,14.4,20.8,7.0,0.0,0.0,8.7,18.7,39,14.85,36000.0,2.56,0,Jaipur,26.9124,75.7873,Rajasthan
2026-01-14,21.5,8.7,14.8,20.2,7.7,0.0,0.0,8.7,22.3,325,15.02,36000.0,2.75,0,Jaipur,26.9124,75.7873,Rajasthan
2026-01-15,22.2,8.0,14.5,20.7,6.2,0.0,0.0,7.8,16.6,348,15.29,36000.0,2.58,0,Jaipur,26.9124,75.7873,Rajasthan
2026-01-16,23.7,9.9,15.8,22.2,8.1,0.0,0.0,7.2,19.4,203,15.25,36000.0,2.79,3,Jaipur,26.9124,75.7873,Rajasthan
2026-01-17,23.9,9.6,16.0,22.9,8.4,0.0,0.0,5.8,20.5,120,15.25,36000.0,2.77,1,Jaipur,26.9124,75.7873,Rajasthan
2026-01-18,24.1,11.7,16.9,22.6,10.8,0.0,0.0,11.8,26.3,62,13.43,36000.0,2.83,2,Jaipur,26.9124,75.7873,Rajasthan
2026-01-19,23.9,12.1,17.3,23.1,11.4,0.0,0.0,9.1,21.2,30,14.05,36000.0,2.67,2,Jaipur,26.9124,75.7873,Rajasthan
2026-01-20,23.4,11.2,17.1,22.4,10.7,0.0,0.0,4.7,17.6,9,15.34,36000.0,2.65,0,Jaipur,26.9124,75.7873,Rajasthan
2026-01-21,23.4,10.9,16.7,22.3,8.9,0.0,0.0,8.5,22.3,97,15.46,36000.0,2.95,0,Jaipur,26.9124,75.7873,Rajasthan
2026-01-22,25.0,11.2,17.7,23.2,9.8,0.0,0.0,14.2,34.2,123,15.27,36000.0,3.23,2,Jaipur,26.9124,75.7873,Rajasthan
2026-01-23,20.1,11.8,16.2,19.3,8.3,9.8,9.8,15.6,43.6,253,11.16,29378.88,2.43,63,Jaipur,26.9124,75.7873,Rajasthan
2026-01-24,16.9,7.5,11.6,13.5,3.1,0.0,0.0,13.9,33.5,7,14.97,32584.64,3.24,3,Jaipur,26.9124,75.7873,Rajasthan
2026-01-25,17.5,5.6,11.1,15.0,2.5,0.0,0.0,12.5,25.6,344,16.55,36000.0,2.94,2,Jaipur,26.9124,75.7873,Rajasthan
2026-01-26,19.3,6.5,12.9,18.3,4.1,0.0,0.0,11.6,23.4,66,13.65,34098.49,2.56,3,Jaipur,26.9124,75.7873,Rajasthan
2026-01-27,21.5,12.5,15.7,21.0,11.1,18.5,18.5,15.6,41.0,118,10.64,26915.36,2.01,65,Jaipur,26.9124,75.7873,Rajasthan
2026-01-28,19.7,11.6,14.5,19.2,9.9,0.0,0.0,13.6,31.0,348,15.74,30567.59,2.7,3,Jaipur,26.9124,75.7873,Rajasthan
2026-01-29,19.8,9.2,13.7,19.6,7.8,0.0,0.0,8.6,16.2,20,16.41,36000.0,2.62,3,Jaipur,26.9124,75.7873,Rajasthan
2026-01-30,19.8,9.4,14.0,19.3,8.1,0.0,0.0,6.9,18.0,93,16.68,36115.37,2.71,3,Jaipur,26.9124,75.7873,Rajasthan
2026-01-31,21.2,11.5,16.1,20.9,10.5,0.7,0.7,11.2,26.3,117,13.48,35822.29,2.46,51,Jaipur,26.9124,75.7873,Rajasthan
2026-02-01,22.2,12.6,17.4,24.2,12.6,0.8,0.8,10.2,23.0,93,14.78,34480.84,2.61,51,Jaipur,26.9124,75.7873,Rajasthan
2026-02-02,22.8,12.8,16.9,23.4,12.0,0.0,0.0,10.8,23.4,13,16.44,36312.92,3.02,3,Jaipur,26.9124,75.7873,Rajasthan
2026-02-03,21.8,11.1,15.9,21.3,10.2,0.0,0.0,8.7,20.5,48,16.75,36287.13,2.91,3,Jaipur,26.9124,75.7873,Rajasthan
2026-02-04,22.5,10.7,16.1,21.5,9.5,0.0,0.0,10.2,21.6,14,17.17,36534.64,3.24,3,Jaipur,26.9124,75.7873,Rajasthan
2026-02-05,22.2,11.0,15.8,20.9,8.9,0.0,0.0,9.1,24.8,328,17.47,36781.33,3.25,0,Jaipur,26.9124,75.7873,Rajasthan
2026-02-06,24.9,10.2,17.0,22.9,8.1,0.0,0.0,7.9,22.7,328,17.84,36755.11,3.5,2,Jaipur,26.9124,75.7873,Rajasthan
2026-02-07,25.7,12.0,18.4,23.8,10.5,0.0,0.0,9.7,27.7,306,17.25,36729.19,3.78,3,Jaipur,26.9124,75.7873,Rajasthan
2026-02-08,25.7,12.5,19.0,23.9,10.4,0.0,0.0,12.2,26.3,331,17.98,36974.66,3.9,3,Jaipur,26.9124,75.7873,Rajasthan
2026-02-09,25.4,12.0,18.7,24.6,11.4,0.0,0.0,11.0,29.5,96,17.2,36948.84,3.74,3,Jaipur,26.9124,75.7873,Rajasthan
2026-02-10,26.5,14.0,19.9,26.2,12.7,0.0,0.0,9.8,24.5,101,16.83,36923.38,3.73,1,Jaipur,26.9124,75.7873,Rajasthan
2026-02-11,27.9,15.3,20.9,27.4,14.4,0.0,0.0,10.4,24.1,55,16.98,36358.86,3.67,3,Jaipur,26.9124,75.7873,Rajasthan
2026-02-12,26.5,14.9,20.5,25.7,14.0,0.0,0.0,12.1,24.5,350,17.96,36000.0,4.01,3,Jaipur,26.9124,75.7873,Rajasthan
2026-02-13,26.2,13.5,19.2,25.1,12.8,0.0,0.0,8.0,24.8,336,18.41,37654.85,3.7,3,Jaipur,26.9124,75.7873,Rajasthan
2026-02-14,27.3,13.1,19.6,25.6,11.7,0.0,0.0,8.9,25.6,341,18.71,37628.94,3.82,1,Jaipur,26.9124,75.7873,Rajasthan
2026-02-15,28.5,15.7,21.4,26.7,13.6,0.0,0.0,11.1,31.7,305,18.69,37871.08,4.38,0,Jaipur,26.9124,75.7873,Rajasthan
2026-02-16,28.7,15.1,21.2,27.5,14.5,0.0,0.0,9.4,28.8,161,18.67,37845.2,4.11,0,Jaipur,26.9124,75.7873,Rajasthan
2026-02-17,28.3,17.0,22.2,27.1,15.4,0.0,0.0,11.8,31.7,108,18.12,37819.57,4.52,3,Jaipur,26.9124,75.7873,Rajasthan
2026-02-18,21.6,15.0,17.7,20.2,14.1,12.6,12.6,18.9,45.4,55,9.47,15773.11,2.22,63,Jaipur,26.9124,75.7873,Rajasthan
2026-02-19,22.8,13.2,17.7,22.9,12.9,0.5,0.5,8.6,21.6,70,15.54,37769.16,2.9,51,Jaipur,26.9124,75.7873,Rajasthan
2026-02-20,25.1,15.2,19.7,26.2,14.8,0.0,0.0,8.9,20.5,43,17.99,38009.99,3.48,1,Jaipur,26.9124,75.7873,Rajasthan
2026-02-21,25.8,15.0,19.9,26.8,15.0,0.0,0.0,7.4,18.4,337,19.29,38515.52,3.73,0,Jaipur,26.9124,75.7873,Rajasthan
2026-02-22,27.1,14.9,20.8,27.6,14.9,0.0,0.0,6.5,21.6,248,18.55,38225.35,3.63,1,Jaipur,26.9124,75.7873,Rajasthan
2026-02-23,26.5,16.4,20.6,26.6,16.1,2.6,2.6,14.4,28.8,141,14.56,35892.35,3.12,61,Jaipur,26.9124,75.7873,Rajasthan
2026-02-24,28.1,16.3,21.3,27.8,15.7,0.0,0.0,9.9,22.7,63,18.38,38440.48,3.79,3,Jaipur,26.9124,75.7873,Rajasthan
2026-02-25,28.9,15.8,21.8,28.6,15.0,0.0,0.0,11.3,24.1,57,18.69,38679.82,4.21,1,Jaipur,26.9124,75.7873,Rajasthan
2026-02-26,30.1,15.9,22.5,29.1,15.0,0.0,0.0,11.6,33.1,17,20.09,39185.77,4.52,0,Jaipur,26.9124,75.7873,Rajasthan
2026-02-27,31.3,17.1,23.6,30.0,16.0,0.0,0.0,11.0,31.0,199,18.13,37885.02,4.28,3,Jaipur,26.9124,75.7873,Rajasthan
2026-02-28,30.3,19.3,24.4,30.0,19.2,0.0,0.0,11.0,25.2,289,16.32,31999.44,4.23,3,Jaipur,26.9124,75.7873,Rajasthan
2026-03-01,31.5,18.6,24.4,30.2,17.7,0.0,0.0,15.7,42.1,338,20.41,39466.77,4.9,0,Jaipur,26.9124,75.7873,Rajasthan
2026-03-02,31.8,17.8,25.0,30.0,16.9,0.0,0.0,12.9,36.0,302,20.47,39472.21,5.18,0,Jaipur,26.9124,75.7873,Rajasthan
2026-03-03,32.4,18.2,25.5,30.5,17.5,0.0,0.0,12.6,35.6,311,21.05,39738.03,5.45,0,Jaipur,26.9124,75.7873,Rajasthan
2026-03-04,33.5,19.6,26.9,31.6,17.2,0.0,0.0,13.5,36.7,304,21.23,40002.61,6.29,0,Jaipur,26.9124,75.7873,Rajasthan
2026-03-05,34.0,21.8,27.7,32.8,19.1,0.0,0.0,14.6,38.9,305,21.14,40005.53,6.71,0,Jaipur,26.9124,75.7873,Rajasthan
2026-03-06,34.4,22.2,27.4,33.1,19.7,0.0,0.0,11.3,25.9,300,21.64,40267.62,5.79,0,Jaipur,26.9124,75.7873,Rajasthan
2026-03-07,34.6,18.6,27.0,34.4,18.3,0.0,0.0,7.3,23.0,252,21.56,40268.69,4.84,0,Jaipur,26.9124,75.7873,Rajasthan
2026-03-08,36.0,19.5,27.9,35.6,18.9,0.0,0.0,11.6,31.0,299,21.6,40528.7,5.4,0,Jaipur,26.9124,75.7873,Rajasthan
2026-03-09,36.0,23.8,29.4,34.3,20.8,0.0,0.0,11.7,31.0,315,21.93,40787.66,6.27,0,Jaipur,26.9124,75.7873,Rajasthan
2026-03-10,36.2,19.9,27.8,34.9,19.6,0.0,0.0,10.6,27.0,326,22.03,40786.51,5.22,0,Jaipur,26.9124,75.7873,Rajasthan
2026-03-11,35.4,20.4,28.2,34.1,19.4,0.0,0.0,11.1,32.4,289,21.95,41043.99,5.65,3,Jaipur,26.9124,75.7873,Rajasthan
2026-03-12,34.7,23.1,28.3,31.4,20.3,0.0,0.0,17.3,44.3,273,20.22,37034.79,6.28,3,Jaipur,26.9124,75.7873,Rajasthan
2026-03-13,33.9,22.5,27.7,34.4,21.7,0.0,0.0,14.0,37.4,348,19.32,38780.64,5.59,3,Jaipur,26.9124,75.7873,Rajasthan
2026-03-14,32.6,20.5,26.1,32.3,19.2,0.4,0.4,12.3,31.0,67,19.83,38919.7,5.49,51,Jaipur,26.9124,75.7873,Rajasthan
2026-03-15,33.5,20.8,27.1,30.7,19.6,0.0,0.0,19.5,50.4,260,21.32,41722.34,6.13,3,Jaipur,26.9124,75.7873,Rajasthan
2026-03-16,31.9,17.4,25.4,30.7,16.7,0.0,0.0,17.9,34.2,302,22.53,41946.59,5.96,3,Jaipur,26.9124,75.7873,Rajasthan
2026-03-17,31.5,18.2,24.8,30.4,17.8,0.0,0.0,18.4,38.9,20,20.37,41912.47,5.31,3,Jaipur,26.9124,75.7873,Rajasthan
2026-03-18,32.2,19.7,24.7,32.4,18.9,0.0,0.0,21.9,52.2,52,20.66,39795.18,5.49,3,Jaipur,26.9124,75.7873,Rajasthan
2026-03-19,28.4,18.2,22.5,29.8,17.3,16.0,16.0,16.6,37.8,24,16.32,28263.34,3.99,65,Jaipur,26.9124,75.7873,Rajasthan
2026-03-20,23.8,16.6,19.3,25.8,17.1,6.9,6.9,10.7,27.0,330,17.82,35389.22,3.49,61,Jaipur,26.9124,75.7873,Rajasthan
2026-03-21,26.5,15.1,20.8,27.3,15.7,0.0,0.0,12.3,23.0,6,19.79,42811.81,3.87,3,Jaipur,26.9124,75.7873,Rajasthan
2026-03-22,28.5,17.4,22.9,29.5,17.9,0.0,0.0,7.6,23.8,40,20.6,38507.49,4.47,3,Jaipur,26.9124,75.7873,Rajasthan
2026-03-23,26.7,18.3,22.2,28.5,18.4,0.7,0.7,15.2,34.2,69,18.23,35754.66,3.86,51,Jaipur,26.9124,75.7873,Rajasthan
2026-03-24,30.4,17.7,23.9,31.1,18.9,0.0,0.0,10.5,26.6,342,21.78,42973.74,4.92,3,Jaipur,26.9124,75.7873,Rajasthan
2026-03-25,31.5,18.5,25.0,32.1,18.2,0.0,0.0,11.3,24.1,71,21.17,41292.47,4.86,3,Jaipur,26.9124,75.7873,Rajasthan
2026-03-26,34.1,21.3,27.5,34.0,20.3,0.0,0.0,13.3,29.2,55,21.54,39306.09,5.83,3,Jaipur,26.9124,75.7873,Rajasthan
2026-03-27,32.3,21.9,27.4,32.6,22.0,0.0,0.0,14.6,37.4,333,21.2,39600.0,5.77,3,Jaipur,26.9124,75.7873,Rajasthan
2026-03-28,34.3,20.2,27.8,34.0,21.6,0.0,0.0,14.5,38.9,263,20.7,42002.24,5.47,3,Jaipur,26.9124,75.7873,Rajasthan
2026-03-29,35.4,22.6,29.1,34.7,22.3,0.0,0.0,18.7,42.8,240,22.49,42211.17,6.59,3,Jaipur,26.9124,75.7873,Rajasthan
2026-03-30,32.6,24.5,27.4,32.3,24.3,4.4,4.4,18.4,64.1,270,16.89,31514.43,4.94,63,Jaipur,26.9124,75.7873,Rajasthan
2026-03-31,32.9,21.0,25.5,32.9,21.4,1.0,1.0,16.8,45.4,262,18.68,38318.84,5.0,51,Jaipur,26.9124,75.7873,Rajasthan
2026-04-01,31.5,19.3,24.9,33.0,19.8,0.0,0.0,11.1,30.2,84,20.29,38862.37,4.88,3,Jaipur,26.9124,75.7873,Rajasthan
2026-04-02,34.0,21.9,27.6,34.5,22.3,0.1,0.1,16.9,35.6,153,22.08,40946.88,5.93,51,Jaipur,26.9124,75.7873,Rajasthan
2026-04-03,30.1,20.8,24.5,30.1,20.7,1.1,1.1,18.4,42.8,285,16.75,28304.02,4.89,53,Jaipur,26.9124,75.7873,Rajasthan
2026-04-04,28.5,19.9,23.2,29.7,19.7,2.7,2.7,11.5,34.6,160,18.09,31086.44,4.14,61,Jaipur,26.9124,75.7873,Rajasthan
2026-04-05,30.7,19.8,25.2,30.0,19.5,0.0,0.0,11.9,32.4,307,22.37,42996.82,5.79,2,Jaipur,26.9124,75.7873,Rajasthan
2026-04-06,30.6,19.6,24.9,29.5,18.7,0.2,0.2,15.3,42.8,302,20.87,42389.42,5.23,51,Jaipur,26.9124,75.7873,Rajasthan
2026-04-07,25.7,17.9,21.5,26.2,18.6,8.1,8.1,15.4,48.6,207,13.69,18375.18,3.17,63,Jaipur,26.9124,75.7873,Rajasthan
2026-04-08,26.9,16.7,21.8,26.3,18.2,0.9,0.9,13.6,34.9,240,20.7,39653.81,4.52,53,Jaipur,26.9124,75.7873,Rajasthan
2026-04-09,30.1,17.6,23.5,30.3,17.0,0.0,0.0,13.2,32.4,11,21.32,42873.74,5.17,2,Jaipur,26.9124,75.7873,Rajasthan
2026-04-10,32.2,18.7,25.8,30.2,16.8,0.0,0.0,14.6,36.0,336,24.49,43200.0,6.89,0,Jaipur,26.9124,75.7873,Rajasthan
2026-04-11,35.5,20.1,27.6,34.3,20.1,0.0,0.0,20.6,49.3,308,23.51,43200.0,6.45,2,Jaipur,26.9124,75.7873,Rajasthan
2026-04-12,34.4,23.0,28.7,32.5,21.3,0.0,0.0,14.0,38.5,344,24.8,43200.0,7.12,0,Jaipur,26.9124,75.7873,Rajasthan
2026-04-13,35.4,21.4,28.7,34.9,19.3,0.0,0.0,10.2,31.0,342,24.62,43200.0,6.27,2,Jaipur,26.9124,75.7873,Rajasthan
2026-04-14,37.7,22.9,30.5,36.9,21.4,0.0,0.0,13.7,33.5,179,23.99,43200.0,6.38,3,Jaipur,26.9124,75.7873,Rajasthan
2026-04-15,39.4,25.1,31.9,38.6,23.0,0.0,0.0,14.0,40.0,21,24.05,42983.68,7.6,2,Jaipur,26.9124,75.7873,Rajasthan
2026-04-16,39.0,24.5,32.1,38.2,22.8,0.0,0.0,13.9,36.7,130,24.33,42436.47,6.89,3,Jaipur,26.9124,75.7873,Rajasthan
2026-04-17,38.9,26.2,32.8,38.5,25.1,0.0,0.0,13.5,34.2,211,21.83,39600.0,6.42,3,Jaipur,26.9124,75.7873,Rajasthan
2026-04-18,39.1,24.9,32.2,39.0,24.5,0.0,0.0,12.9,32.0,232,24.66,43200.0,6.88,3,Jaipur,26.9124,75.7873,Rajasthan
2026-04-19,39.1,27.3,33.4,37.9,24.9,0.0,0.0,14.5,35.3,289,23.37,43200.0,7.76,3,Jaipur,26.9124,75.7873,Rajasthan
2026-04-20,39.2,26.5,32.9,38.5,24.0,0.0,0.0,16.8,43.6,299,24.67,43060.86,7.99,1,Jaipur,26.9124,75.7873,Rajasthan
2026-04-21,39.3,26.0,33.1,37.6,23.9,0.0,0.0,18.0,45.4,277,24.15,42854.64,7.87,1,Jaipur,26.9124,75.7873,Rajasthan
2026-04-22,39.3,27.7,33.4,37.6,23.6,0.0,0.0,17.5,41.8,268,24.87,42965.3,9.52,0,Jaipur,26.9124,75.7873,Rajasthan
2026-04-23,38.6,26.5,32.6,37.0,23.2,0.0,0.0,13.3,31.7,257,25.42,43074.07,8.0,0,Jaipur,26.9124,75.7873,Rajasthan
2026-04-24,41.3,28.0,34.3,41.6,25.0,0.0,0.0,14.5,32.4,308,23.34,41182.34,7.63,3,Jaipur,26.9124,75.7873,Rajasthan
2026-04-25,41.6,29.9,35.4,42.5,27.9,0.0,0.0,15.7,38.2,340,21.43,40491.74,7.11,3,Jaipur,26.9124,75.7873,Rajasthan
2026-04-26,41.1,30.5,36.1,39.7,29.1,0.0,0.0,16.2,41.8,294,20.97,39657.68,7.66,3,Jaipur,26.9124,75.7873,Rajasthan
2026-04-27,42.1,30.4,35.4,41.3,28.4,0.6,0.6,21.6,51.8,299,22.22,35564.27,8.82,53,Jaipur,26.9124,75.7873,Rajasthan
2026-04-28,39.3,27.8,33.7,40.2,27.6,0.0,0.0,15.9,42.8,250,23.31,42403.21,6.66,2,Jaipur,26.9124,75.7873,Rajasthan
2026-04-29,39.2,29.8,33.9,37.7,28.1,0.0,0.0,18.6,48.2,283,23.04,41922.64,7.87,3,Jaipur,26.9124,75.7873,Rajasthan
2026-04-30,39.0,26.3,32.8,38.5,25.3,0.0,0.0,18.7,43.6,274,23.13,39360.92,7.55,3,Jaipur,26.9124,75.7873,Rajasthan
2026-05-01,39.7,23.1,31.3,39.2,23.6,0.0,0.0,16.1,42.5,250,23.21,41536.72,6.92,1,Jaipur,26.9124,75.7873,Rajasthan
2026-05-02,39.7,25.2,33.1,39.6,25.9,0.0,0.0,14.2,39.2,296,23.03,41310.22,6.95,3,Jaipur,26.9124,75.7873,Rajasthan
2026-05-03,39.4,26.3,33.3,39.2,27.1,0.0,0.0,17.9,43.2,210,23.0,40234.18,7.48,3,Jaipur,26.9124,75.7873,Rajasthan
2026-05-04,33.8,22.8,28.2,34.9,23.5,0.3,0.3,13.2,35.3,108,22.88,39397.42,6.13,51,Jaipur,26.9124,75.7873,Rajasthan
2026-05-05,32.8,22.0,27.1,35.5,22.9,0.0,0.0,10.4,24.1,32,22.97,39160.18,5.62,3,Jaipur,26.9124,75.7873,Rajasthan
2026-05-06,35.2,22.2,28.8,35.3,23.5,0.0,0.0,11.0,31.0,298,23.44,41122.85,5.92,1,Jaipur,26.9124,75.7873,Rajasthan
2026-05-07,38.0,24.4,29.8,36.5,23.9,0.0,0.0,19.6,46.4,123,21.5,39524.4,6.57,2,Jaipur,26.9124,75.7873,Rajasthan
2026-05-08,37.4,22.0,29.5,38.0,22.4,0.0,0.0,12.7,36.4,86,20.91,39428.17,6.04,3,Jaipur,26.9124,75.7873,Rajasthan
2026-05-09,38.1,25.5,31.3,38.9,25.3,0.0,0.0,13.8,33.5,55,22.81,39674.46,6.89,2,Jaipur,26.9124,75.7873,Rajasthan
2026-05-10,38.2,25.7,32.0,40.1,26.7,0.0,0.0,13.6,28.4,98,23.25,40635.74,6.51,3,Jaipur,26.9124,75.7873,Rajasthan
2026-05-11,38.6,27.3,33.1,40.4,28.1,0.0,0.0,11.3,30.6,102,22.26,39045.66,6.62,3,Jaipur,26.9124,75.7873,Rajasthan
2026-05-12,41.5,28.1,35.3,40.2,29.4,0.4,0.4,20.6,51.5,282,23.8,42266.51,8.61,51,Jaipur,26.9124,75.7873,Rajasthan
2026-05-13,42.1,29.2,35.5,41.1,30.2,0.0,0.0,19.6,49.3,308,24.93,43200.0,8.06,1,Jaipur,26.9124,75.7873,Rajasthan
2026-05-14,40.3,26.8,33.7,41.1,27.0,0.0,0.0,18.6,42.5,315,24.09,42241.03,7.45,3,Jaipur,26.9124,75.7873,Rajasthan
2026-05-15,38.9,26.5,33.3,39.5,27.6,0.3,0.3,16.2,38.2,333,24.7,42208.55,7.47,51,Jaipur,26.9124,75.7873,Rajasthan
2026-05-16,40.2,27.9,34.6,40.7,27.6,0.0,0.0,13.4,31.3,351,24.0,43200.0,7.44,1,Jaipur,26.9124,75.7873,Rajasthan
2026-05-17,41.7,28.8,35.8,41.1,28.5,0.0,0.0,17.3,41.0,287,25.0,43200.0,8.16,0,Jaipur,26.9124,75.7873,Rajasthan
2026-05-18,42.6,30.8,37.3,41.4,30.4,0.0,0.0,16.4,43.2,291,25.9,43200.0,9.32,0,Jaipur,26.9124,75.7873,Rajasthan
2026-05-19,42.7,31.7,37.2,43.1,28.8,0.0,0.0,16.3,36.7,288,25.84,43200.0,8.94,0,Jaipur,26.9124,75.7873,Rajasthan
2026-05-20,40.9,31.5,36.1,40.5,29.9,0.0,0.0,14.6,38.2,253,26.03,43200.0,9.17,0,Jaipur,26.9124,75.7873,Rajasthan
2026-05-21,40.7,31.7,35.8,39.2,29.2,0.0,0.0,18.2,45.7,264,26.41,43200.0,10.03,0,Jaipur,26.9124,75.7873,Rajasthan
2026-05-22,40.3,31.1,35.7,39.8,29.4,0.0,0.0,16.3,42.1,279,25.93,43200.0,9.43,0,Jaipur,26.9124,75.7873,Rajasthan
2026-05-23,41.2,31.3,36.1,39.0,29.5,0.0,0.0,21.2,51.8,281,21.83,42712.18,8.59,2,Jaipur,26.9124,75.7873,Rajasthan
2026-05-24,41.9,31.7,36.7,40.5,30.0,0.0,0.0,19.6,50.0,269,24.6,43200.0,10.52,1,Jaipur,26.9124,75.7873,Rajasthan
2026-05-25,42.2,30.9,36.3,40.6,29.2,0.0,0.0,18.6,48.2,257,25.58,43200.0,10.35,1,Jaipur,26.9124,75.7873,Rajasthan
2026-05-26,41.6,32.0,37.0,42.1,33.6,0.1,0.1,16.3,36.7,274,23.98,43200.0,8.91,51,Jaipur,26.9124,75.7873,Rajasthan
2026-05-27,42.7,32.4,37.7,41.6,32.1,0.0,0.0,19.1,46.8,279,25.43,43200.0,10.46,0,Jaipur,26.9124,75.7873,Rajasthan
2026-05-28,43.7,31.0,37.4,43.6,31.0,0.0,0.0,18.2,48.2,269,25.39,43200.0,9.8,1,Jaipur,26.9124,75.7873,Rajasthan
2026-05-29,39.5,25.4,31.6,41.1,26.5,0.8,0.8,16.6,42.8,145,23.87,39928.51,7.02,53,Jaipur,26.9124,75.7873,Rajasthan
2026-05-30,35.7,24.0,28.7,38.7,26.4,0.0,0.0,19.8,50.0,125,25.25,43200.0,6.13,3,Jaipur,26.9124,75.7873,Rajasthan
2026-05-31,35.5,23.8,29.5,37.1,25.7,0.3,0.3,13.5,35.3,272,24.54,42356.94,6.48,51,Jaipur,26.9124,75.7873,Rajasthan
2026-06-01,36.0,22.8,29.0,39.2,25.6,1.3,1.3,13.9,52.6,243,23.34,39555.81,5.95,53,Jaipur,26.9124,75.7873,Rajasthan
2026-06-02,33.8,24.4,29.2,37.0,27.0,0.5,0.5,9.7,30.6,212,24.21,42414.71,5.68,51,Jaipur,26.9124,75.7873,Rajasthan
2026-06-03,38.6,27.5,33.3,40.8,29.6,0.0,0.0,11.9,32.0,287,24.87,43200.0,6.74,0,Jaipur,26.9124,75.7873,Rajasthan
2026-06-04,38.0,27.2,32.5,39.1,28.9,0.5,0.5,17.2,45.0,248,23.52,43200.0,6.72,51,Jaipur,26.9124,75.7873,Rajasthan
2026-06-05,34.9,21.9,29.0,38.4,24.3,1.8,1.8,14.5,34.9,214,22.58,36999.82,5.4,61,Jaipur,26.9124,75.7873,Rajasthan
2026-06-06,39.3,27.1,32.9,41.8,29.0,0.5,0.5,11.5,32.8,264,23.21,41968.28,6.42,51,Jaipur,26.9124,75.7873,Rajasthan
2026-06-07,38.6,26.5,32.8,42.4,28.4,0.1,0.1,12.0,32.0,268,24.21,43200.0,6.87,51,Jaipur,26.9124,75.7873,Rajasthan
2026-06-08,40.4,28.6,34.6,41.2,30.3,0.0,0.0,16.3,43.2,271,23.95,43200.0,7.74,1,Jaipur,26.9124,75.7873,Rajasthan
2026-06-09,41.0,31.0,35.8,41.9,33.2,0.0,0.0,17.8,44.3,269,25.06,43200.0,8.67,1,Jaipur,26.9124,75.7873,Rajasthan
2026-06-10,40.9,30.2,35.5,42.4,32.8,0.0,0.0,20.4,49.7,250,25.17,43283.86,8.56,1,Jaipur,26.9124,75.7873,Rajasthan
2026-06-11,40.1,28.6,35.4,43.5,32.3,0.8,0.8,16.0,59.0,225,24.78,42555.94,8.27,51,Jaipur,26.9124,75.7873,Rajasthan
2026-06-12,36.8,23.9,30.4,40.7,24.1,8.2,8.2,25.2,57.6,97,23.9,40264.37,6.31,63,Jaipur,26.9124,75.7873,Rajasthan
2026-06-13,33.8,23.4,28.6,37.4,27.3,0.0,0.0,10.8,28.4,148,22.1,34281.0,5.1,3,Jaipur,26.9124,75.7873,Rajasthan
2026-06-14,36.7,26.2,30.4,40.2,29.1,1.0,1.0,16.1,36.7,244,23.65,39600.0,6.1,53,Jaipur,26.9124,75.7873,Rajasthan
2026-06-15,35.5,25.6,29.9,39.9,28.3,0.0,0.0,11.8,26.6,274,24.54,40258.82,6.07,3,Jaipur,26.9124,75.7873,Rajasthan
2026-06-16,35.9,25.9,30.7,39.9,28.8,0.0,0.0,13.6,28.8,288,24.21,43200.0,5.85,3,Jaipur,26.9124,75.7873,Rajasthan
2026-06-17,36.0,25.1,30.6,39.5,28.7,1.2,1.2,10.8,25.6,281,23.32,39733.1,5.81,55,Jaipur,26.9124,75.7873,Rajasthan
2026-06-18,36.4,27.1,31.8,40.1,30.2,0.3,0.3,12.2,33.1,283,23.85,43200.0,6.51,51,Jaipur,26.9124,75.7873,Rajasthan
2026-06-19,35.0,26.6,30.8,38.3,29.3,0.6,0.6,11.5,28.8,271,23.54,43063.12,6.09,51,Jaipur,26.9124,75.7873,Rajasthan
2026-06-20,35.7,27.3,31.2,38.5,30.2,1.8,1.8,15.6,40.0,278,22.12,43200.0,6.25,55,Jaipur,26.9124,75.7873,Rajasthan
2026-06-21,34.9,26.6,30.6,37.2,28.6,1.1,1.1,16.9,41.8,273,23.17,43200.0,6.32,53,Jaipur,26.9124,75.7873,Rajasthan
2026-06-22,35.9,22.9,30.2,38.4,27.4,2.5,2.5,14.9,39.6,276,20.31,32400.0,5.72,61,Jaipur,26.9124,75.7873,Rajasthan
2026-06-23,37.3,27.5,32.0,38.9,29.1,0.0,0.0,14.6,38.5,276,24.06,43200.0,6.61,3,Jaipur,26.9124,75.7873,Rajasthan
2026-06-24,36.2,26.6,31.3,38.4,29.3,0.7,0.7,14.2,49.3,242,18.8,32768.39,5.07,51,Jaipur,26.9124,75.7873,Rajasthan
2026-06-25,35.1,27.6,31.4,39.1,30.1,1.3,1.3,12.6,33.5,256,20.61,38537.25,5.63,53,Jaipur,26.9124,75.7873,Rajasthan
2026-06-26,37.2,27.0,32.2,42.4,30.0,0.8,0.8,11.7,28.1,274,24.08,43200.0,6.08,51,Jaipur,26.9124,75.7873,Rajasthan
2026-06-27,38.1,28.6,33.6,41.9,32.3,0.2,0.2,12.4,27.7,297,24.75,43200.0,6.82,51,Jaipur,26.9124,75.7873,Rajasthan
2026-06-28,39.3,28.1,33.8,42.3,31.7,1.5,1.5,14.0,36.0,269,24.05,43200.0,7.15,53,Jaipur,26.9124,75.7873,Rajasthan
2026-06-29,38.3,28.4,33.7,42.1,32.8,0.4,0.4,12.5,34.6,256,24.06,41699.77,6.81,51,Jaipur,26.9124,75.7873,Rajasthan
2026-06-30,38.2,31.1,34.6,42.0,32.6,0.1,0.1,16.3,40.0,264,24.3,43200.0,7.44,51,Jaipur,26.9124,75.7873,Rajasthan
2026-07-01,37.2,29.1,32.1,42.3,32.6,1.9,1.9,12.6,35.3,202,22.22,41679.92,5.92,53,Jaipur,26.9124,75.7873,Rajasthan
2026-07-02,33.8,24.4,29.2,39.4,28.9,17.8,17.8,20.4,31.3,220,17.0,25672.35,4.01,63,Jaipur,26.9124,75.7873,Rajasthan
2026-07-03,33.4,25.4,29.1,38.8,31.0,6.2,6.2,11.3,42.1,297,19.65,36190.69,4.47,63,Jaipur,26.9124,75.7873,Rajasthan
2026-07-04,33.3,27.0,30.0,39.7,32.3,0.3,0.3,7.3,21.6,343,18.78,30854.42,4.27,51,Jaipur,26.9124,75.7873,Rajasthan
2026-07-05,34.9,26.1,30.7,41.1,31.1,12.7,12.7,13.3,24.1,77,22.52,40497.0,5.14,63,Jaipur,26.9124,75.7873,Rajasthan
2026-07-06,34.8,26.0,30.2,42.2,32.0,2.1,2.1,6.1,26.3,74,22.31,39051.72,5.01,55,Jaipur,26.9124,75.7873,Rajasthan
2026-07-07,33.8,26.9,29.2,39.6,32.5,3.6,3.6,9.6,26.6,29,18.27,27111.01,4.11,55,Jaipur,26.9124,75.7873,Rajasthan
2026-07-08,32.1,25.3,28.6,36.0,30.4,4.2,4.2,13.8,36.7,343,19.27,33228.67,4.45,61,Jaipur,26.9124,75.7873,Rajasthan
2026-07-09,33.5,26.2,29.3,38.2,30.8,0.4,0.4,14.8,36.7,279,22.56,39998.33,5.39,51,Jaipur,26.9124,75.7873,Rajasthan
2026-07-10,34.1,27.1,30.4,39.6,31.1,0.0,0.0,15.8,37.8,253,24.58,43200.0,6.28,3,Jaipur,26.9124,75.7873,Rajasthan
2026-07-11,33.0,26.7,29.8,37.6,29.4,0.0,0.0,17.3,41.0,246,25.18,43200.0,6.37,3,Jaipur,26.9124,75.7873,Rajasthan
2026-07-12,33.9,26.8,30.3,38.1,29.8,0.0,0.0,15.6,37.8,246,25.5,43200.0,6.53,3,Jaipur,26.9124,75.7873,Rajasthan
2026-07-13,34.4,27.7,31.0,39.2,30.7,0.4,0.4,14.3,32.8,249,22.1,40775.84,6.03,51,Jaipur,26.9124,75.7873,Rajasthan
2026-07-14,34.6,27.9,31.3,39.1,30.7,0.1,0.1,16.2,41.0,258,24.78,43200.0,6.84,51,Jaipur,26.9124,75.7873,Rajasthan
2026-07-15,34.8,28.6,31.6,39.4,31.0,0.2,0.2,15.2,38.2,264,20.69,39366.34,5.94,51,Jaipur,26.9124,75.7873,Rajasthan
2026-07-16,36.2,29.1,32.7,40.5,31.4,0.1,0.1,15.6,40.0,272,24.22,43200.0,7.06,51,Jaipur,26.9124,75.7873,Rajasthan
2026-07-17,37.0,29.6,33.1,41.5,31.5,0.0,0.0,16.1,40.0,267,23.95,39824.06,7.1,3,Jaipur,26.9124,75.7873,Rajasthan
2026-07-18,36.6,29.6,33.3,40.5,31.8,0.2,0.2,15.1,37.8,263,23.84,41967.75,7.02,51,Jaipur,26.9124,75.7873,Rajasthan
2026-07-19,36.5,30.9,33.0,42.0,33.9,1.1,1.1,13.0,34.6,242,19.54,28582.19,5.49,53,Jaipur,26.9124,75.7873,Rajasthan
2026-07-20,34.4,27.0,30.6,37.9,32.7,1.0,1.0,12.1,31.3,201,14.42,18919.47,4.17,53,Jaipur,26.9124,75.7873,Rajasthan
2026-07-21,30.3,24.7,26.7,35.4,30.1,30.7,30.7,12.5,36.0,299,9.19,3465.39,2.04,65,Jaipur,26.9124,75.7873,Rajasthan
2026-07-22,30.9,25.0,27.4,36.1,30.7,10.7,10.7,11.2,29.9,74,18.99,35706.72,4.01,63,Jaipur,26.9124,75.7873,Rajasthan
2026-07-23,32.1,24.8,28.1,37.0,29.3,3.1,3.1,11.9,30.6,85,22.91,41929.24,4.95,53,Jaipur,26.9124,75.7873,Rajasthan
2026-07-24,31.2,25.0,28.0,37.4,30.1,2.3,2.3,14.2,33.5,130,21.02,39694.72,4.66,53,Jaipur,26.9124,75.7873,Rajasthan
2026-07-25,31.8,25.2,28.2,35.9,29.4,1.9,1.9,13.6,33.8,141,21.64,39600.0,4.97,51,Jaipur,26.9124,75.7873,Rajasthan
2026-07-26,32.6,25.9,29.1,38.0,31.5,1.4,1.4,10.6,28.8,162,23.18,43200.0,5.08,51,Jaipur,26.9124,75.7873,Rajasthan
2026-07-27,33.6,26.2,29.8,41.1,31.6,3.7,3.7,8.1,18.7,222,23.51,43200.0,5.23,61,Jaipur,26.9124,75.7873,Rajasthan
2026-07-28,32.0,25.2,27.0,38.2,30.5,36.4,36.4,17.3,38.9,263,12.83,17169.08,2.82,65,Jaipur,26.9124,75.7873,Rajasthan
2026-07-29,32.4,25.3,28.3,39.5,30.8,2.9,2.9,11.4,27.4,303,18.39,33723.34,3.95,53,Jaipur,26.9124,75.7873,Rajasthan
2026-07-30,33.5,24.9,29.5,39.3,30.3,6.2,6.2,13.1,33.5,47,23.83,41264.8,5.34,63,Jaipur,26.9124,75.7873,Rajasthan
2026-07-31,32.4,26.4,29.2,37.6,31.1,0.9,0.9,16.0,39.2,76,23.49,43200.0,5.51,51,Jaipur,26.9124,75.7873,Rajasthan
2026-08-01,32.1,25.5,28.5,37.6,30.4,7.6,7.6,15.3,42.8,87,22.97,42938.77,5.16,63,Jaipur,26.9124,75.7873,Rajasthan
2026-08-02,32.6,25.6,28.2,38.0,30.7,6.3,6.3,13.1,40.7,127,21.73,40316.8,4.68,63,Jaipur,26.9124,75.7873,Rajasthan
2026-08-03,30.7,25.9,27.7,35.9,31.8,8.1,8.1,13.0,32.4,240,14.31,18109.27,3.15,61,Jaipur,26.9124,75.7873,Rajasthan
2026-08-04,29.8,25.7,27.3,34.2,30.5,7.6,7.6,15.8,40.3,274,12.71,7171.61,2.85,63,Jaipur,26.9124,75.7873,Rajasthan
2026-08-05,32.3,25.4,27.9,38.9,29.9,6.1,6.1,14.5,40.7,275,19.86,38430.06,4.27,63,Jaipur,26.9124,75.7873,Rajasthan
2026-08-06,30.6,25.5,27.4,36.2,30.4,14.0,14.0,14.1,32.8,266,10.71,4274.96,2.52,63,Jaipur,26.9124,75.7873,Rajasthan
2026-08-07,29.6,25.0,27.1,33.8,28.8,1.2,1.2,18.9,42.1,304,12.63,18243.44,3.03,53,Jaipur,26.9124,75.7873,Rajasthan
2026-08-08,30.7,24.9,27.5,35.8,29.7,2.9,2.9,13.5,32.4,318,17.18,31800.6,3.73,53,Jaipur,26.9124,75.7873,Rajasthan
2026-08-09,31.4,25.2,28.0,38.0,31.0,4.9,4.9,10.4,24.8,337,17.56,34202.16,3.71,55,Jaipur,26.9124,75.7873,Rajasthan
2026-08-10,32.2,26.1,28.3,39.5,31.3,6.9,6.9,8.4,24.1,327,20.0,37534.7,4.31,63,Jaipur,26.9124,75.7873,Rajasthan
2026-08-11,32.5,25.9,27.9,40.1,32.0,10.6,10.6,15.6,35.6,26,18.32,29733.59,3.85,63,Jaipur,26.9124,75.7873,Rajasthan
2026-08-12,31.9,25.7,28.1,38.7,31.5,6.7,6.7,7.8,24.1,5,18.21,34140.6,3.91,61,Jaipur,26.9124,75.7873,Rajasthan
2026-08-13,32.5,25.5,28.8,39.3,31.4,1.4,1.4,8.0,23.4,288,23.48,42455.13,5.05,53,Jaipur,26.9124,75.7873,Rajasthan
2026-08-14,31.8,26.4,28.6,38.5,31.2,1.6,1.6,10.9,25.6,277,18.57,30689.72,4.1,53,Jaipur,26.9124,75.7873,Rajasthan
2026-08-15,32.1,25.9,27.9,38.6,30.5,10.8,10.8,10.9,27.0,279,19.45,32801.53,4.21,63,Jaipur,26.9124,75.7873,Rajasthan
2026-08-16,32.0,25.5,28.4,37.9,29.4,0.4,0.4,13.2,29.5,265,19.27,32782.2,4.48,51,Jaipur,26.9124,75.7873,Rajasthan
2026-08-17,31.1,26.2,28.3,35.3,30.1,0.3,0.3,13.2,33.1,256,16.44,30298.85,4.05,51,Jaipur,26.9124,75.7873,Rajasthan
2026-08-18,31.9,25.4,28.5,36.9,29.3,0.0,0.0,12.3,32.4,260,20.98,43200.0,4.85,3,Jaipur,26.9124,75.7873,Rajasthan
2026-08-19,32.1,24.9,28.5,37.3,28.6,0.0,0.0,9.9,25.9,265,23.73,43200.0,5.36,3,Jaipur,26.9124,75.7873,Rajasthan
2026-08-20,32.2,25.6,28.6,37.1,29.1,0.7,0.7,10.4,24.1,292,17.59,30786.81,4.21,51,Jaipur,26.9124,75.7873,Rajasthan
2026-08-21,33.0,26.1,28.9,38.5,29.3,1.5,1.5,11.8,25.2,280,18.93,39057.64,4.6,53,Jaipur,26.9124,75.7873,Rajasthan
2026-08-22,32.9,26.0,29.2,38.8,29.2,0.1,0.1,12.6,29.9,271,23.67,43200.0,5.58,51,Jaipur,26.9124,75.7873,Rajasthan
2026-08-23,33.1,26.2,29.6,39.3,30.4,0.2,0.2,10.8,27.4,277,23.53,43200.0,5.46,51,Jaipur,26.9124,75.7873,Rajasthan
2026-08-24,32.9,24.2,28.5,37.3,29.5,6.2,6.2,14.1,40.0,309,18.19,33444.65,4.39,63,Jaipur,26.9124,75.7873,Rajasthan
2026-08-25,31.3,23.9,27.4,35.8,28.5,5.1,5.1,10.6,40.7,310,15.65,21770.17,3.49,61,Jaipur,26.9124,75.7873,Rajasthan
2026-08-26,33.2,26.0,29.0,37.5,31.2,0.3,0.3,14.7,34.2,305,18.44,35033.11,4.34,51,Jaipur,26.9124,75.7873,Rajasthan
2026-08-27,32.8,26.8,29.4,37.7,29.7,0.0,0.0,16.9,38.5,282,18.89,32564.88,4.78,3,Jaipur,26.9124,75.7873,Rajasthan
2026-08-28,32.6,26.0,29.1,38.1,28.5,0.3,0.3,15.9,36.0,271,22.71,42334.79,5.56,51,Jaipur,26.9124,75.7873,Rajasthan
2026-08-29,32.0,25.1,28.4,36.7,28.1,0.0,0.0,13.4,33.1,260,23.75,42520.22,5.62,3,Jaipur,26.9124,75.7873,Rajasthan
2026-08-30,31.5,24.8,27.9,36.4,27.5,0.0,0.0,13.2,33.1,257,20.42,40045.3,5.03,3,Jaipur,26.9124,75.7873,Rajasthan
2026-08-31,31.9,24.6,28.0,36.1,26.9,0.0,0.0,13.5,32.4,259,22.0,41704.47,5.41,3,Jaipur,26.9124,75.7873,Rajasthan
2026-09-01,32.5,25.1,28.6,37.2,27.5,0.0,0.0,12.3,30.2,261,20.03,41016.63,5.11,3,Jaipur,26.9124,75.7873,Rajasthan
2026-09-02,33.6,25.8,29.4,38.6,28.1,0.3,0.3,13.4,34.6,288,21.98,43200.0,5.64,51,Jaipur,26.9124,75.7873,Rajasthan
2026-09-03,32.4,26.7,29.1,35.2,28.8,1.3,1.3,16.2,39.6,317,17.83,36319.15,4.97,51,Jaipur,26.9124,75.7873,Rajasthan
2026-09-04,29.0,25.3,26.8,33.6,30.1,11.9,11.9,9.9,25.2,341,7.52,142.15,1.8,61,Jaipur,26.9124,75.7873,Rajasthan
2026-09-05,26.9,24.2,25.2,32.3,28.3,15.3,15.3,10.4,26.3,339,4.4,0.0,1.05,63,Jaipur,26.9124,75.7873,Rajasthan
2026-09-06,31.3,24.2,26.9,36.8,29.3,4.2,4.2,13.0,39.6,314,18.54,37473.81,3.85,61,Jaipur,26.9124,75.7873,Rajasthan
2026-09-07,32.5,25.1,28.3,37.5,28.6,0.6,0.6,13.6,33.5,299,21.83,43200.0,4.98,51,Jaipur,26.9124,75.7873,Rajasthan
2026-09-08,31.8,25.8,28.4,36.4,29.0,0.0,0.0,14.0,34.6,278,19.2,39177.49,4.77,3,Jaipur,26.9124,75.7873,Rajasthan
2026-09-09,32.3,24.8,28.3,37.0,27.1,0.0,0.0,13.7,33.1,272,23.37,43200.0,5.63,0,Jaipur,26.9124,75.7873,Rajasthan
2026-09-10,33.7,25.5,29.3,38.1,28.4,0.3,0.3,13.6,33.1,289,22.2,43200.0,5.47,51,Jaipur,26.9124,75.7873,Rajasthan
2026-09-11,34.1,26.0,29.1,36.6,28.2,0.2,0.2,14.9,38.2,4,21.36,39600.0,5.83,51,Jaipur,26.9124,75.7873,Rajasthan
