time,temperature_2m_max,temperature_2m_min,temperature_2m_mean,apparent_temperature_max,apparent_temperature_min,precipitation_sum,rain_sum,windspeed_10m_max,windgusts_10m_max,winddirection_10m_dominant,shortwave_radiation_sum,sunshine_duration,et0_fao_evapotranspiration,weathercode,city,latitude,longitude,region
2023-09-11,32.6,26.6,29.1,41.2,33.2,4.3,4.3,12.3,26.6,162,17.81,33259.85,3.87,61,Kolkata,22.5726,88.3639,West Bengal
2023-09-12,32.2,26.3,28.3,40.4,32.6,5.2,5.2,13.6,33.1,119,17.34,31784.53,3.64,61,Kolkata,22.5726,88.3639,West Bengal
2023-09-13,31.7,26.1,27.9,37.6,30.9,10.3,10.3,18.1,39.6,73,16.01,28304.2,3.5,63,Kolkata,22.5726,88.3639,West Bengal
2023-09-14,30.9,25.9,27.5,34.8,29.6,16.9,16.9,28.0,55.1,102,15.04,31839.62,3.23,63,Kolkata,22.5726,88.3639,West Bengal
2023-09-15,29.9,25.7,27.5,35.1,30.2,6.3,6.3,19.3,40.3,138,14.01,26108.97,2.95,63,Kolkata,22.5726,88.3639,West Bengal
2023-09-16,32.6,25.5,28.4,40.4,31.6,1.6,1.6,15.1,29.9,139,19.49,41221.73,4.09,53,Kolkata,22.5726,88.3639,West Bengal
2023-09-17,33.5,25.7,29.2,41.7,32.1,0.1,0.1,12.9,28.1,139,22.09,43200.0,4.74,51,Kolkata,22.5726,88.3639,West Bengal
2023-09-18,30.8,25.6,27.6,37.8,31.5,15.2,15.2,11.9,29.5,76,12.86,20312.06,2.67,63,Kolkata,22.5726,88.3639,West Bengal
2023-09-19,29.6,25.2,27.0,34.6,30.1,16.0,16.0,15.9,32.4,82,12.32,16316.55,2.66,63,Kolkata,22.5726,88.3639,West Bengal
2023-09-20,29.2,25.8,27.1,34.7,29.9,13.6,13.6,18.2,38.2,115,7.9,578.97,1.96,63,Kolkata,22.5726,88.3639,West Bengal
2023-09-21,30.3,25.8,27.7,35.1,29.6,11.5,11.5,23.8,47.9,165,14.88,25708.31,3.25,63,Kolkata,22.5726,88.3639,West Bengal
2023-09-22,31.1,25.8,27.5,36.5,30.4,12.0,12.0,24.1,44.6,166,13.22,19270.5,2.93,65,Kolkata,22.5726,88.3639,West Bengal
2023-09-23,30.8,25.5,28.0,36.7,29.2,8.0,8.0,18.5,46.4,178,14.66,25827.59,3.23,63,Kolkata,22.5726,88.3639,West Bengal
2023-09-24,31.0,25.1,27.4,37.0,30.5,23.1,23.1,17.3,34.9,180,15.41,30180.67,3.17,65,Kolkata,22.5726,88.3639,West Bengal
2023-09-25,31.4,24.9,27.3,39.1,30.1,14.1,14.1,16.1,32.4,178,14.96,22457.9,3.16,63,Kolkata,22.5726,88.3639,West Bengal
2023-09-26,32.2,24.4,27.9,41.2,28.7,2.5,2.5,13.6,27.4,189,19.07,32899.9,3.96,61,Kolkata,22.5726,88.3639,West Bengal
2023-09-27,32.9,24.2,28.3,41.0,29.6,0.3,0.3,9.5,17.6,210,18.29,37482.5,3.91,51,Kolkata,22.5726,88.3639,West Bengal
2023-09-28,31.8,25.6,28.6,39.1,31.8,0.7,0.7,8.6,21.2,323,15.47,33879.4,3.23,51,Kolkata,22.5726,88.3639,West Bengal
2023-09-29,32.5,25.3,28.4,40.1,30.3,37.0,37.0,11.7,27.7,341,10.7,7288.09,2.43,65,Kolkata,22.5726,88.3639,West Bengal
2023-09-30,29.6,25.5,26.4,35.2,29.7,39.5,39.5,20.8,38.2,78,8.09,5110.6,1.82,63,Kolkata,22.5726,88.3639,West Bengal
2023-10-01,30.2,25.1,27.1,35.2,29.5,11.8,11.8,18.8,37.1,131,13.4,26610.33,2.78,63,Kolkata,22.5726,88.3639,West Bengal
2023-10-02,30.1,25.3,27.0,35.6,30.2,10.9,10.9,19.6,38.5,136,12.67,23209.13,2.63,63,Kolkata,22.5726,88.3639,West Bengal
2023-10-03,28.7,24.6,26.3,33.4,28.8,25.4,25.4,21.3,40.0,142,10.59,14949.46,2.17,63,Kolkata,22.5726,88.3639,West Bengal
2023-10-04,28.2,24.6,25.9,33.3,28.5,44.6,44.6,18.3,39.2,154,7.21,3600.0,1.53,63,Kolkata,22.5726,88.3639,West Bengal
2023-10-05,30.2,25.0,26.7,35.6,29.5,40.9,40.9,16.4,35.6,198,8.38,5885.19,1.87,65,Kolkata,22.5726,88.3639,West Bengal
2023-10-06,32.3,25.3,27.6,38.9,29.5,12.5,12.5,16.3,28.4,222,16.28,29148.49,3.5,63,Kolkata,22.5726,88.3639,West Bengal
2023-10-07,32.6,24.9,28.3,39.6,30.7,0.3,0.3,8.8,20.5,258,19.4,40738.85,4.11,51,Kolkata,22.5726,88.3639,West Bengal
2023-10-08,32.3,25.1,27.9,40.5,30.1,5.7,5.7,8.9,20.9,198,18.46,40532.06,3.89,63,Kolkata,22.5726,88.3639,West Bengal
2023-10-09,33.3,24.9,28.5,40.3,29.5,0.3,0.3,11.7,23.8,233,19.06,38308.38,4.17,51,Kolkata,22.5726,88.3639,West Bengal
2023-10-10,33.7,24.8,29.4,39.2,30.3,0.0,0.0,11.2,23.0,251,19.2,41052.95,4.32,1,Kolkata,22.5726,88.3639,West Bengal
2023-10-11,33.7,25.1,29.5,39.1,30.7,0.0,0.0,9.1,20.2,261,19.76,40808.56,4.42,0,Kolkata,22.5726,88.3639,West Bengal
2023-10-12,33.5,24.4,29.2,39.9,29.1,0.0,0.0,10.5,20.5,265,19.24,40815.52,4.39,3,Kolkata,22.5726,88.3639,West Bengal
2023-10-13,33.6,23.4,28.5,39.0,27.5,0.0,0.0,8.4,17.3,251,19.96,39750.72,4.46,1,Kolkata,22.5726,88.3639,West Bengal
2023-10-14,33.0,23.3,27.8,37.7,27.5,0.0,0.0,11.3,22.7,231,19.23,38782.86,4.34,1,Kolkata,22.5726,88.3639,West Bengal
2023-10-15,32.7,23.2,27.6,37.0,27.4,0.0,0.0,9.0,18.0,294,20.47,40327.53,4.46,3,Kolkata,22.5726,88.3639,West Bengal
2023-10-16,31.4,23.4,27.3,36.0,27.2,0.6,0.6,13.3,25.9,318,18.66,40078.49,3.99,51,Kolkata,22.5726,88.3639,West Bengal
2023-10-17,31.2,22.8,27.4,37.0,26.5,0.2,0.2,8.1,15.5,14,18.19,38920.41,3.8,51,Kolkata,22.5726,88.3639,West Bengal
2023-10-18,31.8,23.2,27.1,36.3,27.4,0.0,0.0,11.5,23.8,2,18.76,39474.0,4.1,0,Kolkata,22.5726,88.3639,West Bengal
2023-10-19,31.3,22.4,26.9,35.7,26.2,0.0,0.0,11.3,25.2,11,18.29,39577.4,4.1,1,Kolkata,22.5726,88.3639,West Bengal
2023-10-20,31.3,22.0,26.4,34.8,24.9,0.0,0.0,11.4,24.5,11,19.69,39577.45,4.39,0,Kolkata,22.5726,88.3639,West Bengal
2023-10-21,30.8,20.8,25.7,33.7,22.8,0.0,0.0,10.6,23.8,359,20.05,39576.5,4.41,2,Kolkata,22.5726,88.3639,West Bengal
2023-10-22,31.4,23.1,26.9,34.9,25.8,0.0,0.0,11.7,25.9,10,18.67,38378.04,4.2,3,Kolkata,22.5726,88.3639,West Bengal
2023-10-23,30.4,23.0,25.6,34.8,25.7,9.5,9.5,15.0,32.4,58,13.96,22904.46,2.97,65,Kolkata,22.5726,88.3639,West Bengal
2023-10-24,28.9,23.3,25.6,31.1,26.6,0.0,0.0,19.6,37.1,36,9.94,11105.38,2.42,3,Kolkata,22.5726,88.3639,West Bengal
2023-10-25,31.0,22.4,26.6,35.8,26.1,0.2,0.2,12.9,27.7,324,17.47,38135.25,3.62,51,Kolkata,22.5726,88.3639,West Bengal
2023-10-26,31.1,22.4,26.4,35.4,26.4,0.2,0.2,8.4,20.2,354,17.7,37382.31,3.8,51,Kolkata,22.5726,88.3639,West Bengal
2023-10-27,30.7,22.3,25.7,35.3,25.7,1.3,1.3,15.5,36.0,8,13.89,23690.49,3.04,53,Kolkata,22.5726,88.3639,West Bengal
2023-10-28,30.0,21.7,25.8,33.6,24.9,0.3,0.3,7.6,18.4,13,16.88,38455.66,3.64,51,Kolkata,22.5726,88.3639,West Bengal
2023-10-29,30.5,19.7,25.2,32.7,21.8,0.0,0.0,9.3,22.0,357,18.66,38736.45,4.07,3,Kolkata,22.5726,88.3639,West Bengal
2023-10-30,30.7,19.7,25.9,33.1,21.7,0.0,0.0,8.3,19.4,21,18.18,37980.9,3.91,1,Kolkata,22.5726,88.3639,West Bengal
2023-10-31,31.2,20.8,26.3,35.4,23.1,0.0,0.0,7.5,19.1,19,17.45,38262.39,3.76,1,Kolkata,22.5726,88.3639,West Bengal
2023-11-01,32.1,22.1,27.3,36.4,25.5,0.0,0.0,8.2,16.9,3,16.88,37764.27,3.67,3,Kolkata,22.5726,88.3639,West Bengal
2023-11-02,31.9,23.4,27.4,37.0,27.8,0.0,0.0,7.2,17.6,359,16.75,37264.68,3.64,1,Kolkata,22.5726,88.3639,West Bengal
2023-11-03,30.2,23.7,26.6,35.7,27.8,1.7,1.7,9.7,25.6,16,15.06,36000.0,3.28,55,Kolkata,22.5726,88.3639,West Bengal
2023-11-04,30.7,22.4,25.3,35.7,26.2,3.5,3.5,12.1,34.6,7,15.88,36784.11,3.27,63,Kolkata,22.5726,88.3639,West Bengal
2023-11-05,30.1,22.1,25.3,34.7,26.1,4.6,4.6,8.0,32.8,354,14.04,35336.48,2.85,61,Kolkata,22.5726,88.3639,West Bengal
2023-11-06,31.2,21.5,25.4,32.0,23.0,0.0,0.0,12.9,27.7,5,17.66,37088.48,4.15,3,Kolkata,22.5726,88.3639,West Bengal
2023-11-07,30.6,19.2,24.6,32.7,20.6,0.0,0.0,11.4,24.1,335,17.05,36847.12,3.85,3,Kolkata,22.5726,88.3639,West Bengal
2023-11-08,30.3,18.8,24.4,32.4,20.5,0.0,0.0,10.8,23.0,334,17.34,37395.52,3.87,1,Kolkata,22.5726,88.3639,West Bengal
2023-11-09,30.5,18.4,25.3,32.8,19.8,0.0,0.0,9.0,20.5,342,17.27,37154.04,3.73,1,Kolkata,22.5726,88.3639,West Bengal
2023-11-10,30.5,18.3,25.1,32.2,19.6,0.0,0.0,12.5,26.3,17,17.15,37176.2,3.92,3,Kolkata,22.5726,88.3639,West Bengal
2023-11-11,30.5,19.2,24.7,32.5,21.0,0.0,0.0,10.6,24.5,5,16.81,36933.62,3.78,3,Kolkata,22.5726,88.3639,West Bengal
2023-11-12,30.7,19.8,24.8,32.8,21.9,0.0,0.0,12.3,26.3,7,16.86,36955.55,3.87,3,Kolkata,22.5726,88.3639,West Bengal
2023-11-13,30.3,19.5,24.4,32.1,21.1,0.0,0.0,13.1,27.4,4,16.94,36977.58,3.88,3,Kolkata,22.5726,88.3639,West Bengal
2023-11-14,30.2,19.2,24.0,32.0,20.6,0.0,0.0,11.3,25.2,358,16.27,36200.94,3.69,3,Kolkata,22.5726,88.3639,West Bengal
2023-11-15,30.3,19.9,24.9,31.7,21.4,0.0,0.0,13.2,28.4,15,15.1,33900.01,3.61,3,Kolkata,22.5726,88.3639,West Bengal
2023-11-16,27.5,22.7,24.0,29.5,24.5,13.1,13.1,15.5,27.7,42,6.28,0.0,1.88,63,Kolkata,22.5726,88.3639,West Bengal
2023-11-17,29.8,20.7,24.9,29.8,23.0,1.6,1.6,29.2,55.1,30,14.37,33168.66,3.73,55,Kolkata,22.5726,88.3639,West Bengal
2023-11-18,28.9,18.8,23.5,31.8,20.8,0.0,0.0,9.2,22.7,37,15.17,35520.82,3.18,3,Kolkata,22.5726,88.3639,West Bengal
2023-11-19,29.4,19.4,23.9,31.5,21.7,0.0,0.0,11.2,24.8,28,14.65,36040.45,3.2,2,Kolkata,22.5726,88.3639,West Bengal
2023-11-20,29.5,18.8,24.0,31.0,20.3,0.0,0.0,9.6,22.7,19,15.72,36331.2,3.46,3,Kolkata,22.5726,88.3639,West Bengal
2023-11-21,29.9,20.7,24.6,32.3,22.6,0.0,0.0,9.8,23.0,326,14.83,34029.87,3.3,3,Kolkata,22.5726,88.3639,West Bengal
2023-11-22,28.9,18.2,23.0,30.6,19.4,0.0,0.0,9.6,22.0,324,15.81,36106.51,3.43,0,Kolkata,22.5726,88.3639,West Bengal
2023-11-23,28.0,16.7,22.1,29.2,17.2,0.0,0.0,10.2,24.1,4,15.98,36128.73,3.4,0,Kolkata,22.5726,88.3639,West Bengal
2023-11-24,28.3,16.6,23.1,29.2,17.4,0.0,0.0,9.9,23.0,348,15.71,36150.97,3.43,1,Kolkata,22.5726,88.3639,West Bengal
2023-11-25,28.7,17.9,22.6,29.7,18.8,0.0,0.0,12.1,26.3,7,15.15,36000.0,3.44,2,Kolkata,22.5726,88.3639,West Bengal
2023-11-26,28.7,18.1,22.8,29.7,18.9,0.0,0.0,12.4,27.0,8,15.41,36000.0,3.42,1,Kolkata,22.5726,88.3639,West Bengal
2023-11-27,28.8,16.6,23.1,30.8,17.5,0.0,0.0,7.9,14.8,0,13.99,35501.73,2.92,3,Kolkata,22.5726,88.3639,West Bengal
2023-11-28,29.3,18.2,23.7,30.9,19.2,0.0,0.0,9.8,17.6,309,15.2,36000.0,3.3,3,Kolkata,22.5726,88.3639,West Bengal
2023-11-29,29.6,18.9,23.8,31.3,20.9,0.0,0.0,9.1,16.9,290,12.17,36000.0,2.73,3,Kolkata,22.5726,88.3639,West Bengal
2023-11-30,29.6,19.7,23.8,31.8,21.8,0.0,0.0,9.7,23.0,27,14.8,36000.0,3.21,3,Kolkata,22.5726,88.3639,West Bengal
2023-12-01,30.2,19.1,24.0,31.0,20.5,0.0,0.0,14.1,29.9,24,14.76,36000.0,3.58,3,Kolkata,22.5726,88.3639,West Bengal
2023-12-02,29.8,19.8,24.0,31.9,20.7,0.0,0.0,12.6,24.5,33,14.52,36000.0,3.35,3,Kolkata,22.5726,88.3639,West Bengal
2023-12-03,30.1,19.4,24.4,32.0,21.1,0.0,0.0,10.6,24.5,26,13.48,34970.35,3.16,3,Kolkata,22.5726,88.3639,West Bengal
2023-12-04,27.7,20.4,24.0,29.7,22.1,0.0,0.0,12.3,27.0,40,7.17,7361.61,2.06,3,Kolkata,22.5726,88.3639,West Bengal
2023-12-05,25.6,21.9,23.6,26.4,22.7,0.0,0.0,14.4,28.4,21,4.27,150.94,2.03,3,Kolkata,22.5726,88.3639,West Bengal
2023-12-06,27.7,20.6,23.3,27.7,21.1,1.7,1.7,15.8,32.0,29,9.87,22635.73,2.86,53,Kolkata,22.5726,88.3639,West Bengal
2023-12-07,21.7,18.8,20.1,23.5,19.5,22.3,22.3,16.7,29.5,31,3.36,3477.28,0.88,63,Kolkata,22.5726,88.3639,West Bengal
2023-12-08,25.2,18.0,20.9,26.3,19.4,0.0,0.0,13.4,25.9,332,10.12,21303.28,2.16,3,Kolkata,22.5726,88.3639,West Bengal
2023-12-09,26.2,16.7,20.6,27.3,17.5,0.0,0.0,12.7,27.0,336,14.36,36000.0,2.86,2,Kolkata,22.5726,88.3639,West Bengal
2023-12-10,25.7,14.9,19.3,25.5,15.0,0.0,0.0,12.0,24.1,317,14.81,36000.0,3.15,0,Kolkata,22.5726,88.3639,West Bengal
2023-12-11,24.9,13.2,18.4,24.0,12.3,0.0,0.0,14.0,28.4,341,14.94,36000.0,3.15,0,Kolkata,22.5726,88.3639,West Bengal
2023-12-12,24.6,13.2,18.3,25.5,12.8,0.0,0.0,8.8,20.9,318,14.52,36000.0,2.74,2,Kolkata,22.5726,88.3639,West Bengal
2023-12-13,25.1,13.5,18.7,24.8,12.5,0.0,0.0,9.9,19.8,309,14.57,36000.0,2.97,3,Kolkata,22.5726,88.3639,West Bengal
2023-12-14,25.2,12.8,18.5,25.4,12.1,0.0,0.0,9.6,19.4,334,14.62,36000.0,2.91,3,Kolkata,22.5726,88.3639,West Bengal
2023-12-15,24.3,12.5,17.8,23.4,11.7,0.0,0.0,12.9,27.7,353,14.76,36000.0,2.98,0,Kolkata,22.5726,88.3639,West Bengal
2023-12-16,24.7,12.4,18.1,23.9,11.3,0.0,0.0,10.4,23.4,338,14.81,36000.0,2.94,0,Kolkata,22.5726,88.3639,West Bengal
2023-12-17,24.7,11.7,17.7,24.3,10.7,0.0,0.0,9.7,20.5,332,14.69,36000.0,2.87,3,Kolkata,22.5726,88.3639,West Bengal
2023-12-18,24.7,12.1,17.7,24.3,10.8,0.0,0.0,10.3,22.7,330,14.29,36000.0,2.88,3,Kolkata,22.5726,88.3639,West Bengal
2023-12-19,24.1,13.4,17.6,23.4,12.0,0.0,0.0,10.5,22.0,336,14.55,36000.0,3.03,3,Kolkata,22.5726,88.3639,West Bengal
2023-12-20,24.7,13.2,18.0,24.3,12.0,0.0,0.0,11.4,25.2,338,14.29,36000.0,2.9,3,Kolkata,22.5726,88.3639,West Bengal
2023-12-21,24.5,13.5,18.3,24.4,12.8,0.0,0.0,9.3,22.7,338,13.8,36000.0,2.74,3,Kolkata,22.5726,88.3639,West Bengal
2023-12-22,25.7,14.0,19.4,27.0,14.0,0.0,0.0,8.7,17.3,356,13.45,36000.0,2.62,3,Kolkata,22.5726,88.3639,West Bengal
2023-12-23,26.3,14.5,20.0,27.2,14.7,0.0,0.0,8.4,19.4,13,12.63,29065.27,2.55,3,Kolkata,22.5726,88.3639,West Bengal
2023-12-24,25.4,15.2,19.6,26.3,16.3,0.0,0.0,9.2,21.6,338,13.01,30402.52,2.54,3,Kolkata,22.5726,88.3639,West Bengal
2023-12-25,25.9,14.7,20.4,26.8,14.7,0.0,0.0,8.6,19.4,1,13.96,36000.0,2.74,0,Kolkata,22.5726,88.3639,West Bengal
2023-12-26,26.5,14.4,20.1,26.9,14.3,0.0,0.0,9.4,20.9,354,13.46,36000.0,2.78,1,Kolkata,22.5726,88.3639,West Bengal
2023-12-27,26.6,14.8,20.5,27.6,14.9,0.0,0.0,10.0,21.6,357,13.12,36000.0,2.75,3,Kolkata,22.5726,88.3639,West Bengal
2023-12-28,26.6,15.4,20.2,27.6,15.6,0.0,0.0,9.3,21.2,358,13.73,36000.0,2.8,1,Kolkata,22.5726,88.3639,West Bengal
2023-12-29,26.7,14.8,20.0,27.1,15.0,0.0,0.0,12.2,24.8,355,14.22,36000.0,3.01,0,Kolkata,22.5726,88.3639,West Bengal
2023-12-30,26.5,15.3,19.8,26.4,15.9,0.0,0.0,13.1,27.4,342,14.26,36000.0,2.98,0,Kolkata,22.5726,88.3639,West Bengal
2023-12-31,25.8,15.0,19.1,25.8,14.9,0.0,0.0,11.2,25.6,359,14.23,36000.0,2.86,3,Kolkata,22.5726,88.3639,West Bengal
2024-01-01,25.1,14.7,18.8,25.1,15.0,0.0,0.0,10.8,24.1,1,14.45,36000.0,2.77,0,Kolkata,22.5726,88.3639,West Bengal
2024-01-02,23.5,13.5,17.3,22.6,13.3,0.0,0.0,9.8,22.3,356,14.71,36000.0,2.76,0,Kolkata,22.5726,88.3639,West Bengal
2024-01-03,24.5,12.5,17.7,24.7,11.8,0.0,0.0,9.8,23.8,12,14.84,36000.0,2.73,0,Kolkata,22.5726,88.3639,West Bengal
2024-01-04,25.4,12.8,18.7,25.9,12.4,0.0,0.0,9.2,20.2,27,13.74,28800.0,2.62,3,Kolkata,22.5726,88.3639,West Bengal
2024-01-05,25.8,13.7,19.5,26.1,13.3,0.0,0.0,8.8,20.9,24,14.53,36000.0,2.89,0,Kolkata,22.5726,88.3639,West Bengal
2024-01-06,26.7,14.5,19.7,26.9,14.5,0.0,0.0,10.9,22.7,24,14.25,36000.0,3.0,3,Kolkata,22.5726,88.3639,West Bengal
2024-01-07,26.2,15.5,19.9,26.5,15.6,0.0,0.0,10.5,24.5,5,14.23,36000.0,2.97,1,Kolkata,22.5726,88.3639,West Bengal
2024-01-08,25.9,15.5,19.4,26.6,15.4,0.0,0.0,12.7,28.4,359,14.38,36000.0,2.85,0,Kolkata,22.5726,88.3639,West Bengal
2024-01-09,25.4,14.3,18.9,25.5,14.2,0.0,0.0,10.1,24.1,14,14.78,36058.28,2.85,0,Kolkata,22.5726,88.3639,West Bengal
2024-01-10,26.1,13.6,19.6,26.8,14.2,0.0,0.0,7.9,16.9,32,13.95,29107.02,2.7,3,Kolkata,22.5726,88.3639,West Bengal
2024-01-11,25.2,14.3,19.1,25.7,14.0,0.0,0.0,11.8,25.6,1,14.44,36289.05,2.87,0,Kolkata,22.5726,88.3639,West Bengal
2024-01-12,23.2,11.6,16.6,21.5,10.9,0.0,0.0,14.8,31.0,349,15.36,36541.06,2.93,0,Kolkata,22.5726,88.3639,West Bengal
2024-01-13,22.7,10.5,16.2,21.5,9.1,0.0,0.0,11.2,26.3,350,15.47,36518.92,2.84,0,Kolkata,22.5726,88.3639,West Bengal
2024-01-14,22.4,10.4,15.7,21.6,9.4,0.0,0.0,9.6,22.0,351,15.34,36496.48,2.72,0,Kolkata,22.5726,88.3639,West Bengal
2024-01-15,22.2,10.3,15.4,21.8,9.2,0.0,0.0,9.7,22.0,3,15.11,33763.61,2.66,1,Kolkata,22.5726,88.3639,West Bengal
2024-01-16,22.7,11.3,16.5,22.8,10.1,0.0,0.0,9.4,20.2,40,15.24,36196.23,2.75,2,Kolkata,22.5726,88.3639,West Bengal
2024-01-17,24.0,11.6,17.6,25.3,10.8,0.0,0.0,10.1,19.4,75,14.61,35687.47,2.69,2,Kolkata,22.5726,88.3639,West Bengal
2024-01-18,19.6,15.5,17.2,21.1,15.8,15.9,15.9,12.6,25.6,79,5.65,9889.35,1.12,63,Kolkata,22.5726,88.3639,West Bengal
2024-01-19,23.2,14.9,18.2,23.9,14.6,0.1,0.1,9.9,22.3,8,11.07,28394.6,2.07,51,Kolkata,22.5726,88.3639,West Bengal
2024-01-20,22.9,13.2,17.5,23.3,13.1,0.0,0.0,7.6,20.9,4,15.42,36627.09,2.67,3,Kolkata,22.5726,88.3639,West Bengal
2024-01-21,20.5,14.4,17.3,21.7,14.3,0.6,0.6,8.7,15.1,129,6.28,15126.14,1.24,51,Kolkata,22.5726,88.3639,West Bengal
2024-01-22,21.6,11.3,15.5,20.7,10.4,0.0,0.0,11.5,26.3,1,16.11,37388.62,2.76,3,Kolkata,22.5726,88.3639,West Bengal
2024-01-23,22.8,10.5,16.4,22.9,9.5,0.0,0.0,10.1,20.2,22,15.84,37093.18,2.82,3,Kolkata,22.5726,88.3639,West Bengal
2024-01-24,21.5,14.7,17.7,21.4,14.6,8.8,8.8,9.1,21.6,82,7.14,15615.9,1.51,63,Kolkata,22.5726,88.3639,West Bengal
2024-01-25,22.7,13.3,17.5,23.8,13.3,0.0,0.0,7.9,20.5,358,12.94,30686.08,2.34,3,Kolkata,22.5726,88.3639,West Bengal
2024-01-26,23.1,12.3,17.2,22.7,12.0,0.0,0.0,12.7,26.3,349,16.33,37822.49,3.03,3,Kolkata,22.5726,88.3639,West Bengal
2024-01-27,23.0,11.4,16.2,21.8,10.0,0.0,0.0,12.4,25.9,357,14.77,31638.82,2.91,3,Kolkata,22.5726,88.3639,West Bengal
2024-01-28,23.6,10.2,16.6,24.1,8.6,0.0,0.0,10.1,16.6,23,16.44,37769.86,3.0,3,Kolkata,22.5726,88.3639,West Bengal
2024-01-29,24.8,11.7,18.0,26.1,10.6,0.0,0.0,8.8,14.8,112,16.41,37743.84,3.03,3,Kolkata,22.5726,88.3639,West Bengal
2024-01-30,26.8,13.4,19.6,29.1,12.9,1.2,1.2,11.8,25.2,150,14.8,36918.53,2.87,53,Kolkata,22.5726,88.3639,West Bengal
2024-01-31,25.6,17.6,20.2,28.2,18.9,17.7,17.7,12.4,26.6,146,10.09,20685.7,1.99,65,Kolkata,22.5726,88.3639,West Bengal
2024-02-01,25.1,16.9,20.4,27.9,18.6,7.5,7.5,10.5,27.7,193,9.72,24864.81,1.86,63,Kolkata,22.5726,88.3639,West Bengal
2024-02-02,26.7,17.2,20.7,29.4,18.7,1.2,1.2,9.4,20.5,214,12.47,30687.35,2.49,55,Kolkata,22.5726,88.3639,West Bengal
2024-02-03,26.0,16.4,20.3,26.6,16.5,0.0,0.0,12.0,28.1,271,17.2,38941.36,3.43,0,Kolkata,22.5726,88.3639,West Bengal
2024-02-04,26.6,13.8,19.8,26.7,13.7,0.0,0.0,10.7,24.5,280,17.2,38914.44,3.48,0,Kolkata,22.5726,88.3639,West Bengal
2024-02-05,27.2,15.4,21.0,29.9,16.2,0.0,0.0,9.3,16.9,274,16.83,38623.87,3.27,3,Kolkata,22.5726,88.3639,West Bengal
2024-02-06,28.3,18.7,22.9,31.3,21.1,1.4,1.4,12.2,29.9,224,11.06,26217.96,2.37,51,Kolkata,22.5726,88.3639,West Bengal
2024-02-07,26.0,18.3,21.4,27.6,19.2,0.0,0.0,13.0,27.4,354,16.95,39097.23,3.33,3,Kolkata,22.5726,88.3639,West Bengal
2024-02-08,24.8,15.1,19.3,24.4,14.0,0.0,0.0,11.3,25.9,351,17.9,38808.09,3.72,3,Kolkata,22.5726,88.3639,West Bengal
2024-02-09,23.4,13.4,18.0,22.5,12.0,0.0,0.0,13.1,25.9,353,18.27,39340.14,3.63,3,Kolkata,22.5726,88.3639,West Bengal
2024-02-10,24.8,12.4,18.4,24.4,11.1,0.0,0.0,12.6,28.1,348,18.48,39376.23,3.68,0,Kolkata,22.5726,88.3639,West Bengal
2024-02-11,26.9,12.4,20.0,27.7,11.5,0.0,0.0,11.2,20.5,9,18.08,39411.92,3.68,3,Kolkata,22.5726,88.3639,West Bengal
2024-02-12,27.7,15.0,21.2,29.1,14.4,0.0,0.0,9.2,16.6,68,17.78,36993.0,3.69,3,Kolkata,22.5726,88.3639,West Bengal
2024-02-13,29.2,17.3,22.4,31.9,17.6,0.0,0.0,8.8,17.6,112,17.16,39200.2,3.57,3,Kolkata,22.5726,88.3639,West Bengal
2024-02-14,28.6,16.6,22.1,31.2,17.7,0.0,0.0,8.4,16.9,92,16.84,36910.04,3.45,3,Kolkata,22.5726,88.3639,West Bengal
2024-02-15,28.1,17.2,22.3,31.1,18.2,0.0,0.0,22.9,41.8,2,15.39,39284.37,3.22,3,Kolkata,22.5726,88.3639,West Bengal
2024-02-16,28.9,17.7,22.8,31.3,18.8,0.0,0.0,11.0,27.7,2,17.84,39584.17,3.65,1,Kolkata,22.5726,88.3639,West Bengal
2024-02-17,28.1,15.1,21.4,30.6,15.3,0.0,0.0,10.0,23.0,339,18.75,39600.0,3.92,0,Kolkata,22.5726,88.3639,West Bengal
2024-02-18,29.4,16.4,22.6,31.5,17.5,0.3,0.3,9.4,20.9,234,17.96,39600.0,3.79,51,Kolkata,22.5726,88.3639,West Bengal
2024-02-19,30.1,19.2,24.1,34.3,21.7,0.3,0.3,12.1,22.3,195,15.65,30501.22,3.35,51,Kolkata,22.5726,88.3639,West Bengal
2024-02-20,31.7,21.6,25.3,35.9,24.7,0.9,0.9,15.7,32.8,188,17.16,36040.92,3.77,53,Kolkata,22.5726,88.3639,West Bengal
2024-02-21,32.9,20.7,25.1,35.6,24.0,0.0,0.0,10.8,21.6,159,16.11,39245.31,3.7,3,Kolkata,22.5726,88.3639,West Bengal
2024-02-22,30.0,21.1,24.8,34.2,24.1,3.5,3.5,14.0,30.6,173,15.81,38638.71,3.33,61,Kolkata,22.5726,88.3639,West Bengal
2024-02-23,28.8,19.5,23.2,31.5,19.7,0.2,0.2,17.3,32.4,36,17.61,37646.8,3.78,51,Kolkata,22.5726,88.3639,West Bengal
2024-02-24,28.0,17.7,22.9,29.0,18.9,0.0,0.0,15.0,31.3,50,14.49,31829.87,3.36,3,Kolkata,22.5726,88.3639,West Bengal
2024-02-25,24.9,18.4,21.1,24.3,17.9,3.6,3.6,18.9,33.8,48,10.46,22298.66,2.78,63,Kolkata,22.5726,88.3639,West Bengal
2024-02-26,28.5,17.5,22.3,30.1,17.4,0.0,0.0,11.4,24.5,34,19.34,39600.0,4.32,3,Kolkata,22.5726,88.3639,West Bengal
2024-02-27,29.0,18.0,22.9,31.6,18.3,0.0,0.0,7.7,19.4,36,18.19,35283.02,4.04,3,Kolkata,22.5726,88.3639,West Bengal
2024-02-28,29.4,18.5,23.7,32.1,20.0,0.1,0.1,11.7,25.6,290,19.49,38674.41,4.17,51,Kolkata,22.5726,88.3639,West Bengal
2024-02-29,30.0,18.7,23.9,31.8,20.2,0.0,0.0,9.4,23.0,356,20.15,39600.0,4.46,0,Kolkata,22.5726,88.3639,West Bengal
2024-03-01,30.4,17.7,23.8,33.4,19.0,0.0,0.0,10.9,18.4,24,20.01,39600.0,4.33,0,Kolkata,22.5726,88.3639,West Bengal
2024-03-02,30.8,18.0,25.0,34.5,19.2,0.0,0.0,6.9,15.5,253,19.99,39600.0,4.2,0,Kolkata,22.5726,88.3639,West Bengal
2024-03-03,31.5,20.8,25.6,34.9,23.9,0.3,0.3,7.5,18.0,242,17.54,31560.09,3.82,51,Kolkata,22.5726,88.3639,West Bengal
2024-03-04,31.4,20.1,25.2,34.7,22.0,1.1,1.1,16.3,30.6,108,17.84,32133.5,4.19,51,Kolkata,22.5726,88.3639,West Bengal
2024-03-05,31.3,21.0,25.5,34.7,23.0,0.0,0.0,11.6,25.9,322,20.42,39600.0,4.53,2,Kolkata,22.5726,88.3639,West Bengal
2024-03-06,29.7,18.9,23.7,32.1,18.4,0.0,0.0,12.1,27.0,10,21.09,39600.0,4.71,0,Kolkata,22.5726,88.3639,West Bengal
2024-03-07,28.8,19.2,23.7,29.8,20.7,0.1,0.1,10.6,25.6,13,16.67,39600.0,3.87,51,Kolkata,22.5726,88.3639,West Bengal
2024-03-08,30.6,18.9,24.1,30.7,18.7,0.0,0.0,12.6,28.1,5,21.43,39600.0,5.04,3,Kolkata,22.5726,88.3639,West Bengal
2024-03-09,30.2,15.7,23.3,30.1,15.1,0.0,0.0,12.0,26.6,347,21.77,39783.5,5.06,0,Kolkata,22.5726,88.3639,West Bengal
2024-03-10,30.2,17.1,23.2,30.9,17.4,0.0,0.0,10.5,24.1,8,21.89,39755.61,5.0,0,Kolkata,22.5726,88.3639,West Bengal
2024-03-11,31.8,15.4,24.3,32.8,14.8,0.0,0.0,11.4,19.1,278,21.93,39977.52,4.88,0,Kolkata,22.5726,88.3639,West Bengal
2024-03-12,33.4,21.7,27.0,39.2,24.7,0.0,0.0,15.3,28.1,205,19.0,39700.11,4.35,3,Kolkata,22.5726,88.3639,West Bengal
2024-03-13,33.6,22.7,27.6,36.4,25.5,3.5,3.5,21.2,41.4,188,18.14,32400.0,4.41,61,Kolkata,22.5726,88.3639,West Bengal
2024-03-14,32.1,22.6,26.2,39.5,24.5,5.7,5.7,28.3,51.8,182,18.07,32400.0,3.91,63,Kolkata,22.5726,88.3639,West Bengal
2024-03-15,33.4,23.2,26.8,38.4,26.7,4.3,4.3,24.5,43.9,141,18.19,28892.07,4.14,63,Kolkata,22.5726,88.3639,West Bengal
2024-03-16,32.1,24.2,27.0,38.4,27.2,0.6,0.6,15.1,27.4,193,17.82,35406.02,3.91,51,Kolkata,22.5726,88.3639,West Bengal
2024-03-17,31.7,22.0,26.1,37.8,25.6,0.0,0.0,9.4,21.6,224,18.08,35997.12,3.82,3,Kolkata,22.5726,88.3639,West Bengal
2024-03-18,29.5,22.7,25.7,34.8,26.3,11.7,11.7,15.5,31.7,254,14.51,31520.22,3.01,65,Kolkata,22.5726,88.3639,West Bengal
2024-03-19,30.3,22.6,25.7,34.8,22.6,2.3,2.3,27.3,39.2,287,16.09,26959.46,3.59,61,Kolkata,22.5726,88.3639,West Bengal
2024-03-20,23.6,18.5,21.2,26.5,20.6,13.2,13.2,10.6,52.9,148,6.62,2647.88,1.44,61,Kolkata,22.5726,88.3639,West Bengal
2024-03-21,26.3,18.5,21.2,30.7,20.7,3.3,3.3,8.1,37.1,162,16.58,30223.54,3.08,63,Kolkata,22.5726,88.3639,West Bengal
2024-03-22,28.2,17.2,22.9,31.5,18.8,0.0,0.0,8.0,19.1,4,21.34,40660.78,4.23,1,Kolkata,22.5726,88.3639,West Bengal
2024-03-23,32.1,19.9,25.2,36.6,22.5,3.8,3.8,21.7,45.4,174,21.68,39176.12,4.67,63,Kolkata,22.5726,88.3639,West Bengal
2024-03-24,34.0,23.6,27.9,38.7,27.6,0.0,0.0,18.2,35.6,205,22.36,40633.02,4.98,3,Kolkata,22.5726,88.3639,West Bengal
2024-03-25,33.1,22.3,26.9,38.9,26.4,0.8,0.8,16.9,37.1,162,17.62,26601.18,4.05,53,Kolkata,22.5726,88.3639,West Bengal
2024-03-26,32.5,23.8,27.2,39.2,27.9,0.2,0.2,11.1,24.1,177,20.75,38191.64,4.48,51,Kolkata,22.5726,88.3639,West Bengal
2024-03-27,35.2,23.1,28.1,40.8,27.3,2.4,2.4,18.0,33.8,178,21.4,41763.67,4.91,61,Kolkata,22.5726,88.3639,West Bengal
2024-03-28,34.5,23.0,28.0,41.7,27.8,0.1,0.1,16.5,36.0,185,21.04,36141.06,4.71,51,Kolkata,22.5726,88.3639,West Bengal
2024-03-29,35.2,24.6,28.7,42.7,29.3,0.8,0.8,15.8,29.5,160,21.04,37049.78,4.76,53,Kolkata,22.5726,88.3639,West Bengal
2024-03-30,36.1,25.1,29.5,45.0,30.7,0.2,0.2,21.8,39.6,185,20.26,39778.47,4.86,51,Kolkata,22.5726,88.3639,West Bengal
2024-03-31,35.4,25.5,28.9,42.1,30.8,7.3,7.3,20.1,51.1,190,20.89,37556.15,4.91,63,Kolkata,22.5726,88.3639,West Bengal
2024-04-01,37.0,25.5,30.6,40.6,27.2,0.0,0.0,15.0,27.0,221,23.48,42878.67,6.17,2,Kolkata,22.5726,88.3639,West Bengal
2024-04-02,36.3,24.8,30.3,40.2,29.7,0.0,0.0,13.3,23.4,144,23.62,43089.89,5.6,2,Kolkata,22.5726,88.3639,West Bengal
2024-04-03,36.8,25.0,30.4,41.8,30.6,0.0,0.0,17.0,29.5,191,23.04,36343.08,5.4,3,Kolkata,22.5726,88.3639,West Bengal
2024-04-04,36.7,26.3,29.9,44.5,31.9,15.6,15.6,21.4,37.1,189,20.73,36153.22,4.94,65,Kolkata,22.5726,88.3639,West Bengal
2024-04-05,38.3,26.5,31.6,47.2,31.8,0.0,0.0,17.5,33.1,196,22.48,39744.81,5.54,3,Kolkata,22.5726,88.3639,West Bengal
2024-04-06,37.7,26.4,30.9,45.4,32.9,3.3,3.3,20.6,41.8,174,21.92,37366.66,5.27,61,Kolkata,22.5726,88.3639,West Bengal
2024-04-07,36.3,26.3,30.4,42.5,29.6,2.5,2.5,19.6,40.7,216,18.41,34498.85,4.58,61,Kolkata,22.5726,88.3639,West Bengal
2024-04-08,32.0,22.9,27.1,33.6,25.3,0.1,0.1,21.4,43.9,274,13.02,13028.09,3.78,51,Kolkata,22.5726,88.3639,West Bengal
2024-04-09,34.7,21.7,28.1,40.0,24.2,0.0,0.0,12.0,25.2,227,21.2,37607.87,5.1,3,Kolkata,22.5726,88.3639,West Bengal
2024-04-10,35.7,22.5,29.0,40.9,25.1,0.0,0.0,12.7,23.4,237,20.29,39320.36,4.99,3,Kolkata,22.5726,88.3639,West Bengal
2024-04-11,32.8,23.7,27.2,37.4,27.2,0.8,0.8,17.3,40.3,237,11.21,11312.51,2.99,51,Kolkata,22.5726,88.3639,West Bengal
2024-04-12,34.9,22.5,28.7,39.4,25.9,0.0,0.0,9.0,17.6,215,23.26,32898.38,5.49,3,Kolkata,22.5726,88.3639,West Bengal
2024-04-13,36.6,23.1,29.7,41.0,26.6,0.0,0.0,9.0,16.6,177,23.6,43200.0,5.64,3,Kolkata,22.5726,88.3639,West Bengal
2024-04-14,36.6,24.1,30.0,41.0,27.9,0.0,0.0,9.7,22.3,199,22.77,41874.49,5.52,3,Kolkata,22.5726,88.3639,West Bengal
2024-04-15,38.5,24.6,31.3,43.0,29.2,0.0,0.0,14.2,25.6,199,23.4,43200.0,6.07,3,Kolkata,22.5726,88.3639,West Bengal
2024-04-16,38.9,26.6,32.3,43.6,31.2,0.0,0.0,14.9,25.2,209,23.66,43200.0,6.64,1,Kolkata,22.5726,88.3639,West Bengal
2024-04-17,38.7,27.5,32.4,43.9,32.3,0.0,0.0,10.8,22.7,209,22.13,42913.74,5.87,1,Kolkata,22.5726,88.3639,West Bengal
2024-04-18,38.7,25.7,32.0,40.3,28.5,0.0,0.0,13.9,27.0,266,25.12,43200.0,6.71,3,Kolkata,22.5726,88.3639,West Bengal
2024-04-19,40.8,25.3,32.2,41.3,28.1,0.0,0.0,22.4,47.9,220,24.31,43200.0,7.67,2,Kolkata,22.5726,88.3639,West Bengal
2024-04-20,41.7,26.3,32.9,43.8,30.2,0.0,0.0,22.4,45.0,210,24.72,43200.0,7.27,1,Kolkata,22.5726,88.3639,West Bengal
2024-04-21,41.2,27.2,33.6,44.8,32.7,0.0,0.0,22.1,39.2,206,23.57,43200.0,6.92,2,Kolkata,22.5726,88.3639,West Bengal
2024-04-22,40.0,27.7,33.4,42.7,31.6,0.0,0.0,15.0,27.7,277,22.95,34660.63,6.34,3,Kolkata,22.5726,88.3639,West Bengal
2024-04-23,38.7,26.7,32.5,41.7,27.6,0.0,0.0,16.2,32.0,256,23.02,42423.81,6.68,3,Kolkata,22.5726,88.3639,West Bengal
2024-04-24,39.9,27.3,33.3,42.2,30.8,0.0,0.0,16.2,29.9,223,23.32,43200.0,7.12,1,Kolkata,22.5726,88.3639,West Bengal
2024-04-25,40.4,25.7,33.0,41.9,29.3,0.0,0.0,16.1,28.1,239,25.37,43200.0,6.7,0,Kolkata,22.5726,88.3639,West Bengal
2024-04-26,41.0,27.5,33.0,46.0,33.0,0.0,0.0,20.2,36.0,193,23.22,43200.0,6.58,1,Kolkata,22.5726,88.3639,West Bengal
2024-04-27,40.8,28.0,33.6,46.0,33.9,0.0,0.0,17.7,31.0,205,24.06,43200.0,6.9,1,Kolkata,22.5726,88.3639,West Bengal
2024-04-28,40.4,28.3,33.8,46.6,34.5,1.6,1.6,17.6,33.8,215,22.77,42141.85,6.96,61,Kolkata,22.5726,88.3639,West Bengal
2024-04-29,41.6,28.6,34.3,43.7,31.5,0.0,0.0,21.0,38.9,220,24.43,43200.0,7.52,1,Kolkata,22.5726,88.3639,West Bengal
2024-04-30,43.9,29.3,35.2,45.7,33.2,0.0,0.0,25.7,45.4,218,23.25,43200.0,8.12,1,Kolkata,22.5726,88.3639,West Bengal
2024-05-01,41.6,28.8,35.2,44.1,32.4,0.0,0.0,21.1,37.4,211,24.73,43200.0,7.51,2,Kolkata,22.5726,88.3639,West Bengal
2024-05-02,41.7,29.2,33.8,46.4,34.6,0.3,0.3,21.6,41.4,210,23.43,43200.0,7.06,51,Kolkata,22.5726,88.3639,West Bengal
2024-05-03,40.0,26.9,33.2,43.2,33.9,0.0,0.0,16.5,28.4,144,25.53,43200.0,6.45,2,Kolkata,22.5726,88.3639,West Bengal
2024-05-04,39.1,27.9,32.5,43.0,33.7,0.0,0.0,22.2,42.5,191,21.83,40790.95,6.42,3,Kolkata,22.5726,88.3639,West Bengal
2024-05-05,37.2,28.3,32.2,41.8,33.5,0.0,0.0,25.6,46.8,190,22.95,43200.0,6.82,3,Kolkata,22.5726,88.3639,West Bengal
2024-05-06,36.6,25.1,29.9,40.4,27.6,38.8,38.8,33.8,63.0,161,16.93,32597.14,4.94,65,Kolkata,22.5726,88.3639,West Bengal
2024-05-07,34.2,25.4,28.6,40.2,27.9,0.4,0.4,24.5,46.8,157,20.93,38821.84,5.13,51,Kolkata,22.5726,88.3639,West Bengal
2024-05-08,30.4,24.4,26.8,35.0,27.6,2.2,2.2,17.1,45.7,132,15.81,35792.55,3.38,61,Kolkata,22.5726,88.3639,West Bengal
2024-05-09,30.7,24.3,26.7,35.3,27.9,5.6,5.6,17.1,34.9,157,16.33,30242.97,3.44,63,Kolkata,22.5726,88.3639,West Bengal
2024-05-10,31.1,24.4,26.9,38.1,30.2,12.3,12.3,17.3,38.5,141,18.83,37299.65,3.93,65,Kolkata,22.5726,88.3639,West Bengal
2024-05-11,31.2,25.7,28.0,37.0,30.4,12.4,12.4,18.2,35.6,179,16.77,35876.35,3.74,63,Kolkata,22.5726,88.3639,West Bengal
2024-05-12,32.8,24.4,28.0,40.7,28.9,6.9,6.9,20.3,40.0,141,21.5,40360.65,4.62,63,Kolkata,22.5726,88.3639,West Bengal
2024-05-13,33.6,24.7,29.2,40.3,30.0,0.0,0.0,14.1,24.5,159,23.42,42156.92,5.33,3,Kolkata,22.5726,88.3639,West Bengal
2024-05-14,34.2,25.4,29.6,42.5,31.3,8.4,8.4,14.8,30.6,186,22.04,43200.0,4.94,63,Kolkata,22.5726,88.3639,West Bengal
2024-05-15,35.1,26.2,30.4,41.8,32.4,0.0,0.0,12.8,22.3,196,22.93,43080.04,5.52,3,Kolkata,22.5726,88.3639,West Bengal
2024-05-16,36.0,26.4,30.8,42.4,32.5,0.0,0.0,14.3,24.1,203,19.39,32367.88,4.78,3,Kolkata,22.5726,88.3639,West Bengal
2024-05-17,37.7,27.5,31.9,44.6,32.9,0.1,0.1,19.7,35.3,203,23.76,43200.0,6.21,51,Kolkata,22.5726,88.3639,West Bengal
2024-05-18,37.2,29.0,32.0,43.5,33.9,0.0,0.0,17.2,28.1,204,21.03,41095.77,5.48,3,Kolkata,22.5726,88.3639,West Bengal
2024-05-19,34.9,29.3,31.1,39.7,34.9,0.0,0.0,14.8,32.8,187,14.39,19667.46,4.09,3,Kolkata,22.5726,88.3639,West Bengal
2024-05-20,34.0,27.1,29.3,41.4,32.3,19.3,19.3,15.5,31.0,171,16.04,32598.8,3.77,65,Kolkata,22.5726,88.3639,West Bengal
2024-05-21,34.1,27.2,29.2,41.8,33.2,10.1,10.1,14.8,32.8,136,18.89,36594.48,4.19,63,Kolkata,22.5726,88.3639,West Bengal
2024-05-22,34.3,27.2,29.9,42.0,33.2,1.9,1.9,14.3,41.4,153,21.85,42179.46,4.93,61,Kolkata,22.5726,88.3639,West Bengal
2024-05-23,34.7,26.1,30.2,41.7,32.3,1.0,1.0,22.4,45.0,131,23.19,41239.3,5.29,53,Kolkata,22.5726,88.3639,West Bengal
2024-05-24,35.4,27.1,31.1,42.3,33.8,0.0,0.0,18.0,32.4,123,23.42,43200.0,5.51,2,Kolkata,22.5726,88.3639,West Bengal
2024-05-25,35.6,27.6,31.2,42.7,34.0,0.5,0.5,16.3,34.6,89,22.46,43200.0,5.52,53,Kolkata,22.5726,88.3639,West Bengal
2024-05-26,30.6,26.7,28.0,33.9,28.4,33.2,33.2,42.6,75.2,45,8.22,0.0,2.44,63,Kolkata,22.5726,88.3639,West Bengal
2024-05-27,27.8,26.2,26.9,31.3,27.0,80.5,80.5,44.0,83.9,313,2.56,0.0,1.37,65,Kolkata,22.5726,88.3639,West Bengal
2024-05-28,36.0,26.2,30.6,43.9,31.3,0.5,0.5,22.0,40.7,189,20.67,36660.76,4.97,51,Kolkata,22.5726,88.3639,West Bengal
2024-05-29,35.3,29.4,32.0,42.0,35.2,0.0,0.0,31.0,57.2,190,22.06,43200.0,5.46,3,Kolkata,22.5726,88.3639,West Bengal
2024-05-30,34.8,29.8,31.7,41.0,35.0,0.0,0.0,29.0,55.4,186,20.98,39686.67,5.4,3,Kolkata,22.5726,88.3639,West Bengal
2024-05-31,34.1,28.7,30.9,41.1,33.6,0.0,0.0,26.1,49.3,186,17.68,32422.85,4.49,3,Kolkata,22.5726,88.3639,West Bengal
2024-06-01,34.6,27.8,30.7,42.2,33.4,0.7,0.7,23.5,43.9,181,19.81,41036.02,4.75,51,Kolkata,22.5726,88.3639,West Bengal
2024-06-02,33.9,28.7,31.2,40.4,33.7,5.9,5.9,21.0,43.9,191,19.12,40139.69,4.81,63,Kolkata,22.5726,88.3639,West Bengal
2024-06-03,34.8,28.6,31.1,41.6,33.8,0.0,0.0,19.7,38.5,191,22.87,40683.59,5.65,3,Kolkata,22.5726,88.3639,West Bengal
2024-06-04,35.4,28.9,31.5,43.5,34.9,0.0,0.0,20.5,36.4,188,23.68,39606.73,5.83,3,Kolkata,22.5726,88.3639,West Bengal
2024-06-05,36.0,28.5,31.4,44.1,35.4,0.7,0.7,20.8,38.9,183,24.4,43200.0,5.76,53,Kolkata,22.5726,88.3639,West Bengal
2024-06-06,37.0,26.9,31.4,46.3,33.1,1.4,1.4,19.7,34.6,178,23.39,43200.0,5.57,53,Kolkata,22.5726,88.3639,West Bengal
2024-06-07,36.6,26.1,31.2,44.2,32.6,0.0,0.0,22.4,40.7,209,24.92,43200.0,6.01,3,Kolkata,22.5726,88.3639,West Bengal
2024-06-08,35.3,28.1,31.4,43.7,33.6,0.0,0.0,21.6,40.0,195,24.35,43200.0,5.96,3,Kolkata,22.5726,88.3639,West Bengal
2024-06-09,36.5,28.3,31.9,45.8,34.1,0.0,0.0,16.7,33.1,190,24.22,43200.0,5.91,3,Kolkata,22.5726,88.3639,West Bengal
2024-06-10,36.3,28.8,32.0,44.7,34.5,0.0,0.0,17.5,33.8,185,24.82,43416.11,6.15,3,Kolkata,22.5726,88.3639,West Bengal
2024-06-11,36.3,29.0,31.8,45.0,34.4,0.0,0.0,19.1,34.6,184,23.75,39256.58,5.98,3,Kolkata,22.5726,88.3639,West Bengal
2024-06-12,34.8,28.7,31.4,41.6,34.3,0.0,0.0,19.9,37.4,184,18.94,35532.01,5.1,3,Kolkata,22.5726,88.3639,West Bengal
2024-06-13,35.6,28.8,32.0,42.0,33.8,0.2,0.2,23.5,45.7,184,22.38,42537.61,5.99,51,Kolkata,22.5726,88.3639,West Bengal
2024-06-14,37.5,29.0,32.5,45.8,34.7,0.0,0.0,19.5,36.0,184,22.56,39704.51,5.95,3,Kolkata,22.5726,88.3639,West Bengal
2024-06-15,37.1,29.5,32.2,45.4,34.8,6.6,6.6,21.7,38.9,182,20.67,34027.67,5.6,63,Kolkata,22.5726,88.3639,West Bengal
2024-06-16,36.6,29.8,32.5,44.5,35.4,0.0,0.0,19.6,36.0,186,22.25,39299.53,5.95,3,Kolkata,22.5726,88.3639,West Bengal
2024-06-17,37.4,29.7,32.5,43.3,34.8,0.0,0.0,29.9,55.1,193,20.87,37861.56,5.98,3,Kolkata,22.5726,88.3639,West Bengal
2024-06-18,32.2,28.4,30.6,38.4,33.5,19.4,19.4,21.9,41.4,200,10.16,3338.06,3.09,65,Kolkata,22.5726,88.3639,West Bengal
2024-06-19,34.8,28.1,30.4,42.3,32.4,2.9,2.9,23.6,47.9,195,12.8,15047.19,3.63,53,Kolkata,22.5726,88.3639,West Bengal
2024-06-20,35.0,28.1,29.5,43.4,32.2,24.9,24.9,19.1,37.1,185,13.15,12540.28,3.32,65,Kolkata,22.5726,88.3639,West Bengal
2024-06-21,31.8,27.7,29.1,38.0,34.3,1.9,1.9,12.0,25.2,158,12.19,16940.22,2.84,53,Kolkata,22.5726,88.3639,West Bengal
2024-06-22,32.9,27.1,29.4,41.1,34.0,9.7,9.7,15.2,33.8,160,21.34,40186.28,4.65,63,Kolkata,22.5726,88.3639,West Bengal
2024-06-23,33.4,26.9,29.6,41.2,33.9,3.7,3.7,16.8,32.4,169,19.8,38917.07,4.44,61,Kolkata,22.5726,88.3639,West Bengal
2024-06-24,33.4,27.4,30.2,39.6,33.5,0.3,0.3,18.4,35.3,186,22.43,42750.79,5.29,51,Kolkata,22.5726,88.3639,West Bengal
2024-06-25,33.8,28.2,30.8,41.0,34.1,0.4,0.4,18.3,36.7,181,22.72,41476.25,5.43,51,Kolkata,22.5726,88.3639,West Bengal
2024-06-26,33.9,27.5,30.2,40.5,34.1,2.5,2.5,15.0,31.0,139,20.5,31151.07,4.83,61,Kolkata,22.5726,88.3639,West Bengal
2024-06-27,32.8,27.6,29.0,39.5,33.5,14.6,14.6,15.7,38.2,108,15.74,22553.22,3.57,63,Kolkata,22.5726,88.3639,West Bengal
2024-06-28,32.4,27.2,29.0,39.8,33.1,14.3,14.3,13.9,28.8,130,16.78,28752.77,3.75,63,Kolkata,22.5726,88.3639,West Bengal
2024-06-29,31.6,27.1,28.9,39.6,33.1,4.9,4.9,16.1,31.0,189,15.51,25182.66,3.42,61,Kolkata,22.5726,88.3639,West Bengal
2024-06-30,31.6,26.4,28.2,38.7,32.0,20.6,20.6,16.6,31.3,210,11.79,12802.1,2.71,63,Kolkata,22.5726,88.3639,West Bengal
2024-07-01,32.2,26.0,28.1,37.9,31.3,20.7,20.7,19.3,41.0,218,12.41,11021.78,2.93,63,Kolkata,22.5726,88.3639,West Bengal
2024-07-02,30.1,25.8,27.4,36.3,30.6,30.5,30.5,16.9,36.0,219,9.35,6434.42,2.19,63,Kolkata,22.5726,88.3639,West Bengal
2024-07-03,28.9,25.8,27.3,34.0,30.7,13.0,13.0,18.6,33.8,203,10.2,12005.1,2.28,63,Kolkata,22.5726,88.3639,West Bengal
2024-07-04,31.5,25.6,28.0,38.5,29.9,15.7,15.7,16.6,34.2,198,13.23,14711.2,3.04,63,Kolkata,22.5726,88.3639,West Bengal
2024-07-05,32.5,25.9,29.0,38.4,31.0,24.5,24.5,22.7,46.1,192,19.56,39344.63,4.42,65,Kolkata,22.5726,88.3639,West Bengal
2024-07-06,32.3,26.5,28.7,38.9,32.0,4.8,4.8,19.3,37.1,179,18.9,37203.85,4.23,61,Kolkata,22.5726,88.3639,West Bengal
2024-07-07,32.4,26.5,29.0,39.0,32.2,7.0,7.0,16.0,36.0,157,19.9,39584.57,4.37,63,Kolkata,22.5726,88.3639,West Bengal
2024-07-08,32.5,26.3,29.1,39.1,32.2,1.3,1.3,15.8,33.5,149,21.83,41712.02,4.89,51,Kolkata,22.5726,88.3639,West Bengal
2024-07-09,32.2,27.0,29.3,38.5,32.7,5.4,5.4,17.1,32.4,174,18.09,38239.95,4.17,61,Kolkata,22.5726,88.3639,West Bengal
2024-07-10,32.5,27.6,29.7,38.0,33.1,1.0,1.0,21.3,41.4,195,21.9,41656.06,5.12,51,Kolkata,22.5726,88.3639,West Bengal
2024-07-11,32.8,27.4,29.7,40.1,32.4,11.9,11.9,20.0,38.5,199,19.91,38736.46,4.56,63,Kolkata,22.5726,88.3639,West Bengal
2024-07-12,32.5,26.5,28.3,40.3,32.1,18.2,18.2,15.6,29.5,192,16.15,22893.65,3.5,63,Kolkata,22.5726,88.3639,West Bengal
2024-07-13,31.9,25.5,28.6,38.4,30.9,9.8,9.8,17.2,35.6,159,17.47,34394.18,3.82,63,Kolkata,22.5726,88.3639,West Bengal
2024-07-14,32.2,26.1,29.2,38.9,32.2,4.3,4.3,16.1,34.6,138,21.51,44569.28,4.67,61,Kolkata,22.5726,88.3639,West Bengal
2024-07-15,32.1,27.0,29.3,37.2,32.1,1.9,1.9,23.3,48.6,106,19.93,37521.98,4.6,53,Kolkata,22.5726,88.3639,West Bengal
2024-07-16,31.9,26.9,29.3,37.4,32.3,1.1,1.1,14.5,32.4,122,15.75,24990.17,3.8,51,Kolkata,22.5726,88.3639,West Bengal
2024-07-17,33.2,26.6,29.3,40.7,32.6,5.1,5.1,16.1,34.6,121,22.22,42509.65,4.78,61,Kolkata,22.5726,88.3639,West Bengal
2024-07-18,33.5,26.9,29.9,38.4,33.5,1.2,1.2,23.1,45.7,100,23.51,44117.92,5.34,51,Kolkata,22.5726,88.3639,West Bengal
2024-07-19,32.0,27.4,29.3,37.1,32.3,3.0,3.0,23.8,48.2,97,20.98,42250.3,4.8,55,Kolkata,22.5726,88.3639,West Bengal
2024-07-20,32.9,27.1,29.5,38.0,31.8,1.7,1.7,25.2,52.6,119,21.57,42812.28,5.15,51,Kolkata,22.5726,88.3639,West Bengal
2024-07-21,31.4,26.9,29.1,37.5,32.2,10.1,10.1,24.0,45.7,142,19.52,37648.51,4.51,63,Kolkata,22.5726,88.3639,West Bengal
2024-07-22,31.8,26.7,28.9,37.2,31.5,8.0,8.0,18.8,38.5,167,16.22,31610.53,3.93,61,Kolkata,22.5726,88.3639,West Bengal
2024-07-23,31.8,26.0,28.5,38.8,31.5,19.5,19.5,15.6,30.2,161,18.61,39189.41,4.01,65,Kolkata,22.5726,88.3639,West Bengal
2024-07-24,32.1,26.6,28.7,41.0,32.8,17.2,17.2,13.4,29.9,193,17.08,27269.67,3.76,65,Kolkata,22.5726,88.3639,West Bengal
2024-07-25,31.7,26.6,28.4,39.1,33.3,12.5,12.5,13.8,28.8,234,14.6,26534.71,3.09,63,Kolkata,22.5726,88.3639,West Bengal
2024-07-26,30.3,26.2,28.3,36.6,32.3,21.8,21.8,20.2,39.6,69,15.83,35217.72,3.36,63,Kolkata,22.5726,88.3639,West Bengal
2024-07-27,31.6,27.1,28.6,37.5,31.3,5.7,5.7,21.5,39.2,125,15.95,28339.95,3.62,61,Kolkata,22.5726,88.3639,West Bengal
2024-07-28,32.0,26.5,28.6,39.6,32.1,8.0,8.0,12.8,27.4,118,17.39,33415.92,3.75,63,Kolkata,22.5726,88.3639,West Bengal
2024-07-29,31.2,26.4,28.2,37.9,32.3,24.4,24.4,13.3,26.3,162,14.37,22410.47,3.12,65,Kolkata,22.5726,88.3639,West Bengal
2024-07-30,33.0,26.2,29.0,40.0,31.6,5.1,5.1,17.8,36.0,196,20.33,36612.91,4.55,61,Kolkata,22.5726,88.3639,West Bengal
2024-07-31,31.5,25.9,28.1,38.7,32.0,31.2,31.2,12.2,29.5,178,13.8,22474.08,3.01,63,Kolkata,22.5726,88.3639,West Bengal
2024-08-01,28.0,25.8,26.9,33.7,30.6,31.7,31.7,23.9,42.5,211,5.18,0.0,1.37,63,Kolkata,22.5726,88.3639,West Bengal
2024-08-02,30.4,25.9,27.4,34.6,29.6,29.9,29.9,23.3,45.7,190,8.78,4326.68,2.31,63,Kolkata,22.5726,88.3639,West Bengal
2024-08-03,31.4,25.0,27.5,36.8,28.8,16.0,16.0,20.3,39.2,173,15.24,24385.36,3.38,63,Kolkata,22.5726,88.3639,West Bengal
2024-08-04,31.0,24.9,27.6,37.3,29.5,28.5,28.5,17.3,39.2,180,14.09,26120.32,3.01,65,Kolkata,22.5726,88.3639,West Bengal
2024-08-05,32.4,24.9,28.1,40.6,30.2,61.5,61.5,15.5,30.2,201,17.78,29892.99,3.84,65,Kolkata,22.5726,88.3639,West Bengal
2024-08-06,31.3,26.3,28.0,38.9,32.0,7.5,7.5,15.6,31.7,163,16.48,24026.84,3.51,63,Kolkata,22.5726,88.3639,West Bengal
2024-08-07,30.9,25.9,27.9,37.2,30.7,6.0,6.0,17.1,34.6,145,16.28,26171.32,3.55,61,Kolkata,22.5726,88.3639,West Bengal
2024-08-08,31.3,25.9,28.0,36.7,31.0,5.1,5.1,19.8,39.6,158,17.81,28802.36,3.96,61,Kolkata,22.5726,88.3639,West Bengal
2024-08-09,31.1,25.6,27.9,37.0,30.1,10.1,10.1,17.1,36.0,183,16.78,25189.85,3.71,63,Kolkata,22.5726,88.3639,West Bengal
2024-08-10,32.0,25.2,27.5,39.2,29.9,24.7,24.7,15.9,29.9,194,15.65,22489.29,3.41,65,Kolkata,22.5726,88.3639,West Bengal
2024-08-11,32.6,25.4,28.2,39.4,30.3,10.3,10.3,16.2,32.0,208,17.37,28800.0,3.83,61,Kolkata,22.5726,88.3639,West Bengal
2024-08-12,32.3,25.3,28.6,39.7,31.0,13.4,13.4,15.0,30.2,198,18.12,38946.63,3.96,63,Kolkata,22.5726,88.3639,West Bengal
2024-08-13,32.8,25.5,28.5,40.8,30.8,8.4,8.4,15.3,32.4,180,16.73,31796.88,3.6,61,Kolkata,22.5726,88.3639,West Bengal
2024-08-14,32.3,25.4,28.0,39.1,31.1,56.7,56.7,13.9,29.2,148,14.86,19768.27,3.23,65,Kolkata,22.5726,88.3639,West Bengal
2024-08-15,32.7,26.1,28.4,41.5,32.7,5.8,5.8,10.6,29.9,150,19.24,27791.08,4.07,63,Kolkata,22.5726,88.3639,West Bengal
2024-08-16,31.2,24.6,28.1,38.3,29.5,2.1,2.1,10.2,22.0,135,14.49,21711.94,3.12,53,Kolkata,22.5726,88.3639,West Bengal
2024-08-17,32.8,25.3,28.3,42.1,31.5,10.8,10.8,10.9,27.0,278,18.94,27910.52,4.08,63,Kolkata,22.5726,88.3639,West Bengal
2024-08-18,30.1,25.7,27.3,35.7,30.6,19.9,19.9,19.7,38.5,332,14.27,28460.67,3.05,63,Kolkata,22.5726,88.3639,West Bengal
2024-08-19,30.6,25.6,27.1,35.7,30.3,14.9,14.9,14.3,27.7,296,12.26,15215.58,2.66,63,Kolkata,22.5726,88.3639,West Bengal
2024-08-20,30.7,25.1,27.1,37.3,30.5,29.0,29.0,10.6,23.8,214,11.69,12192.1,2.56,65,Kolkata,22.5726,88.3639,West Bengal
2024-08-21,31.8,25.5,27.8,38.9,30.5,18.8,18.8,15.6,34.9,216,14.94,17980.97,3.22,63,Kolkata,22.5726,88.3639,West Bengal
2024-08-22,31.4,25.5,27.8,39.1,32.0,35.4,35.4,12.1,27.4,209,13.65,17766.93,2.87,65,Kolkata,22.5726,88.3639,West Bengal
2024-08-23,29.8,25.1,26.7,36.6,30.7,22.9,22.9,11.1,22.3,165,9.5,6938.68,2.09,63,Kolkata,22.5726,88.3639,West Bengal
2024-08-24,27.4,25.1,25.9,33.0,30.0,13.8,13.8,11.2,23.4,144,5.12,994.7,1.15,63,Kolkata,22.5726,88.3639,West Bengal
2024-08-25,28.9,24.6,26.4,35.4,29.7,35.1,35.1,8.2,21.6,228,7.71,1392.27,1.71,63,Kolkata,22.5726,88.3639,West Bengal
2024-08-26,29.4,24.6,26.4,35.1,29.5,53.3,53.3,12.4,25.9,205,8.85,6423.52,1.95,65,Kolkata,22.5726,88.3639,West Bengal
2024-08-27,29.6,24.8,26.8,35.9,29.5,28.1,28.1,11.9,26.3,148,11.39,10412.73,2.42,63,Kolkata,22.5726,88.3639,West Bengal
2024-08-28,31.7,24.9,27.7,39.7,30.8,7.1,7.1,12.8,29.2,137,18.23,30590.35,3.78,63,Kolkata,22.5726,88.3639,West Bengal
2024-08-29,32.2,25.5,28.5,39.8,31.5,1.2,1.2,12.6,27.7,139,21.54,42687.83,4.55,51,Kolkata,22.5726,88.3639,West Bengal
2024-08-30,32.9,25.1,28.7,39.8,31.1,0.5,0.5,14.1,31.7,113,22.52,43200.0,4.84,51,Kolkata,22.5726,88.3639,West Bengal
2024-08-31,32.3,26.5,28.9,38.2,32.2,4.8,4.8,19.6,38.2,129,19.88,43200.0,4.45,63,Kolkata,22.5726,88.3639,West Bengal
2024-09-01,30.9,26.3,27.9,37.0,31.3,9.4,9.4,15.9,31.3,130,15.67,29268.79,3.36,63,Kolkata,22.5726,88.3639,West Bengal
2024-09-02,32.2,25.7,28.2,40.1,32.1,5.9,5.9,16.2,34.9,140,19.43,32400.0,4.07,63,Kolkata,22.5726,88.3639,West Bengal
2024-09-03,32.0,25.9,27.9,40.6,31.9,8.6,8.6,11.3,24.8,155,17.49,36879.18,3.6,63,Kolkata,22.5726,88.3639,West Bengal
2024-09-04,31.9,25.6,28.0,39.1,31.5,5.4,5.4,12.8,28.8,172,16.35,29685.1,3.48,63,Kolkata,22.5726,88.3639,West Bengal
2024-09-05,32.1,25.8,28.6,39.8,31.6,1.5,1.5,18.4,37.1,160,21.48,40782.11,4.51,55,Kolkata,22.5726,88.3639,West Bengal
2024-09-06,33.1,26.4,29.4,41.9,33.0,4.7,4.7,11.0,26.6,85,20.39,40522.7,4.33,63,Kolkata,22.5726,88.3639,West Bengal
2024-09-07,33.4,25.6,29.1,41.1,31.3,14.6,14.6,15.9,34.6,95,21.31,39864.25,4.55,63,Kolkata,22.5726,88.3639,West Bengal
2024-09-08,32.4,26.5,28.7,38.8,32.4,6.1,6.1,18.0,37.8,103,17.82,33735.2,3.93,63,Kolkata,22.5726,88.3639,West Bengal
2024-09-09,32.2,26.6,28.9,37.9,31.6,4.1,4.1,22.4,45.0,119,18.79,40274.18,4.3,61,Kolkata,22.5726,88.3639,West Bengal
2024-09-10,31.9,26.4,28.8,37.8,31.7,3.2,3.2,17.4,38.5,145,17.96,40874.2,4.06,55,Kolkata,22.5726,88.3639,West Bengal
2024-09-11,31.9,26.3,28.7,39.3,32.1,6.6,6.6,11.2,27.0,141,16.49,34763.08,3.55,63,Kolkata,22.5726,88.3639,West Bengal
2024-09-12,31.4,26.1,28.4,38.5,32.1,14.3,14.3,10.2,24.5,272,10.04,8785.0,2.23,63,Kolkata,22.5726,88.3639,West Bengal
2024-09-13,31.6,25.5,28.1,38.1,30.4,24.4,24.4,17.8,37.1,307,11.16,13448.21,2.59,63,Kolkata,22.5726,88.3639,West Bengal
2024-09-14,27.9,25.1,25.9,32.0,27.6,64.6,64.6,31.6,55.8,336,6.31,3349.5,1.46,65,Kolkata,22.5726,88.3639,West Bengal
2024-09-15,27.0,24.8,25.6,29.8,27.8,25.3,25.3,26.6,51.5,178,5.43,0.0,1.41,63,Kolkata,22.5726,88.3639,West Bengal
2024-09-16,29.2,25.3,26.7,33.0,28.3,25.3,25.3,24.2,51.5,147,7.57,7356.21,2.05,63,Kolkata,22.5726,88.3639,West Bengal
2024-09-17,32.6,25.4,28.6,37.6,30.7,0.5,0.5,18.1,35.3,133,21.8,43200.0,4.84,51,Kolkata,22.5726,88.3639,West Bengal
2024-09-18,33.0,24.1,28.6,39.8,29.3,0.0,0.0,7.9,19.4,151,21.64,43200.0,4.68,3,Kolkata,22.5726,88.3639,West Bengal
2024-09-19,32.7,25.7,29.1,40.1,31.7,0.1,0.1,7.2,18.4,293,17.37,33385.38,3.81,51,Kolkata,22.5726,88.3639,West Bengal
2024-09-20,33.4,26.4,30.1,42.5,33.0,1.5,1.5,10.9,22.0,307,20.97,43200.0,4.61,53,Kolkata,22.5726,88.3639,West Bengal
2024-09-21,33.4,25.9,29.4,41.0,32.1,4.5,4.5,9.9,24.5,358,19.86,43200.0,4.32,63,Kolkata,22.5726,88.3639,West Bengal
2024-09-22,34.0,26.2,30.1,41.1,32.3,4.2,4.2,12.6,26.6,352,21.0,43153.17,4.6,63,Kolkata,22.5726,88.3639,West Bengal
2024-09-23,33.6,26.6,28.9,41.2,32.7,12.6,12.6,17.1,32.4,143,14.18,24203.64,3.12,63,Kolkata,22.5726,88.3639,West Bengal
2024-09-24,30.5,26.4,27.8,36.6,31.0,14.2,14.2,18.0,41.0,103,14.02,23456.46,3.05,63,Kolkata,22.5726,88.3639,West Bengal
2024-09-25,28.1,25.4,26.1,33.6,29.7,34.0,34.0,18.8,36.4,133,5.57,3508.09,1.31,63,Kolkata,22.5726,88.3639,West Bengal
2024-09-26,28.5,24.6,26.2,33.2,29.0,23.7,23.7,18.3,45.0,150,7.95,3831.79,1.76,63,Kolkata,22.5726,88.3639,West Bengal
2024-09-27,30.5,24.4,27.0,35.9,29.1,6.2,6.2,20.0,43.2,158,15.9,34357.92,3.22,61,Kolkata,22.5726,88.3639,West Bengal
2024-09-28,31.4,25.6,28.3,37.2,30.5,1.3,1.3,17.3,36.4,186,17.87,36879.23,3.85,51,Kolkata,22.5726,88.3639,West Bengal
2024-09-29,32.4,26.3,28.9,41.5,32.1,1.0,1.0,15.1,28.8,220,18.47,39438.17,3.94,51,Kolkata,22.5726,88.3639,West Bengal
2024-09-30,33.5,26.3,29.7,41.2,33.1,0.4,0.4,8.8,21.6,234,19.2,40215.49,4.23,51,Kolkata,22.5726,88.3639,West Bengal
2024-10-01,34.2,26.6,30.0,42.8,32.3,13.6,13.6,13.1,24.5,270,18.55,33756.29,4.08,63,Kolkata,22.5726,88.3639,West Bengal
2024-10-02,31.6,25.2,27.8,38.9,30.3,14.4,14.4,10.1,25.9,258,13.71,21656.24,2.9,63,Kolkata,22.5726,88.3639,West Bengal
2024-10-03,31.5,26.5,28.1,39.6,32.3,3.6,3.6,10.9,23.4,236,14.43,27299.47,3.05,61,Kolkata,22.5726,88.3639,West Bengal
2024-10-04,30.0,25.3,27.1,37.8,31.0,28.4,28.4,9.1,22.3,213,8.85,8871.49,1.93,63,Kolkata,22.5726,88.3639,West Bengal
2024-10-05,30.1,24.8,26.6,38.6,30.7,13.6,13.6,4.5,16.9,159,11.39,14079.82,2.41,65,Kolkata,22.5726,88.3639,West Bengal
2024-10-06,30.3,24.1,26.6,37.4,29.2,10.1,10.1,11.6,23.4,144,13.17,24494.29,2.75,63,Kolkata,22.5726,88.3639,West Bengal
2024-10-07,30.7,24.4,27.0,38.8,29.8,14.5,14.5,11.2,30.6,126,15.79,33835.24,3.21,63,Kolkata,22.5726,88.3639,West Bengal
2024-10-08,31.1,25.2,27.3,39.5,31.3,9.8,9.8,7.8,27.0,191,14.83,29171.82,3.1,63,Kolkata,22.5726,88.3639,West Bengal
2024-10-09,29.9,25.0,26.8,37.4,30.5,14.9,14.9,13.1,26.3,218,13.47,27666.56,2.71,63,Kolkata,22.5726,88.3639,West Bengal
2024-10-10,31.2,25.3,27.8,38.7,30.9,11.1,11.1,10.3,29.5,213,16.91,33064.69,3.49,65,Kolkata,22.5726,88.3639,West Bengal
2024-10-11,32.1,25.4,28.1,39.6,31.3,3.6,3.6,10.6,28.4,217,18.1,39269.98,3.79,61,Kolkata,22.5726,88.3639,West Bengal
2024-10-12,31.9,24.9,28.6,39.8,30.5,5.4,5.4,7.7,16.9,203,16.79,39310.93,3.52,61,Kolkata,22.5726,88.3639,West Bengal
2024-10-13,32.0,24.9,28.3,40.5,30.0,3.8,3.8,8.5,16.9,323,16.82,36736.22,3.57,61,Kolkata,22.5726,88.3639,West Bengal
2024-10-14,32.4,25.0,28.3,38.8,31.0,0.0,0.0,7.4,16.2,30,19.09,39825.03,4.08,3,Kolkata,22.5726,88.3639,West Bengal
2024-10-15,31.5,24.9,27.3,39.4,30.2,5.8,5.8,9.3,17.3,358,17.28,37207.6,3.64,61,Kolkata,22.5726,88.3639,West Bengal
2024-10-16,31.3,24.4,27.3,38.5,30.0,0.0,0.0,8.8,17.6,334,18.51,37639.15,3.83,3,Kolkata,22.5726,88.3639,West Bengal
2024-10-17,30.9,24.5,26.7,37.9,30.0,8.0,8.0,9.9,25.6,48,15.84,38508.02,3.22,63,Kolkata,22.5726,88.3639,West Bengal
2024-10-18,30.2,23.8,26.4,38.6,29.1,6.4,6.4,14.1,27.7,315,14.54,28848.99,2.94,63,Kolkata,22.5726,88.3639,West Bengal
2024-10-19,30.5,23.6,26.6,37.5,28.3,7.8,7.8,11.2,24.1,325,16.41,35318.65,3.31,61,Kolkata,22.5726,88.3639,West Bengal
2024-10-20,30.5,23.8,26.6,34.9,28.9,0.0,0.0,12.8,27.0,9,19.04,35843.88,4.0,3,Kolkata,22.5726,88.3639,West Bengal
2024-10-21,30.4,23.3,26.4,35.5,27.2,0.0,0.0,13.0,28.1,358,18.64,38875.41,3.88,3,Kolkata,22.5726,88.3639,West Bengal
2024-10-22,30.9,22.6,26.6,36.1,26.3,0.0,0.0,10.5,23.8,353,18.96,39313.67,3.97,3,Kolkata,22.5726,88.3639,West Bengal
2024-10-23,29.6,24.0,26.3,34.1,27.9,1.9,1.9,17.1,34.6,34,11.17,23987.03,2.64,55,Kolkata,22.5726,88.3639,West Bengal
2024-10-24,26.4,24.1,25.0,28.6,25.5,18.4,18.4,26.9,55.4,61,5.68,2452.69,1.53,63,Kolkata,22.5726,88.3639,West Bengal
2024-10-25,25.9,24.2,25.0,29.0,26.4,57.1,57.1,24.7,45.7,98,1.41,0.0,0.77,63,Kolkata,22.5726,88.3639,West Bengal
2024-10-26,31.5,24.3,27.3,34.7,28.2,4.5,4.5,21.2,40.0,126,17.28,33051.83,3.96,63,Kolkata,22.5726,88.3639,West Bengal
2024-10-27,30.6,24.0,26.9,36.3,28.5,1.5,1.5,11.5,24.8,129,15.29,37268.04,3.16,55,Kolkata,22.5726,88.3639,West Bengal
2024-10-28,31.4,23.3,27.5,37.2,28.7,0.0,0.0,7.3,16.6,160,17.04,34962.44,3.58,3,Kolkata,22.5726,88.3639,West Bengal
2024-10-29,31.4,23.6,27.3,36.8,28.1,0.0,0.0,9.2,16.2,220,17.2,37976.28,3.64,0,Kolkata,22.5726,88.3639,West Bengal
2024-10-30,30.8,24.2,26.9,38.1,29.5,1.3,1.3,9.1,27.7,218,15.9,36548.64,3.24,53,Kolkata,22.5726,88.3639,West Bengal
2024-10-31,31.3,24.3,26.9,37.9,29.7,1.8,1.8,10.0,23.0,236,16.43,37359.38,3.37,53,Kolkata,22.5726,88.3639,West Bengal
2024-11-01,32.4,23.5,27.7,38.1,28.3,0.0,0.0,7.1,11.5,295,18.1,37781.04,3.84,3,Kolkata,22.5726,88.3639,West Bengal
2024-11-02,31.4,23.4,27.4,36.3,27.3,0.0,0.0,7.1,15.5,8,17.87,38064.02,3.8,0,Kolkata,22.5726,88.3639,West Bengal
2024-11-03,31.0,21.2,25.9,35.2,24.5,0.0,0.0,7.7,15.1,17,17.18,37825.02,3.61,0,Kolkata,22.5726,88.3639,West Bengal
2024-11-04,30.2,21.6,26.1,34.6,24.9,0.0,0.0,7.5,15.5,18,16.71,37585.35,3.5,0,Kolkata,22.5726,88.3639,West Bengal
2024-11-05,29.3,22.2,25.6,34.1,25.6,0.6,0.6,8.0,19.8,36,13.54,37344.94,2.89,51,Kolkata,22.5726,88.3639,West Bengal
2024-11-06,29.5,22.4,25.6,33.7,25.9,1.3,1.3,11.8,29.2,88,14.98,36840.92,3.13,61,Kolkata,22.5726,88.3639,West Bengal
2024-11-07,30.1,20.9,25.5,34.5,24.0,0.2,0.2,7.5,19.8,357,16.24,37125.33,3.36,51,Kolkata,22.5726,88.3639,West Bengal
2024-11-08,30.2,21.7,25.7,33.6,24.9,0.0,0.0,10.7,23.8,34,16.2,36883.18,3.48,0,Kolkata,22.5726,88.3639,West Bengal
2024-11-09,29.6,21.3,25.0,32.9,24.2,0.0,0.0,9.3,22.3,19,16.43,36904.66,3.43,0,Kolkata,22.5726,88.3639,West Bengal
2024-11-10,29.9,21.1,24.8,33.4,24.1,0.0,0.0,8.9,21.2,20,16.78,36926.52,3.5,0,Kolkata,22.5726,88.3639,West Bengal
2024-11-11,30.1,21.0,25.2,32.8,23.7,0.0,0.0,10.1,22.7,30,14.95,36683.54,3.29,3,Kolkata,22.5726,88.3639,West Bengal
2024-11-12,29.9,20.2,25.5,32.8,22.7,0.0,0.0,10.1,23.0,7,15.7,36439.95,3.29,3,Kolkata,22.5726,88.3639,West Bengal
2024-11-13,31.5,21.0,26.1,34.2,23.1,0.0,0.0,6.3,19.1,0,16.73,36727.89,3.39,3,Kolkata,22.5726,88.3639,West Bengal
2024-11-14,30.8,21.7,25.6,31.6,23.8,0.0,0.0,9.7,24.5,1,17.01,36750.43,3.69,0,Kolkata,22.5726,88.3639,West Bengal
2024-11-15,30.2,19.7,24.5,32.2,20.9,0.0,0.0,7.7,20.5,336,16.89,36773.16,3.64,2,Kolkata,22.5726,88.3639,West Bengal
2024-11-16,29.2,18.8,23.5,29.7,19.1,0.0,0.0,8.7,23.4,337,16.99,36796.05,3.62,0,Kolkata,22.5726,88.3639,West Bengal
2024-11-17,28.7,18.5,23.3,29.9,19.2,0.0,0.0,6.8,19.8,326,16.7,36283.29,3.42,2,Kolkata,22.5726,88.3639,West Bengal
2024-11-18,28.0,18.8,23.0,29.7,19.6,0.0,0.0,7.4,19.1,306,16.61,36573.86,3.4,0,Kolkata,22.5726,88.3639,West Bengal
2024-11-19,28.6,18.7,23.0,30.9,20.2,0.0,0.0,4.7,13.0,330,16.38,36327.8,3.14,0,Kolkata,22.5726,88.3639,West Bengal
2024-11-20,29.0,17.4,23.3,31.0,18.4,0.0,0.0,8.0,18.7,302,15.85,36080.93,3.23,3,Kolkata,22.5726,88.3639,West Bengal
2024-11-21,28.8,18.1,23.4,30.1,20.0,0.0,0.0,8.4,24.5,285,15.18,35197.29,3.24,1,Kolkata,22.5726,88.3639,West Bengal
2024-11-22,28.7,18.4,23.3,29.9,19.3,0.0,0.0,7.8,23.0,327,15.12,36124.68,3.13,1,Kolkata,22.5726,88.3639,West Bengal
2024-11-23,28.5,17.5,22.9,29.8,18.5,0.0,0.0,8.9,22.7,304,15.52,36000.0,3.24,1,Kolkata,22.5726,88.3639,West Bengal
2024-11-24,28.1,17.2,22.7,29.4,17.8,0.0,0.0,7.2,18.7,323,15.63,36000.0,3.25,3,Kolkata,22.5726,88.3639,West Bengal
2024-11-25,27.5,17.3,22.2,29.1,18.1,0.0,0.0,8.6,17.6,322,15.49,36000.0,3.13,3,Kolkata,22.5726,88.3639,West Bengal
2024-11-26,27.4,17.9,22.4,28.5,18.7,0.0,0.0,6.8,21.2,346,15.38,36000.0,3.02,3,Kolkata,22.5726,88.3639,West Bengal
2024-11-27,28.5,16.9,22.7,28.6,17.5,0.0,0.0,7.2,22.0,353,15.36,36000.0,3.24,3,Kolkata,22.5726,88.3639,West Bengal
2024-11-28,28.8,18.6,23.5,29.8,19.9,0.0,0.0,9.2,26.6,31,14.64,36000.0,3.21,3,Kolkata,22.5726,88.3639,West Bengal
2024-11-29,27.0,20.6,24.1,29.4,22.3,0.0,0.0,8.8,24.8,28,8.06,16125.01,1.99,3,Kolkata,22.5726,88.3639,West Bengal
2024-11-30,23.7,19.1,21.8,25.8,21.3,0.7,0.7,11.9,29.5,19,7.35,16530.77,1.7,51,Kolkata,22.5726,88.3639,West Bengal
2024-12-01,27.8,18.4,22.8,29.7,20.5,0.2,0.2,8.0,22.3,42,13.76,34978.81,2.69,51,Kolkata,22.5726,88.3639,West Bengal
2024-12-02,23.7,20.0,21.7,25.8,22.2,0.1,0.1,9.4,23.0,356,7.31,12498.34,1.56,51,Kolkata,22.5726,88.3639,West Bengal
2024-12-03,27.6,19.3,22.8,28.7,20.7,0.0,0.0,7.1,19.4,354,14.46,36000.0,2.91,3,Kolkata,22.5726,88.3639,West Bengal
2024-12-04,27.2,17.9,22.0,29.4,19.3,0.0,0.0,4.7,15.5,50,14.7,36000.0,2.81,2,Kolkata,22.5726,88.3639,West Bengal
2024-12-05,28.4,16.9,22.2,29.2,17.7,0.0,0.0,6.5,18.7,299,15.01,36000.0,3.06,3,Kolkata,22.5726,88.3639,West Bengal
2024-12-06,26.8,16.4,21.3,27.3,16.3,0.0,0.0,7.1,18.0,349,14.92,36000.0,2.91,0,Kolkata,22.5726,88.3639,West Bengal
2024-12-07,25.8,16.6,20.8,27.1,17.1,0.0,0.0,5.2,16.9,65,14.85,36000.0,2.74,2,Kolkata,22.5726,88.3639,West Bengal
2024-12-08,26.0,15.7,20.6,26.7,15.9,0.0,0.0,5.6,14.8,84,14.75,36000.0,2.79,3,Kolkata,22.5726,88.3639,West Bengal
2024-12-09,26.7,17.3,21.3,27.7,17.7,0.0,0.0,7.3,15.8,81,12.09,33788.3,2.46,3,Kolkata,22.5726,88.3639,West Bengal
2024-12-10,26.3,17.4,20.9,27.8,18.5,1.3,1.3,6.4,19.4,357,14.24,34517.93,2.73,55,Kolkata,22.5726,88.3639,West Bengal
2024-12-11,24.6,16.0,19.7,24.1,16.4,0.0,0.0,9.9,27.0,10,14.5,36000.0,2.76,3,Kolkata,22.5726,88.3639,West Bengal
2024-12-12,24.2,13.4,18.4,23.6,12.5,0.0,0.0,8.1,23.4,1,15.1,36000.0,2.85,3,Kolkata,22.5726,88.3639,West Bengal
2024-12-13,23.7,13.2,18.1,22.9,12.4,0.0,0.0,8.2,23.8,1,14.94,36000.0,2.81,3,Kolkata,22.5726,88.3639,West Bengal
2024-12-14,23.6,13.2,17.8,23.2,12.2,0.0,0.0,8.0,20.5,357,15.08,36000.0,2.85,3,Kolkata,22.5726,88.3639,West Bengal
2024-12-15,23.9,12.1,17.8,23.5,10.6,0.0,0.0,8.8,21.2,350,14.92,36000.0,2.83,0,Kolkata,22.5726,88.3639,West Bengal
2024-12-16,25.0,13.2,18.9,25.5,13.0,0.0,0.0,6.0,20.5,343,14.72,36000.0,2.64,0,Kolkata,22.5726,88.3639,West Bengal
2024-12-17,26.6,14.3,20.6,27.8,14.6,0.0,0.0,5.6,19.1,21,13.87,36000.0,2.59,3,Kolkata,22.5726,88.3639,West Bengal
2024-12-18,27.1,15.7,21.0,28.0,16.3,0.0,0.0,5.8,17.6,356,14.36,36000.0,2.79,3,Kolkata,22.5726,88.3639,West Bengal
2024-12-19,27.0,16.8,21.0,26.8,17.3,0.0,0.0,8.7,25.6,31,14.19,35929.88,2.86,3,Kolkata,22.5726,88.3639,West Bengal
2024-12-20,26.6,15.8,21.1,27.4,16.5,0.7,0.7,8.5,22.0,84,13.54,35989.14,2.74,53,Kolkata,22.5726,88.3639,West Bengal
2024-12-21,20.1,16.4,18.8,21.8,18.1,10.5,10.5,7.6,20.2,85,3.7,1493.2,0.89,63,Kolkata,22.5726,88.3639,West Bengal
2024-12-22,25.3,16.1,19.9,26.4,17.4,0.0,0.0,9.0,22.3,41,13.18,28800.0,2.46,3,Kolkata,22.5726,88.3639,West Bengal
2024-12-23,26.5,17.2,21.1,26.5,18.0,0.0,0.0,9.4,24.5,40,14.33,36000.0,2.99,3,Kolkata,22.5726,88.3639,West Bengal
2024-12-24,26.0,17.6,21.2,26.5,18.4,0.0,0.0,6.2,15.8,17,13.1,28800.0,2.6,3,Kolkata,22.5726,88.3639,West Bengal
2024-12-25,23.9,18.6,20.6,25.2,20.1,0.5,0.5,4.8,12.6,165,6.16,10158.57,1.3,53,Kolkata,22.5726,88.3639,West Bengal
2024-12-26,27.1,17.2,21.6,27.5,19.0,0.0,0.0,8.1,20.9,18,13.93,33469.93,2.88,3,Kolkata,22.5726,88.3639,West Bengal
2024-12-27,26.9,16.9,21.2,27.6,17.2,0.0,0.0,8.6,21.2,6,14.32,36000.0,2.87,0,Kolkata,22.5726,88.3639,West Bengal
2024-12-28,26.4,15.9,20.9,27.2,16.1,0.0,0.0,7.6,20.9,355,14.43,36000.0,2.77,0,Kolkata,22.5726,88.3639,West Bengal
2024-12-29,27.0,16.0,21.6,27.9,16.8,0.0,0.0,6.6,20.5,306,13.88,36000.0,2.75,1,Kolkata,22.5726,88.3639,West Bengal
2024-12-30,26.6,17.7,21.7,28.3,18.3,0.0,0.0,8.2,21.6,346,12.93,36000.0,2.67,2,Kolkata,22.5726,88.3639,West Bengal
2024-12-31,24.4,16.8,19.8,23.9,16.7,0.0,0.0,11.8,31.0,333,13.94,36000.0,2.86,3,Kolkata,22.5726,88.3639,West Bengal
2025-01-01,23.4,13.8,18.4,23.2,13.6,0.0,0.0,9.6,28.1,343,14.46,36000.0,2.74,3,Kolkata,22.5726,88.3639,West Bengal
2025-01-02,22.8,12.7,17.2,22.2,11.9,0.0,0.0,8.3,25.2,343,14.85,36000.0,2.66,1,Kolkata,22.5726,88.3639,West Bengal
2025-01-03,22.9,12.0,17.2,22.9,11.2,0.0,0.0,9.1,21.2,338,14.68,36000.0,2.61,3,Kolkata,22.5726,88.3639,West Bengal
2025-01-04,24.4,14.0,19.0,24.6,14.1,0.0,0.0,7.1,23.4,347,13.31,35657.38,2.54,3,Kolkata,22.5726,88.3639,West Bengal
2025-01-05,25.6,14.3,19.8,26.3,14.8,0.0,0.0,5.5,20.2,356,13.46,35902.84,2.52,3,Kolkata,22.5726,88.3639,West Bengal
2025-01-06,25.4,14.1,19.9,26.0,14.9,0.0,0.0,6.3,21.6,246,14.2,33304.63,2.67,3,Kolkata,22.5726,88.3639,West Bengal
2025-01-07,26.9,16.0,21.2,27.5,17.0,0.0,0.0,9.2,22.7,280,14.18,36087.7,2.83,1,Kolkata,22.5726,88.3639,West Bengal
2025-01-08,23.8,16.0,19.3,23.6,15.8,0.0,0.0,11.0,28.4,348,14.95,36066.82,2.96,3,Kolkata,22.5726,88.3639,West Bengal
2025-01-09,23.5,13.8,18.2,23.2,13.5,0.0,0.0,7.8,24.8,19,14.89,36045.49,2.7,0,Kolkata,22.5726,88.3639,West Bengal
2025-01-10,23.9,13.6,18.3,23.3,12.7,0.0,0.0,9.2,22.7,348,15.04,36298.1,2.85,0,Kolkata,22.5726,88.3639,West Bengal
2025-01-11,24.9,12.8,18.7,25.0,12.4,0.0,0.0,6.6,22.3,5,15.14,36001.71,2.78,3,Kolkata,22.5726,88.3639,West Bengal
2025-01-12,26.4,14.1,20.2,27.2,14.5,0.0,0.0,4.7,15.8,348,15.06,36252.99,2.78,3,Kolkata,22.5726,88.3639,West Bengal
2025-01-13,27.8,14.4,21.3,28.0,15.0,0.0,0.0,8.0,22.3,310,14.85,36230.0,2.97,0,Kolkata,22.5726,88.3639,West Bengal
2025-01-14,27.1,16.5,21.5,27.2,17.0,0.0,0.0,9.2,26.6,10,14.83,36206.78,3.17,0,Kolkata,22.5726,88.3639,West Bengal
2025-01-15,25.5,15.5,20.3,24.6,15.4,0.0,0.0,11.4,30.6,0,14.25,35517.43,3.04,3,Kolkata,22.5726,88.3639,West Bengal
2025-01-16,25.9,13.8,19.5,26.1,13.6,0.0,0.0,7.4,21.6,350,15.32,36432.04,3.03,1,Kolkata,22.5726,88.3639,West Bengal
2025-01-17,25.8,14.7,20.2,25.8,14.4,0.0,0.0,8.8,26.3,344,15.47,36679.86,3.15,3,Kolkata,22.5726,88.3639,West Bengal
2025-01-18,25.8,15.1,20.4,25.1,15.1,0.0,0.0,10.8,30.6,349,15.43,36926.79,3.15,0,Kolkata,22.5726,88.3639,West Bengal
2025-01-19,25.6,15.2,20.3,24.6,15.3,0.0,0.0,11.6,32.0,328,15.88,37172.89,3.23,0,Kolkata,22.5726,88.3639,West Bengal
2025-01-20,24.9,14.0,19.8,24.0,13.7,0.0,0.0,10.5,30.6,314,16.3,37147.57,3.17,0,Kolkata,22.5726,88.3639,West Bengal
2025-01-21,26.7,14.3,20.8,26.5,14.5,0.0,0.0,10.3,29.9,279,16.07,37392.49,3.25,0,Kolkata,22.5726,88.3639,West Bengal
2025-01-22,28.5,15.7,21.9,28.2,16.7,0.0,0.0,9.0,27.0,324,16.16,37366.89,3.35,0,Kolkata,22.5726,88.3639,West Bengal
2025-01-23,28.8,15.9,22.3,30.1,17.3,0.0,0.0,6.6,22.0,203,15.59,36261.35,3.15,3,Kolkata,22.5726,88.3639,West Bengal
2025-01-24,28.6,16.9,22.7,30.7,18.8,0.0,0.0,6.6,23.0,254,15.62,36849.69,3.12,1,Kolkata,22.5726,88.3639,West Bengal
2025-01-25,26.9,18.8,21.8,28.6,21.0,0.5,0.5,10.9,25.9,10,11.37,27918.24,2.39,51,Kolkata,22.5726,88.3639,West Bengal
2025-01-26,25.3,16.2,20.4,24.4,16.1,0.0,0.0,10.1,28.8,350,16.78,37802.45,3.27,0,Kolkata,22.5726,88.3639,West Bengal
2025-01-27,25.1,13.6,19.6,23.7,13.6,0.0,0.0,10.2,29.5,306,16.96,38312.24,3.37,3,Kolkata,22.5726,88.3639,West Bengal
2025-01-28,27.2,13.9,20.6,27.4,14.1,0.0,0.0,8.6,21.6,267,16.61,38018.87,3.28,1,Kolkata,22.5726,88.3639,West Bengal
2025-01-29,28.3,17.5,22.5,29.3,18.9,0.1,0.1,9.3,23.0,182,13.14,32748.18,2.9,51,Kolkata,22.5726,88.3639,West Bengal
2025-01-30,30.1,19.8,24.0,30.9,22.0,0.1,0.1,16.0,38.9,201,14.55,36506.36,3.55,51,Kolkata,22.5726,88.3639,West Bengal
2025-01-31,30.3,20.5,24.7,32.2,23.3,0.1,0.1,10.8,29.2,215,13.04,29818.8,3.03,51,Kolkata,22.5726,88.3639,West Bengal
2025-02-01,29.7,21.5,24.9,33.2,25.5,0.4,0.4,7.7,23.4,218,11.37,23515.69,2.49,51,Kolkata,22.5726,88.3639,West Bengal
2025-02-02,30.0,21.0,24.9,33.3,24.9,0.1,0.1,7.9,24.5,275,12.05,24818.38,2.62,51,Kolkata,22.5726,88.3639,West Bengal
2025-02-03,30.8,20.5,24.9,31.7,23.9,0.0,0.0,8.5,24.1,360,15.16,28548.25,3.35,3,Kolkata,22.5726,88.3639,West Bengal
2025-02-04,29.1,18.6,24.0,29.2,19.8,0.0,0.0,9.1,28.4,329,17.35,38894.54,3.79,3,Kolkata,22.5726,88.3639,West Bengal
2025-02-05,30.9,18.0,24.8,30.7,19.5,0.0,0.0,9.7,28.8,264,17.2,39130.84,3.83,3,Kolkata,22.5726,88.3639,West Bengal
2025-02-06,30.6,21.1,25.6,31.4,24.4,0.0,0.0,11.4,32.8,331,17.24,39257.41,3.88,0,Kolkata,22.5726,88.3639,West Bengal
2025-02-07,27.5,18.0,22.6,26.3,16.2,0.0,0.0,9.0,27.4,333,18.74,39294.76,4.21,0,Kolkata,22.5726,88.3639,West Bengal
2025-02-08,27.6,15.7,21.6,26.0,15.4,0.0,0.0,11.1,31.7,340,18.46,39331.71,3.97,0,Kolkata,22.5726,88.3639,West Bengal
2025-02-09,27.6,15.2,22.0,26.5,14.9,0.0,0.0,9.8,29.9,295,18.54,39368.23,3.89,0,Kolkata,22.5726,88.3639,West Bengal
2025-02-10,30.7,16.1,23.6,32.4,17.2,0.0,0.0,9.9,25.2,237,18.17,39404.31,3.98,0,Kolkata,22.5726,88.3639,West Bengal
2025-02-11,31.2,20.6,25.2,33.2,23.8,0.0,0.0,9.7,28.4,236,16.74,35839.9,3.75,3,Kolkata,22.5726,88.3639,West Bengal
2025-02-12,32.3,20.4,25.9,34.8,24.0,0.0,0.0,8.3,23.0,226,15.43,28675.0,3.51,3,Kolkata,22.5726,88.3639,West Bengal
2025-02-13,31.4,22.4,26.1,32.4,25.7,0.3,0.3,9.7,28.4,291,15.8,30803.88,3.61,51,Kolkata,22.5726,88.3639,West Bengal
2025-02-14,29.0,18.5,23.8,27.3,17.2,0.0,0.0,11.3,33.1,313,19.39,39543.61,4.59,0,Kolkata,22.5726,88.3639,West Bengal
2025-02-15,30.8,16.8,24.1,29.8,16.7,0.0,0.0,12.0,32.0,290,19.09,39577.08,4.4,1,Kolkata,22.5726,88.3639,West Bengal
2025-02-16,32.0,18.1,24.9,31.9,20.5,0.0,0.0,12.8,34.6,226,18.86,39366.29,4.58,1,Kolkata,22.5726,88.3639,West Bengal
2025-02-17,32.3,21.1,26.3,34.0,24.8,0.0,0.0,12.5,35.6,203,16.97,32400.0,4.22,3,Kolkata,22.5726,88.3639,West Bengal
2025-02-18,32.4,21.5,25.5,35.5,24.0,7.2,7.2,17.4,38.9,235,18.11,38586.13,3.96,63,Kolkata,22.5726,88.3639,West Bengal
2025-02-19,28.3,20.1,23.3,33.2,22.6,19.3,19.3,9.5,29.9,159,16.3,32286.51,3.31,65,Kolkata,22.5726,88.3639,West Bengal
2025-02-20,26.9,20.0,22.8,30.5,23.1,4.2,4.2,8.1,36.7,140,12.65,30620.44,2.48,61,Kolkata,22.5726,88.3639,West Bengal
2025-02-21,29.0,18.5,23.8,32.8,20.9,0.0,0.0,8.3,19.8,260,18.47,39600.0,3.68,2,Kolkata,22.5726,88.3639,West Bengal
2025-02-22,29.1,19.9,23.0,33.7,22.9,7.1,7.1,14.7,34.9,224,15.83,34115.08,3.16,63,Kolkata,22.5726,88.3639,West Bengal
2025-02-23,27.7,18.9,22.7,32.3,21.6,6.4,6.4,10.3,30.6,42,18.04,36000.0,3.44,63,Kolkata,22.5726,88.3639,West Bengal
2025-02-24,28.6,18.8,23.8,32.3,21.0,0.0,0.0,5.6,17.3,10,18.51,39600.0,3.71,1,Kolkata,22.5726,88.3639,West Bengal
2025-02-25,28.9,19.5,24.2,32.0,21.5,0.0,0.0,9.0,19.8,9,18.32,39600.0,3.87,3,Kolkata,22.5726,88.3639,West Bengal
2025-02-26,29.4,18.9,24.0,32.7,21.3,0.0,0.0,9.0,20.5,17,18.82,35328.95,3.85,3,Kolkata,22.5726,88.3639,West Bengal
2025-02-27,30.0,19.5,24.8,33.2,21.7,0.0,0.0,9.1,22.7,253,18.96,39121.92,4.0,1,Kolkata,22.5726,88.3639,West Bengal
2025-02-28,31.4,20.5,25.7,34.3,23.7,0.0,0.0,7.7,23.4,280,19.8,39600.0,4.24,3,Kolkata,22.5726,88.3639,West Bengal
2025-03-01,34.4,21.6,27.5,36.2,25.1,0.0,0.0,13.5,35.3,211,19.91,39600.0,5.09,0,Kolkata,22.5726,88.3639,West Bengal
2025-03-02,34.4,22.6,28.2,37.2,23.9,0.0,0.0,10.9,28.8,244,19.77,39600.0,4.86,3,Kolkata,22.5726,88.3639,West Bengal
2025-03-03,33.9,23.4,28.8,35.2,27.2,0.0,0.0,10.8,31.0,359,20.17,39600.0,5.1,3,Kolkata,22.5726,88.3639,West Bengal
2025-03-04,32.9,22.9,27.8,32.3,24.8,0.0,0.0,11.6,33.1,315,21.15,39600.0,5.18,2,Kolkata,22.5726,88.3639,West Bengal
2025-03-05,32.4,21.5,27.3,32.9,22.5,0.0,0.0,10.9,32.8,279,21.01,39600.0,5.1,0,Kolkata,22.5726,88.3639,West Bengal
2025-03-06,29.5,20.3,24.7,28.8,18.6,0.0,0.0,11.3,31.7,334,21.95,39623.38,5.17,0,Kolkata,22.5726,88.3639,West Bengal
2025-03-07,30.9,18.3,24.9,30.3,18.8,0.0,0.0,10.6,31.7,252,21.9,39600.0,4.97,0,Kolkata,22.5726,88.3639,West Bengal
2025-03-08,32.9,19.6,26.1,33.6,22.2,0.0,0.0,12.5,34.9,226,20.98,39600.0,5.16,2,Kolkata,22.5726,88.3639,West Bengal
2025-03-09,33.7,22.3,27.6,35.0,26.2,0.0,0.0,9.3,27.4,202,18.86,36000.0,4.51,3,Kolkata,22.5726,88.3639,West Bengal
2025-03-10,35.5,21.8,28.0,37.6,25.8,0.0,0.0,11.2,31.0,255,20.01,35937.22,4.79,3,Kolkata,22.5726,88.3639,West Bengal
2025-03-11,34.5,22.4,28.3,35.0,24.5,0.0,0.0,13.4,37.1,231,21.28,39737.76,5.93,0,Kolkata,22.5726,88.3639,West Bengal
2025-03-12,36.1,21.9,28.8,36.7,24.7,0.0,0.0,13.8,33.1,224,21.68,39959.23,5.6,0,Kolkata,22.5726,88.3639,West Bengal
2025-03-13,37.1,24.1,30.1,39.1,25.6,0.0,0.0,12.5,31.7,217,21.51,39930.68,5.89,0,Kolkata,22.5726,88.3639,West Bengal
2025-03-14,37.9,24.6,30.5,41.3,29.1,0.0,0.0,10.5,28.4,222,21.34,39901.9,5.39,0,Kolkata,22.5726,88.3639,West Bengal
2025-03-15,39.1,25.3,31.1,43.8,30.6,0.0,0.0,14.8,35.6,213,20.67,39623.62,5.21,2,Kolkata,22.5726,88.3639,West Bengal
2025-03-16,39.6,25.1,30.9,41.0,28.3,12.3,12.3,14.5,40.7,209,20.94,39600.0,5.62,65,Kolkata,22.5726,88.3639,West Bengal
2025-03-17,37.2,24.9,28.9,40.9,28.2,9.0,9.0,15.9,50.4,141,19.25,39203.23,4.49,65,Kolkata,22.5726,88.3639,West Bengal
2025-03-18,35.8,24.3,30.3,36.5,29.2,0.0,0.0,11.5,33.1,312,21.93,39600.0,5.79,3,Kolkata,22.5726,88.3639,West Bengal
2025-03-19,36.9,23.7,29.8,40.0,26.8,0.0,0.0,12.6,32.0,224,21.33,40503.54,5.42,0,Kolkata,22.5726,88.3639,West Bengal
2025-03-20,34.6,25.5,29.2,39.8,30.8,0.8,0.8,14.9,42.8,155,18.75,38215.42,4.45,53,Kolkata,22.5726,88.3639,West Bengal
2025-03-21,34.6,22.4,27.5,37.3,24.4,3.5,3.5,12.0,32.0,351,18.78,32996.06,4.61,55,Kolkata,22.5726,88.3639,West Bengal
2025-03-22,26.1,21.2,23.0,29.1,22.6,8.9,8.9,15.7,37.1,237,8.49,5607.27,1.97,61,Kolkata,22.5726,88.3639,West Bengal
2025-03-23,28.9,20.7,24.2,32.9,23.8,2.0,2.0,7.9,24.5,124,18.86,39600.0,3.77,55,Kolkata,22.5726,88.3639,West Bengal
2025-03-24,31.7,20.2,26.1,34.1,23.3,0.0,0.0,10.4,27.7,8,21.91,41106.2,4.83,1,Kolkata,22.5726,88.3639,West Bengal
2025-03-25,33.3,20.5,27.8,35.7,22.7,0.0,0.0,9.7,29.2,265,22.65,41576.42,5.2,1,Kolkata,22.5726,88.3639,West Bengal
2025-03-26,36.4,23.1,29.5,37.8,26.2,0.0,0.0,13.2,32.8,224,22.63,41797.96,6.01,0,Kolkata,22.5726,88.3639,West Bengal
2025-03-27,37.9,24.0,30.8,38.9,28.0,0.0,0.0,13.4,37.1,238,23.56,42020.06,6.13,0,Kolkata,22.5726,88.3639,West Bengal
2025-03-28,39.6,25.2,31.8,40.0,27.2,0.0,0.0,13.3,36.4,235,23.73,42492.16,6.77,1,Kolkata,22.5726,88.3639,West Bengal
2025-03-29,38.2,25.7,31.7,39.2,29.7,0.0,0.0,12.0,32.4,265,23.62,42465.96,6.31,0,Kolkata,22.5726,88.3639,West Bengal
2025-03-30,38.2,25.7,31.0,42.3,31.5,0.0,0.0,11.7,33.1,220,20.8,36000.0,5.39,3,Kolkata,22.5726,88.3639,West Bengal
2025-03-31,37.3,26.2,30.6,41.3,31.7,0.1,0.1,14.7,34.2,210,21.45,41415.17,5.65,51,Kolkata,22.5726,88.3639,West Bengal
2025-04-01,37.1,26.0,30.4,41.2,30.6,0.0,0.0,13.8,33.8,209,21.46,41388.7,5.76,1,Kolkata,22.5726,88.3639,West Bengal
2025-04-02,37.9,25.9,30.7,41.7,30.7,0.1,0.1,17.2,41.4,217,22.56,42611.89,5.88,51,Kolkata,22.5726,88.3639,West Bengal
2025-04-03,37.8,25.5,30.9,41.6,30.9,0.0,0.0,10.5,29.9,225,21.72,38338.11,5.5,3,Kolkata,22.5726,88.3639,West Bengal
2025-04-04,33.6,25.7,29.9,38.1,30.6,0.0,0.0,9.8,25.9,235,10.76,13215.86,2.95,3,Kolkata,22.5726,88.3639,West Bengal
2025-04-05,38.4,25.8,31.6,39.7,31.5,0.0,0.0,13.4,36.4,228,22.49,43200.0,6.09,1,Kolkata,22.5726,88.3639,West Bengal
2025-04-06,37.5,26.4,31.0,41.2,31.9,1.6,1.6,17.1,49.7,184,21.81,39600.0,6.03,55,Kolkata,22.5726,88.3639,West Bengal
2025-04-07,37.0,26.1,30.2,40.9,29.9,0.2,0.2,17.0,45.4,164,19.41,36610.74,5.35,51,Kolkata,22.5726,88.3639,West Bengal
2025-04-08,36.2,26.1,29.5,39.9,30.5,3.1,3.1,13.4,48.2,167,19.76,37969.8,4.76,63,Kolkata,22.5726,88.3639,West Bengal
2025-04-09,36.1,24.9,30.0,40.0,30.1,3.6,3.6,14.6,34.2,191,21.6,43200.0,5.56,63,Kolkata,22.5726,88.3639,West Bengal
2025-04-10,35.5,24.1,29.3,38.8,26.2,2.3,2.3,15.5,38.5,187,21.78,42931.86,5.67,53,Kolkata,22.5726,88.3639,West Bengal
2025-04-11,33.1,23.1,28.2,37.5,26.8,0.0,0.0,7.8,24.8,154,19.04,34416.62,4.35,3,Kolkata,22.5726,88.3639,West Bengal
2025-04-12,37.7,25.1,29.2,42.1,29.0,9.3,9.3,11.1,31.3,181,20.57,36000.0,4.92,65,Kolkata,22.5726,88.3639,West Bengal
2025-04-13,34.2,25.3,28.9,40.0,29.6,0.6,0.6,9.1,23.4,157,23.19,39789.92,5.11,53,Kolkata,22.5726,88.3639,West Bengal
2025-04-14,34.0,24.6,28.7,39.6,27.7,6.4,6.4,18.0,38.9,104,20.21,37863.2,4.53,63,Kolkata,22.5726,88.3639,West Bengal
2025-04-15,35.5,23.9,28.5,39.4,28.7,0.7,0.7,9.6,32.8,166,22.41,42636.59,5.05,53,Kolkata,22.5726,88.3639,West Bengal
2025-04-16,34.9,25.3,29.1,40.0,30.9,2.7,2.7,13.2,36.4,195,19.4,33946.42,4.78,61,Kolkata,22.5726,88.3639,West Bengal
2025-04-17,34.4,23.5,27.0,39.5,25.5,20.2,20.2,19.0,55.1,177,15.39,31216.38,3.56,65,Kolkata,22.5726,88.3639,West Bengal
2025-04-18,31.7,23.6,26.8,39.2,27.0,8.6,8.6,10.5,33.8,164,19.48,37466.22,4.19,63,Kolkata,22.5726,88.3639,West Bengal
2025-04-19,31.7,24.2,27.6,39.7,28.9,2.1,2.1,8.9,24.8,115,16.12,30067.13,3.53,55,Kolkata,22.5726,88.3639,West Bengal
2025-04-20,36.2,26.4,30.0,43.0,32.3,7.7,7.7,12.6,28.1,192,22.5,42213.99,5.14,63,Kolkata,22.5726,88.3639,West Bengal
2025-04-21,35.9,28.1,31.1,44.0,34.0,0.0,0.0,16.8,41.0,188,23.61,43200.0,5.69,3,Kolkata,22.5726,88.3639,West Bengal
2025-04-22,36.6,27.7,31.3,44.1,33.5,0.1,0.1,17.3,40.3,188,23.71,39600.0,5.97,51,Kolkata,22.5726,88.3639,West Bengal
2025-04-23,42.1,27.7,33.1,44.5,33.4,0.0,0.0,15.3,38.2,205,25.0,43200.0,6.86,0,Kolkata,22.5726,88.3639,West Bengal
2025-04-24,38.3,27.9,32.5,45.1,33.6,0.0,0.0,18.7,41.4,190,24.02,43200.0,6.46,2,Kolkata,22.5726,88.3639,West Bengal
2025-04-25,39.3,28.3,32.7,46.0,34.3,0.0,0.0,18.5,42.1,191,22.88,41063.59,6.34,3,Kolkata,22.5726,88.3639,West Bengal
2025-04-26,37.5,27.9,31.5,43.1,33.3,6.1,6.1,18.6,46.1,191,23.45,38206.01,6.31,63,Kolkata,22.5726,88.3639,West Bengal
2025-04-27,38.1,28.2,32.1,42.3,33.7,0.0,0.0,12.3,32.0,211,19.72,32558.8,5.48,3,Kolkata,22.5726,88.3639,West Bengal
2025-04-28,31.2,26.5,28.7,37.0,32.5,5.6,5.6,10.1,28.1,95,15.04,27769.25,3.37,63,Kolkata,22.5726,88.3639,West Bengal
2025-04-29,32.0,23.6,26.2,38.9,25.4,14.3,14.3,17.3,38.5,86,21.89,38134.16,4.46,63,Kolkata,22.5726,88.3639,West Bengal
2025-04-30,31.3,23.4,26.3,37.4,27.4,2.5,2.5,7.6,27.7,63,20.13,35124.95,4.13,61,Kolkata,22.5726,88.3639,West Bengal
2025-05-01,31.7,23.3,26.5,38.1,26.2,3.5,3.5,18.5,42.1,53,23.23,40833.58,4.9,61,Kolkata,22.5726,88.3639,West Bengal
2025-05-02,30.9,22.2,26.6,37.6,26.2,0.0,0.0,7.8,17.6,204,23.64,41040.86,4.89,2,Kolkata,22.5726,88.3639,West Bengal
2025-05-03,32.9,24.4,27.6,40.2,28.4,2.3,2.3,12.9,38.9,174,22.84,43200.0,4.94,61,Kolkata,22.5726,88.3639,West Bengal
2025-05-04,31.4,24.7,27.2,38.5,29.3,8.7,8.7,9.9,36.7,161,20.43,39164.11,4.32,63,Kolkata,22.5726,88.3639,West Bengal
2025-05-05,34.2,24.6,29.2,40.9,29.9,0.1,0.1,8.1,20.9,161,22.89,41094.12,5.05,51,Kolkata,22.5726,88.3639,West Bengal
2025-05-06,34.6,26.3,28.8,41.0,31.9,9.1,9.1,10.0,28.4,197,20.27,42329.49,4.42,65,Kolkata,22.5726,88.3639,West Bengal
2025-05-07,35.3,24.9,29.9,42.6,30.4,0.0,0.0,10.6,27.7,209,22.67,43062.67,5.18,3,Kolkata,22.5726,88.3639,West Bengal
2025-05-08,38.2,27.4,32.0,41.9,34.1,0.0,0.0,10.5,26.6,231,23.52,37375.29,6.0,3,Kolkata,22.5726,88.3639,West Bengal
2025-05-09,39.1,27.5,33.0,43.1,34.3,0.0,0.0,11.2,32.4,251,23.61,41251.02,6.26,2,Kolkata,22.5726,88.3639,West Bengal
2025-05-10,39.6,28.3,33.6,43.4,34.0,0.0,0.0,11.4,35.3,244,23.54,43200.0,6.36,1,Kolkata,22.5726,88.3639,West Bengal
2025-05-11,40.2,29.0,34.3,43.9,34.4,0.0,0.0,12.7,34.6,240,23.83,43200.0,6.78,3,Kolkata,22.5726,88.3639,West Bengal
2025-05-12,40.0,29.6,33.6,44.1,32.0,1.0,1.0,16.4,43.9,219,22.7,43200.0,6.72,53,Kolkata,22.5726,88.3639,West Bengal
2025-05-13,38.2,29.4,32.5,44.0,35.1,0.4,0.4,13.9,37.1,199,22.33,39500.7,6.04,51,Kolkata,22.5726,88.3639,West Bengal
2025-05-14,37.9,28.9,32.8,44.0,35.7,0.1,0.1,15.6,38.5,195,21.21,40813.24,5.97,51,Kolkata,22.5726,88.3639,West Bengal
2025-05-15,38.1,29.3,32.2,44.0,35.3,3.8,3.8,16.6,40.7,186,21.66,39600.0,5.81,63,Kolkata,22.5726,88.3639,West Bengal
2025-05-16,36.8,29.1,32.0,43.5,35.2,2.5,2.5,14.2,36.7,192,21.45,42150.0,5.68,61,Kolkata,22.5726,88.3639,West Bengal
2025-05-17,36.9,28.5,31.7,42.7,34.6,1.1,1.1,20.9,48.6,184,20.96,41733.7,5.63,53,Kolkata,22.5726,88.3639,West Bengal
2025-05-18,33.9,28.2,30.0,40.4,32.9,3.2,3.2,18.7,47.5,171,16.47,28570.25,4.09,55,Kolkata,22.5726,88.3639,West Bengal
2025-05-19,36.9,25.7,30.9,42.0,30.6,4.2,4.2,12.2,40.3,177,20.68,36192.92,5.28,61,Kolkata,22.5726,88.3639,West Bengal
2025-05-20,36.1,26.8,31.1,41.6,30.9,8.3,8.3,15.9,45.0,192,21.87,39447.32,5.65,63,Kolkata,22.5726,88.3639,West Bengal
2025-05-21,36.9,27.4,31.6,42.5,32.1,7.7,7.7,13.7,34.6,182,20.7,41975.83,5.47,63,Kolkata,22.5726,88.3639,West Bengal
2025-05-22,33.2,26.3,29.5,40.6,31.7,5.2,5.2,12.1,25.9,135,19.62,36000.0,4.39,61,Kolkata,22.5726,88.3639,West Bengal
2025-05-23,32.9,26.8,28.3,40.3,32.6,9.0,9.0,13.3,31.0,120,15.13,27947.07,3.31,63,Kolkata,22.5726,88.3639,West Bengal
2025-05-24,33.5,25.8,29.1,40.7,31.8,4.9,4.9,7.6,23.8,75,20.16,31693.2,4.36,53,Kolkata,22.5726,88.3639,West Bengal
2025-05-25,31.5,26.1,28.6,38.6,32.5,11.4,11.4,10.9,28.4,122,16.34,27153.16,3.5,63,Kolkata,22.5726,88.3639,West Bengal
2025-05-26,31.0,26.2,27.9,37.5,32.6,11.9,11.9,12.0,28.8,99,15.68,26252.5,3.32,63,Kolkata,22.5726,88.3639,West Bengal
2025-05-27,30.5,26.1,28.1,36.6,31.4,5.5,5.5,15.7,40.0,78,13.65,15501.34,2.97,63,Kolkata,22.5726,88.3639,West Bengal
2025-05-28,30.7,26.5,28.1,36.4,31.4,7.5,7.5,18.9,47.9,60,14.64,20372.92,3.21,63,Kolkata,22.5726,88.3639,West Bengal
2025-05-29,30.1,25.5,27.1,36.5,29.5,28.8,28.8,17.0,40.7,5,11.47,8691.58,2.64,65,Kolkata,22.5726,88.3639,West Bengal
2025-05-30,33.6,26.1,29.3,39.4,29.8,3.2,3.2,16.8,39.6,251,16.86,29948.77,4.09,61,Kolkata,22.5726,88.3639,West Bengal
2025-05-31,32.0,25.9,28.9,38.6,31.3,24.3,24.3,13.9,38.5,194,13.52,16206.5,3.08,65,Kolkata,22.5726,88.3639,West Bengal
2025-06-01,31.6,27.0,28.7,39.5,33.1,15.9,15.9,13.8,32.4,172,12.25,12200.22,2.71,63,Kolkata,22.5726,88.3639,West Bengal
2025-06-02,36.4,27.7,30.8,43.0,33.0,0.6,0.6,17.9,42.1,230,21.13,39600.0,5.01,53,Kolkata,22.5726,88.3639,West Bengal
2025-06-03,35.7,27.6,30.7,42.5,32.1,0.2,0.2,12.1,28.8,202,20.76,41922.56,5.02,51,Kolkata,22.5726,88.3639,West Bengal
2025-06-04,34.5,27.5,29.7,42.2,33.9,3.9,3.9,8.8,26.6,184,22.52,42135.54,4.88,63,Kolkata,22.5726,88.3639,West Bengal
2025-06-05,32.7,27.1,29.0,41.1,34.3,5.3,5.3,8.8,23.4,146,19.25,31168.4,4.11,63,Kolkata,22.5726,88.3639,West Bengal
2025-06-06,33.4,25.6,29.2,42.6,29.8,9.7,9.7,12.6,35.6,155,21.77,39600.0,4.71,63,Kolkata,22.5726,88.3639,West Bengal
2025-06-07,34.6,26.0,30.2,42.5,32.6,0.0,0.0,6.9,16.9,205,24.07,43200.0,5.33,3,Kolkata,22.5726,88.3639,West Bengal
2025-06-08,34.8,27.4,30.8,42.6,34.9,1.6,1.6,7.8,18.0,156,21.61,40675.18,4.87,53,Kolkata,22.5726,88.3639,West Bengal
2025-06-09,34.9,27.8,31.4,40.7,35.1,0.8,0.8,8.5,29.2,155,21.93,43200.0,5.17,53,Kolkata,22.5726,88.3639,West Bengal
2025-06-10,36.8,27.7,31.8,42.6,34.5,1.4,1.4,10.2,33.1,153,23.2,43200.0,5.77,55,Kolkata,22.5726,88.3639,West Bengal
2025-06-11,35.6,28.2,31.1,42.0,34.8,0.7,0.7,12.3,35.3,146,21.6,41206.9,5.18,51,Kolkata,22.5726,88.3639,West Bengal
2025-06-12,37.1,27.4,31.6,42.6,33.7,1.2,1.2,10.9,31.3,152,22.98,43041.06,5.73,53,Kolkata,22.5726,88.3639,West Bengal
2025-06-13,36.4,28.2,31.5,42.5,35.0,2.1,2.1,10.2,30.6,179,21.66,42990.59,5.25,61,Kolkata,22.5726,88.3639,West Bengal
2025-06-14,36.0,28.4,31.5,42.4,35.1,1.5,1.5,14.4,33.8,187,23.1,43200.0,5.71,55,Kolkata,22.5726,88.3639,West Bengal
2025-06-15,31.6,27.5,28.9,39.0,33.5,16.0,16.0,10.6,28.4,140,12.16,16265.49,2.84,63,Kolkata,22.5726,88.3639,West Bengal
2025-06-16,32.1,26.8,28.4,39.4,33.0,26.6,26.6,11.5,30.2,92,16.3,27271.72,3.49,63,Kolkata,22.5726,88.3639,West Bengal
2025-06-17,29.1,25.5,27.0,35.2,30.9,30.4,30.4,13.1,30.2,245,8.05,1988.71,1.77,63,Kolkata,22.5726,88.3639,West Bengal
2025-06-18,28.9,25.6,26.9,34.3,29.3,25.3,25.3,19.6,45.4,211,9.24,6224.83,2.13,63,Kolkata,22.5726,88.3639,West Bengal
2025-06-19,30.9,24.3,27.3,36.0,25.8,23.5,23.5,27.3,56.5,200,11.04,13278.16,2.96,65,Kolkata,22.5726,88.3639,West Bengal
2025-06-20,32.6,26.3,28.9,39.8,30.8,3.9,3.9,17.3,42.8,202,18.42,34198.61,4.16,61,Kolkata,22.5726,88.3639,West Bengal
2025-06-21,33.9,26.4,29.9,40.7,32.2,3.0,3.0,12.4,31.7,195,21.6,37435.86,4.87,61,Kolkata,22.5726,88.3639,West Bengal
2025-06-22,32.1,26.3,28.6,42.2,32.3,28.2,28.2,9.0,20.9,158,16.2,21814.27,3.55,65,Kolkata,22.5726,88.3639,West Bengal
2025-06-23,31.7,26.2,28.4,39.9,31.9,14.2,14.2,12.5,32.0,144,16.7,24576.03,3.51,63,Kolkata,22.5726,88.3639,West Bengal
2025-06-24,32.4,26.6,29.1,40.3,33.0,1.8,1.8,9.6,25.6,118,21.5,37988.67,4.61,53,Kolkata,22.5726,88.3639,West Bengal
2025-06-25,31.5,26.7,28.5,37.7,32.6,17.0,17.0,16.6,40.3,101,17.73,27883.12,3.77,63,Kolkata,22.5726,88.3639,West Bengal
2025-06-26,32.2,25.9,28.6,39.0,31.2,7.7,7.7,16.3,41.4,131,21.0,39600.0,4.58,63,Kolkata,22.5726,88.3639,West Bengal
2025-06-27,31.6,25.7,27.9,39.0,31.0,19.4,19.4,13.5,33.5,160,18.19,33412.6,3.79,65,Kolkata,22.5726,88.3639,West Bengal
2025-06-28,30.3,25.1,27.6,36.4,30.4,17.5,17.5,9.0,24.8,217,12.27,4685.16,2.65,63,Kolkata,22.5726,88.3639,West Bengal
2025-06-29,30.6,25.7,27.6,38.0,31.8,44.8,44.8,8.7,25.2,70,15.6,29424.41,3.25,65,Kolkata,22.5726,88.3639,West Bengal
2025-06-30,31.1,25.2,27.9,39.2,30.9,12.7,12.7,9.2,31.7,153,16.2,25466.07,3.48,63,Kolkata,22.5726,88.3639,West Bengal
2025-07-01,30.7,25.6,28.2,36.8,30.6,6.5,6.5,15.7,37.4,135,16.12,30428.59,3.44,61,Kolkata,22.5726,88.3639,West Bengal
2025-07-02,32.3,25.9,28.1,41.0,31.7,34.6,34.6,10.5,26.6,116,19.73,37848.89,4.12,65,Kolkata,22.5726,88.3639,West Bengal
2025-07-03,31.2,26.0,28.1,38.5,31.4,10.9,10.9,10.9,29.5,154,17.25,34004.24,3.62,63,Kolkata,22.5726,88.3639,West Bengal
2025-07-04,31.3,25.8,27.7,39.2,31.7,16.4,16.4,9.7,28.1,177,15.07,21906.45,3.22,63,Kolkata,22.5726,88.3639,West Bengal
2025-07-05,31.4,25.8,27.8,39.2,31.6,7.6,7.6,9.0,22.0,187,16.06,26844.06,3.41,63,Kolkata,22.5726,88.3639,West Bengal
2025-07-06,30.4,24.9,27.1,36.8,30.3,15.0,15.0,8.6,18.4,126,10.76,8717.14,2.35,63,Kolkata,22.5726,88.3639,West Bengal
2025-07-07,28.9,25.4,26.7,35.6,31.3,21.5,21.5,11.3,26.3,137,10.19,8221.32,2.14,63,Kolkata,22.5726,88.3639,West Bengal
2025-07-08,28.1,24.5,26.1,34.4,29.9,27.2,27.2,11.1,24.8,179,7.62,6194.04,1.64,63,Kolkata,22.5726,88.3639,West Bengal
2025-07-09,30.4,25.0,26.9,34.4,29.7,11.2,11.2,16.1,38.2,165,9.96,7200.0,2.35,63,Kolkata,22.5726,88.3639,West Bengal
2025-07-10,31.5,24.9,27.8,38.3,29.8,20.1,20.1,16.7,37.1,142,16.06,20288.69,3.46,63,Kolkata,22.5726,88.3639,West Bengal
2025-07-11,31.6,25.9,28.5,39.9,31.4,2.7,2.7,10.1,29.9,135,17.67,34318.36,3.75,53,Kolkata,22.5726,88.3639,West Bengal
2025-07-12,32.7,25.8,29.0,42.7,31.5,9.3,9.3,8.2,30.2,133,21.31,36000.0,4.46,63,Kolkata,22.5726,88.3639,West Bengal
2025-07-13,31.0,26.8,28.7,39.2,33.3,11.2,11.2,10.1,28.1,96,15.24,28120.38,3.25,63,Kolkata,22.5726,88.3639,West Bengal
2025-07-14,27.7,25.4,26.4,33.0,29.3,35.7,35.7,22.7,44.6,304,5.1,0.0,1.23,63,Kolkata,22.5726,88.3639,West Bengal
2025-07-15,30.8,25.3,27.5,38.5,30.4,26.1,26.1,13.8,34.2,184,13.01,13002.38,2.84,65,Kolkata,22.5726,88.3639,West Bengal
2025-07-16,32.0,26.4,28.5,38.2,32.0,2.3,2.3,13.5,35.6,162,15.95,22333.54,3.49,53,Kolkata,22.5726,88.3639,West Bengal
2025-07-17,32.7,26.8,29.5,40.2,33.2,1.0,1.0,12.6,32.0,170,21.82,37452.98,4.79,53,Kolkata,22.5726,88.3639,West Bengal
2025-07-18,33.0,27.0,29.0,41.8,33.9,8.4,8.4,8.5,33.1,189,19.32,30880.23,4.17,63,Kolkata,22.5726,88.3639,West Bengal
2025-07-19,33.3,27.3,29.9,43.0,33.9,3.0,3.0,10.5,25.9,194,23.36,43200.0,5.15,61,Kolkata,22.5726,88.3639,West Bengal
2025-07-20,33.3,27.5,29.8,42.1,34.0,8.1,8.1,8.5,23.4,178,21.18,37217.29,4.6,63,Kolkata,22.5726,88.3639,West Bengal
2025-07-21,33.3,27.6,29.3,41.7,34.4,2.3,2.3,10.3,30.6,170,19.38,34483.68,4.19,61,Kolkata,22.5726,88.3639,West Bengal
2025-07-22,33.7,27.2,30.0,41.3,34.3,0.5,0.5,10.5,31.3,203,20.89,37324.59,4.58,51,Kolkata,22.5726,88.3639,West Bengal
2025-07-23,34.3,27.5,30.9,42.0,34.3,0.8,0.8,12.0,27.7,180,23.17,43882.04,5.2,51,Kolkata,22.5726,88.3639,West Bengal
2025-07-24,33.0,27.2,29.9,41.1,33.4,10.5,10.5,9.7,25.2,32,17.73,25200.0,3.91,63,Kolkata,22.5726,88.3639,West Bengal
2025-07-25,30.8,26.1,27.8,37.3,30.1,17.9,17.9,18.7,42.8,120,12.36,18995.4,2.78,63,Kolkata,22.5726,88.3639,West Bengal
2025-07-26,30.9,26.2,28.3,38.2,31.0,6.5,6.5,16.8,44.3,155,17.55,34705.11,3.79,63,Kolkata,22.5726,88.3639,West Bengal
2025-07-27,32.9,26.5,29.2,40.8,32.5,6.1,6.1,9.9,31.0,198,20.51,34619.19,4.45,63,Kolkata,22.5726,88.3639,West Bengal
2025-07-28,30.6,27.2,28.3,37.0,33.2,15.9,15.9,10.3,31.3,220,12.38,9724.54,2.76,63,Kolkata,22.5726,88.3639,West Bengal
2025-07-29,29.0,25.7,27.5,35.6,31.3,52.3,52.3,11.3,28.4,185,8.78,6642.92,1.91,65,Kolkata,22.5726,88.3639,West Bengal
2025-07-30,29.6,25.2,27.2,36.0,30.5,18.7,18.7,12.6,33.8,167,12.44,21256.71,2.62,65,Kolkata,22.5726,88.3639,West Bengal
2025-07-31,30.0,25.0,27.3,36.3,30.1,46.6,46.6,13.2,30.6,216,9.91,12420.41,2.16,65,Kolkata,22.5726,88.3639,West Bengal
2025-08-01,32.0,25.7,28.7,40.6,31.5,11.9,11.9,11.8,30.2,220,19.13,39809.35,4.01,63,Kolkata,22.5726,88.3639,West Bengal
2025-08-02,32.2,26.3,28.9,40.4,32.1,20.9,20.9,11.4,29.9,183,13.24,17482.05,2.98,65,Kolkata,22.5726,88.3639,West Bengal
2025-08-03,32.4,26.9,29.0,39.9,33.1,8.2,8.2,16.1,42.1,187,20.71,40288.79,4.35,63,Kolkata,22.5726,88.3639,West Bengal
2025-08-04,31.8,26.1,28.9,39.7,32.1,16.9,16.9,11.7,32.8,201,15.13,17567.9,3.35,63,Kolkata,22.5726,88.3639,West Bengal
2025-08-05,32.4,26.3,28.4,41.6,32.0,17.7,17.7,19.9,43.9,195,16.66,25341.51,3.48,65,Kolkata,22.5726,88.3639,West Bengal
2025-08-06,30.1,25.1,27.4,36.6,30.7,17.7,17.7,8.8,31.3,218,9.78,6107.68,2.19,63,Kolkata,22.5726,88.3639,West Bengal
2025-08-07,31.8,25.5,27.5,39.7,30.4,14.3,14.3,14.1,36.0,194,15.69,27980.61,3.24,65,Kolkata,22.5726,88.3639,West Bengal
2025-08-08,30.8,24.6,27.4,36.8,29.1,3.4,3.4,11.7,27.4,189,13.66,16329.7,3.01,61,Kolkata,22.5726,88.3639,West Bengal
2025-08-09,31.8,25.1,27.9,38.2,29.5,6.9,6.9,14.7,34.9,181,18.95,34914.21,4.09,63,Kolkata,22.5726,88.3639,West Bengal
2025-08-10,32.9,26.7,29.6,39.9,32.4,0.3,0.3,13.8,32.8,197,23.8,43200.0,5.36,51,Kolkata,22.5726,88.3639,West Bengal
2025-08-11,32.7,27.0,29.3,40.6,33.4,7.2,7.2,10.6,29.2,196,19.93,42541.91,4.29,63,Kolkata,22.5726,88.3639,West Bengal
2025-08-12,33.6,27.3,29.8,42.2,34.1,6.2,6.2,10.5,28.1,175,22.54,39600.0,4.93,63,Kolkata,22.5726,88.3639,West Bengal
2025-08-13,31.3,27.0,28.2,38.3,32.5,15.4,15.4,12.1,29.5,120,11.77,10479.18,2.67,63,Kolkata,22.5726,88.3639,West Bengal
2025-08-14,30.5,25.6,27.8,36.4,31.0,17.5,17.5,12.3,36.0,112,13.91,17299.11,3.0,63,Kolkata,22.5726,88.3639,West Bengal
2025-08-15,31.6,25.2,28.1,39.1,30.3,7.9,7.9,12.3,29.5,130,18.09,34851.84,3.83,63,Kolkata,22.5726,88.3639,West Bengal
2025-08-16,32.2,26.4,28.8,40.5,32.7,3.4,3.4,10.5,30.2,117,19.4,36000.0,4.07,63,Kolkata,22.5726,88.3639,West Bengal
2025-08-17,32.1,26.9,28.9,39.1,32.5,10.5,10.5,13.3,42.1,102,19.91,36223.87,4.35,63,Kolkata,22.5726,88.3639,West Bengal
2025-08-18,31.7,26.3,28.2,38.0,31.1,10.5,10.5,18.0,46.8,109,19.81,39574.85,4.3,63,Kolkata,22.5726,88.3639,West Bengal
2025-08-19,30.1,25.7,27.7,34.7,30.5,10.0,10.0,17.9,45.7,126,16.33,35088.86,3.53,63,Kolkata,22.5726,88.3639,West Bengal
2025-08-20,30.1,25.6,27.8,35.3,30.4,2.1,2.1,17.6,41.0,148,17.11,33860.3,3.61,53,Kolkata,22.5726,88.3639,West Bengal
2025-08-21,29.2,24.9,26.7,35.3,30.2,35.7,35.7,13.6,34.9,174,8.66,3173.58,1.85,63,Kolkata,22.5726,88.3639,West Bengal
2025-08-22,30.0,24.7,26.6,36.9,29.4,30.9,30.9,13.4,32.0,214,12.19,13186.69,2.56,65,Kolkata,22.5726,88.3639,West Bengal
2025-08-23,28.5,24.7,26.5,33.6,29.9,12.0,12.0,13.9,32.8,203,10.26,11599.66,2.26,63,Kolkata,22.5726,88.3639,West Bengal
2025-08-24,30.6,25.0,27.5,36.0,30.1,6.4,6.4,17.2,42.5,188,17.76,34333.13,3.74,53,Kolkata,22.5726,88.3639,West Bengal
2025-08-25,31.8,24.9,28.1,40.1,30.1,4.1,4.1,8.2,27.4,123,19.92,41326.35,4.14,61,Kolkata,22.5726,88.3639,West Bengal
2025-08-26,32.0,26.1,28.7,39.5,32.3,2.2,2.2,10.9,31.0,111,21.81,43200.0,4.56,61,Kolkata,22.5726,88.3639,West Bengal
2025-08-27,31.8,26.0,28.2,38.1,31.6,5.7,5.7,14.3,42.5,121,18.73,37809.32,4.06,61,Kolkata,22.5726,88.3639,West Bengal
2025-08-28,31.1,25.8,27.9,37.1,30.4,5.6,5.6,15.3,45.4,153,18.41,35744.92,3.9,63,Kolkata,22.5726,88.3639,West Bengal
2025-08-29,30.2,25.8,27.4,37.0,31.4,15.3,15.3,12.9,33.8,160,14.5,25200.0,3.04,65,Kolkata,22.5726,88.3639,West Bengal
2025-08-30,30.3,25.7,27.6,37.1,31.5,9.2,9.2,11.0,30.6,147,15.04,27676.61,3.11,63,Kolkata,22.5726,88.3639,West Bengal
2025-08-31,32.3,25.8,28.9,41.1,32.2,3.8,3.8,6.8,23.4,133,21.95,39828.05,4.61,61,Kolkata,22.5726,88.3639,West Bengal
2025-09-01,33.8,25.8,29.6,42.0,32.0,12.0,12.0,12.7,25.2,30,21.26,38063.38,4.69,63,Kolkata,22.5726,88.3639,West Bengal
2025-09-02,30.3,25.7,27.5,36.3,31.5,25.7,25.7,15.7,45.7,109,14.08,20751.72,3.05,65,Kolkata,22.5726,88.3639,West Bengal
2025-09-03,29.2,25.6,27.1,33.8,30.0,22.9,22.9,21.2,59.0,109,14.77,26396.95,3.06,65,Kolkata,22.5726,88.3639,West Bengal
2025-09-04,30.5,25.6,27.7,36.5,30.6,9.2,9.2,14.0,38.5,129,16.71,37091.79,3.46,63,Kolkata,22.5726,88.3639,West Bengal
2025-09-05,32.4,25.4,28.2,40.0,31.0,8.9,8.9,10.9,30.6,153,19.72,40038.2,4.13,63,Kolkata,22.5726,88.3639,West Bengal
2025-09-06,32.6,26.1,29.0,40.8,32.3,8.1,8.1,8.6,23.4,172,21.13,43200.0,4.5,63,Kolkata,22.5726,88.3639,West Bengal
2025-09-07,33.1,26.3,29.2,40.1,32.8,0.7,0.7,10.1,27.0,187,21.39,43200.0,4.69,51,Kolkata,22.5726,88.3639,West Bengal
2025-09-08,32.9,26.1,29.4,40.1,32.5,0.5,0.5,7.2,21.2,182,20.86,40337.63,4.59,51,Kolkata,22.5726,88.3639,West Bengal
2025-09-09,33.7,26.3,29.8,40.6,33.0,0.3,0.3,9.9,23.4,196,21.2,37732.4,4.79,51,Kolkata,22.5726,88.3639,West Bengal
2025-09-10,34.7,26.8,30.5,41.7,33.4,0.0,0.0,10.4,23.8,205,21.9,39695.13,5.04,3,Kolkata,22.5726,88.3639,West Bengal
2025-09-11,34.5,27.1,29.6,42.5,33.7,10.2,10.2,12.4,34.9,167,17.55,32451.07,3.92,63,Kolkata,22.5726,88.3639,West Bengal
2025-09-12,33.0,25.6,28.5,40.8,31.1,16.5,16.5,14.2,34.9,155,17.33,29556.99,3.72,65,Kolkata,22.5726,88.3639,West Bengal
2025-09-13,30.6,26.6,28.1,37.3,32.7,9.0,9.0,10.5,31.0,153,12.44,19122.24,2.72,63,Kolkata,22.5726,88.3639,West Bengal
2025-09-14,31.7,26.5,27.9,38.9,32.4,6.2,6.2,13.6,31.7,176,11.79,11536.6,2.6,63,Kolkata,22.5726,88.3639,West Bengal
2025-09-15,29.3,24.6,26.5,35.3,29.6,23.2,23.2,11.1,27.4,174,10.25,14400.0,2.21,63,Kolkata,22.5726,88.3639,West Bengal
2025-09-16,30.1,24.3,26.9,36.2,29.7,10.2,10.2,12.9,33.5,183,13.03,22765.63,2.83,63,Kolkata,22.5726,88.3639,West Bengal
2025-09-17,31.0,25.5,27.7,38.0,30.3,17.3,17.3,14.1,35.3,188,16.43,33918.57,3.48,65,Kolkata,22.5726,88.3639,West Bengal
2025-09-18,32.4,26.7,28.9,39.9,32.4,4.3,4.3,9.6,25.2,211,17.79,32361.21,3.86,63,Kolkata,22.5726,88.3639,West Bengal
2025-09-19,31.0,26.6,28.6,38.7,33.7,7.0,7.0,6.1,19.1,198,15.47,27543.75,3.23,63,Kolkata,22.5726,88.3639,West Bengal
2025-09-20,32.5,26.7,28.9,42.1,33.7,10.6,10.6,5.1,19.1,329,17.64,28940.0,3.79,65,Kolkata,22.5726,88.3639,West Bengal
2025-09-21,32.5,25.9,28.8,42.0,32.4,10.7,10.7,8.0,17.3,267,19.02,37554.56,4.06,63,Kolkata,22.5726,88.3639,West Bengal
2025-09-22,29.9,25.9,27.7,37.1,32.1,11.1,11.1,6.3,23.4,25,10.4,12367.94,2.25,61,Kolkata,22.5726,88.3639,West Bengal
2025-09-23,30.3,24.9,27.0,36.3,30.1,24.8,24.8,12.0,29.9,127,12.35,21945.53,2.62,63,Kolkata,22.5726,88.3639,West Bengal
2025-09-24,31.2,25.4,27.8,38.4,31.3,18.1,18.1,12.2,33.8,97,17.14,36319.86,3.48,65,Kolkata,22.5726,88.3639,West Bengal
2025-09-25,33.5,25.8,28.6,40.6,32.5,17.3,17.3,7.2,22.7,81,20.69,41239.52,4.41,65,Kolkata,22.5726,88.3639,West Bengal
2025-09-26,31.6,25.8,28.1,37.7,31.5,15.9,15.9,21.3,51.1,98,15.18,31854.78,3.32,63,Kolkata,22.5726,88.3639,West Bengal
2025-09-27,30.0,26.1,27.9,34.9,31.1,7.9,7.9,18.6,46.1,124,14.64,30881.23,3.14,63,Kolkata,22.5726,88.3639,West Bengal
2025-09-28,32.2,25.8,28.1,40.5,31.9,4.9,4.9,8.6,23.8,135,17.49,36024.99,3.64,63,Kolkata,22.5726,88.3639,West Bengal
2025-09-29,32.6,26.0,29.4,40.7,32.6,0.5,0.5,5.2,19.8,293,19.95,41947.72,4.22,51,Kolkata,22.5726,88.3639,West Bengal
2025-09-30,32.7,26.4,29.2,41.3,33.3,6.1,6.1,7.7,22.0,309,17.61,35908.23,3.77,63,Kolkata,22.5726,88.3639,West Bengal
2025-10-01,32.4,25.3,28.7,38.7,30.6,3.6,3.6,10.9,30.6,94,15.76,33831.13,3.47,55,Kolkata,22.5726,88.3639,West Bengal
2025-10-02,27.9,24.5,26.4,32.7,29.2,29.6,29.6,15.7,33.5,109,6.81,1076.84,1.62,65,Kolkata,22.5726,88.3639,West Bengal
2025-10-03,30.3,25.3,27.4,35.9,29.8,15.4,15.4,17.2,43.9,134,11.55,14286.08,2.62,63,Kolkata,22.5726,88.3639,West Bengal
2025-10-04,31.7,25.7,28.1,37.7,31.2,6.8,6.8,17.8,51.5,171,16.51,30321.14,3.63,61,Kolkata,22.5726,88.3639,West Bengal
2025-10-05,30.2,25.0,26.9,36.2,29.8,12.5,12.5,14.0,34.6,191,11.11,15193.08,2.4,63,Kolkata,22.5726,88.3639,West Bengal
2025-10-06,29.5,24.9,26.9,35.7,30.1,1.5,1.5,8.7,20.5,191,8.92,3564.01,1.95,53,Kolkata,22.5726,88.3639,West Bengal
2025-10-07,31.2,25.5,27.9,38.7,32.2,1.1,1.1,6.3,14.0,132,17.86,36828.04,3.73,51,Kolkata,22.5726,88.3639,West Bengal
2025-10-08,30.9,25.3,27.2,38.6,31.4,7.6,7.6,6.8,18.7,144,16.32,27798.06,3.37,63,Kolkata,22.5726,88.3639,West Bengal
2025-10-09,31.6,25.5,27.7,38.7,31.8,7.7,7.7,6.2,20.5,340,16.74,31676.25,3.48,63,Kolkata,22.5726,88.3639,West Bengal
2025-10-10,31.7,25.0,27.4,37.9,30.6,11.0,11.0,7.9,25.6,20,16.87,32445.18,3.54,63,Kolkata,22.5726,88.3639,West Bengal
2025-10-11,30.7,24.2,27.4,36.8,28.4,1.3,1.3,8.9,28.8,22,18.01,38170.9,3.73,51,Kolkata,22.5726,88.3639,West Bengal
2025-10-12,31.4,24.8,27.8,36.8,30.7,0.0,0.0,7.6,24.8,4,19.87,37706.58,4.19,3,Kolkata,22.5726,88.3639,West Bengal
2025-10-13,31.1,24.3,27.6,35.7,28.8,0.0,0.0,9.5,25.6,351,19.11,40322.49,4.16,1,Kolkata,22.5726,88.3639,West Bengal
2025-10-14,31.9,24.4,27.8,36.0,28.6,0.0,0.0,11.1,30.6,351,20.29,40325.83,4.62,0,Kolkata,22.5726,88.3639,West Bengal
2025-10-15,32.9,24.2,28.2,35.1,27.9,0.0,0.0,12.0,33.5,353,20.52,40328.61,4.75,0,Kolkata,22.5726,88.3639,West Bengal
2025-10-16,32.8,23.7,28.1,35.9,26.9,0.0,0.0,8.5,27.0,319,20.29,40077.57,4.64,0,Kolkata,22.5726,88.3639,West Bengal
2025-10-17,34.2,23.8,29.1,38.4,28.1,0.0,0.0,9.8,27.7,319,19.61,39571.74,4.51,1,Kolkata,22.5726,88.3639,West Bengal
2025-10-18,34.4,26.0,29.5,39.2,29.5,0.3,0.3,6.8,23.8,354,17.85,39032.76,4.16,51,Kolkata,22.5726,88.3639,West Bengal
2025-10-19,35.2,24.5,30.5,38.3,28.8,1.7,1.7,9.4,28.4,31,17.81,39285.49,4.45,61,Kolkata,22.5726,88.3639,West Bengal
2025-10-20,35.6,26.1,30.4,37.8,31.2,0.0,0.0,11.5,33.8,14,18.85,39571.27,4.84,3,Kolkata,22.5726,88.3639,West Bengal
2025-10-21,34.7,25.6,29.7,37.8,29.3,0.0,0.0,11.4,30.2,3,18.96,39569.81,4.85,1,Kolkata,22.5726,88.3639,West Bengal
2025-10-22,33.8,24.8,28.9,37.6,29.2,0.0,0.0,10.5,30.2,346,19.57,39567.64,4.63,0,Kolkata,22.5726,88.3639,West Bengal
2025-10-23,33.9,24.7,29.3,37.6,29.5,0.0,0.0,9.5,25.9,350,19.1,39053.2,4.51,0,Kolkata,22.5726,88.3639,West Bengal
2025-10-24,34.6,25.3,29.9,38.0,28.8,0.0,0.0,7.6,24.1,333,18.79,38945.84,4.44,1,Kolkata,22.5726,88.3639,West Bengal
2025-10-25,34.2,25.3,29.5,37.8,31.3,0.0,0.0,8.7,24.8,37,17.55,36859.33,4.11,2,Kolkata,22.5726,88.3639,West Bengal
2025-10-26,34.5,26.0,29.7,38.5,32.1,0.2,0.2,6.4,23.8,356,17.65,38167.46,3.96,51,Kolkata,22.5726,88.3639,West Bengal
2025-10-27,34.8,25.9,30.3,38.4,31.4,0.2,0.2,7.6,27.4,58,17.18,38188.24,4.03,51,Kolkata,22.5726,88.3639,West Bengal
2025-10-28,34.0,27.0,29.7,37.5,32.2,0.5,0.5,10.5,31.7,98,16.02,34460.67,3.86,51,Kolkata,22.5726,88.3639,West Bengal
2025-10-29,28.5,25.0,26.5,34.1,29.7,16.4,16.4,10.9,26.3,108,6.33,1455.24,1.47,63,Kolkata,22.5726,88.3639,West Bengal
2025-10-30,30.2,24.5,26.8,36.1,29.2,8.0,8.0,13.4,31.3,119,13.75,29135.5,2.81,63,Kolkata,22.5726,88.3639,West Bengal
2025-10-31,31.7,25.4,28.0,36.8,30.9,1.0,1.0,11.6,32.4,180,16.08,37233.94,3.59,53,Kolkata,22.5726,88.3639,West Bengal
2025-11-01,30.6,25.5,27.2,37.0,30.6,22.1,22.1,10.3,24.1,229,10.63,20417.15,2.32,63,Kolkata,22.5726,88.3639,West Bengal
2025-11-02,28.6,24.1,26.1,32.2,28.6,0.0,0.0,13.0,31.7,335,13.3,35372.58,2.87,3,Kolkata,22.5726,88.3639,West Bengal
2025-11-03,29.9,22.9,25.7,32.8,24.9,0.0,0.0,11.4,27.4,334,17.93,37557.45,3.89,3,Kolkata,22.5726,88.3639,West Bengal
2025-11-04,29.9,20.8,25.0,32.9,22.1,0.0,0.0,10.8,27.7,321,17.78,37579.13,3.94,3,Kolkata,22.5726,88.3639,West Bengal
2025-11-05,30.1,21.8,25.4,32.9,24.5,0.0,0.0,9.4,25.6,292,17.78,37338.94,3.76,3,Kolkata,22.5726,88.3639,West Bengal
2025-11-06,30.2,22.1,26.4,34.3,25.1,0.6,0.6,7.3,22.0,322,15.45,37360.96,3.2,51,Kolkata,22.5726,88.3639,West Bengal
2025-11-07,30.8,23.1,26.7,33.4,25.9,0.0,0.0,12.3,32.4,348,16.47,37120.07,3.94,3,Kolkata,22.5726,88.3639,West Bengal
2025-11-08,30.5,21.3,25.3,31.2,21.5,0.0,0.0,12.1,33.5,335,17.71,37405.94,4.52,3,Kolkata,22.5726,88.3639,West Bengal
2025-11-09,29.5,19.2,24.0,30.7,19.5,0.0,0.0,8.6,23.4,323,17.92,37428.88,3.89,0,Kolkata,22.5726,88.3639,West Bengal
2025-11-10,30.0,19.5,24.4,31.1,20.8,0.0,0.0,8.7,27.7,330,17.46,37187.42,3.91,0,Kolkata,22.5726,88.3639,West Bengal
2025-11-11,29.1,18.2,23.6,29.6,18.4,0.0,0.0,7.9,25.9,330,17.46,37210.38,3.93,0,Kolkata,22.5726,88.3639,West Bengal
2025-11-12,28.2,18.3,23.0,28.2,18.8,0.0,0.0,7.8,25.9,337,17.6,36967.97,3.76,0,Kolkata,22.5726,88.3639,West Bengal
2025-11-13,28.4,17.8,23.1,28.7,18.6,0.0,0.0,9.5,28.8,350,17.34,36990.78,3.69,0,Kolkata,22.5726,88.3639,West Bengal
2025-11-14,28.4,18.0,23.2,28.4,18.9,0.0,0.0,8.8,27.7,351,17.24,36747.26,3.69,0,Kolkata,22.5726,88.3639,West Bengal
2025-11-15,28.4,18.2,23.3,29.4,19.0,0.0,0.0,9.2,28.1,350,16.84,36769.83,3.61,1,Kolkata,22.5726,88.3639,West Bengal
2025-11-16,28.3,17.9,23.3,28.8,18.6,0.0,0.0,9.7,29.9,356,16.55,36525.1,3.75,0,Kolkata,22.5726,88.3639,West Bengal
2025-11-17,28.4,19.5,23.8,29.1,20.0,0.0,0.0,9.8,29.5,2,16.3,36547.36,3.76,3,Kolkata,22.5726,88.3639,West Bengal
2025-11-18,29.7,19.0,24.3,30.3,20.5,0.0,0.0,6.0,20.9,334,16.68,36301.34,3.43,2,Kolkata,22.5726,88.3639,West Bengal
2025-11-19,30.6,18.7,24.5,31.3,20.0,0.0,0.0,6.6,23.8,328,16.28,36323.15,3.58,0,Kolkata,22.5726,88.3639,West Bengal
2025-11-20,30.1,20.4,24.9,29.9,21.0,0.0,0.0,9.7,29.2,347,16.11,36344.92,3.82,0,Kolkata,22.5726,88.3639,West Bengal
2025-11-21,29.6,19.9,24.9,30.5,21.7,0.0,0.0,8.1,24.8,331,15.75,36097.07,3.54,0,Kolkata,22.5726,88.3639,West Bengal
2025-11-22,29.2,18.8,24.0,29.9,20.2,0.0,0.0,10.3,28.8,316,15.87,36118.26,3.5,0,Kolkata,22.5726,88.3639,West Bengal
2025-11-23,29.2,18.8,24.2,29.8,20.9,0.0,0.0,7.9,25.6,343,15.77,36139.35,3.36,3,Kolkata,22.5726,88.3639,West Bengal
2025-11-24,28.6,19.3,23.3,28.1,20.2,0.0,0.0,13.1,35.6,5,15.9,36000.0,3.71,3,Kolkata,22.5726,88.3639,West Bengal
2025-11-25,27.6,17.6,22.2,27.2,17.5,0.0,0.0,9.2,28.1,342,16.06,36000.0,3.6,0,Kolkata,22.5726,88.3639,West Bengal
2025-11-26,27.5,17.2,22.0,28.0,16.3,0.0,0.0,9.1,24.1,347,15.8,36000.0,3.52,2,Kolkata,22.5726,88.3639,West Bengal
2025-11-27,28.6,17.7,23.1,29.2,18.1,0.0,0.0,7.5,23.8,11,15.56,36000.0,3.31,0,Kolkata,22.5726,88.3639,West Bengal
2025-11-28,28.6,17.6,23.4,29.3,19.5,0.0,0.0,7.4,23.4,320,15.51,36000.0,3.19,0,Kolkata,22.5726,88.3639,West Bengal
2025-11-29,28.5,17.9,23.5,28.4,19.2,0.0,0.0,8.7,27.0,322,15.21,36000.0,3.27,3,Kolkata,22.5726,88.3639,West Bengal
2025-11-30,28.5,18.3,23.3,28.5,19.1,0.0,0.0,7.9,25.2,356,14.8,36000.0,3.17,3,Kolkata,22.5726,88.3639,West Bengal
2025-12-01,28.0,19.0,23.3,28.6,19.9,0.0,0.0,8.9,25.2,348,12.11,23829.89,2.85,3,Kolkata,22.5726,88.3639,West Bengal
2025-12-02,28.4,19.2,23.5,28.6,20.1,0.0,0.0,6.6,20.5,351,12.41,28800.0,2.75,3,Kolkata,22.5726,88.3639,West Bengal
2025-12-03,27.5,18.6,22.7,27.8,19.8,0.0,0.0,8.8,26.6,353,14.23,36000.0,3.02,3,Kolkata,22.5726,88.3639,West Bengal
2025-12-04,26.9,16.3,21.4,26.1,16.2,0.0,0.0,10.5,29.9,354,15.26,36000.0,3.36,3,Kolkata,22.5726,88.3639,West Bengal
2025-12-05,27.1,16.6,21.3,26.0,15.5,0.0,0.0,10.8,29.9,344,15.27,36000.0,3.53,2,Kolkata,22.5726,88.3639,West Bengal
2025-12-06,26.0,14.6,20.0,24.7,13.5,0.0,0.0,8.5,24.8,334,15.42,36000.0,3.26,2,Kolkata,22.5726,88.3639,West Bengal
2025-12-07,26.3,14.9,20.2,25.7,14.5,0.0,0.0,8.3,25.2,328,15.12,36000.0,3.13,3,Kolkata,22.5726,88.3639,West Bengal
2025-12-08,26.1,15.3,20.8,25.0,14.9,0.0,0.0,7.9,25.2,336,14.38,36000.0,3.06,3,Kolkata,22.5726,88.3639,West Bengal
2025-12-09,26.6,15.7,21.0,26.0,15.7,0.0,0.0,8.5,26.6,349,14.54,36000.0,2.98,3,Kolkata,22.5726,88.3639,West Bengal
2025-12-10,26.8,16.1,21.3,26.6,16.4,0.0,0.0,7.3,24.1,351,14.77,36000.0,3.03,3,Kolkata,22.5726,88.3639,West Bengal
2025-12-11,26.5,15.2,20.8,25.5,15.4,0.0,0.0,7.5,24.1,331,14.93,36000.0,3.05,0,Kolkata,22.5726,88.3639,West Bengal
2025-12-12,26.5,15.4,21.2,26.0,15.8,0.0,0.0,7.7,24.5,341,14.69,36000.0,2.99,0,Kolkata,22.5726,88.3639,West Bengal
2025-12-13,26.7,15.9,21.3,26.7,16.3,0.0,0.0,6.8,23.4,357,14.49,36000.0,2.97,0,Kolkata,22.5726,88.3639,West Bengal
2025-12-14,27.9,17.0,22.3,28.1,17.8,0.0,0.0,8.6,23.0,17,14.41,36000.0,3.16,0,Kolkata,22.5726,88.3639,West Bengal
2025-12-15,27.3,16.6,22.0,27.2,17.3,0.0,0.0,9.3,27.0,342,14.41,36000.0,3.11,0,Kolkata,22.5726,88.3639,West Bengal
2025-12-16,26.4,16.0,21.1,25.6,16.1,0.0,0.0,7.9,25.2,328,14.49,36000.0,3.01,3,Kolkata,22.5726,88.3639,West Bengal
2025-12-17,26.1,15.9,21.1,25.7,16.1,0.0,0.0,9.7,27.4,341,14.31,36000.0,3.15,0,Kolkata,22.5726,88.3639,West Bengal
2025-12-18,27.7,16.4,21.7,28.0,16.7,0.0,0.0,7.1,23.4,347,13.62,36000.0,3.07,1,Kolkata,22.5726,88.3639,West Bengal
2025-12-19,27.4,16.8,22.0,27.5,17.3,0.0,0.0,9.1,24.5,344,13.38,36000.0,3.06,3,Kolkata,22.5726,88.3639,West Bengal
2025-12-20,24.6,16.4,20.3,25.1,16.5,0.0,0.0,8.9,25.9,360,10.77,31936.76,2.38,3,Kolkata,22.5726,88.3639,West Bengal
2025-12-21,25.2,15.2,20.2,25.5,15.5,0.0,0.0,8.0,24.1,8,13.06,35574.93,2.68,3,Kolkata,22.5726,88.3639,West Bengal
2025-12-22,25.7,15.4,20.4,25.7,15.6,0.0,0.0,8.2,24.8,357,13.19,33139.04,2.76,3,Kolkata,22.5726,88.3639,West Bengal
2025-12-23,25.0,15.2,20.0,24.4,15.4,0.0,0.0,9.0,27.4,342,14.39,36000.0,2.8,0,Kolkata,22.5726,88.3639,West Bengal
2025-12-24,24.6,14.8,19.5,23.8,15.2,0.0,0.0,9.6,28.4,342,14.41,36000.0,2.87,3,Kolkata,22.5726,88.3639,West Bengal
2025-12-25,22.7,13.8,18.1,21.1,13.3,0.0,0.0,12.2,33.1,353,14.72,36000.0,2.89,0,Kolkata,22.5726,88.3639,West Bengal
2025-12-26,22.9,12.3,17.6,21.9,11.8,0.0,0.0,7.3,23.4,331,14.79,36000.0,2.77,0,Kolkata,22.5726,88.3639,West Bengal
2025-12-27,23.4,13.0,18.2,22.9,12.7,0.0,0.0,10.1,29.2,327,14.03,35567.29,2.66,2,Kolkata,22.5726,88.3639,West Bengal
2025-12-28,22.8,13.2,17.8,21.9,12.9,0.0,0.0,9.6,28.4,341,14.58,36000.0,2.71,0,Kolkata,22.5726,88.3639,West Bengal
2025-12-29,21.4,12.6,16.9,20.4,12.0,0.0,0.0,9.0,27.4,348,14.62,36000.0,2.63,0,Kolkata,22.5726,88.3639,West Bengal
2025-12-30,20.5,11.6,15.9,19.3,10.8,0.0,0.0,9.0,28.1,352,14.68,36000.0,2.53,0,Kolkata,22.5726,88.3639,West Bengal
2025-12-31,21.9,11.7,16.5,20.8,11.5,0.0,0.0,8.3,25.6,9,14.75,36000.0,2.56,0,Kolkata,22.5726,88.3639,West Bengal
2026-01-01,24.0,11.6,17.9,22.9,11.2,0.0,0.0,8.5,26.6,351,14.86,36000.0,2.8,0,Kolkata,22.5726,88.3639,West Bengal
2026-01-02,24.6,13.5,19.2,23.5,13.7,0.0,0.0,9.4,28.1,342,14.47,36000.0,2.86,0,Kolkata,22.5726,88.3639,West Bengal
2026-01-03,24.3,13.8,19.1,23.3,13.7,0.0,0.0,9.9,28.8,341,14.45,36000.0,2.86,0,Kolkata,22.5726,88.3639,West Bengal
2026-01-04,23.1,14.4,18.4,22.1,14.3,0.0,0.0,10.8,30.2,356,14.29,36000.0,2.79,0,Kolkata,22.5726,88.3639,West Bengal
2026-01-05,20.2,12.6,16.0,18.6,11.8,0.0,0.0,10.4,29.9,355,14.76,36000.0,2.66,0,Kolkata,22.5726,88.3639,West Bengal
2026-01-06,20.1,10.7,15.3,18.5,9.6,0.0,0.0,10.7,30.2,351,14.66,36000.0,2.53,1,Kolkata,22.5726,88.3639,West Bengal
2026-01-07,23.1,10.7,16.6,21.9,9.4,0.0,0.0,8.2,25.6,346,15.06,36095.09,2.78,1,Kolkata,22.5726,88.3639,West Bengal
2026-01-08,23.0,10.6,16.8,21.3,9.3,0.0,0.0,10.6,30.2,349,15.36,36348.18,3.05,0,Kolkata,22.5726,88.3639,West Bengal
2026-01-09,23.4,11.2,17.0,22.0,9.8,0.0,0.0,10.8,30.2,338,15.15,36051.06,3.04,2,Kolkata,22.5726,88.3639,West Bengal
2026-01-10,22.8,10.7,17.0,21.3,9.4,0.0,0.0,10.0,28.4,337,15.06,36302.95,2.9,3,Kolkata,22.5726,88.3639,West Bengal
2026-01-11,24.4,14.3,18.6,22.1,12.7,0.0,0.0,12.4,33.1,333,14.01,32426.87,3.22,3,Kolkata,22.5726,88.3639,West Bengal
2026-01-12,24.5,13.1,18.4,23.2,11.7,0.0,0.0,10.6,29.9,343,15.43,36256.74,3.29,0,Kolkata,22.5726,88.3639,West Bengal
2026-01-13,24.7,13.4,18.5,24.0,11.7,0.0,0.0,9.6,25.9,323,15.27,36506.76,3.16,0,Kolkata,22.5726,88.3639,West Bengal
2026-01-14,24.2,13.1,18.1,23.5,12.0,0.0,0.0,9.9,23.4,321,15.33,36482.96,3.12,0,Kolkata,22.5726,88.3639,West Bengal
2026-01-15,23.5,12.9,17.8,21.6,11.8,0.0,0.0,9.8,29.5,322,15.79,36731.76,3.16,0,Kolkata,22.5726,88.3639,West Bengal
2026-01-16,24.5,12.4,17.9,22.9,11.2,0.0,0.0,8.2,24.8,329,15.91,36979.81,3.22,3,Kolkata,22.5726,88.3639,West Bengal
2026-01-17,25.0,13.2,18.7,24.7,12.3,0.0,0.0,7.8,23.8,334,15.56,36955.24,3.15,3,Kolkata,22.5726,88.3639,West Bengal
2026-01-18,26.4,13.3,19.7,26.3,12.5,0.0,0.0,8.9,26.3,351,15.75,36930.72,3.26,0,Kolkata,22.5726,88.3639,West Bengal
2026-01-19,27.9,13.9,20.8,27.1,14.0,0.0,0.0,8.0,24.5,330,16.03,37177.5,3.23,0,Kolkata,22.5726,88.3639,West Bengal
2026-01-20,29.1,14.4,22.1,28.4,14.6,0.0,0.0,8.7,23.8,340,15.69,36882.14,3.4,0,Kolkata,22.5726,88.3639,West Bengal
2026-01-21,28.8,15.9,22.6,28.3,15.8,0.0,0.0,9.2,27.0,346,15.63,37128.48,3.42,1,Kolkata,22.5726,88.3639,West Bengal
2026-01-22,26.9,16.8,21.5,25.4,16.4,0.0,0.0,10.0,29.2,2,16.2,37374.24,3.64,0,Kolkata,22.5726,88.3639,West Bengal
2026-01-23,26.7,14.9,20.7,25.6,15.1,0.0,0.0,10.2,29.5,351,16.32,37349.54,3.33,0,Kolkata,22.5726,88.3639,West Bengal
2026-01-24,27.6,14.2,21.1,26.0,14.6,0.0,0.0,10.9,30.2,341,16.47,37593.76,3.5,0,Kolkata,22.5726,88.3639,West Bengal
2026-01-25,28.2,15.3,21.9,27.4,15.7,0.0,0.0,10.3,28.4,327,16.09,37568.39,3.42,1,Kolkata,22.5726,88.3639,West Bengal
2026-01-26,28.1,16.6,22.4,27.5,16.3,0.0,0.0,12.1,31.7,356,16.08,37542.94,3.59,0,Kolkata,22.5726,88.3639,West Bengal
2026-01-27,26.9,17.2,21.9,26.8,17.3,0.0,0.0,11.7,33.5,360,16.41,37785.16,3.61,0,Kolkata,22.5726,88.3639,West Bengal
2026-01-28,28.4,16.0,22.1,27.9,16.1,0.0,0.0,10.6,31.0,358,16.64,38026.45,3.5,1,Kolkata,22.5726,88.3639,West Bengal
2026-01-29,28.4,17.4,23.1,27.9,18.6,0.0,0.0,11.1,32.0,359,16.43,38000.06,3.61,0,Kolkata,22.5726,88.3639,West Bengal
2026-01-30,27.3,17.6,22.4,28.2,17.4,0.0,0.0,8.5,26.6,353,16.39,37441.15,3.5,3,Kolkata,22.5726,88.3639,West Bengal
2026-01-31,27.1,16.8,21.8,27.6,17.3,0.0,0.0,11.2,32.4,3,16.64,37947.48,3.56,3,Kolkata,22.5726,88.3639,West Bengal
2026-02-01,27.0,15.9,21.3,26.2,15.8,0.0,0.0,10.1,29.9,357,16.71,37163.82,3.58,3,Kolkata,22.5726,88.3639,West Bengal
2026-02-02,27.4,15.6,21.3,25.6,15.5,0.0,0.0,8.5,27.0,352,16.9,36753.14,3.64,3,Kolkata,22.5726,88.3639,West Bengal
2026-02-03,28.2,15.9,21.9,28.1,15.6,0.0,0.0,9.5,25.6,0,17.37,37869.63,3.8,3,Kolkata,22.5726,88.3639,West Bengal
2026-02-04,28.7,17.1,22.8,27.3,17.4,0.0,0.0,9.2,27.4,346,16.02,39163.73,3.5,3,Kolkata,22.5726,88.3639,West Bengal
2026-02-05,28.3,17.6,22.9,27.0,17.8,0.0,0.0,10.7,31.0,349,17.59,39136.06,3.83,0,Kolkata,22.5726,88.3639,West Bengal
2026-02-06,26.7,16.5,21.6,25.3,16.1,0.0,0.0,12.6,35.3,341,17.98,39250.37,3.94,0,Kolkata,22.5726,88.3639,West Bengal
2026-02-07,26.3,14.6,20.5,25.2,14.4,0.0,0.0,10.4,31.0,339,18.31,39287.82,3.79,0,Kolkata,22.5726,88.3639,West Bengal
2026-02-08,27.3,14.6,21.5,26.5,14.5,0.0,0.0,10.1,30.6,336,18.28,39324.72,3.79,0,Kolkata,22.5726,88.3639,West Bengal
2026-02-09,27.3,16.5,21.9,26.1,17.1,0.0,0.0,12.1,34.6,354,18.51,39361.05,3.97,2,Kolkata,22.5726,88.3639,West Bengal
2026-02-10,28.4,15.2,22.1,27.0,15.3,0.0,0.0,10.1,30.2,332,18.66,39396.77,3.93,0,Kolkata,22.5726,88.3639,West Bengal
2026-02-11,30.0,15.8,23.2,29.3,15.8,0.0,0.0,9.4,28.1,349,18.61,39431.86,4.06,0,Kolkata,22.5726,88.3639,West Bengal
2026-02-12,29.3,16.7,23.3,28.4,17.3,0.0,0.0,11.1,32.0,334,18.77,39466.46,4.18,0,Kolkata,22.5726,88.3639,West Bengal
2026-02-13,28.8,16.9,22.8,28.0,16.9,0.0,0.0,12.7,35.3,348,18.99,39500.6,4.35,3,Kolkata,22.5726,88.3639,West Bengal
2026-02-14,29.2,16.6,23.3,28.5,17.0,0.0,0.0,9.7,30.2,312,19.05,39534.29,4.14,3,Kolkata,22.5726,88.3639,West Bengal
2026-02-15,29.7,17.4,23.5,29.4,18.0,0.0,0.0,10.9,31.7,339,19.13,39567.53,4.19,3,Kolkata,22.5726,88.3639,West Bengal
2026-02-16,29.5,16.7,23.5,28.5,16.9,0.0,0.0,12.3,34.2,351,19.49,39600.0,4.47,3,Kolkata,22.5726,88.3639,West Bengal
2026-02-17,30.2,16.8,23.5,29.2,17.0,0.0,0.0,11.7,33.5,345,19.62,39600.0,4.53,0,Kolkata,22.5726,88.3639,West Bengal
2026-02-18,31.1,18.1,24.6,30.7,17.8,0.0,0.0,8.8,27.7,352,19.67,39600.0,4.51,0,Kolkata,22.5726,88.3639,West Bengal
2026-02-19,31.8,18.4,25.5,31.5,18.4,0.0,0.0,10.1,28.4,351,19.01,39189.38,4.47,3,Kolkata,22.5726,88.3639,West Bengal
2026-02-20,32.1,19.8,26.6,32.4,20.4,0.0,0.0,9.4,28.4,332,19.05,38614.64,4.34,3,Kolkata,22.5726,88.3639,West Bengal
2026-02-21,32.3,19.4,26.3,32.8,20.8,0.0,0.0,8.3,27.4,331,19.44,39600.0,4.59,0,Kolkata,22.5726,88.3639,West Bengal
2026-02-22,32.8,20.6,26.9,33.0,20.6,0.0,0.0,9.9,28.1,238,18.06,39600.0,4.57,3,Kolkata,22.5726,88.3639,West Bengal
2026-02-23,32.4,20.7,26.7,35.5,23.7,0.0,0.0,7.5,23.4,308,17.96,39600.0,4.11,2,Kolkata,22.5726,88.3639,West Bengal
2026-02-24,27.2,19.0,23.3,30.1,20.9,13.5,13.5,14.4,38.5,89,10.45,22696.76,2.09,65,Kolkata,22.5726,88.3639,West Bengal
2026-02-25,29.0,19.7,24.2,31.2,22.4,0.0,0.0,9.4,24.1,291,19.14,38840.35,3.91,3,Kolkata,22.5726,88.3639,West Bengal
2026-02-26,29.1,18.0,23.6,30.0,18.5,0.0,0.0,8.4,22.3,292,20.45,39600.0,4.32,0,Kolkata,22.5726,88.3639,West Bengal
2026-02-27,29.1,18.5,23.7,30.1,19.4,0.0,0.0,10.3,26.3,255,20.58,39600.0,4.4,0,Kolkata,22.5726,88.3639,West Bengal
2026-02-28,31.7,18.4,24.9,31.7,19.6,0.0,0.0,10.1,22.0,230,20.88,39600.0,4.53,0,Kolkata,22.5726,88.3639,West Bengal
2026-03-01,33.7,21.9,26.9,36.5,25.5,0.1,0.1,12.2,26.6,208,18.83,37700.39,4.39,51,Kolkata,22.5726,88.3639,West Bengal
2026-03-02,32.9,23.6,27.8,34.4,25.9,0.0,0.0,10.6,29.9,347,17.76,36000.0,4.2,3,Kolkata,22.5726,88.3639,West Bengal
2026-03-03,33.0,19.2,26.5,32.8,20.9,0.0,0.0,10.4,29.5,293,21.11,39600.0,4.8,0,Kolkata,22.5726,88.3639,West Bengal
2026-03-04,32.5,21.8,26.8,32.1,22.8,0.0,0.0,14.1,37.4,302,21.12,39600.0,5.31,0,Kolkata,22.5726,88.3639,West Bengal
2026-03-05,33.7,20.2,27.3,35.2,22.8,0.0,0.0,6.3,20.9,328,20.92,39600.0,4.6,0,Kolkata,22.5726,88.3639,West Bengal
2026-03-06,33.8,22.4,27.4,35.4,26.8,0.0,0.0,8.2,22.0,178,18.03,33223.18,4.23,3,Kolkata,22.5726,88.3639,West Bengal
2026-03-07,31.3,22.8,26.7,34.3,27.3,0.8,0.8,9.6,28.1,177,17.48,35247.57,4.04,53,Kolkata,22.5726,88.3639,West Bengal
2026-03-08,31.2,23.4,26.8,34.2,27.7,0.3,0.3,9.4,26.6,163,15.2,31371.23,3.54,51,Kolkata,22.5726,88.3639,West Bengal
2026-03-09,32.7,23.9,27.0,36.4,28.4,2.8,2.8,16.5,41.4,175,16.62,35405.6,3.75,61,Kolkata,22.5726,88.3639,West Bengal
2026-03-10,30.7,23.3,26.8,35.3,27.2,2.7,2.7,6.2,20.9,188,16.28,36145.58,3.45,61,Kolkata,22.5726,88.3639,West Bengal
2026-03-11,32.1,24.5,27.0,37.3,29.7,4.0,4.0,10.5,31.0,208,14.78,31880.73,3.32,61,Kolkata,22.5726,88.3639,West Bengal
2026-03-12,30.7,22.1,26.6,35.9,24.4,15.3,15.3,13.2,31.7,164,14.15,28899.29,3.14,65,Kolkata,22.5726,88.3639,West Bengal
2026-03-13,35.5,25.2,29.0,38.0,29.5,0.0,0.0,15.5,37.8,199,20.2,39600.0,5.16,3,Kolkata,22.5726,88.3639,West Bengal
2026-03-14,35.3,25.7,29.0,38.9,29.7,0.2,0.2,14.8,41.0,194,19.81,36000.0,5.13,51,Kolkata,22.5726,88.3639,West Bengal
2026-03-15,32.6,22.7,27.0,35.5,26.5,22.8,22.8,24.0,55.4,193,17.13,35462.34,4.28,65,Kolkata,22.5726,88.3639,West Bengal
2026-03-16,34.4,22.4,26.2,38.0,24.6,5.3,5.3,15.2,38.9,181,18.4,40346.81,4.34,63,Kolkata,22.5726,88.3639,West Bengal
2026-03-17,32.3,22.4,26.6,35.4,23.7,0.6,0.6,17.0,36.0,199,19.38,31628.42,4.63,53,Kolkata,22.5726,88.3639,West Bengal
2026-03-18,32.3,23.3,26.3,38.2,26.6,6.4,6.4,13.8,35.3,182,18.61,36439.54,4.06,63,Kolkata,22.5726,88.3639,West Bengal
2026-03-19,34.2,22.1,26.0,38.2,25.3,9.5,9.5,15.5,41.8,164,18.3,32400.0,3.98,63,Kolkata,22.5726,88.3639,West Bengal
2026-03-20,30.3,21.1,25.5,35.3,23.3,16.8,16.8,16.0,46.8,163,13.08,23513.59,3.04,65,Kolkata,22.5726,88.3639,West Bengal
2026-03-21,25.1,19.9,22.0,27.5,22.0,7.0,7.0,14.8,35.3,95,11.05,16308.38,2.29,61,Kolkata,22.5726,88.3639,West Bengal
2026-03-22,27.0,18.5,22.9,29.7,20.8,0.3,0.3,7.4,23.0,322,19.85,37447.52,3.91,51,Kolkata,22.5726,88.3639,West Bengal
2026-03-23,30.1,21.1,25.4,32.7,24.3,0.8,0.8,9.5,24.1,228,20.57,40396.14,4.43,51,Kolkata,22.5726,88.3639,West Bengal
2026-03-24,33.3,22.7,27.4,35.0,26.9,0.0,0.0,12.9,32.8,205,20.74,36987.37,5.0,3,Kolkata,22.5726,88.3639,West Bengal
2026-03-25,33.8,24.6,27.9,38.1,28.7,0.4,0.4,12.0,30.2,201,19.59,36989.83,4.58,51,Kolkata,22.5726,88.3639,West Bengal
2026-03-26,34.9,22.0,28.8,39.5,26.0,0.5,0.5,9.5,23.0,183,19.08,35726.82,4.41,53,Kolkata,22.5726,88.3639,West Bengal
2026-03-27,37.7,25.2,30.3,38.5,29.1,0.0,0.0,16.6,39.2,219,20.56,36521.27,5.41,3,Kolkata,22.5726,88.3639,West Bengal
2026-03-28,32.3,22.9,26.8,35.4,26.0,16.0,16.0,24.5,49.0,103,19.49,36485.77,4.62,63,Kolkata,22.5726,88.3639,West Bengal
2026-03-29,33.2,23.2,27.6,40.0,26.6,8.8,8.8,12.0,31.7,159,19.56,39600.64,4.39,63,Kolkata,22.5726,88.3639,West Bengal
2026-03-30,31.5,25.6,28.2,38.2,31.1,1.5,1.5,11.8,27.0,190,16.72,30643.1,3.77,53,Kolkata,22.5726,88.3639,West Bengal
2026-03-31,31.0,23.7,27.2,36.8,26.7,2.9,2.9,14.9,35.3,190,15.56,33610.32,3.44,63,Kolkata,22.5726,88.3639,West Bengal
2026-04-01,35.8,25.0,29.7,40.6,30.2,0.0,0.0,11.2,25.6,205,21.48,38243.19,5.18,3,Kolkata,22.5726,88.3639,West Bengal
2026-04-02,37.3,26.0,30.6,40.8,31.0,0.2,0.2,14.2,41.4,206,22.17,42866.37,5.64,51,Kolkata,22.5726,88.3639,West Bengal
2026-04-03,38.0,26.4,31.4,42.5,31.2,0.0,0.0,12.6,34.2,210,22.63,42840.64,5.83,3,Kolkata,22.5726,88.3639,West Bengal
2026-04-04,38.0,27.0,32.0,41.8,33.7,0.0,0.0,13.1,33.1,249,21.71,41064.02,5.57,3,Kolkata,22.5726,88.3639,West Bengal
2026-04-05,31.6,26.3,28.5,34.4,29.8,1.8,1.8,18.7,47.2,260,18.24,32305.11,4.56,53,Kolkata,22.5726,88.3639,West Bengal
2026-04-06,33.1,23.4,27.2,38.1,26.6,7.5,7.5,10.7,28.1,250,21.33,43200.0,4.75,63,Kolkata,22.5726,88.3639,West Bengal
2026-04-07,31.8,22.1,26.2,35.9,25.0,1.0,1.0,11.3,30.6,166,21.81,43135.99,4.68,53,Kolkata,22.5726,88.3639,West Bengal
2026-04-08,31.1,22.1,25.4,35.8,24.6,12.8,12.8,17.3,40.7,176,19.36,32625.2,4.26,63,Kolkata,22.5726,88.3639,West Bengal
2026-04-09,27.5,21.2,24.1,32.0,24.4,34.9,34.9,13.0,34.2,117,12.36,23088.46,2.52,65,Kolkata,22.5726,88.3639,West Bengal
2026-04-10,31.5,22.6,26.6,35.4,27.1,0.0,0.0,9.3,24.1,236,22.55,37265.47,4.87,3,Kolkata,22.5726,88.3639,West Bengal
2026-04-11,32.8,23.4,27.7,37.4,28.2,0.0,0.0,8.3,19.4,226,23.66,43200.0,5.2,1,Kolkata,22.5726,88.3639,West Bengal
2026-04-12,34.7,24.9,28.9,37.9,30.1,0.0,0.0,14.2,31.0,213,24.09,36898.49,5.64,3,Kolkata,22.5726,88.3639,West Bengal
2026-04-13,35.5,26.0,30.0,40.6,30.8,0.0,0.0,13.9,36.0,198,24.06,43200.0,5.75,1,Kolkata,22.5726,88.3639,West Bengal
2026-04-14,37.5,26.9,31.1,41.4,32.9,0.0,0.0,14.1,33.5,216,23.22,39600.0,5.75,3,Kolkata,22.5726,88.3639,West Bengal
2026-04-15,37.7,26.6,31.0,42.0,32.8,0.9,0.9,14.9,34.9,199,22.99,43200.0,5.79,53,Kolkata,22.5726,88.3639,West Bengal
2026-04-16,35.3,25.6,29.4,39.5,29.2,6.7,6.7,16.4,40.7,176,18.31,36046.18,4.67,63,Kolkata,22.5726,88.3639,West Bengal
2026-04-17,34.6,26.5,29.8,41.5,32.9,0.9,0.9,10.8,24.5,171,21.01,38632.48,4.72,51,Kolkata,22.5726,88.3639,West Bengal
2026-04-18,34.9,27.0,30.2,41.0,33.5,0.0,0.0,12.7,31.0,191,22.68,39600.0,5.29,3,Kolkata,22.5726,88.3639,West Bengal
2026-04-19,35.7,27.5,30.7,42.6,33.8,0.0,0.0,14.2,33.1,186,23.6,39600.0,5.69,3,Kolkata,22.5726,88.3639,West Bengal
2026-04-20,37.4,26.9,31.3,43.8,32.6,0.0,0.0,15.4,35.3,189,23.53,39600.0,5.89,3,Kolkata,22.5726,88.3639,West Bengal
2026-04-21,38.0,27.0,31.5,43.2,31.7,0.0,0.0,13.1,30.2,192,23.76,43200.0,5.93,2,Kolkata,22.5726,88.3639,West Bengal
2026-04-22,38.0,27.6,31.8,45.1,34.1,0.3,0.3,12.9,36.0,159,23.91,39600.0,5.69,51,Kolkata,22.5726,88.3639,West Bengal
2026-04-23,38.0,27.0,31.7,44.6,33.3,0.0,0.0,14.9,34.9,182,23.2,37410.87,5.76,3,Kolkata,22.5726,88.3639,West Bengal
2026-04-24,38.3,28.1,32.1,45.3,33.8,0.0,0.0,13.6,33.8,183,23.63,37047.38,6.03,3,Kolkata,22.5726,88.3639,West Bengal
2026-04-25,37.7,28.1,31.7,43.4,33.9,0.0,0.0,15.1,38.9,186,24.11,39736.04,6.14,3,Kolkata,22.5726,88.3639,West Bengal
2026-04-26,35.3,27.5,31.0,39.9,33.5,0.3,0.3,17.0,40.3,176,22.33,41458.06,5.94,51,Kolkata,22.5726,88.3639,West Bengal
2026-04-27,35.1,28.0,30.9,41.1,33.1,0.0,0.0,21.1,50.0,188,17.73,31563.02,5.04,3,Kolkata,22.5726,88.3639,West Bengal
2026-04-28,36.1,26.4,30.6,42.7,28.7,24.8,24.8,23.6,54.4,182,18.72,35309.72,4.88,65,Kolkata,22.5726,88.3639,West Bengal
2026-04-29,33.1,22.6,28.2,40.0,25.4,1.4,1.4,18.3,43.2,153,18.54,33782.66,4.23,53,Kolkata,22.5726,88.3639,West Bengal
2026-04-30,30.4,21.7,25.4,35.2,24.7,11.0,11.0,12.2,30.2,141,20.94,36038.78,4.34,63,Kolkata,22.5726,88.3639,West Bengal
2026-05-01,29.5,21.8,25.6,33.6,25.8,0.2,0.2,9.7,25.2,158,16.35,30545.86,3.45,51,Kolkata,22.5726,88.3639,West Bengal
2026-05-02,34.0,23.8,26.7,38.5,27.3,1.3,1.3,20.6,49.3,147,20.79,39222.1,4.3,53,Kolkata,22.5726,88.3639,West Bengal
2026-05-03,30.9,23.6,26.9,39.6,28.4,19.2,19.2,9.5,42.8,126,18.95,30721.87,3.99,65,Kolkata,22.5726,88.3639,West Bengal
2026-05-04,32.7,25.4,27.9,39.0,29.6,2.3,2.3,12.1,28.1,151,19.86,40268.66,4.35,53,Kolkata,22.5726,88.3639,West Bengal
2026-05-05,30.0,22.2,26.4,35.5,23.5,9.8,9.8,21.7,45.7,102,15.66,26149.92,3.39,63,Kolkata,22.5726,88.3639,West Bengal
2026-05-06,32.1,23.7,27.3,39.2,28.2,13.7,13.7,8.3,34.2,139,19.55,37058.35,4.13,65,Kolkata,22.5726,88.3639,West Bengal
2026-05-07,30.7,23.5,26.3,36.5,26.9,6.7,6.7,22.3,52.6,98,20.82,39600.0,4.28,63,Kolkata,22.5726,88.3639,West Bengal
2026-05-08,32.2,23.1,26.8,40.5,26.9,4.0,4.0,10.2,29.2,214,21.11,37955.85,4.38,63,Kolkata,22.5726,88.3639,West Bengal
2026-05-09,32.3,24.4,27.5,39.0,28.8,2.6,2.6,12.9,28.8,145,21.65,33209.73,4.67,61,Kolkata,22.5726,88.3639,West Bengal
2026-05-10,31.2,23.9,27.1,35.9,27.9,0.5,0.5,11.0,19.1,150,18.27,32872.11,4.03,51,Kolkata,22.5726,88.3639,West Bengal
2026-05-11,31.3,22.4,27.2,38.2,24.8,22.8,22.8,19.0,42.8,146,21.76,39883.42,4.76,65,Kolkata,22.5726,88.3639,West Bengal
2026-05-12,33.1,25.9,28.9,39.5,31.0,3.7,3.7,11.1,31.0,170,21.82,40699.01,4.92,63,Kolkata,22.5726,88.3639,West Bengal
2026-05-13,32.9,26.7,29.5,38.8,31.4,9.6,9.6,14.8,46.1,182,21.43,38952.19,5.1,63,Kolkata,22.5726,88.3639,West Bengal
2026-05-14,35.9,24.9,30.4,42.4,30.0,3.5,3.5,15.2,36.0,200,23.28,41776.91,5.69,61,Kolkata,22.5726,88.3639,West Bengal
2026-05-15,35.6,27.9,31.1,42.2,33.5,1.0,1.0,14.1,36.4,191,23.34,41299.02,5.75,53,Kolkata,22.5726,88.3639,West Bengal
2026-05-16,35.2,27.9,30.8,42.1,33.3,0.4,0.4,15.7,34.2,195,22.97,40584.27,5.58,51,Kolkata,22.5726,88.3639,West Bengal
2026-05-17,35.7,28.3,31.3,43.6,34.1,4.8,4.8,14.8,33.1,191,23.13,39696.93,5.67,63,Kolkata,22.5726,88.3639,West Bengal
2026-05-18,37.2,29.0,31.6,44.6,35.2,6.5,6.5,15.3,33.8,179,23.09,40957.42,5.6,63,Kolkata,22.5726,88.3639,West Bengal
2026-05-19,36.1,28.7,31.6,43.4,35.4,0.3,0.3,17.6,42.5,166,21.55,39600.0,5.27,51,Kolkata,22.5726,88.3639,West Bengal
2026-05-20,36.7,28.6,32.0,45.4,35.7,0.0,0.0,10.8,24.5,162,22.77,39592.72,5.4,2,Kolkata,22.5726,88.3639,West Bengal
2026-05-21,36.4,28.5,32.0,45.4,35.6,0.0,0.0,12.6,31.0,161,22.78,40192.1,5.33,3,Kolkata,22.5726,88.3639,West Bengal
2026-05-22,36.0,28.7,31.5,43.3,35.8,8.9,8.9,12.6,36.4,173,17.99,27950.41,4.31,63,Kolkata,22.5726,88.3639,West Bengal
2026-05-23,35.5,26.2,31.1,43.1,30.6,3.6,3.6,16.2,44.6,182,22.27,39600.0,5.26,63,Kolkata,22.5726,88.3639,West Bengal
2026-05-24,35.9,29.5,32.2,43.2,35.8,1.0,1.0,15.9,38.2,183,23.1,41624.55,5.84,53,Kolkata,22.5726,88.3639,West Bengal
2026-05-25,35.0,29.4,31.8,41.5,35.7,0.0,0.0,21.9,51.8,186,23.46,40207.47,5.91,3,Kolkata,22.5726,88.3639,West Bengal
2026-05-26,36.4,29.6,32.3,43.5,35.5,0.2,0.2,15.9,39.2,181,20.89,39411.77,5.51,51,Kolkata,22.5726,88.3639,West Bengal
2026-05-27,33.9,25.5,29.2,39.9,30.7,24.7,24.7,12.3,41.0,149,19.32,33630.11,4.33,65,Kolkata,22.5726,88.3639,West Bengal
2026-05-28,33.7,26.1,29.4,40.5,32.3,3.9,3.9,10.6,27.4,135,22.09,39734.26,4.96,63,Kolkata,22.5726,88.3639,West Bengal
2026-05-29,37.1,25.9,29.2,41.8,29.9,14.4,14.4,21.7,59.8,139,19.94,34062.02,4.57,65,Kolkata,22.5726,88.3639,West Bengal
2026-05-30,33.2,24.0,27.9,40.7,28.1,3.4,3.4,8.7,49.3,122,20.97,37408.13,4.55,61,Kolkata,22.5726,88.3639,West Bengal
2026-05-31,34.9,26.5,30.3,42.0,32.3,0.3,0.3,14.3,32.4,183,23.98,42882.58,5.39,51,Kolkata,22.5726,88.3639,West Bengal
2026-06-01,35.5,28.3,31.6,42.8,35.6,2.8,2.8,12.8,33.8,172,22.76,42826.41,5.4,61,Kolkata,22.5726,88.3639,West Bengal
2026-06-02,37.7,28.3,32.4,43.5,35.3,0.4,0.4,10.9,28.4,180,23.33,43074.39,5.75,51,Kolkata,22.5726,88.3639,West Bengal
2026-06-03,37.3,29.2,32.5,45.5,36.0,0.8,0.8,12.2,32.8,191,23.36,41612.29,5.77,53,Kolkata,22.5726,88.3639,West Bengal
2026-06-04,37.6,29.5,32.6,44.5,34.6,11.2,11.2,14.9,38.5,182,21.78,39968.51,5.43,63,Kolkata,22.5726,88.3639,West Bengal
2026-06-05,35.0,29.5,31.1,41.5,36.0,1.2,1.2,11.6,31.3,135,17.27,30936.46,4.03,53,Kolkata,22.5726,88.3639,West Bengal
2026-06-06,34.1,26.0,29.3,42.6,32.1,19.2,19.2,11.5,29.5,134,18.93,26375.98,4.14,63,Kolkata,22.5726,88.3639,West Bengal
2026-06-07,32.8,26.4,29.0,40.3,31.9,10.1,10.1,16.4,36.0,159,17.16,29205.69,3.73,63,Kolkata,22.5726,88.3639,West Bengal
2026-06-08,36.5,26.3,30.7,44.3,32.2,1.5,1.5,13.5,30.6,193,23.04,43200.0,5.35,53,Kolkata,22.5726,88.3639,West Bengal
2026-06-09,35.5,27.8,31.9,43.1,34.0,0.0,0.0,11.9,30.2,182,22.09,42830.27,5.31,3,Kolkata,22.5726,88.3639,West Bengal
2026-06-10,35.0,27.7,30.3,42.2,32.4,9.3,9.3,18.9,46.4,155,23.0,43200.0,5.13,65,Kolkata,22.5726,88.3639,West Bengal
2026-06-11,33.5,26.0,28.6,41.7,30.8,16.4,16.4,12.4,40.0,159,17.15,37893.74,3.7,65,Kolkata,22.5726,88.3639,West Bengal
2026-06-12,32.6,25.4,28.6,41.5,30.8,1.3,1.3,9.8,24.5,138,18.71,39336.49,4.1,53,Kolkata,22.5726,88.3639,West Bengal
2026-06-13,32.9,26.3,29.2,40.7,32.1,1.5,1.5,15.0,40.7,177,18.29,38390.81,3.99,53,Kolkata,22.5726,88.3639,West Bengal
2026-06-14,33.1,27.4,29.8,39.7,34.1,1.9,1.9,12.4,41.4,194,16.92,28322.96,3.92,55,Kolkata,22.5726,88.3639,West Bengal
2026-06-15,35.9,28.3,31.0,43.8,34.6,15.1,15.1,15.5,39.6,174,20.92,38692.68,4.85,65,Kolkata,22.5726,88.3639,West Bengal
2026-06-16,36.2,28.5,31.6,42.7,34.9,4.1,4.1,13.0,32.8,179,22.12,43312.71,5.46,61,Kolkata,22.5726,88.3639,West Bengal
2026-06-17,36.2,28.6,32.1,43.0,34.9,1.4,1.4,10.7,28.4,186,23.3,43029.87,5.84,53,Kolkata,22.5726,88.3639,West Bengal
2026-06-18,35.7,25.8,30.1,42.6,30.5,4.4,4.4,14.3,42.1,162,19.08,34603.26,4.45,55,Kolkata,22.5726,88.3639,West Bengal
2026-06-19,30.6,26.0,27.7,37.4,31.5,45.6,45.6,12.1,27.4,181,8.48,15286.95,1.96,65,Kolkata,22.5726,88.3639,West Bengal
2026-06-20,34.5,27.0,30.1,41.9,32.8,1.2,1.2,12.4,29.2,181,21.42,41196.95,4.95,53,Kolkata,22.5726,88.3639,West Bengal
2026-06-21,34.0,27.0,29.3,41.8,33.2,13.3,13.3,12.0,28.4,185,13.26,14353.2,3.1,63,Kolkata,22.5726,88.3639,West Bengal
2026-06-22,31.3,26.4,28.2,38.8,32.1,27.0,27.0,12.2,30.6,175,15.83,26923.42,3.33,65,Kolkata,22.5726,88.3639,West Bengal
2026-06-23,32.4,27.3,29.0,41.0,33.9,14.5,14.5,9.9,32.0,170,18.61,29475.05,3.94,63,Kolkata,22.5726,88.3639,West Bengal
2026-06-24,33.4,27.9,29.4,40.7,34.4,5.5,5.5,9.8,37.4,177,12.09,10991.12,2.84,63,Kolkata,22.5726,88.3639,West Bengal
2026-06-25,34.9,27.1,29.7,43.4,32.5,3.1,3.1,13.8,33.8,164,19.61,37225.06,4.33,55,Kolkata,22.5726,88.3639,West Bengal
2026-06-26,32.9,27.0,29.8,40.7,32.9,6.2,6.2,9.3,27.4,166,22.83,44119.09,4.99,63,Kolkata,22.5726,88.3639,West Bengal
2026-06-27,34.3,27.5,30.2,41.1,34.0,2.0,2.0,12.3,26.6,160,23.39,43842.12,5.26,53,Kolkata,22.5726,88.3639,West Bengal
2026-06-28,32.8,27.5,29.7,42.1,33.5,12.6,12.6,12.0,33.1,182,21.59,40811.67,4.68,63,Kolkata,22.5726,88.3639,West Bengal
2026-06-29,34.0,27.1,29.2,43.0,33.6,24.5,24.5,10.5,25.9,177,15.33,24217.54,3.33,63,Kolkata,22.5726,88.3639,West Bengal
2026-06-30,32.3,26.8,28.1,40.2,32.8,10.2,10.2,13.7,34.9,169,16.25,23457.94,3.4,61,Kolkata,22.5726,88.3639,West Bengal
2026-07-01,31.5,25.8,28.8,39.3,31.3,5.0,5.0,8.6,24.8,155,19.44,38914.45,4.15,53,Kolkata,22.5726,88.3639,West Bengal
2026-07-02,33.0,25.8,28.8,40.5,31.4,11.5,11.5,10.6,37.8,128,20.28,39208.16,4.31,63,Kolkata,22.5726,88.3639,West Bengal
2026-07-03,32.8,27.1,29.6,39.9,33.6,4.2,4.2,13.9,40.7,90,22.12,36483.0,4.87,61,Kolkata,22.5726,88.3639,West Bengal
2026-07-04,32.2,27.5,29.2,37.1,32.3,7.7,7.7,20.4,50.4,79,17.66,36324.23,4.19,63,Kolkata,22.5726,88.3639,West Bengal
2026-07-05,30.6,26.4,28.1,35.9,30.9,13.1,13.1,16.7,40.7,101,14.84,20551.91,3.33,61,Kolkata,22.5726,88.3639,West Bengal
2026-07-06,30.4,25.7,27.7,35.8,30.7,15.7,15.7,16.2,40.7,161,16.55,27666.97,3.52,63,Kolkata,22.5726,88.3639,West Bengal
2026-07-07,29.5,25.1,28.0,36.2,30.5,30.4,30.4,17.0,45.4,186,14.53,24431.97,3.04,65,Kolkata,22.5726,88.3639,West Bengal
2026-07-08,32.7,27.5,29.5,38.3,32.4,9.7,9.7,14.8,40.0,196,14.93,22915.23,3.59,63,Kolkata,22.5726,88.3639,West Bengal
2026-07-09,29.2,26.3,28.0,35.5,31.8,40.9,40.9,17.4,45.7,198,7.69,4001.18,1.86,65,Kolkata,22.5726,88.3639,West Bengal
2026-07-10,29.8,26.1,27.4,36.5,31.6,41.1,41.1,15.4,31.0,234,8.58,2295.24,1.89,63,Kolkata,22.5726,88.3639,West Bengal
2026-07-11,32.6,26.5,28.8,39.5,31.8,38.9,38.9,14.0,39.6,244,19.58,28945.05,4.19,65,Kolkata,22.5726,88.3639,West Bengal
2026-07-12,31.7,26.8,29.0,38.9,32.7,4.6,4.6,10.8,25.2,215,13.59,15135.85,3.06,53,Kolkata,22.5726,88.3639,West Bengal
2026-07-13,32.5,26.1,28.8,39.9,32.9,22.2,22.2,9.6,25.6,262,11.49,8742.14,2.6,63,Kolkata,22.5726,88.3639,West Bengal
2026-07-14,32.5,26.3,28.7,40.9,32.7,7.8,7.8,8.3,27.4,54,22.56,39671.08,4.65,63,Kolkata,22.5726,88.3639,West Bengal
2026-07-15,32.5,26.9,29.4,39.8,33.5,2.0,2.0,13.3,38.2,74,22.92,44369.77,5.0,53,Kolkata,22.5726,88.3639,West Bengal
2026-07-16,31.3,26.8,28.9,37.5,32.2,6.2,6.2,13.6,35.3,106,19.3,42880.76,4.24,61,Kolkata,22.5726,88.3639,West Bengal
2026-07-17,31.0,27.0,28.9,37.1,32.4,7.1,7.1,14.5,32.8,168,16.91,38461.73,3.82,61,Kolkata,22.5726,88.3639,West Bengal
2026-07-18,32.3,26.3,29.2,39.5,32.2,11.5,11.5,16.5,38.9,164,22.89,44125.84,4.96,63,Kolkata,22.5726,88.3639,West Bengal
2026-07-19,31.2,25.9,28.7,37.6,31.7,17.3,17.3,12.4,32.4,166,15.03,25593.36,3.36,63,Kolkata,22.5726,88.3639,West Bengal
2026-07-20,31.2,26.8,27.9,37.4,32.8,11.0,11.0,12.7,30.6,129,10.76,11622.65,2.39,61,Kolkata,22.5726,88.3639,West Bengal
2026-07-21,28.8,25.2,26.9,35.3,30.1,22.8,22.8,12.1,29.5,119,8.83,2980.34,1.95,63,Kolkata,22.5726,88.3639,West Bengal
2026-07-22,28.4,24.9,26.4,33.3,30.1,28.0,28.0,13.0,36.0,165,10.56,7268.65,2.18,63,Kolkata,22.5726,88.3639,West Bengal
2026-07-23,28.7,24.5,26.6,35.5,29.4,21.4,21.4,16.5,39.2,195,16.05,26316.03,3.12,63,Kolkata,22.5726,88.3639,West Bengal
2026-07-24,30.2,25.0,26.9,36.8,29.8,56.2,56.2,13.0,28.4,224,11.56,13625.86,2.45,65,Kolkata,22.5726,88.3639,West Bengal
2026-07-25,31.0,25.8,28.2,37.1,31.6,9.3,9.3,13.5,41.4,89,19.77,34143.03,4.19,63,Kolkata,22.5726,88.3639,West Bengal
2026-07-26,31.7,25.9,28.4,38.1,31.0,4.9,4.9,17.0,48.6,68,22.05,39418.93,4.79,55,Kolkata,22.5726,88.3639,West Bengal
2026-07-27,30.6,25.2,27.1,36.0,29.3,43.0,43.0,19.5,51.5,62,11.91,11562.4,2.64,65,Kolkata,22.5726,88.3639,West Bengal
2026-07-28,30.3,26.0,27.9,35.2,29.8,8.8,8.8,21.7,54.0,126,20.8,39778.65,4.38,61,Kolkata,22.5726,88.3639,West Bengal
2026-07-29,30.9,25.8,27.9,37.6,30.7,12.7,12.7,13.4,35.6,135,17.94,40131.34,3.77,63,Kolkata,22.5726,88.3639,West Bengal
2026-07-30,30.1,25.8,27.9,35.4,30.8,8.8,8.8,18.1,41.8,148,17.06,27086.68,3.68,61,Kolkata,22.5726,88.3639,West Bengal
2026-07-31,31.7,26.5,28.6,38.2,31.9,8.9,8.9,14.1,34.9,156,17.63,33307.48,3.93,63,Kolkata,22.5726,88.3639,West Bengal
2026-08-01,31.4,25.7,28.4,38.7,31.1,20.9,20.9,11.0,31.3,177,15.79,26179.18,3.44,63,Kolkata,22.5726,88.3639,West Bengal
2026-08-02,32.5,26.7,28.8,41.9,33.0,23.4,23.4,13.2,34.2,167,17.85,21387.09,3.77,65,Kolkata,22.5726,88.3639,West Bengal
2026-08-03,33.0,27.1,29.2,42.9,33.5,16.9,16.9,12.8,33.1,163,17.11,32209.38,3.63,63,Kolkata,22.5726,88.3639,West Bengal
2026-08-04,32.5,26.6,29.4,41.4,32.9,11.2,11.2,10.5,28.8,165,18.13,26823.37,3.94,63,Kolkata,22.5726,88.3639,West Bengal
2026-08-05,31.2,26.6,28.6,39.5,33.3,25.3,25.3,10.9,28.1,171,14.49,26879.0,3.06,63,Kolkata,22.5726,88.3639,West Bengal
2026-08-06,29.2,26.6,27.8,34.9,33.4,3.9,3.9,7.3,15.8,152,9.87,2214.44,2.2,53,Kolkata,22.5726,88.3639,West Bengal
2026-08-07,29.0,25.5,27.2,35.2,31.1,20.9,20.9,10.1,23.4,148,12.38,17483.73,2.61,63,Kolkata,22.5726,88.3639,West Bengal
2026-08-08,30.6,25.0,28.0,36.6,29.7,22.6,22.6,14.7,41.8,131,14.63,19322.48,3.21,65,Kolkata,22.5726,88.3639,West Bengal
2026-08-09,31.5,26.7,28.7,39.6,32.8,13.3,13.3,11.5,30.6,128,20.48,40480.92,4.23,63,Kolkata,22.5726,88.3639,West Bengal
2026-08-10,31.7,26.5,28.9,38.9,32.5,15.1,15.1,8.1,24.1,117,20.32,40260.06,4.27,63,Kolkata,22.5726,88.3639,West Bengal
2026-08-11,32.3,26.6,28.5,40.1,33.0,9.9,9.9,9.5,31.0,46,17.05,30650.61,3.6,63,Kolkata,22.5726,88.3639,West Bengal
2026-08-12,33.4,26.5,28.9,43.1,32.5,25.7,25.7,8.6,27.7,333,18.23,26990.8,3.92,65,Kolkata,22.5726,88.3639,West Bengal
2026-08-13,30.9,26.8,28.5,37.5,32.2,20.3,20.3,15.3,41.0,88,15.56,29197.49,3.43,65,Kolkata,22.5726,88.3639,West Bengal
2026-08-14,30.6,26.7,28.7,37.4,32.5,11.0,11.0,14.8,37.1,138,20.94,39600.0,4.34,63,Kolkata,22.5726,88.3639,West Bengal
2026-08-15,31.8,25.1,28.2,40.1,30.1,10.6,10.6,14.5,38.9,129,20.84,43432.96,4.31,63,Kolkata,22.5726,88.3639,West Bengal
2026-08-16,31.4,26.2,27.9,38.1,32.0,12.8,12.8,15.2,39.6,76,13.56,20308.76,2.95,63,Kolkata,22.5726,88.3639,West Bengal
2026-08-17,28.8,25.6,26.7,33.9,30.7,28.6,28.6,19.0,38.2,238,7.53,7801.87,1.62,63,Kolkata,22.5726,88.3639,West Bengal
2026-08-18,30.8,25.9,28.1,36.3,30.5,8.8,8.8,17.5,43.6,179,16.51,36667.04,3.51,63,Kolkata,22.5726,88.3639,West Bengal
2026-08-19,32.4,25.7,29.0,39.6,30.8,4.3,4.3,12.0,34.9,173,21.82,42872.43,4.79,61,Kolkata,22.5726,88.3639,West Bengal
2026-08-20,33.0,27.0,29.4,41.5,33.1,1.5,1.5,12.1,31.3,158,22.52,43200.0,4.78,53,Kolkata,22.5726,88.3639,West Bengal
2026-08-21,33.2,28.1,29.8,42.0,35.4,4.3,4.3,10.1,31.3,138,19.88,37159.91,4.26,63,Kolkata,22.5726,88.3639,West Bengal
2026-08-22,32.9,27.8,29.8,40.0,34.8,2.4,2.4,11.6,29.2,113,19.32,37110.3,4.16,61,Kolkata,22.5726,88.3639,West Bengal
2026-08-23,32.4,26.8,29.4,39.0,32.4,2.6,2.6,13.8,40.0,88,17.93,29704.43,4.09,53,Kolkata,22.5726,88.3639,West Bengal
2026-08-24,30.7,26.8,28.4,37.4,32.5,18.4,18.4,14.8,36.7,142,16.02,34255.51,3.42,63,Kolkata,22.5726,88.3639,West Bengal
2026-08-25,31.9,26.5,28.9,38.6,31.8,8.4,8.4,16.1,42.1,147,18.23,36737.4,3.92,63,Kolkata,22.5726,88.3639,West Bengal
2026-08-26,32.4,26.6,29.1,40.0,32.5,3.3,3.3,12.5,29.2,153,19.16,40546.54,4.05,53,Kolkata,22.5726,88.3639,West Bengal
2026-08-27,32.7,27.5,29.6,42.1,34.8,7.4,7.4,8.5,24.5,141,21.52,43194.15,4.53,63,Kolkata,22.5726,88.3639,West Bengal
2026-08-28,32.9,27.3,29.4,42.0,34.4,11.0,11.0,12.9,32.0,120,18.27,28518.33,3.92,63,Kolkata,22.5726,88.3639,West Bengal
2026-08-29,32.2,26.8,29.4,40.1,33.5,5.0,5.0,14.6,36.4,83,18.86,41208.49,4.0,61,Kolkata,22.5726,88.3639,West Bengal
2026-08-30,31.4,26.5,28.5,38.0,32.4,19.7,19.7,13.9,37.8,58,15.98,34437.91,3.34,63,Kolkata,22.5726,88.3639,West Bengal
2026-08-31,31.4,25.9,27.9,37.1,30.8,17.7,17.7,17.3,46.8,105,13.17,16677.05,2.79,63,Kolkata,22.5726,88.3639,West Bengal
2026-09-01,29.1,25.9,27.3,34.7,31.0,28.2,28.2,16.7,37.8,128,8.96,1119.7,1.93,63,Kolkata,22.5726,88.3639,West Bengal
2026-09-02,30.6,26.1,27.6,37.9,31.6,36.3,36.3,14.1,28.4,132,11.77,13932.96,2.5,65,Kolkata,22.5726,88.3639,West Bengal
2026-09-03,30.4,25.6,27.8,37.1,31.5,14.2,14.2,10.0,23.8,153,9.14,11565.21,2.09,63,Kolkata,22.5726,88.3639,West Bengal
2026-09-04,31.2,25.6,28.6,38.8,31.4,12.1,12.1,12.1,29.9,180,20.02,40967.4,4.25,63,Kolkata,22.5726,88.3639,West Bengal
2026-09-05,31.4,27.0,28.7,39.6,33.0,10.9,10.9,9.0,28.8,167,17.34,36603.52,3.69,63,Kolkata,22.5726,88.3639,West Bengal
2026-09-06,32.8,26.2,29.5,39.3,31.7,5.3,5.3,9.5,20.9,184,14.49,26022.6,3.37,63,Kolkata,22.5726,88.3639,West Bengal
2026-09-07,32.8,26.1,28.6,40.6,32.0,6.3,6.3,16.6,40.0,195,17.75,28475.79,3.76,61,Kolkata,22.5726,88.3639,West Bengal
2026-09-08,32.3,27.0,29.0,40.6,33.5,2.5,2.5,5.6,19.1,238,17.58,39991.58,3.75,53,Kolkata,22.5726,88.3639,West Bengal
2026-09-09,32.2,25.9,28.3,40.9,32.0,29.8,29.8,11.2,28.4,49,17.51,34138.79,3.72,65,Kolkata,22.5726,88.3639,West Bengal
2026-09-10,31.3,26.7,28.1,37.7,32.4,14.7,14.7,13.9,37.4,89,15.44,28883.4,3.3,63,Kolkata,22.5726,88.3639,West Bengal
2026-09-11,30.7,26.3,28.0,36.9,30.8,9.6,9.6,16.2,47.9,107,15.87,27768.71,3.4,63,Kolkata,22.5726,88.3639,West Bengal
