time,temperature_2m_max,temperature_2m_min,temperature_2m_mean,apparent_temperature_max,apparent_temperature_min,precipitation_sum,rain_sum,windspeed_10m_max,windgusts_10m_max,winddirection_10m_dominant,shortwave_radiation_sum,sunshine_duration,et0_fao_evapotranspiration,weathercode,city,latitude,longitude,region
2023-09-11,28.8,25.0,26.3,35.7,29.7,4.7,4.7,14.4,32.4,257,18.78,33200.68,3.66,53,Mumbai,19.076,72.8777,Maharashtra
2023-09-12,29.2,24.6,26.9,34.3,29.8,4.7,4.7,19.1,38.2,257,21.61,43200.0,4.22,53,Mumbai,19.076,72.8777,Maharashtra
2023-09-13,28.4,25.0,26.5,34.4,29.8,3.6,3.6,12.8,28.1,245,17.68,41437.49,3.51,53,Mumbai,19.076,72.8777,Maharashtra
2023-09-14,28.8,24.1,26.6,35.4,29.3,2.2,2.2,13.4,29.5,221,21.01,41662.2,4.13,53,Mumbai,19.076,72.8777,Maharashtra
2023-09-15,29.3,24.8,27.2,35.0,30.3,2.1,2.1,16.6,32.8,247,20.63,37892.62,4.3,51,Mumbai,19.076,72.8777,Maharashtra
2023-09-16,28.5,25.1,27.0,32.4,29.3,7.3,7.3,20.6,40.0,256,7.94,129.39,2.37,61,Mumbai,19.076,72.8777,Maharashtra
2023-09-17,29.2,25.3,27.2,33.2,29.0,8.2,8.2,23.0,47.5,241,17.9,34586.76,4.08,61,Mumbai,19.076,72.8777,Maharashtra
2023-09-18,27.2,24.6,25.9,31.6,27.8,30.9,30.9,22.2,45.7,219,13.96,30256.93,2.81,63,Mumbai,19.076,72.8777,Maharashtra
2023-09-19,28.4,25.2,26.3,32.1,28.4,12.3,12.3,22.3,45.4,205,16.75,34254.26,3.37,61,Mumbai,19.076,72.8777,Maharashtra
2023-09-20,28.2,25.5,26.5,32.2,29.3,11.1,11.1,21.7,42.5,204,13.93,28379.23,2.89,61,Mumbai,19.076,72.8777,Maharashtra
2023-09-21,28.2,25.5,26.5,33.7,30.5,20.7,20.7,16.3,34.2,216,13.9,19966.64,2.78,63,Mumbai,19.076,72.8777,Maharashtra
2023-09-22,28.1,24.9,26.4,33.8,29.7,14.9,14.9,11.5,24.1,180,10.29,9412.9,2.17,63,Mumbai,19.076,72.8777,Maharashtra
2023-09-23,28.6,25.2,26.1,34.4,30.1,35.3,35.3,16.0,30.2,213,10.01,17805.27,2.04,65,Mumbai,19.076,72.8777,Maharashtra
2023-09-24,28.2,24.4,26.2,34.7,29.1,15.3,15.3,11.4,28.1,230,16.28,34929.65,3.16,63,Mumbai,19.076,72.8777,Maharashtra
2023-09-25,28.4,24.4,26.3,34.4,30.2,17.7,17.7,15.0,30.6,268,18.48,37897.81,3.52,63,Mumbai,19.076,72.8777,Maharashtra
2023-09-26,29.1,24.2,26.4,34.7,29.5,4.4,4.4,13.4,30.6,267,16.81,39341.95,3.32,61,Mumbai,19.076,72.8777,Maharashtra
2023-09-27,29.2,24.2,26.1,36.0,28.7,21.0,21.0,17.0,35.3,341,14.09,18000.0,2.78,63,Mumbai,19.076,72.8777,Maharashtra
2023-09-28,30.0,24.1,26.6,37.1,27.6,22.6,22.6,20.2,39.2,343,13.91,19098.73,2.77,65,Mumbai,19.076,72.8777,Maharashtra
2023-09-29,30.6,25.7,27.4,38.2,31.5,25.9,25.9,12.4,29.5,47,15.06,26153.75,3.08,65,Mumbai,19.076,72.8777,Maharashtra
2023-09-30,32.5,24.9,27.9,40.4,30.4,13.2,13.2,15.3,32.8,35,15.73,25775.97,3.34,63,Mumbai,19.076,72.8777,Maharashtra
2023-10-01,30.9,26.8,28.4,37.2,33.3,0.8,0.8,17.5,33.5,289,10.86,13385.06,2.49,53,Mumbai,19.076,72.8777,Maharashtra
2023-10-02,29.2,24.1,27.3,34.7,29.3,3.2,3.2,13.0,27.7,242,14.7,31601.68,3.08,61,Mumbai,19.076,72.8777,Maharashtra
2023-10-03,29.7,25.6,27.3,36.0,30.9,0.1,0.1,12.9,29.2,290,20.55,42029.9,4.14,51,Mumbai,19.076,72.8777,Maharashtra
2023-10-04,29.9,23.9,27.1,37.6,27.8,2.9,2.9,14.5,30.6,286,21.28,40352.29,4.22,61,Mumbai,19.076,72.8777,Maharashtra
2023-10-05,30.5,24.2,27.1,37.1,29.5,0.1,0.1,15.8,30.6,327,21.38,39653.22,4.33,51,Mumbai,19.076,72.8777,Maharashtra
2023-10-06,29.9,24.6,27.1,36.0,30.1,0.7,0.7,16.8,33.1,333,20.41,40180.63,4.19,51,Mumbai,19.076,72.8777,Maharashtra
2023-10-07,30.4,24.1,27.0,37.2,29.3,0.2,0.2,18.1,36.7,349,21.16,40709.29,4.3,51,Mumbai,19.076,72.8777,Maharashtra
2023-10-08,31.5,24.6,27.6,38.9,28.5,0.3,0.3,18.0,36.4,348,21.06,41583.57,4.39,51,Mumbai,19.076,72.8777,Maharashtra
2023-10-09,32.3,23.8,27.9,39.4,28.1,0.0,0.0,16.4,32.8,342,21.14,41524.35,4.72,1,Mumbai,19.076,72.8777,Maharashtra
2023-10-10,31.9,23.7,27.7,38.0,27.0,0.0,0.0,19.4,35.6,347,21.33,41852.7,4.87,0,Mumbai,19.076,72.8777,Maharashtra
2023-10-11,31.2,24.9,27.6,37.1,27.5,0.0,0.0,20.3,40.3,345,20.99,41125.93,4.55,1,Mumbai,19.076,72.8777,Maharashtra
2023-10-12,31.5,23.9,27.9,38.8,28.4,0.0,0.0,16.6,35.3,336,20.26,38931.9,4.29,2,Mumbai,19.076,72.8777,Maharashtra
2023-10-13,33.1,25.7,28.7,41.2,31.4,0.0,0.0,17.2,31.3,335,20.54,38969.88,4.43,3,Mumbai,19.076,72.8777,Maharashtra
2023-10-14,32.6,24.9,28.4,40.9,30.1,0.0,0.0,14.2,28.1,330,20.44,39503.07,4.37,2,Mumbai,19.076,72.8777,Maharashtra
2023-10-15,33.4,25.2,28.7,40.6,30.0,0.7,0.7,19.2,38.5,342,19.16,33961.48,4.22,53,Mumbai,19.076,72.8777,Maharashtra
2023-10-16,33.0,23.9,28.6,39.9,27.9,0.0,0.0,15.5,32.0,347,20.49,39581.57,4.84,3,Mumbai,19.076,72.8777,Maharashtra
2023-10-17,32.2,25.0,28.3,40.2,27.4,1.0,1.0,9.5,25.2,352,20.1,40438.28,4.53,53,Mumbai,19.076,72.8777,Maharashtra
2023-10-18,33.8,24.3,28.7,39.7,28.3,0.0,0.0,18.1,32.0,354,20.14,38914.58,4.9,1,Mumbai,19.076,72.8777,Maharashtra
2023-10-19,33.9,24.6,28.8,39.4,27.0,0.0,0.0,16.1,31.7,350,20.25,40201.36,5.19,3,Mumbai,19.076,72.8777,Maharashtra
2023-10-20,34.4,23.8,28.6,39.5,25.5,0.0,0.0,10.8,24.1,16,19.83,39956.84,4.79,2,Mumbai,19.076,72.8777,Maharashtra
2023-10-21,34.9,24.0,29.1,39.3,27.6,0.1,0.1,12.3,25.2,53,18.75,39529.7,4.72,51,Mumbai,19.076,72.8777,Maharashtra
2023-10-22,33.7,23.8,28.7,39.1,27.4,0.0,0.0,14.5,25.6,350,19.59,38319.35,4.62,3,Mumbai,19.076,72.8777,Maharashtra
2023-10-23,34.8,23.8,28.6,38.4,27.9,0.0,0.0,18.7,32.8,356,19.85,39607.96,4.95,3,Mumbai,19.076,72.8777,Maharashtra
2023-10-24,34.4,23.3,28.6,38.5,26.2,0.0,0.0,16.5,30.6,1,19.66,37140.89,5.05,3,Mumbai,19.076,72.8777,Maharashtra
2023-10-25,33.9,22.6,28.0,37.7,23.9,0.0,0.0,16.4,31.3,356,19.7,39684.85,5.07,3,Mumbai,19.076,72.8777,Maharashtra
2023-10-26,34.1,22.8,27.8,36.7,24.2,0.0,0.0,19.9,38.2,3,19.9,39455.09,5.2,3,Mumbai,19.076,72.8777,Maharashtra
2023-10-27,34.3,21.3,27.5,35.5,22.4,0.0,0.0,20.7,36.7,6,20.54,39450.79,5.57,3,Mumbai,19.076,72.8777,Maharashtra
2023-10-28,34.2,21.2,27.2,36.6,22.0,0.0,0.0,16.6,28.8,15,20.53,39045.48,5.43,3,Mumbai,19.076,72.8777,Maharashtra
2023-10-29,34.7,21.4,27.3,37.1,21.6,0.0,0.0,19.1,36.7,26,20.23,39439.61,5.54,0,Mumbai,19.076,72.8777,Maharashtra
2023-10-30,34.8,21.2,27.4,37.6,22.0,0.0,0.0,14.7,28.1,27,19.97,39121.87,4.9,1,Mumbai,19.076,72.8777,Maharashtra
2023-10-31,34.6,21.7,27.9,37.8,23.4,0.0,0.0,14.9,27.4,18,19.41,38906.44,5.0,0,Mumbai,19.076,72.8777,Maharashtra
2023-11-01,34.1,22.3,27.5,36.7,22.4,0.0,0.0,14.8,28.8,5,19.8,39163.38,5.08,2,Mumbai,19.076,72.8777,Maharashtra
2023-11-02,34.0,21.9,27.5,36.6,23.1,0.0,0.0,17.2,30.2,4,19.86,38981.1,5.22,3,Mumbai,19.076,72.8777,Maharashtra
2023-11-03,34.6,22.7,27.9,37.1,23.7,0.0,0.0,19.9,34.9,11,19.58,38764.51,5.52,3,Mumbai,19.076,72.8777,Maharashtra
2023-11-04,35.3,23.6,28.5,38.1,23.8,0.0,0.0,14.6,28.8,31,19.27,38546.11,5.21,3,Mumbai,19.076,72.8777,Maharashtra
2023-11-05,35.1,22.8,28.8,38.6,24.5,0.0,0.0,15.5,27.0,17,18.92,37694.12,5.01,3,Mumbai,19.076,72.8777,Maharashtra
2023-11-06,35.4,22.9,28.5,37.2,24.5,0.0,0.0,17.1,31.0,22,18.75,38225.47,5.19,3,Mumbai,19.076,72.8777,Maharashtra
2023-11-07,34.2,22.2,27.6,37.8,22.4,0.0,0.0,19.1,35.6,1,19.19,38246.26,5.13,3,Mumbai,19.076,72.8777,Maharashtra
2023-11-08,32.7,23.7,27.9,37.9,25.9,0.0,0.0,20.2,38.5,195,18.02,37753.86,4.36,3,Mumbai,19.076,72.8777,Maharashtra
2023-11-09,33.5,24.0,28.4,38.5,29.2,0.0,0.0,13.7,33.1,338,17.84,37002.79,4.05,3,Mumbai,19.076,72.8777,Maharashtra
2023-11-10,33.0,24.8,28.2,37.1,28.3,1.1,1.1,13.8,30.6,82,17.36,37279.58,4.09,55,Mumbai,19.076,72.8777,Maharashtra
2023-11-11,35.0,24.0,29.1,38.2,27.8,0.0,0.0,18.5,34.6,10,17.82,37557.42,4.88,3,Mumbai,19.076,72.8777,Maharashtra
2023-11-12,35.2,25.3,29.4,40.0,25.6,0.0,0.0,18.9,33.1,15,17.69,36544.09,5.29,3,Mumbai,19.076,72.8777,Maharashtra
2023-11-13,34.4,23.6,28.2,38.7,24.1,0.0,0.0,16.1,30.6,1,18.42,37080.65,4.9,3,Mumbai,19.076,72.8777,Maharashtra
2023-11-14,33.9,22.0,27.3,36.7,23.9,0.0,0.0,14.8,30.6,341,18.41,37618.99,4.63,3,Mumbai,19.076,72.8777,Maharashtra
2023-11-15,33.9,21.4,27.1,36.0,24.1,0.0,0.0,15.6,32.4,349,18.68,37380.23,4.63,2,Mumbai,19.076,72.8777,Maharashtra
2023-11-16,34.0,20.8,27.0,36.0,23.0,0.0,0.0,15.6,27.0,354,18.64,37140.98,4.64,0,Mumbai,19.076,72.8777,Maharashtra
2023-11-17,33.7,21.5,27.1,35.9,22.6,0.0,0.0,17.6,31.3,15,18.54,37422.27,4.86,2,Mumbai,19.076,72.8777,Maharashtra
2023-11-18,33.7,21.2,26.7,36.0,22.7,0.0,0.0,13.8,28.8,5,18.35,37183.52,4.51,0,Mumbai,19.076,72.8777,Maharashtra
2023-11-19,32.3,20.8,26.9,35.6,22.5,0.0,0.0,17.5,31.7,348,17.9,37210.45,4.63,2,Mumbai,19.076,72.8777,Maharashtra
2023-11-20,34.2,23.5,28.0,38.1,24.5,0.0,0.0,16.0,31.3,348,17.08,36963.93,4.43,3,Mumbai,19.076,72.8777,Maharashtra
2023-11-21,34.2,24.3,28.6,36.9,26.9,0.0,0.0,20.2,38.9,359,17.73,36723.1,4.94,3,Mumbai,19.076,72.8777,Maharashtra
2023-11-22,33.6,23.3,27.7,35.6,23.5,0.0,0.0,18.4,37.4,3,18.04,37026.08,5.34,1,Mumbai,19.076,72.8777,Maharashtra
2023-11-23,33.2,22.0,27.1,35.6,22.6,0.0,0.0,18.1,31.7,352,17.75,36765.29,5.0,0,Mumbai,19.076,72.8777,Maharashtra
2023-11-24,34.4,21.9,27.6,37.0,22.9,0.0,0.0,15.2,31.7,12,16.59,36786.49,4.36,1,Mumbai,19.076,72.8777,Maharashtra
2023-11-25,33.6,23.2,27.9,37.1,24.3,0.0,0.0,12.0,26.6,58,16.73,36280.4,4.27,2,Mumbai,19.076,72.8777,Maharashtra
2023-11-26,31.1,23.9,27.0,35.5,24.9,2.4,2.4,19.0,39.2,213,14.22,31512.8,3.28,55,Mumbai,19.076,72.8777,Maharashtra
2023-11-27,30.3,23.4,26.1,34.0,27.3,0.9,0.9,14.9,28.8,332,15.5,36000.0,3.48,51,Mumbai,19.076,72.8777,Maharashtra
2023-11-28,30.0,22.9,25.8,33.0,25.2,0.0,0.0,16.6,35.3,336,16.9,36000.0,3.99,1,Mumbai,19.076,72.8777,Maharashtra
2023-11-29,28.8,20.5,24.6,31.6,22.7,0.0,0.0,15.3,32.4,333,17.22,36361.93,3.83,1,Mumbai,19.076,72.8777,Maharashtra
2023-11-30,29.7,20.5,24.7,32.3,23.4,0.0,0.0,17.8,36.7,337,16.8,36000.0,3.73,3,Mumbai,19.076,72.8777,Maharashtra
2023-12-01,29.7,21.7,25.0,33.3,25.3,0.3,0.3,15.8,33.1,332,16.26,36000.0,3.48,51,Mumbai,19.076,72.8777,Maharashtra
2023-12-02,31.6,20.5,25.7,35.2,23.9,0.0,0.0,14.8,28.1,345,16.22,33593.57,3.68,3,Mumbai,19.076,72.8777,Maharashtra
2023-12-03,33.3,23.4,27.4,37.0,26.4,0.0,0.0,17.0,32.0,357,16.48,36000.0,4.22,3,Mumbai,19.076,72.8777,Maharashtra
2023-12-04,33.2,23.4,27.6,36.0,26.8,0.3,0.3,19.7,38.2,345,15.16,36000.0,4.04,51,Mumbai,19.076,72.8777,Maharashtra
2023-12-05,32.8,24.6,27.7,36.0,26.3,0.0,0.0,19.4,38.9,353,15.69,36000.0,4.38,3,Mumbai,19.076,72.8777,Maharashtra
2023-12-06,31.5,23.0,26.6,34.6,25.4,0.0,0.0,18.8,34.6,355,16.02,36000.0,4.11,3,Mumbai,19.076,72.8777,Maharashtra
2023-12-07,31.3,22.3,26.0,34.4,23.9,0.0,0.0,17.5,34.6,356,16.5,36000.0,4.16,1,Mumbai,19.076,72.8777,Maharashtra
2023-12-08,31.8,21.2,26.0,34.6,22.2,0.0,0.0,18.8,32.8,355,16.5,36002.15,4.2,0,Mumbai,19.076,72.8777,Maharashtra
2023-12-09,32.4,21.5,26.2,35.0,22.4,0.0,0.0,18.4,36.0,358,16.66,36000.0,4.35,3,Mumbai,19.076,72.8777,Maharashtra
2023-12-10,32.8,21.8,26.4,36.1,22.6,0.0,0.0,16.3,28.8,358,16.55,36000.0,4.38,1,Mumbai,19.076,72.8777,Maharashtra
2023-12-11,32.2,21.1,26.4,34.1,22.1,0.0,0.0,16.6,34.9,352,16.7,36000.0,4.62,3,Mumbai,19.076,72.8777,Maharashtra
2023-12-12,31.3,20.4,25.3,33.1,21.3,0.0,0.0,18.8,38.5,346,16.65,36000.0,4.57,3,Mumbai,19.076,72.8777,Maharashtra
2023-12-13,30.9,19.6,24.9,33.3,20.2,0.0,0.0,17.4,31.0,346,16.8,36000.0,4.12,3,Mumbai,19.076,72.8777,Maharashtra
2023-12-14,32.6,20.4,26.0,33.5,22.1,0.0,0.0,11.6,25.6,51,16.78,36000.0,4.18,2,Mumbai,19.076,72.8777,Maharashtra
2023-12-15,31.9,20.7,25.9,32.3,21.2,0.0,0.0,15.1,29.5,16,16.92,36193.01,4.6,0,Mumbai,19.076,72.8777,Maharashtra
2023-12-16,31.7,19.4,25.1,31.7,19.5,0.0,0.0,18.8,37.1,9,17.03,36181.19,4.72,0,Mumbai,19.076,72.8777,Maharashtra
2023-12-17,32.1,20.7,25.7,33.7,19.8,0.0,0.0,17.7,34.6,19,16.43,36168.92,4.59,0,Mumbai,19.076,72.8777,Maharashtra
2023-12-18,32.9,22.8,27.0,33.5,22.1,0.0,0.0,16.7,35.3,59,14.95,34536.1,4.85,3,Mumbai,19.076,72.8777,Maharashtra
2023-12-19,32.6,23.6,26.9,33.6,23.2,0.0,0.0,15.8,32.4,46,15.42,34059.0,4.87,3,Mumbai,19.076,72.8777,Maharashtra
2023-12-20,32.6,21.0,25.7,33.5,20.3,0.0,0.0,17.1,34.2,27,15.5,33263.11,4.63,3,Mumbai,19.076,72.8777,Maharashtra
2023-12-21,33.1,21.5,26.2,33.6,21.4,0.0,0.0,16.1,35.3,15,13.59,30109.14,4.2,3,Mumbai,19.076,72.8777,Maharashtra
2023-12-22,31.6,20.7,25.7,33.5,21.8,0.0,0.0,12.5,28.1,350,10.79,20850.49,3.08,3,Mumbai,19.076,72.8777,Maharashtra
2023-12-23,33.1,20.5,25.9,34.7,21.1,0.0,0.0,18.4,32.8,354,16.66,36357.26,4.42,3,Mumbai,19.076,72.8777,Maharashtra
2023-12-24,32.8,19.8,25.4,34.0,20.0,0.0,0.0,15.1,27.7,1,16.86,36612.44,4.33,3,Mumbai,19.076,72.8777,Maharashtra
2023-12-25,32.8,18.9,25.0,34.9,18.7,0.0,0.0,16.0,32.8,5,16.87,36597.16,4.55,3,Mumbai,19.076,72.8777,Maharashtra
2023-12-26,33.1,18.9,25.4,34.6,19.0,0.0,0.0,13.6,27.0,356,16.82,36581.13,4.44,0,Mumbai,19.076,72.8777,Maharashtra
2023-12-27,33.8,19.8,26.0,35.2,19.9,0.0,0.0,16.9,31.3,356,16.69,36564.45,4.72,3,Mumbai,19.076,72.8777,Maharashtra
2023-12-28,32.4,20.0,25.7,35.1,20.5,0.0,0.0,15.7,32.0,355,16.72,36816.74,4.37,3,Mumbai,19.076,72.8777,Maharashtra
2023-12-29,33.1,20.3,25.7,35.0,21.4,0.0,0.0,13.6,28.8,350,16.87,37068.31,4.1,3,Mumbai,19.076,72.8777,Maharashtra
2023-12-30,32.1,19.5,25.1,35.2,20.7,0.0,0.0,14.0,26.6,347,16.81,37049.68,3.96,3,Mumbai,19.076,72.8777,Maharashtra
2023-12-31,31.9,19.5,25.3,34.2,20.9,0.0,0.0,14.4,30.6,346,16.78,37030.56,4.15,3,Mumbai,19.076,72.8777,Maharashtra
2024-01-01,31.7,20.0,25.2,33.9,21.9,0.0,0.0,15.9,31.3,344,16.78,37011.0,4.07,1,Mumbai,19.076,72.8777,Maharashtra
2024-01-02,31.0,19.9,24.7,33.6,21.7,0.0,0.0,20.0,34.9,340,16.82,37260.06,4.1,0,Mumbai,19.076,72.8777,Maharashtra
2024-01-03,30.1,19.4,24.2,32.5,20.6,0.0,0.0,18.7,37.4,339,16.76,37239.56,4.18,1,Mumbai,19.076,72.8777,Maharashtra
2024-01-04,28.9,19.0,23.4,31.0,20.3,0.0,0.0,18.6,39.2,336,17.4,37756.15,3.9,3,Mumbai,19.076,72.8777,Maharashtra
2024-01-05,29.8,18.0,23.1,30.6,19.5,0.0,0.0,17.6,34.9,343,17.16,37466.19,3.91,3,Mumbai,19.076,72.8777,Maharashtra
2024-01-06,31.8,19.4,25.0,32.1,20.1,0.0,0.0,21.4,43.9,341,16.7,37444.71,4.75,3,Mumbai,19.076,72.8777,Maharashtra
2024-01-07,31.7,20.9,25.3,33.9,22.1,0.0,0.0,17.3,34.9,357,15.73,37423.04,4.05,1,Mumbai,19.076,72.8777,Maharashtra
2024-01-08,32.9,21.5,26.6,34.5,22.9,0.0,0.0,17.6,35.6,9,16.58,37133.47,4.86,1,Mumbai,19.076,72.8777,Maharashtra
2024-01-09,30.7,22.8,26.2,33.7,25.2,0.7,0.7,12.7,27.7,329,14.27,36309.17,3.42,53,Mumbai,19.076,72.8777,Maharashtra
2024-01-10,30.5,21.9,25.7,32.5,24.1,0.7,0.7,11.5,28.4,34,14.22,37090.33,3.4,53,Mumbai,19.076,72.8777,Maharashtra
2024-01-11,32.8,22.6,27.0,35.5,25.8,0.8,0.8,17.6,34.6,355,16.12,37869.92,4.36,53,Mumbai,19.076,72.8777,Maharashtra
2024-01-12,34.2,22.8,27.5,36.9,24.9,0.0,0.0,18.3,32.4,358,17.09,38381.15,4.7,3,Mumbai,19.076,72.8777,Maharashtra
2024-01-13,32.9,20.7,26.6,35.4,22.8,0.0,0.0,18.4,37.1,346,17.48,38358.33,4.71,0,Mumbai,19.076,72.8777,Maharashtra
2024-01-14,32.7,21.2,26.3,33.2,22.1,0.0,0.0,19.7,40.3,347,17.55,38601.31,5.41,0,Mumbai,19.076,72.8777,Maharashtra
2024-01-15,30.1,20.0,24.6,29.2,18.4,0.0,0.0,20.9,42.1,351,18.22,38819.06,5.52,3,Mumbai,19.076,72.8777,Maharashtra
2024-01-16,28.4,17.7,22.4,28.2,17.0,0.0,0.0,17.4,37.4,342,18.33,38857.15,4.44,3,Mumbai,19.076,72.8777,Maharashtra
2024-01-17,27.6,16.6,22.0,28.7,16.0,0.0,0.0,15.5,34.6,338,18.03,38895.44,4.03,3,Mumbai,19.076,72.8777,Maharashtra
2024-01-18,27.9,17.0,22.2,29.3,17.0,0.0,0.0,17.1,36.4,340,17.89,38933.88,4.1,3,Mumbai,19.076,72.8777,Maharashtra
2024-01-19,27.7,16.7,22.1,29.3,17.2,0.0,0.0,13.2,30.6,343,18.23,38972.4,3.87,1,Mumbai,19.076,72.8777,Maharashtra
2024-01-20,28.4,18.2,22.8,29.9,18.8,0.0,0.0,21.9,45.0,343,18.03,39010.94,4.48,0,Mumbai,19.076,72.8777,Maharashtra
2024-01-21,30.2,17.5,23.8,31.7,17.1,0.0,0.0,18.4,38.2,352,18.55,39049.44,4.89,3,Mumbai,19.076,72.8777,Maharashtra
2024-01-22,29.8,17.3,23.2,31.3,16.3,0.0,0.0,18.3,39.6,341,18.33,39087.84,4.64,3,Mumbai,19.076,72.8777,Maharashtra
2024-01-23,29.7,19.4,23.7,27.3,16.6,0.0,0.0,24.9,49.3,350,19.23,39126.07,6.18,3,Mumbai,19.076,72.8777,Maharashtra
2024-01-24,30.6,18.5,23.8,29.8,16.1,0.0,0.0,21.3,40.0,355,19.16,39164.08,6.02,3,Mumbai,19.076,72.8777,Maharashtra
2024-01-25,31.2,18.0,23.7,32.2,15.9,0.0,0.0,15.6,32.4,358,18.97,39201.8,5.16,3,Mumbai,19.076,72.8777,Maharashtra
2024-01-26,32.0,17.0,23.8,32.8,16.1,0.0,0.0,15.7,32.0,353,19.04,39239.17,4.98,3,Mumbai,19.076,72.8777,Maharashtra
2024-01-27,32.7,18.3,24.8,33.9,17.1,0.0,0.0,16.2,29.9,359,18.99,39276.15,5.34,3,Mumbai,19.076,72.8777,Maharashtra
2024-01-28,32.7,17.5,24.8,33.7,16.3,0.0,0.0,18.3,36.0,351,19.08,39312.65,5.47,3,Mumbai,19.076,72.8777,Maharashtra
2024-01-29,32.0,19.7,25.2,31.0,18.7,0.0,0.0,22.4,44.3,342,18.94,39348.64,5.8,3,Mumbai,19.076,72.8777,Maharashtra
2024-01-30,31.4,19.6,24.6,31.1,18.8,0.0,0.0,20.4,41.4,340,19.09,39384.04,5.4,3,Mumbai,19.076,72.8777,Maharashtra
2024-01-31,29.5,19.2,23.7,31.4,19.5,0.0,0.0,19.4,40.0,334,19.23,39418.8,4.65,3,Mumbai,19.076,72.8777,Maharashtra
2024-02-01,28.2,18.9,22.9,29.7,18.7,0.0,0.0,20.4,43.2,331,18.44,39452.87,4.13,3,Mumbai,19.076,72.8777,Maharashtra
2024-02-02,30.1,18.9,23.7,31.0,20.7,0.0,0.0,21.1,42.8,346,19.4,39486.24,4.74,3,Mumbai,19.076,72.8777,Maharashtra
2024-02-03,34.2,20.0,26.4,35.9,20.1,0.0,0.0,22.2,37.8,358,19.5,39519.21,5.7,2,Mumbai,19.076,72.8777,Maharashtra
2024-02-04,33.5,20.1,26.2,35.5,20.6,0.0,0.0,13.1,29.5,340,19.49,39551.8,4.9,0,Mumbai,19.076,72.8777,Maharashtra
2024-02-05,32.2,21.7,26.3,33.7,22.5,0.0,0.0,18.6,38.9,335,19.68,39584.0,5.53,0,Mumbai,19.076,72.8777,Maharashtra
2024-02-06,32.0,21.1,25.8,34.7,20.9,0.0,0.0,19.9,39.6,336,19.74,39600.0,5.39,0,Mumbai,19.076,72.8777,Maharashtra
2024-02-07,32.4,21.4,26.1,33.7,22.7,0.0,0.0,24.0,45.7,340,20.02,39600.0,5.91,3,Mumbai,19.076,72.8777,Maharashtra
2024-02-08,32.2,20.9,25.8,33.1,20.9,0.0,0.0,24.5,48.2,343,20.24,39600.0,5.86,3,Mumbai,19.076,72.8777,Maharashtra
2024-02-09,31.1,18.6,24.6,31.5,18.8,0.0,0.0,23.1,45.0,336,20.64,39600.0,5.81,1,Mumbai,19.076,72.8777,Maharashtra
2024-02-10,30.9,20.2,24.7,30.6,18.7,0.0,0.0,24.4,47.2,339,20.82,39600.0,6.19,0,Mumbai,19.076,72.8777,Maharashtra
2024-02-11,31.0,18.3,24.1,31.1,16.6,0.0,0.0,22.2,44.6,338,20.99,39600.0,5.93,3,Mumbai,19.076,72.8777,Maharashtra
2024-02-12,31.5,17.9,24.3,33.2,16.9,0.0,0.0,15.0,33.1,334,20.64,39600.0,5.33,3,Mumbai,19.076,72.8777,Maharashtra
2024-02-13,31.8,19.8,24.9,30.6,18.6,0.0,0.0,22.3,42.1,340,20.37,37130.09,6.16,3,Mumbai,19.076,72.8777,Maharashtra
2024-02-14,33.0,20.6,25.6,32.2,18.9,0.0,0.0,23.7,46.4,342,20.06,39600.0,6.54,3,Mumbai,19.076,72.8777,Maharashtra
2024-02-15,32.7,20.1,25.9,33.4,18.7,0.0,0.0,20.9,42.1,341,21.07,39600.0,6.15,3,Mumbai,19.076,72.8777,Maharashtra
2024-02-16,34.5,19.7,26.2,36.4,20.9,0.0,0.0,17.2,34.9,317,20.76,39600.0,5.23,0,Mumbai,19.076,72.8777,Maharashtra
2024-02-17,33.5,19.7,26.3,36.7,20.4,0.0,0.0,14.5,30.6,321,21.32,39600.0,5.21,1,Mumbai,19.076,72.8777,Maharashtra
2024-02-18,34.9,20.7,26.8,35.1,21.4,0.0,0.0,21.7,44.3,335,21.54,39600.0,5.84,0,Mumbai,19.076,72.8777,Maharashtra
2024-02-19,32.3,19.4,25.8,32.4,19.4,0.0,0.0,20.6,43.2,334,21.82,39600.0,6.13,1,Mumbai,19.076,72.8777,Maharashtra
2024-02-20,31.5,20.3,25.4,32.5,21.4,0.0,0.0,25.3,50.8,338,21.57,39600.0,5.62,3,Mumbai,19.076,72.8777,Maharashtra
2024-02-21,28.8,19.3,24.0,31.1,20.5,0.1,0.1,19.3,41.0,319,20.52,39600.0,4.31,51,Mumbai,19.076,72.8777,Maharashtra
2024-02-22,28.7,20.5,24.2,31.4,23.4,0.2,0.2,19.6,42.1,325,21.1,39600.0,4.46,51,Mumbai,19.076,72.8777,Maharashtra
2024-02-23,30.2,18.7,24.4,31.8,19.8,0.0,0.0,24.9,49.7,346,21.79,39600.0,5.57,2,Mumbai,19.076,72.8777,Maharashtra
2024-02-24,31.8,19.6,24.8,29.8,17.6,0.0,0.0,27.8,54.0,348,22.8,39600.0,7.32,0,Mumbai,19.076,72.8777,Maharashtra
2024-02-25,34.3,18.8,25.6,33.2,15.6,0.0,0.0,19.0,39.6,352,22.75,39600.0,6.81,0,Mumbai,19.076,72.8777,Maharashtra
2024-02-26,34.8,18.5,26.3,35.4,17.0,0.0,0.0,17.3,37.1,303,21.55,39600.0,5.69,3,Mumbai,19.076,72.8777,Maharashtra
2024-02-27,34.0,20.9,27.4,35.4,22.6,0.0,0.0,21.4,42.5,331,21.51,39600.0,6.08,1,Mumbai,19.076,72.8777,Maharashtra
2024-02-28,35.2,22.5,27.9,36.7,21.0,0.0,0.0,21.9,37.4,334,21.92,39600.0,6.24,0,Mumbai,19.076,72.8777,Maharashtra
2024-02-29,34.4,22.5,28.2,37.7,22.8,0.0,0.0,19.0,37.1,326,22.06,39600.0,6.0,2,Mumbai,19.076,72.8777,Maharashtra
2024-03-01,33.9,23.1,27.4,35.0,25.5,0.0,0.0,19.6,41.0,323,20.91,39600.0,5.59,3,Mumbai,19.076,72.8777,Maharashtra
2024-03-02,30.1,22.1,25.9,34.4,24.7,0.0,0.0,19.4,41.8,301,21.8,39600.0,4.56,3,Mumbai,19.076,72.8777,Maharashtra
2024-03-03,28.0,20.6,24.5,30.1,21.8,0.2,0.2,18.9,38.9,324,21.6,39600.0,4.8,51,Mumbai,19.076,72.8777,Maharashtra
2024-03-04,28.4,18.0,22.8,29.1,18.7,0.0,0.0,21.2,44.6,340,23.22,39649.29,5.53,3,Mumbai,19.076,72.8777,Maharashtra
2024-03-05,30.6,17.5,23.8,31.1,16.7,0.0,0.0,23.0,45.7,337,23.51,39869.93,6.08,0,Mumbai,19.076,72.8777,Maharashtra
2024-03-06,31.1,18.3,24.4,30.3,16.3,0.0,0.0,23.7,47.5,334,23.87,39845.51,6.69,3,Mumbai,19.076,72.8777,Maharashtra
2024-03-07,32.7,20.0,26.3,34.3,18.8,0.0,0.0,24.2,48.2,335,23.07,39820.99,7.05,3,Mumbai,19.076,72.8777,Maharashtra
2024-03-08,35.1,21.3,27.8,33.7,19.9,0.0,0.0,27.9,53.6,343,23.28,40040.71,8.02,0,Mumbai,19.076,72.8777,Maharashtra
2024-03-09,35.0,20.7,27.8,34.3,18.5,0.0,0.0,23.2,46.8,337,23.48,40015.99,7.59,2,Mumbai,19.076,72.8777,Maharashtra
2024-03-10,32.8,21.0,26.8,34.2,19.0,0.0,0.0,21.1,42.5,328,23.7,40235.3,7.46,0,Mumbai,19.076,72.8777,Maharashtra
2024-03-11,34.6,20.4,27.4,34.7,20.6,0.0,0.0,25.5,50.8,334,23.6,40210.61,7.12,3,Mumbai,19.076,72.8777,Maharashtra
2024-03-12,34.9,21.9,28.0,35.4,20.8,0.0,0.0,22.2,44.6,337,23.56,40186.04,7.04,3,Mumbai,19.076,72.8777,Maharashtra
2024-03-13,31.5,21.6,26.3,33.2,24.2,0.0,0.0,24.2,49.0,330,23.85,40405.28,6.06,3,Mumbai,19.076,72.8777,Maharashtra
2024-03-14,31.0,20.8,25.5,32.6,23.7,0.0,0.0,23.9,49.0,332,23.93,40137.16,5.61,0,Mumbai,19.076,72.8777,Maharashtra
2024-03-15,30.0,19.8,24.4,32.8,22.3,0.0,0.0,16.9,37.4,322,24.09,40355.84,5.19,2,Mumbai,19.076,72.8777,Maharashtra
2024-03-16,30.4,19.0,24.5,32.8,20.9,0.0,0.0,20.2,43.6,321,23.51,37567.57,5.2,3,Mumbai,19.076,72.8777,Maharashtra
2024-03-17,31.6,20.1,25.2,34.2,22.5,0.0,0.0,18.8,40.7,319,23.74,38775.69,5.26,3,Mumbai,19.076,72.8777,Maharashtra
2024-03-18,31.5,21.9,25.9,35.2,25.6,0.0,0.0,17.6,38.5,302,23.68,38310.83,5.09,3,Mumbai,19.076,72.8777,Maharashtra
2024-03-19,33.1,22.0,26.6,36.7,22.6,0.0,0.0,21.4,43.9,329,23.7,36000.0,5.92,3,Mumbai,19.076,72.8777,Maharashtra
2024-03-20,38.0,21.2,29.0,36.8,19.8,0.0,0.0,22.4,43.6,345,25.01,41444.94,8.18,2,Mumbai,19.076,72.8777,Maharashtra
2024-03-21,37.8,22.3,29.6,38.1,19.7,0.0,0.0,18.9,38.5,344,24.65,41419.2,7.39,3,Mumbai,19.076,72.8777,Maharashtra
2024-03-22,33.8,22.1,27.2,36.9,23.8,0.0,0.0,18.0,39.2,262,24.29,41393.52,5.74,2,Mumbai,19.076,72.8777,Maharashtra
2024-03-23,33.2,20.7,26.8,37.0,22.7,0.0,0.0,18.7,39.2,319,24.3,41124.67,5.77,3,Mumbai,19.076,72.8777,Maharashtra
2024-03-24,31.8,21.3,26.7,35.9,23.9,0.0,0.0,18.9,41.4,322,23.28,39600.0,5.34,3,Mumbai,19.076,72.8777,Maharashtra
2024-03-25,32.5,22.2,27.3,37.1,24.4,0.0,0.0,20.3,42.8,328,24.13,41560.66,5.67,0,Mumbai,19.076,72.8777,Maharashtra
2024-03-26,34.2,21.2,27.5,38.1,24.1,0.0,0.0,22.2,43.6,324,24.61,42022.54,5.87,1,Mumbai,19.076,72.8777,Maharashtra
2024-03-27,33.1,22.1,27.4,38.0,25.7,0.0,0.0,22.3,44.6,309,23.94,41754.5,5.25,0,Mumbai,19.076,72.8777,Maharashtra
2024-03-28,33.0,22.7,27.6,38.1,26.5,0.0,0.0,18.4,39.2,316,21.37,33068.74,4.93,3,Mumbai,19.076,72.8777,Maharashtra
2024-03-29,34.7,23.3,28.5,37.2,28.2,0.0,0.0,19.9,41.8,320,22.53,40731.56,5.74,2,Mumbai,19.076,72.8777,Maharashtra
2024-03-30,34.2,23.5,28.4,38.0,25.8,0.0,0.0,24.0,48.6,327,23.29,42170.25,6.17,3,Mumbai,19.076,72.8777,Maharashtra
2024-03-31,34.1,23.6,28.9,37.9,24.8,0.0,0.0,24.0,48.2,332,24.15,41659.57,6.94,1,Mumbai,19.076,72.8777,Maharashtra
2024-04-01,33.8,24.4,28.3,38.2,26.8,0.0,0.0,20.0,42.1,325,24.41,42612.99,6.15,3,Mumbai,19.076,72.8777,Maharashtra
2024-04-02,33.2,21.3,27.3,38.6,24.5,0.0,0.0,19.0,38.9,317,25.01,42894.93,5.81,3,Mumbai,19.076,72.8777,Maharashtra
2024-04-03,33.4,21.5,27.1,36.5,24.5,0.0,0.0,20.6,43.2,318,24.9,42943.12,5.72,3,Mumbai,19.076,72.8777,Maharashtra
2024-04-04,32.9,22.2,27.6,36.5,25.7,0.0,0.0,21.4,45.7,324,24.9,42793.32,6.08,3,Mumbai,19.076,72.8777,Maharashtra
2024-04-05,35.4,23.2,29.2,38.9,26.7,0.0,0.0,26.7,52.9,330,24.92,43039.94,7.27,3,Mumbai,19.076,72.8777,Maharashtra
2024-04-06,36.8,25.8,31.0,37.6,26.1,0.0,0.0,28.4,55.1,335,24.94,43088.46,8.71,3,Mumbai,19.076,72.8777,Maharashtra
2024-04-07,36.5,25.8,30.0,34.9,27.1,0.0,0.0,26.0,52.2,327,25.35,43136.96,8.14,0,Mumbai,19.076,72.8777,Maharashtra
2024-04-08,33.4,21.9,27.7,38.1,23.8,0.0,0.0,19.8,42.5,316,25.48,43185.35,6.02,0,Mumbai,19.076,72.8777,Maharashtra
2024-04-09,34.2,21.7,27.7,36.7,25.2,0.0,0.0,19.0,42.1,308,25.55,43200.0,5.89,3,Mumbai,19.076,72.8777,Maharashtra
2024-04-10,33.4,23.3,27.6,37.3,27.6,0.0,0.0,20.2,43.2,299,25.28,41794.55,5.68,3,Mumbai,19.076,72.8777,Maharashtra
2024-04-11,33.5,22.6,27.8,36.8,26.4,0.0,0.0,18.8,40.3,308,25.19,43200.0,5.8,3,Mumbai,19.076,72.8777,Maharashtra
2024-04-12,33.8,23.2,27.7,34.9,27.0,0.0,0.0,17.6,38.9,306,25.53,43200.0,6.14,3,Mumbai,19.076,72.8777,Maharashtra
2024-04-13,31.5,22.6,26.7,35.3,26.5,0.0,0.0,17.7,40.0,305,25.57,43200.0,5.66,3,Mumbai,19.076,72.8777,Maharashtra
2024-04-14,32.6,21.7,27.3,38.0,25.0,0.0,0.0,23.8,46.1,320,25.31,43200.0,5.49,2,Mumbai,19.076,72.8777,Maharashtra
2024-04-15,36.3,24.4,31.0,42.7,29.3,0.0,0.0,21.7,42.8,326,25.03,43200.0,6.84,3,Mumbai,19.076,72.8777,Maharashtra
2024-04-16,41.3,27.8,34.0,43.5,31.0,0.0,0.0,21.6,41.0,338,23.76,43200.0,8.01,2,Mumbai,19.076,72.8777,Maharashtra
2024-04-17,33.8,27.9,30.8,39.3,31.0,0.0,0.0,18.2,40.3,223,24.33,41838.51,6.08,3,Mumbai,19.076,72.8777,Maharashtra
2024-04-18,34.3,27.1,30.5,40.8,32.7,0.0,0.0,21.3,46.4,276,24.54,42161.06,5.95,3,Mumbai,19.076,72.8777,Maharashtra
2024-04-19,35.7,26.5,30.9,41.3,30.9,0.0,0.0,26.7,51.5,307,24.99,43200.0,6.62,2,Mumbai,19.076,72.8777,Maharashtra
2024-04-20,35.7,26.1,30.5,37.9,29.2,0.0,0.0,27.0,52.9,326,24.01,41821.14,6.93,1,Mumbai,19.076,72.8777,Maharashtra
2024-04-21,34.0,24.3,29.6,36.4,28.2,0.0,0.0,26.0,51.5,327,25.12,42698.68,7.02,3,Mumbai,19.076,72.8777,Maharashtra
2024-04-22,34.3,25.8,29.7,37.3,30.6,0.0,0.0,24.4,49.7,325,24.61,43200.0,6.6,2,Mumbai,19.076,72.8777,Maharashtra
2024-04-23,34.4,24.3,29.2,37.8,28.3,0.0,0.0,23.5,49.0,322,25.69,43200.0,6.54,0,Mumbai,19.076,72.8777,Maharashtra
2024-04-24,33.9,23.8,29.0,39.6,27.0,0.0,0.0,22.3,45.4,319,25.02,43025.31,6.08,1,Mumbai,19.076,72.8777,Maharashtra
2024-04-25,34.4,24.7,29.4,37.3,28.7,0.0,0.0,25.5,51.1,319,25.01,42242.29,6.46,1,Mumbai,19.076,72.8777,Maharashtra
2024-04-26,35.2,25.7,30.1,38.8,29.3,0.0,0.0,22.1,46.8,322,25.29,42358.14,6.65,2,Mumbai,19.076,72.8777,Maharashtra
2024-04-27,36.1,26.1,31.0,40.0,30.1,0.0,0.0,23.4,47.2,329,25.38,41953.06,7.45,3,Mumbai,19.076,72.8777,Maharashtra
2024-04-28,39.4,27.1,33.0,41.4,29.8,0.0,0.0,27.2,53.3,334,25.63,43200.0,8.95,0,Mumbai,19.076,72.8777,Maharashtra
2024-04-29,38.2,26.8,32.6,40.1,28.5,0.0,0.0,26.6,53.6,331,25.53,43200.0,8.9,3,Mumbai,19.076,72.8777,Maharashtra
2024-04-30,37.6,25.8,31.8,40.9,28.6,0.0,0.0,27.0,54.0,325,26.0,43200.0,7.99,0,Mumbai,19.076,72.8777,Maharashtra
2024-05-01,34.5,25.1,29.5,36.8,29.1,0.0,0.0,20.0,42.8,302,26.35,43200.0,6.67,3,Mumbai,19.076,72.8777,Maharashtra
2024-05-02,33.4,24.3,28.7,37.6,28.9,0.0,0.0,20.5,42.8,280,26.69,43200.0,6.18,0,Mumbai,19.076,72.8777,Maharashtra
2024-05-03,33.2,23.3,28.0,38.5,27.6,0.0,0.0,20.2,42.8,303,26.11,42807.57,5.8,2,Mumbai,19.076,72.8777,Maharashtra
2024-05-04,33.2,24.1,28.8,38.9,29.2,0.0,0.0,21.9,41.0,303,25.46,42438.2,5.72,3,Mumbai,19.076,72.8777,Maharashtra
2024-05-05,34.7,24.9,29.8,40.7,30.5,0.0,0.0,23.5,48.2,310,25.94,43200.0,6.31,1,Mumbai,19.076,72.8777,Maharashtra
2024-05-06,33.2,25.5,29.2,37.7,31.7,0.0,0.0,20.7,44.6,305,25.96,43200.0,5.82,1,Mumbai,19.076,72.8777,Maharashtra
2024-05-07,33.4,25.5,29.3,38.9,30.9,0.0,0.0,20.4,42.1,276,25.6,43200.0,5.82,2,Mumbai,19.076,72.8777,Maharashtra
2024-05-08,33.0,26.5,29.6,37.9,32.0,0.0,0.0,24.4,46.8,284,24.92,43200.0,5.72,1,Mumbai,19.076,72.8777,Maharashtra
2024-05-09,32.9,26.3,29.6,38.2,32.5,0.0,0.0,20.3,43.9,294,24.4,43200.0,5.52,1,Mumbai,19.076,72.8777,Maharashtra
2024-05-10,33.2,26.2,29.5,38.4,32.1,0.0,0.0,19.9,42.8,296,25.3,43200.0,5.77,1,Mumbai,19.076,72.8777,Maharashtra
2024-05-11,33.6,26.3,29.7,37.9,32.7,0.0,0.0,23.9,50.0,316,25.11,43200.0,5.8,1,Mumbai,19.076,72.8777,Maharashtra
2024-05-12,33.9,27.1,30.3,38.9,33.5,0.0,0.0,22.4,46.4,319,24.32,43200.0,5.93,2,Mumbai,19.076,72.8777,Maharashtra
2024-05-13,34.8,27.5,30.4,42.6,32.5,1.8,1.8,22.5,52.9,331,24.85,43200.0,5.92,61,Mumbai,19.076,72.8777,Maharashtra
2024-05-14,37.6,27.5,31.3,41.9,31.1,0.0,0.0,23.7,49.3,319,25.37,43200.0,6.54,1,Mumbai,19.076,72.8777,Maharashtra
2024-05-15,36.0,26.7,31.3,41.9,31.9,0.0,0.0,21.1,39.2,306,25.63,43200.0,6.47,1,Mumbai,19.076,72.8777,Maharashtra
2024-05-16,38.9,27.2,32.3,43.2,33.8,0.1,0.1,18.1,42.8,267,24.44,41762.81,6.14,51,Mumbai,19.076,72.8777,Maharashtra
2024-05-17,36.3,28.3,31.5,40.5,32.6,0.0,0.0,17.3,38.5,254,25.63,43200.0,6.33,3,Mumbai,19.076,72.8777,Maharashtra
2024-05-18,34.7,27.7,31.1,42.3,35.1,0.0,0.0,17.3,40.0,265,25.3,43200.0,5.76,2,Mumbai,19.076,72.8777,Maharashtra
2024-05-19,34.1,26.5,30.8,42.1,32.0,5.6,5.6,19.3,41.0,261,25.19,40987.35,5.8,63,Mumbai,19.076,72.8777,Maharashtra
2024-05-20,35.1,29.1,31.5,42.5,35.3,0.0,0.0,21.2,45.0,251,25.28,43200.0,6.16,3,Mumbai,19.076,72.8777,Maharashtra
2024-05-21,35.4,28.5,31.7,42.8,35.1,0.1,0.1,21.9,43.9,272,23.57,39489.85,5.85,51,Mumbai,19.076,72.8777,Maharashtra
2024-05-22,34.5,28.9,31.4,41.3,35.2,0.3,0.3,18.7,41.0,274,23.26,39600.0,5.66,51,Mumbai,19.076,72.8777,Maharashtra
2024-05-23,34.2,28.0,31.0,40.9,34.3,0.0,0.0,24.2,46.8,268,25.04,43200.0,5.78,3,Mumbai,19.076,72.8777,Maharashtra
2024-05-24,34.7,28.1,30.9,40.1,34.8,0.2,0.2,18.4,41.4,266,25.26,43200.0,5.99,51,Mumbai,19.076,72.8777,Maharashtra
2024-05-25,33.7,28.6,30.8,39.3,34.2,0.7,0.7,19.4,42.1,272,23.53,41227.19,5.89,51,Mumbai,19.076,72.8777,Maharashtra
2024-05-26,33.4,29.1,31.1,37.8,33.5,0.5,0.5,21.3,45.7,274,21.42,40132.71,5.94,51,Mumbai,19.076,72.8777,Maharashtra
2024-05-27,33.6,29.3,30.8,37.6,34.2,0.5,0.5,21.3,43.9,268,14.31,21846.71,4.55,51,Mumbai,19.076,72.8777,Maharashtra
2024-05-28,33.7,28.9,31.1,38.1,33.6,0.6,0.6,21.3,45.7,258,23.4,40636.24,6.28,51,Mumbai,19.076,72.8777,Maharashtra
2024-05-29,34.0,29.2,31.4,37.3,32.9,0.4,0.4,23.4,49.0,245,22.78,42442.76,6.69,51,Mumbai,19.076,72.8777,Maharashtra
2024-05-30,34.6,29.0,31.6,39.2,33.1,0.2,0.2,19.2,41.4,259,24.34,43200.0,6.6,51,Mumbai,19.076,72.8777,Maharashtra
2024-05-31,34.4,28.0,30.7,40.4,35.4,0.6,0.6,19.5,42.1,269,24.51,42175.99,5.63,51,Mumbai,19.076,72.8777,Maharashtra
2024-06-01,34.1,27.6,30.9,39.7,34.7,0.8,0.8,18.7,41.0,266,24.81,43200.0,5.96,51,Mumbai,19.076,72.8777,Maharashtra
2024-06-02,34.5,28.1,31.2,39.7,34.2,0.3,0.3,17.9,39.2,271,25.08,42877.96,6.21,51,Mumbai,19.076,72.8777,Maharashtra
2024-06-03,34.2,28.7,31.5,40.2,35.2,0.7,0.7,15.5,36.4,273,22.4,40892.01,5.52,51,Mumbai,19.076,72.8777,Maharashtra
2024-06-04,33.5,27.8,30.0,39.3,33.7,4.8,4.8,15.9,38.5,211,18.9,30136.3,4.48,63,Mumbai,19.076,72.8777,Maharashtra
2024-06-05,33.8,26.5,29.5,40.4,30.6,6.7,6.7,16.5,36.7,213,21.59,38031.39,5.0,61,Mumbai,19.076,72.8777,Maharashtra
2024-06-06,34.1,26.5,29.8,40.9,32.2,1.2,1.2,17.3,38.2,264,22.0,32400.0,5.03,51,Mumbai,19.076,72.8777,Maharashtra
2024-06-07,33.6,28.0,30.4,37.9,34.0,1.1,1.1,18.0,38.2,302,15.14,25052.67,4.23,51,Mumbai,19.076,72.8777,Maharashtra
2024-06-08,34.4,26.5,29.9,39.4,30.7,6.3,6.3,20.0,41.8,305,22.33,35273.36,5.56,63,Mumbai,19.076,72.8777,Maharashtra
2024-06-09,31.6,26.0,28.7,37.2,31.8,23.0,23.0,13.6,28.1,290,10.3,8140.47,2.78,63,Mumbai,19.076,72.8777,Maharashtra
2024-06-10,29.8,25.7,27.1,34.9,31.2,33.2,33.2,14.7,29.9,246,9.93,6666.88,2.34,65,Mumbai,19.076,72.8777,Maharashtra
2024-06-11,30.2,25.7,27.7,37.1,31.2,10.8,10.8,13.5,31.3,246,17.52,26111.33,3.68,61,Mumbai,19.076,72.8777,Maharashtra
2024-06-12,30.0,25.6,27.7,35.5,31.4,14.3,14.3,16.1,34.2,219,16.02,27318.2,3.47,63,Mumbai,19.076,72.8777,Maharashtra
2024-06-13,30.0,26.2,27.5,36.3,31.4,13.6,13.6,17.7,36.0,216,17.99,32400.0,3.78,63,Mumbai,19.076,72.8777,Maharashtra
2024-06-14,29.2,25.8,27.0,35.0,30.2,8.6,8.6,18.3,36.4,200,17.36,32788.98,3.56,61,Mumbai,19.076,72.8777,Maharashtra
2024-06-15,29.8,25.8,27.7,35.2,30.3,2.2,2.2,18.9,40.0,188,19.64,41405.85,4.21,51,Mumbai,19.076,72.8777,Maharashtra
2024-06-16,31.0,26.2,28.5,38.0,31.1,1.4,1.4,15.0,31.7,210,21.75,39389.78,4.72,51,Mumbai,19.076,72.8777,Maharashtra
2024-06-17,31.6,26.6,28.3,37.9,31.9,7.4,7.4,18.6,37.8,202,18.5,28215.85,4.08,63,Mumbai,19.076,72.8777,Maharashtra
2024-06-18,29.8,26.2,27.3,33.7,31.0,30.3,30.3,20.8,40.0,212,13.75,19970.84,3.04,63,Mumbai,19.076,72.8777,Maharashtra
2024-06-19,29.2,26.0,27.4,33.7,30.6,23.3,23.3,18.9,41.4,218,9.89,8062.46,2.57,63,Mumbai,19.076,72.8777,Maharashtra
2024-06-20,28.5,26.1,27.2,33.8,30.3,48.6,48.6,20.7,39.2,213,10.23,6598.17,2.4,65,Mumbai,19.076,72.8777,Maharashtra
2024-06-21,31.1,24.9,27.7,36.6,29.1,22.9,22.9,20.9,41.4,220,19.58,34382.49,4.13,63,Mumbai,19.076,72.8777,Maharashtra
2024-06-22,30.2,25.3,27.5,36.8,29.7,5.3,5.3,16.8,34.9,209,20.47,31950.44,4.28,61,Mumbai,19.076,72.8777,Maharashtra
2024-06-23,29.8,25.8,27.8,35.7,31.2,4.2,4.2,16.6,34.9,208,15.62,23857.85,3.4,53,Mumbai,19.076,72.8777,Maharashtra
2024-06-24,29.7,26.0,27.7,35.1,31.8,11.3,11.3,18.0,36.7,199,17.08,31254.75,3.58,63,Mumbai,19.076,72.8777,Maharashtra
2024-06-25,30.6,26.2,28.1,35.2,30.9,6.8,6.8,31.7,56.2,174,18.09,37321.61,4.0,63,Mumbai,19.076,72.8777,Maharashtra
2024-06-26,30.5,26.9,27.9,33.7,30.4,23.0,23.0,29.9,58.7,204,16.0,23636.43,3.52,63,Mumbai,19.076,72.8777,Maharashtra
2024-06-27,28.8,26.5,27.1,32.3,29.7,98.7,98.7,27.5,54.7,211,11.61,16380.9,2.62,65,Mumbai,19.076,72.8777,Maharashtra
2024-06-28,28.2,26.0,27.1,31.7,29.3,45.3,45.3,27.8,54.4,206,8.42,6313.4,2.26,63,Mumbai,19.076,72.8777,Maharashtra
2024-06-29,30.1,25.9,27.5,34.5,29.7,21.3,21.3,26.2,54.0,198,17.86,28462.44,3.77,63,Mumbai,19.076,72.8777,Maharashtra
2024-06-30,29.4,26.2,27.7,33.7,30.2,21.3,21.3,30.6,52.9,212,11.71,10184.68,2.92,63,Mumbai,19.076,72.8777,Maharashtra
2024-07-01,30.6,26.8,28.2,32.6,28.6,16.3,16.3,36.4,69.8,223,15.03,25974.73,4.04,63,Mumbai,19.076,72.8777,Maharashtra
2024-07-02,30.4,26.1,28.6,33.4,28.5,8.1,8.1,32.0,61.9,233,12.42,16529.92,3.65,63,Mumbai,19.076,72.8777,Maharashtra
2024-07-03,30.1,26.3,28.6,34.5,29.9,8.9,8.9,28.6,53.3,228,16.28,26892.22,3.92,63,Mumbai,19.076,72.8777,Maharashtra
2024-07-04,29.0,26.6,27.8,33.3,30.2,8.7,8.7,24.3,43.9,227,11.25,15218.69,2.95,55,Mumbai,19.076,72.8777,Maharashtra
2024-07-05,29.1,25.9,27.4,33.7,29.5,12.2,12.2,23.0,44.6,225,12.89,19078.71,3.08,63,Mumbai,19.076,72.8777,Maharashtra
2024-07-06,29.5,25.8,27.6,32.6,28.9,17.6,17.6,26.7,55.8,234,10.12,8735.63,2.83,63,Mumbai,19.076,72.8777,Maharashtra
2024-07-07,29.2,25.7,27.3,34.2,30.1,11.8,11.8,20.9,45.0,229,7.94,230.22,2.15,55,Mumbai,19.076,72.8777,Maharashtra
2024-07-08,28.5,25.7,26.8,33.9,30.1,20.7,20.7,17.2,31.0,218,11.56,9129.49,2.54,63,Mumbai,19.076,72.8777,Maharashtra
2024-07-09,27.0,25.5,26.1,31.9,29.4,80.2,80.2,22.1,42.1,224,5.31,635.77,1.36,65,Mumbai,19.076,72.8777,Maharashtra
2024-07-10,28.8,25.2,26.6,32.9,29.7,36.0,36.0,21.3,41.4,208,16.5,28567.93,3.36,65,Mumbai,19.076,72.8777,Maharashtra
2024-07-11,28.8,24.6,26.4,32.9,28.7,39.1,39.1,21.6,45.4,231,9.67,8285.54,2.2,63,Mumbai,19.076,72.8777,Maharashtra
2024-07-12,26.9,25.2,26.0,31.7,29.0,83.3,83.3,21.0,43.6,247,4.4,0.0,1.26,65,Mumbai,19.076,72.8777,Maharashtra
2024-07-13,26.6,25.2,25.9,30.3,28.5,76.7,76.7,27.6,54.7,244,6.47,1459.03,1.61,63,Mumbai,19.076,72.8777,Maharashtra
2024-07-14,26.6,24.5,25.6,32.2,28.2,50.5,50.5,24.5,47.2,255,5.47,818.56,1.39,63,Mumbai,19.076,72.8777,Maharashtra
2024-07-15,28.1,24.9,26.4,33.2,29.2,10.2,10.2,14.8,31.3,239,14.29,21573.96,2.95,61,Mumbai,19.076,72.8777,Maharashtra
2024-07-16,29.1,25.3,26.6,34.3,29.0,17.6,17.6,20.0,39.6,214,13.6,14400.0,2.86,63,Mumbai,19.076,72.8777,Maharashtra
2024-07-17,27.7,25.8,26.5,32.1,29.5,45.3,45.3,23.9,44.3,228,8.12,190.09,2.01,65,Mumbai,19.076,72.8777,Maharashtra
2024-07-18,28.1,25.7,26.4,31.5,29.2,57.6,57.6,26.4,53.6,236,10.73,11057.32,2.35,65,Mumbai,19.076,72.8777,Maharashtra
2024-07-19,27.3,25.7,26.3,31.2,28.5,48.3,48.3,26.9,50.0,234,6.38,2214.31,1.74,63,Mumbai,19.076,72.8777,Maharashtra
2024-07-20,27.7,25.9,26.3,30.4,28.4,87.0,87.0,27.5,54.0,232,6.69,6820.43,1.83,65,Mumbai,19.076,72.8777,Maharashtra
2024-07-21,27.1,25.9,26.4,30.8,28.8,48.9,48.9,27.2,48.6,238,5.71,0.0,1.67,63,Mumbai,19.076,72.8777,Maharashtra
2024-07-22,26.9,25.7,26.3,30.2,28.4,54.7,54.7,28.1,52.2,237,4.94,0.0,1.61,63,Mumbai,19.076,72.8777,Maharashtra
2024-07-23,26.6,25.5,26.2,29.8,27.9,42.1,42.1,29.0,57.2,242,4.64,0.0,1.58,63,Mumbai,19.076,72.8777,Maharashtra
2024-07-24,27.0,25.5,26.2,29.7,27.7,54.4,54.4,32.4,57.6,248,5.1,0.0,1.76,63,Mumbai,19.076,72.8777,Maharashtra
2024-07-25,27.4,25.1,26.2,29.5,27.0,74.2,74.2,33.6,61.2,261,5.36,0.0,1.83,65,Mumbai,19.076,72.8777,Maharashtra
2024-07-26,28.6,25.3,26.7,32.4,27.7,22.9,22.9,27.7,50.8,255,7.23,3329.34,2.24,63,Mumbai,19.076,72.8777,Maharashtra
2024-07-27,28.8,25.8,27.2,31.1,28.7,8.2,8.2,29.3,55.4,258,12.55,13678.37,3.36,61,Mumbai,19.076,72.8777,Maharashtra
2024-07-28,29.3,26.0,27.0,32.5,29.1,19.0,19.0,27.1,51.5,260,12.21,12547.55,2.91,63,Mumbai,19.076,72.8777,Maharashtra
2024-07-29,27.7,25.7,26.4,32.1,28.5,34.2,34.2,25.4,47.5,247,8.62,2802.83,2.18,63,Mumbai,19.076,72.8777,Maharashtra
2024-07-30,28.2,25.2,26.6,32.2,28.3,17.4,17.4,23.2,46.1,241,13.53,22749.39,2.84,63,Mumbai,19.076,72.8777,Maharashtra
2024-07-31,28.7,24.9,26.8,32.9,28.2,22.1,22.1,20.8,44.3,248,13.45,20235.51,2.95,65,Mumbai,19.076,72.8777,Maharashtra
2024-08-01,29.4,25.1,26.9,33.5,28.5,15.8,15.8,26.3,50.8,245,17.01,31323.33,3.64,61,Mumbai,19.076,72.8777,Maharashtra
2024-08-02,28.3,25.3,26.4,30.8,27.9,28.2,28.2,29.2,56.9,241,14.63,27911.12,3.31,63,Mumbai,19.076,72.8777,Maharashtra
2024-08-03,27.5,25.6,26.3,29.7,27.4,24.5,24.5,30.2,56.9,244,9.27,2493.3,2.54,63,Mumbai,19.076,72.8777,Maharashtra
2024-08-04,27.0,25.5,26.2,30.3,27.8,39.4,39.4,27.8,52.2,245,7.04,0.0,2.09,65,Mumbai,19.076,72.8777,Maharashtra
2024-08-05,28.9,25.6,27.1,33.1,28.5,5.8,5.8,24.0,47.5,231,17.47,36000.0,3.89,53,Mumbai,19.076,72.8777,Maharashtra
2024-08-06,28.7,25.5,27.0,33.3,28.8,5.2,5.2,20.0,42.5,237,18.27,37815.27,3.96,53,Mumbai,19.076,72.8777,Maharashtra
2024-08-07,28.8,25.3,26.9,33.7,29.2,5.6,5.6,19.2,40.0,253,19.11,39534.2,3.99,53,Mumbai,19.076,72.8777,Maharashtra
2024-08-08,28.7,25.5,26.8,33.2,29.6,4.2,4.2,18.8,37.8,248,17.73,34176.76,3.79,53,Mumbai,19.076,72.8777,Maharashtra
2024-08-09,27.8,25.2,26.1,31.6,29.3,15.5,15.5,16.0,32.0,252,6.13,0.0,1.72,63,Mumbai,19.076,72.8777,Maharashtra
2024-08-10,28.1,25.0,26.7,32.8,29.7,4.7,4.7,18.7,37.8,259,16.17,26842.5,3.43,53,Mumbai,19.076,72.8777,Maharashtra
2024-08-11,29.2,25.9,27.2,34.1,29.9,2.4,2.4,20.4,41.0,255,20.02,38001.94,4.25,51,Mumbai,19.076,72.8777,Maharashtra
2024-08-12,28.9,25.7,27.1,33.5,30.2,2.9,2.9,21.5,42.1,248,18.44,38207.75,3.81,53,Mumbai,19.076,72.8777,Maharashtra
2024-08-13,28.8,25.4,27.0,34.1,30.2,3.6,3.6,16.9,34.9,254,17.71,26888.61,3.62,53,Mumbai,19.076,72.8777,Maharashtra
2024-08-14,29.1,25.5,27.1,35.3,31.3,1.9,1.9,16.1,33.5,286,21.1,39837.49,4.19,53,Mumbai,19.076,72.8777,Maharashtra
2024-08-15,29.4,25.4,27.3,35.5,31.2,1.2,1.2,18.1,36.4,288,20.97,35970.85,4.19,51,Mumbai,19.076,72.8777,Maharashtra
2024-08-16,29.6,25.8,27.5,35.7,31.5,0.9,0.9,16.6,34.6,266,22.68,39600.0,4.49,51,Mumbai,19.076,72.8777,Maharashtra
2024-08-17,29.6,25.7,27.5,36.9,31.6,0.5,0.5,13.1,29.2,281,21.77,39426.13,4.37,51,Mumbai,19.076,72.8777,Maharashtra
2024-08-18,29.9,25.5,27.6,35.8,31.5,2.9,2.9,13.7,28.4,324,14.12,17758.62,3.06,55,Mumbai,19.076,72.8777,Maharashtra
2024-08-19,29.1,25.5,27.1,35.0,31.2,16.7,16.7,15.9,32.8,345,11.44,10745.39,2.47,63,Mumbai,19.076,72.8777,Maharashtra
2024-08-20,28.6,25.1,26.3,33.6,30.6,28.8,28.8,13.1,27.4,350,10.86,13065.14,2.29,65,Mumbai,19.076,72.8777,Maharashtra
2024-08-21,30.3,25.3,27.6,37.3,31.3,0.2,0.2,17.3,34.6,337,20.33,37430.63,4.11,51,Mumbai,19.076,72.8777,Maharashtra
2024-08-22,30.0,25.9,27.9,36.9,31.8,4.7,4.7,15.8,33.1,206,19.27,32042.75,4.03,63,Mumbai,19.076,72.8777,Maharashtra
2024-08-23,28.5,25.9,26.9,33.5,30.7,16.0,16.0,18.1,36.0,174,9.2,4096.85,2.13,63,Mumbai,19.076,72.8777,Maharashtra
2024-08-24,26.5,25.2,25.8,31.8,28.4,61.7,61.7,20.9,38.5,274,4.11,0.0,1.17,63,Mumbai,19.076,72.8777,Maharashtra
2024-08-25,27.6,24.7,26.1,30.7,27.9,28.0,28.0,26.0,53.3,259,7.8,5472.74,2.19,63,Mumbai,19.076,72.8777,Maharashtra
2024-08-26,27.0,24.4,26.1,29.6,26.2,22.6,22.6,28.1,53.6,252,6.22,0.0,2.07,63,Mumbai,19.076,72.8777,Maharashtra
2024-08-27,27.6,24.8,26.0,30.1,27.0,17.9,17.9,31.1,60.1,222,16.08,32508.71,3.38,63,Mumbai,19.076,72.8777,Maharashtra
2024-08-28,28.9,25.1,26.8,32.2,27.6,14.4,14.4,32.1,61.6,225,16.27,30331.06,3.69,63,Mumbai,19.076,72.8777,Maharashtra
2024-08-29,29.0,26.1,27.3,33.1,29.0,5.1,5.1,25.3,53.3,225,17.59,35293.97,3.9,53,Mumbai,19.076,72.8777,Maharashtra
2024-08-30,29.0,25.2,26.9,33.8,29.1,6.5,6.5,19.8,41.8,216,19.2,36515.45,3.93,61,Mumbai,19.076,72.8777,Maharashtra
2024-08-31,28.9,25.3,27.0,34.6,29.8,2.1,2.1,12.9,28.8,246,16.9,33213.23,3.54,53,Mumbai,19.076,72.8777,Maharashtra
2024-09-01,27.8,25.3,26.7,32.1,30.7,2.3,2.3,13.2,30.2,292,9.82,1875.41,2.32,51,Mumbai,19.076,72.8777,Maharashtra
2024-09-02,27.3,24.9,26.1,31.8,29.0,29.6,29.6,19.5,37.1,298,5.35,0.0,1.49,63,Mumbai,19.076,72.8777,Maharashtra
2024-09-03,27.3,24.8,26.0,32.0,29.4,13.0,13.0,16.0,31.7,268,9.3,3138.73,2.13,63,Mumbai,19.076,72.8777,Maharashtra
2024-09-04,28.3,25.1,26.3,32.5,29.0,17.1,17.1,19.4,41.4,258,15.12,26243.35,3.11,63,Mumbai,19.076,72.8777,Maharashtra
2024-09-05,28.3,25.2,26.3,32.7,28.7,27.9,27.9,23.4,46.1,264,15.78,28013.0,3.23,63,Mumbai,19.076,72.8777,Maharashtra
2024-09-06,28.4,25.1,26.5,32.8,29.5,14.7,14.7,21.3,43.2,261,16.7,38122.92,3.41,61,Mumbai,19.076,72.8777,Maharashtra
2024-09-07,28.3,25.2,26.4,33.2,29.9,10.0,10.0,17.2,36.0,254,17.13,40812.22,3.42,61,Mumbai,19.076,72.8777,Maharashtra
2024-09-08,28.7,24.9,26.5,34.4,29.8,4.2,4.2,14.9,32.0,237,18.24,35555.43,3.66,53,Mumbai,19.076,72.8777,Maharashtra
2024-09-09,28.8,25.0,26.7,34.7,30.0,2.0,2.0,16.4,33.5,250,20.33,40845.6,4.05,51,Mumbai,19.076,72.8777,Maharashtra
2024-09-10,28.5,25.0,26.6,33.7,29.9,3.9,3.9,17.6,35.6,248,15.02,23588.85,3.17,53,Mumbai,19.076,72.8777,Maharashtra
2024-09-11,28.2,24.9,26.3,32.6,29.2,4.6,4.6,18.5,36.0,224,18.49,38572.98,3.68,55,Mumbai,19.076,72.8777,Maharashtra
2024-09-12,28.4,24.9,26.3,33.3,28.7,8.2,8.2,17.9,40.0,231,18.17,37329.83,3.66,61,Mumbai,19.076,72.8777,Maharashtra
2024-09-13,28.6,24.7,26.3,32.8,28.5,4.5,4.5,19.2,37.8,228,18.79,39804.34,3.84,53,Mumbai,19.076,72.8777,Maharashtra
2024-09-14,27.9,23.8,25.2,31.5,27.4,9.1,9.1,16.7,36.0,221,15.07,35604.46,3.03,55,Mumbai,19.076,72.8777,Maharashtra
2024-09-15,27.4,23.5,25.3,32.6,27.7,3.9,3.9,13.4,33.1,229,18.68,36335.17,3.56,55,Mumbai,19.076,72.8777,Maharashtra
2024-09-16,28.7,23.8,26.1,35.5,28.4,2.4,2.4,14.6,31.0,226,21.53,37121.79,4.22,53,Mumbai,19.076,72.8777,Maharashtra
2024-09-17,28.9,23.1,26.0,34.8,27.7,0.2,0.2,15.6,31.7,318,22.89,41461.01,4.52,51,Mumbai,19.076,72.8777,Maharashtra
2024-09-18,29.2,23.4,26.2,35.0,27.7,0.8,0.8,13.0,27.4,248,21.5,43182.07,4.35,51,Mumbai,19.076,72.8777,Maharashtra
2024-09-19,29.5,24.6,27.1,35.2,29.3,1.0,1.0,12.8,28.1,257,21.48,42303.87,4.34,51,Mumbai,19.076,72.8777,Maharashtra
2024-09-20,28.4,23.3,26.3,33.9,26.5,5.2,5.2,15.9,29.2,217,15.45,39591.01,3.12,61,Mumbai,19.076,72.8777,Maharashtra
2024-09-21,29.7,23.9,27.0,35.6,28.6,1.9,1.9,15.8,32.0,317,19.28,41725.6,4.02,53,Mumbai,19.076,72.8777,Maharashtra
2024-09-22,29.7,25.1,27.3,34.5,30.8,2.2,2.2,18.5,36.7,331,18.21,42950.66,3.86,53,Mumbai,19.076,72.8777,Maharashtra
2024-09-23,28.9,26.1,27.3,34.1,31.7,5.7,5.7,17.6,35.6,334,14.18,25502.76,2.98,61,Mumbai,19.076,72.8777,Maharashtra
2024-09-24,29.0,24.7,26.4,34.3,29.9,23.1,23.1,22.7,44.3,343,15.74,30379.6,3.08,63,Mumbai,19.076,72.8777,Maharashtra
2024-09-25,28.0,24.3,26.0,33.6,29.2,36.4,36.4,20.6,38.9,328,6.7,2674.29,1.52,65,Mumbai,19.076,72.8777,Maharashtra
2024-09-26,26.6,24.5,25.6,32.2,29.4,48.0,48.0,18.7,33.5,233,5.04,0.0,1.18,63,Mumbai,19.076,72.8777,Maharashtra
2024-09-27,26.8,25.5,26.0,29.6,27.7,61.7,61.7,28.1,49.7,250,5.77,4740.45,1.66,65,Mumbai,19.076,72.8777,Maharashtra
2024-09-28,28.1,24.9,26.6,32.7,29.6,5.8,5.8,17.9,37.1,239,15.92,31055.51,3.31,53,Mumbai,19.076,72.8777,Maharashtra
2024-09-29,28.7,25.0,26.6,34.0,30.0,4.6,4.6,14.8,32.0,246,17.71,38788.28,3.44,61,Mumbai,19.076,72.8777,Maharashtra
2024-09-30,29.7,24.7,27.1,35.9,30.7,1.6,1.6,15.2,30.6,322,20.02,41436.18,4.02,51,Mumbai,19.076,72.8777,Maharashtra
2024-10-01,31.5,25.0,27.9,39.2,30.7,0.6,0.6,15.7,33.1,340,20.33,38163.28,4.11,51,Mumbai,19.076,72.8777,Maharashtra
2024-10-02,30.7,26.1,27.9,38.9,32.6,1.3,1.3,15.0,31.0,277,18.56,36479.9,3.73,53,Mumbai,19.076,72.8777,Maharashtra
2024-10-03,30.1,25.4,27.5,36.3,31.5,1.4,1.4,15.7,33.5,266,20.94,39607.95,4.16,51,Mumbai,19.076,72.8777,Maharashtra
2024-10-04,29.5,25.3,27.2,36.4,31.1,1.4,1.4,14.4,29.5,285,19.57,42095.1,3.91,51,Mumbai,19.076,72.8777,Maharashtra
2024-10-05,29.5,24.3,26.6,36.2,29.5,1.1,1.1,14.7,30.6,321,20.53,40171.64,4.08,51,Mumbai,19.076,72.8777,Maharashtra
2024-10-06,31.3,24.3,26.9,37.8,29.2,21.4,21.4,17.9,36.0,3,19.98,39361.09,4.08,65,Mumbai,19.076,72.8777,Maharashtra
2024-10-07,31.6,24.8,28.1,40.7,29.7,0.6,0.6,13.7,28.4,353,20.58,41582.13,4.4,53,Mumbai,19.076,72.8777,Maharashtra
2024-10-08,32.2,25.2,28.4,40.6,30.8,0.0,0.0,14.1,29.5,234,21.17,41349.42,4.4,3,Mumbai,19.076,72.8777,Maharashtra
2024-10-09,29.1,25.1,26.8,35.1,28.9,6.4,6.4,18.9,34.6,88,7.77,181.0,1.9,55,Mumbai,19.076,72.8777,Maharashtra
2024-10-10,29.7,24.4,26.7,35.5,29.5,6.4,6.4,15.9,31.0,62,12.01,22300.49,2.66,63,Mumbai,19.076,72.8777,Maharashtra
2024-10-11,31.5,25.0,27.4,38.2,29.5,22.0,22.0,15.7,32.0,111,16.36,28661.47,3.6,63,Mumbai,19.076,72.8777,Maharashtra
2024-10-12,31.4,24.3,27.5,38.3,29.6,0.7,0.7,11.5,24.8,98,18.62,34963.58,3.86,51,Mumbai,19.076,72.8777,Maharashtra
2024-10-13,30.6,24.8,27.4,38.1,29.2,2.0,2.0,10.9,23.8,148,18.35,38082.21,3.85,61,Mumbai,19.076,72.8777,Maharashtra
2024-10-14,31.6,24.2,26.8,40.2,28.2,5.2,5.2,16.0,31.3,40,19.98,39085.14,4.09,63,Mumbai,19.076,72.8777,Maharashtra
2024-10-15,29.6,24.4,26.7,36.0,29.2,0.0,0.0,11.9,24.1,153,14.43,23940.78,3.0,3,Mumbai,19.076,72.8777,Maharashtra
2024-10-16,30.7,24.7,27.2,37.0,29.5,8.6,8.6,12.5,25.2,80,14.22,27132.82,2.98,63,Mumbai,19.076,72.8777,Maharashtra
2024-10-17,29.0,25.3,27.1,35.0,31.2,2.9,2.9,12.3,24.8,314,7.58,9534.03,1.71,55,Mumbai,19.076,72.8777,Maharashtra
2024-10-18,31.9,24.7,27.7,38.3,28.4,12.4,12.4,13.4,26.3,159,15.21,26174.27,3.34,63,Mumbai,19.076,72.8777,Maharashtra
2024-10-19,30.1,24.0,26.3,36.3,28.8,7.9,7.9,12.1,27.4,113,17.23,34283.13,3.46,61,Mumbai,19.076,72.8777,Maharashtra
2024-10-20,29.8,24.0,26.4,36.0,28.8,6.8,6.8,8.2,22.3,107,17.29,38023.17,3.49,63,Mumbai,19.076,72.8777,Maharashtra
2024-10-21,30.4,23.9,26.9,37.4,28.7,13.3,13.3,8.8,23.4,93,18.02,38558.65,3.71,63,Mumbai,19.076,72.8777,Maharashtra
2024-10-22,30.3,23.6,26.6,38.2,28.3,7.3,7.3,12.3,25.9,23,19.07,36845.58,3.85,63,Mumbai,19.076,72.8777,Maharashtra
2024-10-23,31.4,24.2,27.3,39.0,29.2,0.0,0.0,14.8,28.8,1,19.46,38383.38,4.06,3,Mumbai,19.076,72.8777,Maharashtra
2024-10-24,32.5,24.5,28.1,38.9,28.8,0.0,0.0,14.9,25.6,12,18.94,39674.18,4.46,3,Mumbai,19.076,72.8777,Maharashtra
2024-10-25,31.1,22.6,27.0,38.5,25.5,0.0,0.0,12.5,24.8,355,20.28,39704.5,4.54,3,Mumbai,19.076,72.8777,Maharashtra
2024-10-26,32.5,22.1,26.9,37.5,23.1,0.0,0.0,17.0,31.3,2,20.02,39250.6,4.85,3,Mumbai,19.076,72.8777,Maharashtra
2024-10-27,31.6,22.1,26.9,37.7,25.1,0.0,0.0,15.9,31.3,343,19.92,39289.3,4.39,3,Mumbai,19.076,72.8777,Maharashtra
2024-10-28,31.8,23.1,27.1,38.2,27.7,0.0,0.0,16.2,28.4,336,19.35,38066.07,4.1,2,Mumbai,19.076,72.8777,Maharashtra
2024-10-29,31.2,24.5,27.6,39.0,29.9,0.0,0.0,13.7,28.8,287,18.66,36587.51,3.85,3,Mumbai,19.076,72.8777,Maharashtra
2024-10-30,32.7,24.1,27.7,38.6,29.1,0.0,0.0,12.5,24.5,13,18.58,38140.69,3.99,2,Mumbai,19.076,72.8777,Maharashtra
2024-10-31,32.4,24.1,28.3,39.1,29.3,0.0,0.0,15.2,27.0,343,18.71,38430.58,4.39,2,Mumbai,19.076,72.8777,Maharashtra
2024-11-01,31.3,24.5,27.9,38.5,28.7,0.3,0.3,14.1,29.2,266,18.13,37958.97,3.94,51,Mumbai,19.076,72.8777,Maharashtra
2024-11-02,33.1,24.2,28.0,39.4,28.5,0.0,0.0,17.5,31.3,358,19.04,36721.17,4.48,3,Mumbai,19.076,72.8777,Maharashtra
2024-11-03,34.2,22.3,28.0,38.0,24.6,0.0,0.0,16.6,28.8,14,19.5,38794.01,4.82,0,Mumbai,19.076,72.8777,Maharashtra
2024-11-04,34.1,22.8,27.9,36.9,24.7,0.0,0.0,19.7,39.6,24,19.21,38574.63,4.98,0,Mumbai,19.076,72.8777,Maharashtra
2024-11-05,34.3,22.7,28.2,36.6,24.9,0.0,0.0,15.8,28.8,49,19.35,38609.71,5.01,0,Mumbai,19.076,72.8777,Maharashtra
2024-11-06,33.7,22.0,27.9,37.6,24.6,0.0,0.0,17.7,31.0,355,19.32,38388.17,5.06,2,Mumbai,19.076,72.8777,Maharashtra
2024-11-07,33.5,21.6,27.4,36.9,22.3,0.0,0.0,16.1,29.5,10,19.38,38678.49,5.05,0,Mumbai,19.076,72.8777,Maharashtra
2024-11-08,33.8,22.2,27.7,36.6,23.4,0.0,0.0,17.2,29.2,25,19.15,38281.66,5.16,0,Mumbai,19.076,72.8777,Maharashtra
2024-11-09,34.1,22.0,27.7,34.3,23.5,0.0,0.0,17.9,31.7,31,19.07,38302.85,5.27,0,Mumbai,19.076,72.8777,Maharashtra
2024-11-10,33.7,21.7,27.6,35.7,23.3,0.0,0.0,20.3,36.4,11,18.78,38066.56,5.23,0,Mumbai,19.076,72.8777,Maharashtra
2024-11-11,33.3,22.9,27.9,34.5,23.0,0.0,0.0,20.6,35.6,26,19.09,38088.1,5.86,0,Mumbai,19.076,72.8777,Maharashtra
2024-11-12,33.5,22.3,27.8,35.0,22.8,0.0,0.0,17.9,31.0,36,18.98,37851.21,5.09,0,Mumbai,19.076,72.8777,Maharashtra
2024-11-13,34.8,23.4,28.5,37.3,23.1,0.0,0.0,12.6,34.2,31,18.81,37872.93,5.19,2,Mumbai,19.076,72.8777,Maharashtra
2024-11-14,35.4,23.0,29.1,38.0,23.6,0.0,0.0,10.7,27.7,33,18.8,37375.76,5.07,3,Mumbai,19.076,72.8777,Maharashtra
2024-11-15,33.9,25.1,29.0,36.9,26.5,0.3,0.3,10.5,30.6,350,16.78,36357.14,4.22,51,Mumbai,19.076,72.8777,Maharashtra
2024-11-16,34.4,25.4,29.2,37.9,29.1,0.0,0.0,14.2,37.8,343,17.2,36897.82,4.3,3,Mumbai,19.076,72.8777,Maharashtra
2024-11-17,35.8,25.7,29.7,38.7,28.7,0.0,0.0,14.5,39.2,3,17.72,36918.67,4.7,2,Mumbai,19.076,72.8777,Maharashtra
2024-11-18,34.8,24.2,28.9,35.4,25.6,0.0,0.0,12.3,29.5,21,18.41,37205.46,4.93,0,Mumbai,19.076,72.8777,Maharashtra
2024-11-19,33.9,22.1,27.6,34.4,22.4,0.0,0.0,14.1,32.0,22,18.56,37232.43,5.01,0,Mumbai,19.076,72.8777,Maharashtra
2024-11-20,33.1,22.0,26.9,33.6,21.7,0.0,0.0,13.5,35.3,33,18.49,37258.82,4.97,0,Mumbai,19.076,72.8777,Maharashtra
2024-11-21,33.1,21.4,26.7,33.7,21.4,0.0,0.0,12.8,35.6,15,18.49,37022.2,4.79,1,Mumbai,19.076,72.8777,Maharashtra
2024-11-22,32.7,20.9,26.5,34.0,21.6,0.0,0.0,12.6,34.9,346,18.32,37046.95,4.5,0,Mumbai,19.076,72.8777,Maharashtra
2024-11-23,32.0,21.6,26.5,32.9,22.7,0.0,0.0,10.1,29.2,353,18.06,36807.8,4.35,3,Mumbai,19.076,72.8777,Maharashtra
2024-11-24,33.0,21.7,26.9,34.5,23.8,0.0,0.0,12.0,33.1,349,17.94,36802.84,4.32,3,Mumbai,19.076,72.8777,Maharashtra
2024-11-25,32.9,21.4,26.7,32.8,22.4,0.0,0.0,13.0,31.7,18,17.98,36325.1,4.55,3,Mumbai,19.076,72.8777,Maharashtra
2024-11-26,32.3,20.7,26.3,32.4,19.7,0.0,0.0,13.5,31.7,31,18.0,36610.09,4.74,3,Mumbai,19.076,72.8777,Maharashtra
2024-11-27,32.6,20.4,26.2,32.6,19.4,0.0,0.0,13.1,32.4,28,18.2,36630.32,4.91,3,Mumbai,19.076,72.8777,Maharashtra
2024-11-28,32.1,19.9,26.4,31.6,19.1,0.0,0.0,11.3,27.4,45,18.03,36649.62,5.1,3,Mumbai,19.076,72.8777,Maharashtra
2024-11-29,31.4,20.3,25.3,31.0,18.7,0.0,0.0,14.4,34.9,18,18.08,36668.19,4.86,3,Mumbai,19.076,72.8777,Maharashtra
2024-11-30,31.4,19.9,25.1,32.0,18.4,0.0,0.0,12.2,33.8,16,17.92,36420.54,4.81,3,Mumbai,19.076,72.8777,Maharashtra
2024-12-01,32.6,20.5,25.8,34.4,19.8,0.0,0.0,13.3,35.3,5,17.13,36000.0,4.52,3,Mumbai,19.076,72.8777,Maharashtra
2024-12-02,33.8,22.8,27.6,37.3,23.7,0.0,0.0,12.3,34.2,6,15.77,36000.0,4.21,3,Mumbai,19.076,72.8777,Maharashtra
2024-12-03,33.6,25.6,28.9,37.5,27.7,0.2,0.2,14.5,36.7,17,15.47,36000.0,4.36,51,Mumbai,19.076,72.8777,Maharashtra
2024-12-04,34.2,26.5,29.4,38.7,30.0,0.2,0.2,13.4,35.6,23,15.02,31666.37,3.99,51,Mumbai,19.076,72.8777,Maharashtra
2024-12-05,34.3,25.8,29.2,37.3,30.7,0.0,0.0,10.4,31.3,335,15.76,36000.0,3.92,3,Mumbai,19.076,72.8777,Maharashtra
2024-12-06,32.7,25.2,28.5,36.9,28.6,0.0,0.0,12.8,33.1,336,16.35,36000.0,4.11,3,Mumbai,19.076,72.8777,Maharashtra
2024-12-07,32.8,24.3,27.6,32.8,24.7,0.0,0.0,15.6,40.0,343,16.86,36000.0,4.86,3,Mumbai,19.076,72.8777,Maharashtra
2024-12-08,31.1,21.2,25.4,29.9,20.6,0.0,0.0,13.5,33.8,353,17.24,36000.0,4.95,3,Mumbai,19.076,72.8777,Maharashtra
2024-12-09,30.9,20.4,24.9,28.3,17.9,0.0,0.0,16.2,36.0,3,16.77,36281.93,5.46,3,Mumbai,19.076,72.8777,Maharashtra
2024-12-10,31.4,20.4,25.1,32.3,19.2,0.0,0.0,11.0,31.0,5,16.89,36000.0,4.31,3,Mumbai,19.076,72.8777,Maharashtra
2024-12-11,33.6,21.2,26.3,35.6,22.0,0.0,0.0,12.3,33.5,18,16.79,36000.0,4.2,3,Mumbai,19.076,72.8777,Maharashtra
2024-12-12,31.1,20.5,25.3,32.4,21.6,0.0,0.0,14.5,37.4,350,16.96,36000.0,4.16,2,Mumbai,19.076,72.8777,Maharashtra
2024-12-13,32.3,21.2,25.9,32.3,20.7,0.0,0.0,12.0,32.4,24,17.15,36206.49,4.53,3,Mumbai,19.076,72.8777,Maharashtra
2024-12-14,32.9,20.1,25.9,32.9,19.1,0.0,0.0,11.5,28.4,42,17.21,36195.97,4.64,3,Mumbai,19.076,72.8777,Maharashtra
2024-12-15,33.2,19.0,25.5,33.1,17.7,0.0,0.0,10.3,26.6,29,17.26,36185.02,4.39,3,Mumbai,19.076,72.8777,Maharashtra
2024-12-16,32.4,18.3,24.9,31.9,17.5,0.0,0.0,11.9,29.9,4,17.6,36443.0,4.31,1,Mumbai,19.076,72.8777,Maharashtra
2024-12-17,30.8,17.8,24.0,30.7,18.0,0.0,0.0,12.3,29.2,343,17.43,36161.99,4.03,3,Mumbai,19.076,72.8777,Maharashtra
2024-12-18,32.2,18.2,24.3,32.2,18.5,0.0,0.0,10.6,26.3,356,17.34,36419.38,3.99,2,Mumbai,19.076,72.8777,Maharashtra
2024-12-19,29.7,17.9,23.6,30.4,19.4,0.0,0.0,11.4,31.0,333,17.09,36406.58,3.62,2,Mumbai,19.076,72.8777,Maharashtra
2024-12-20,28.2,19.6,23.3,30.2,20.9,0.0,0.0,13.2,36.0,331,16.63,36392.98,3.53,1,Mumbai,19.076,72.8777,Maharashtra
2024-12-21,27.9,19.2,23.5,30.4,21.2,0.0,0.0,10.5,31.7,285,16.43,36108.95,3.3,1,Mumbai,19.076,72.8777,Maharashtra
2024-12-22,27.8,20.9,24.0,30.2,23.6,0.0,0.0,12.0,34.2,318,15.24,36000.0,3.13,3,Mumbai,19.076,72.8777,Maharashtra
2024-12-23,27.3,21.2,23.8,28.9,23.4,0.0,0.0,14.7,40.3,339,14.48,35499.41,3.35,2,Mumbai,19.076,72.8777,Maharashtra
2024-12-24,28.5,20.6,23.9,29.8,21.1,0.0,0.0,16.1,42.5,343,15.34,36061.92,4.02,3,Mumbai,19.076,72.8777,Maharashtra
2024-12-25,28.7,20.3,24.0,30.5,20.0,0.0,0.0,14.1,38.2,342,16.35,36314.83,4.06,3,Mumbai,19.076,72.8777,Maharashtra
2024-12-26,29.6,21.5,24.9,32.3,23.3,0.0,0.0,12.9,33.1,338,15.65,36297.51,3.66,3,Mumbai,19.076,72.8777,Maharashtra
2024-12-27,28.2,21.7,24.7,31.0,23.6,0.0,0.0,14.5,39.2,337,15.86,36279.75,3.65,1,Mumbai,19.076,72.8777,Maharashtra
2024-12-28,29.9,21.7,25.0,32.4,24.1,0.3,0.3,14.0,36.7,350,14.45,36261.59,3.37,51,Mumbai,19.076,72.8777,Maharashtra
2024-12-29,30.4,22.2,25.7,34.2,24.0,0.0,0.0,12.3,32.4,347,15.75,32928.52,3.84,3,Mumbai,19.076,72.8777,Maharashtra
2024-12-30,32.6,23.4,26.9,35.7,25.5,0.0,0.0,11.7,32.0,355,16.35,36762.96,4.13,0,Mumbai,19.076,72.8777,Maharashtra
2024-12-31,33.2,22.8,27.2,35.3,25.0,0.0,0.0,12.4,34.6,351,16.62,37012.91,4.26,0,Mumbai,19.076,72.8777,Maharashtra
2025-01-01,32.4,22.4,26.8,34.5,24.4,0.0,0.0,12.9,33.8,350,16.79,36993.26,4.23,0,Mumbai,19.076,72.8777,Maharashtra
2025-01-02,32.8,21.3,26.7,34.4,23.1,0.0,0.0,15.1,33.8,357,17.13,37242.34,4.45,0,Mumbai,19.076,72.8777,Maharashtra
2025-01-03,33.4,21.2,26.4,34.1,22.0,0.0,0.0,13.7,31.3,7,17.37,37490.95,4.51,3,Mumbai,19.076,72.8777,Maharashtra
2025-01-04,32.9,19.3,25.3,32.3,19.0,0.0,0.0,11.9,34.2,352,17.73,37739.1,4.2,3,Mumbai,19.076,72.8777,Maharashtra
2025-01-05,29.2,21.3,24.4,30.5,22.6,0.0,0.0,13.5,34.6,334,13.31,35306.51,3.35,3,Mumbai,19.076,72.8777,Maharashtra
2025-01-06,29.9,20.0,23.9,29.6,19.4,0.0,0.0,16.5,42.1,347,17.43,37697.68,4.62,0,Mumbai,19.076,72.8777,Maharashtra
2025-01-07,31.4,18.5,24.4,32.6,18.1,0.0,0.0,16.6,34.9,354,17.41,37944.85,4.58,2,Mumbai,19.076,72.8777,Maharashtra
2025-01-08,30.6,20.0,25.1,32.2,20.6,0.0,0.0,11.6,32.8,6,17.45,37923.37,4.47,3,Mumbai,19.076,72.8777,Maharashtra
2025-01-09,32.0,20.4,25.5,33.0,19.5,0.0,0.0,11.8,29.9,23,17.56,38168.83,4.69,3,Mumbai,19.076,72.8777,Maharashtra
2025-01-10,31.3,20.4,25.2,32.1,20.0,0.0,0.0,9.6,28.4,4,17.45,38146.16,4.17,3,Mumbai,19.076,72.8777,Maharashtra
2025-01-11,28.6,20.5,24.0,29.8,21.6,0.0,0.0,15.2,40.0,338,17.14,37856.26,3.96,3,Mumbai,19.076,72.8777,Maharashtra
2025-01-12,30.0,20.6,24.4,30.6,21.2,0.0,0.0,15.7,40.3,347,17.44,38366.16,4.47,3,Mumbai,19.076,72.8777,Maharashtra
2025-01-13,32.7,22.0,26.1,35.5,22.4,0.0,0.0,14.0,36.7,16,17.3,38608.31,4.53,0,Mumbai,19.076,72.8777,Maharashtra
2025-01-14,32.9,21.6,26.2,34.3,22.7,0.0,0.0,12.0,31.7,11,17.29,38583.65,4.26,0,Mumbai,19.076,72.8777,Maharashtra
2025-01-15,30.2,21.9,25.0,32.9,24.2,0.0,0.0,16.0,42.1,338,17.21,38558.77,3.81,3,Mumbai,19.076,72.8777,Maharashtra
2025-01-16,29.7,20.2,24.5,31.4,20.9,0.0,0.0,16.9,43.2,344,17.55,38798.87,4.3,3,Mumbai,19.076,72.8777,Maharashtra
2025-01-17,33.4,22.9,26.4,35.5,23.8,0.0,0.0,14.9,37.8,1,17.29,38926.72,4.47,3,Mumbai,19.076,72.8777,Maharashtra
2025-01-18,34.0,22.2,27.2,34.4,22.4,0.0,0.0,14.9,33.5,30,18.28,38966.04,4.98,0,Mumbai,19.076,72.8777,Maharashtra
2025-01-19,33.2,21.0,26.4,34.5,20.9,0.0,0.0,13.1,35.6,359,18.27,39005.18,4.76,0,Mumbai,19.076,72.8777,Maharashtra
2025-01-20,33.2,20.9,26.4,34.0,21.4,0.0,0.0,12.8,34.6,345,18.3,39044.08,4.66,3,Mumbai,19.076,72.8777,Maharashtra
2025-01-21,31.4,20.9,25.8,32.9,21.7,0.0,0.0,12.0,32.0,336,18.42,39082.65,4.48,0,Mumbai,19.076,72.8777,Maharashtra
2025-01-22,31.4,20.4,25.6,33.3,21.6,0.0,0.0,15.0,38.5,338,18.48,39120.82,4.66,0,Mumbai,19.076,72.8777,Maharashtra
2025-01-23,30.5,21.7,25.3,30.1,21.2,0.0,0.0,17.6,45.0,345,18.52,39158.52,5.36,2,Mumbai,19.076,72.8777,Maharashtra
2025-01-24,31.7,20.4,25.8,34.0,20.0,0.0,0.0,12.1,28.8,343,18.54,39195.68,4.76,2,Mumbai,19.076,72.8777,Maharashtra
2025-01-25,33.2,22.0,26.8,35.3,23.7,0.0,0.0,10.9,29.9,339,18.73,39232.23,4.46,3,Mumbai,19.076,72.8777,Maharashtra
2025-01-26,33.5,21.8,27.0,36.2,23.7,0.0,0.0,11.2,31.7,339,18.86,39268.08,4.56,1,Mumbai,19.076,72.8777,Maharashtra
2025-01-27,32.5,21.6,26.7,35.6,23.8,0.0,0.0,13.3,34.6,333,18.87,39303.27,4.77,3,Mumbai,19.076,72.8777,Maharashtra
2025-01-28,30.5,21.3,25.4,32.1,22.2,0.0,0.0,11.8,34.6,324,18.96,39338.18,4.32,3,Mumbai,19.076,72.8777,Maharashtra
2025-01-29,30.8,20.6,24.8,31.1,21.5,0.0,0.0,12.7,34.9,333,19.5,39372.85,4.56,3,Mumbai,19.076,72.8777,Maharashtra
2025-01-30,31.4,20.2,25.4,33.4,20.8,0.0,0.0,11.7,32.4,334,19.25,39407.26,4.79,3,Mumbai,19.076,72.8777,Maharashtra
2025-01-31,29.6,20.5,24.5,31.8,21.1,0.0,0.0,13.6,35.6,332,19.56,39441.37,4.56,2,Mumbai,19.076,72.8777,Maharashtra
2025-02-01,29.1,19.9,23.8,30.8,19.9,0.0,0.0,15.7,42.1,343,19.21,39475.18,4.55,3,Mumbai,19.076,72.8777,Maharashtra
2025-02-02,30.9,20.5,25.0,31.3,19.7,0.0,0.0,14.3,38.5,339,19.21,39508.66,5.2,3,Mumbai,19.076,72.8777,Maharashtra
2025-02-03,28.9,20.7,24.7,30.7,21.2,0.0,0.0,17.1,45.0,333,19.44,39541.79,4.75,3,Mumbai,19.076,72.8777,Maharashtra
2025-02-04,29.7,20.1,24.6,31.3,20.4,0.0,0.0,15.0,37.8,335,19.61,39574.54,4.93,3,Mumbai,19.076,72.8777,Maharashtra
2025-02-05,31.6,20.9,25.0,30.3,18.5,0.0,0.0,19.1,46.4,345,20.06,39600.0,6.17,3,Mumbai,19.076,72.8777,Maharashtra
2025-02-06,31.8,19.3,25.5,33.4,18.2,0.0,0.0,12.6,33.8,339,19.88,39600.0,5.2,0,Mumbai,19.076,72.8777,Maharashtra
2025-02-07,34.3,22.3,27.2,36.8,23.4,0.0,0.0,10.9,30.6,334,19.92,39600.0,4.78,0,Mumbai,19.076,72.8777,Maharashtra
2025-02-08,33.3,21.9,27.2,35.9,23.6,0.0,0.0,12.6,33.5,337,19.95,39600.0,4.87,0,Mumbai,19.076,72.8777,Maharashtra
2025-02-09,33.1,22.7,27.5,35.3,23.5,0.0,0.0,14.2,37.1,334,20.16,39600.0,5.45,0,Mumbai,19.076,72.8777,Maharashtra
2025-02-10,33.6,23.3,27.4,35.0,23.3,0.0,0.0,15.0,39.6,334,20.38,39600.0,5.79,2,Mumbai,19.076,72.8777,Maharashtra
2025-02-11,32.4,21.7,26.2,33.2,21.6,0.0,0.0,15.9,42.5,337,20.8,39600.0,5.56,0,Mumbai,19.076,72.8777,Maharashtra
2025-02-12,33.3,20.4,26.0,33.2,19.7,0.0,0.0,15.4,41.0,344,21.27,39600.0,5.72,0,Mumbai,19.076,72.8777,Maharashtra
2025-02-13,34.8,21.5,27.5,35.1,20.5,0.0,0.0,15.7,39.2,349,21.24,39600.0,6.28,0,Mumbai,19.076,72.8777,Maharashtra
2025-02-14,34.7,22.6,28.5,35.4,21.9,0.0,0.0,18.8,41.8,350,21.13,39600.0,6.79,0,Mumbai,19.076,72.8777,Maharashtra
2025-02-15,35.2,22.1,28.7,35.7,21.4,0.0,0.0,17.5,44.3,346,21.57,39600.0,6.48,0,Mumbai,19.076,72.8777,Maharashtra
2025-02-16,35.1,21.6,27.5,34.8,20.3,0.0,0.0,16.0,42.1,337,21.59,39600.0,6.12,0,Mumbai,19.076,72.8777,Maharashtra
2025-02-17,34.3,20.8,27.1,35.0,21.3,0.0,0.0,17.3,44.6,340,21.39,39600.0,5.88,0,Mumbai,19.076,72.8777,Maharashtra
2025-02-18,34.8,23.4,28.2,35.4,22.6,0.0,0.0,18.5,47.5,344,21.61,39600.0,6.45,0,Mumbai,19.076,72.8777,Maharashtra
2025-02-19,33.4,23.3,28.0,33.6,22.8,0.0,0.0,17.8,46.4,338,21.55,39600.0,6.29,2,Mumbai,19.076,72.8777,Maharashtra
2025-02-20,34.7,22.3,28.3,35.0,22.3,0.0,0.0,18.5,45.0,345,21.58,39600.0,6.76,3,Mumbai,19.076,72.8777,Maharashtra
2025-02-21,36.7,24.7,30.0,37.2,23.0,0.0,0.0,16.9,42.8,3,21.66,39600.0,7.28,0,Mumbai,19.076,72.8777,Maharashtra
2025-02-22,34.9,24.5,29.2,36.3,23.2,0.0,0.0,17.7,40.0,345,21.8,39600.0,6.57,0,Mumbai,19.076,72.8777,Maharashtra
2025-02-23,35.7,23.6,29.6,37.0,23.1,0.0,0.0,15.4,38.2,348,22.09,39600.0,6.63,0,Mumbai,19.076,72.8777,Maharashtra
2025-02-24,36.9,24.3,29.7,37.7,22.7,0.0,0.0,14.4,37.8,354,22.17,39600.0,6.71,3,Mumbai,19.076,72.8777,Maharashtra
2025-02-25,37.5,24.7,29.8,37.7,23.1,0.0,0.0,14.6,38.5,355,22.03,39600.0,6.08,3,Mumbai,19.076,72.8777,Maharashtra
2025-02-26,37.2,22.9,29.0,38.2,24.2,0.0,0.0,14.8,40.0,312,22.23,39600.0,5.46,0,Mumbai,19.076,72.8777,Maharashtra
2025-02-27,35.8,23.9,29.2,36.9,24.5,0.0,0.0,15.0,38.9,306,22.21,39600.0,5.65,0,Mumbai,19.076,72.8777,Maharashtra
2025-02-28,33.4,24.2,28.8,36.3,26.9,0.0,0.0,14.9,41.0,329,22.1,39600.0,5.77,3,Mumbai,19.076,72.8777,Maharashtra
2025-03-01,33.7,24.6,29.0,37.3,25.1,0.0,0.0,16.1,40.3,335,22.24,39600.0,6.51,3,Mumbai,19.076,72.8777,Maharashtra
2025-03-02,36.2,24.6,29.3,36.5,23.3,0.0,0.0,17.1,41.8,337,22.58,39600.0,7.02,3,Mumbai,19.076,72.8777,Maharashtra
2025-03-03,36.2,24.3,29.5,36.9,24.6,0.0,0.0,17.7,45.0,346,21.52,36000.0,6.95,3,Mumbai,19.076,72.8777,Maharashtra
2025-03-04,35.8,24.9,29.4,35.9,24.1,0.0,0.0,19.0,49.7,346,22.4,39653.69,7.11,3,Mumbai,19.076,72.8777,Maharashtra
2025-03-05,36.8,24.2,29.6,37.2,22.4,0.0,0.0,16.9,42.1,345,23.57,39875.06,7.54,0,Mumbai,19.076,72.8777,Maharashtra
2025-03-06,35.0,22.5,28.6,35.4,20.4,0.0,0.0,16.5,42.5,347,24.04,39851.42,7.08,0,Mumbai,19.076,72.8777,Maharashtra
2025-03-07,36.9,24.5,29.4,36.8,21.2,0.0,0.0,16.8,38.5,344,23.77,40072.26,7.1,0,Mumbai,19.076,72.8777,Maharashtra
2025-03-08,36.0,23.5,28.9,36.2,21.8,0.0,0.0,14.9,41.0,331,23.66,40048.54,6.61,0,Mumbai,19.076,72.8777,Maharashtra
2025-03-09,35.6,22.9,28.5,38.1,23.9,0.0,0.0,15.0,39.2,331,23.44,40024.67,5.7,0,Mumbai,19.076,72.8777,Maharashtra
2025-03-10,39.0,24.3,30.7,40.4,24.3,0.0,0.0,17.4,44.6,315,23.49,40000.36,6.29,0,Mumbai,19.076,72.8777,Maharashtra
2025-03-11,37.4,25.6,30.5,39.5,26.2,0.0,0.0,15.4,42.5,293,23.32,40219.62,5.9,0,Mumbai,19.076,72.8777,Maharashtra
2025-03-12,37.1,25.1,30.2,39.3,26.9,0.0,0.0,14.4,38.5,311,23.57,40194.56,5.85,0,Mumbai,19.076,72.8777,Maharashtra
2025-03-13,34.2,24.8,29.4,37.4,28.3,0.0,0.0,13.2,37.1,301,23.52,40169.29,5.65,0,Mumbai,19.076,72.8777,Maharashtra
2025-03-14,34.7,24.3,29.3,38.5,27.8,0.0,0.0,15.0,40.0,316,23.61,40387.36,5.99,1,Mumbai,19.076,72.8777,Maharashtra
2025-03-15,35.5,24.8,29.3,37.6,26.7,0.0,0.0,15.7,42.8,331,23.22,38084.67,6.16,3,Mumbai,19.076,72.8777,Maharashtra
2025-03-16,33.2,25.2,29.0,36.9,26.7,0.0,0.0,15.9,43.2,334,22.9,40335.82,6.16,3,Mumbai,19.076,72.8777,Maharashtra
2025-03-17,33.5,24.8,28.7,36.5,27.2,0.0,0.0,17.3,45.4,333,23.0,40553.29,5.92,3,Mumbai,19.076,72.8777,Maharashtra
2025-03-18,33.2,23.1,27.9,36.5,26.8,0.0,0.0,15.9,42.5,322,24.03,40770.64,5.67,0,Mumbai,19.076,72.8777,Maharashtra
2025-03-19,32.3,23.2,27.6,35.8,26.7,0.0,0.0,16.2,42.5,322,24.09,40987.99,5.71,0,Mumbai,19.076,72.8777,Maharashtra
2025-03-20,35.1,23.2,29.0,35.2,24.2,0.0,0.0,18.0,47.2,336,24.11,40962.1,6.72,0,Mumbai,19.076,72.8777,Maharashtra
2025-03-21,32.4,25.3,28.0,35.0,27.1,0.0,0.0,18.2,48.2,327,24.08,40936.33,6.18,0,Mumbai,19.076,72.8777,Maharashtra
2025-03-22,32.7,22.6,27.4,35.9,25.6,0.0,0.0,17.0,45.4,328,24.59,41397.28,5.61,0,Mumbai,19.076,72.8777,Maharashtra
2025-03-23,33.8,23.7,28.4,39.1,28.1,0.0,0.0,14.4,38.5,289,24.25,41371.97,5.52,0,Mumbai,19.076,72.8777,Maharashtra
2025-03-24,32.9,24.6,28.3,39.2,30.2,0.0,0.0,17.4,43.9,286,23.41,40120.89,5.33,1,Mumbai,19.076,72.8777,Maharashtra
2025-03-25,33.2,24.6,28.6,37.2,28.7,0.0,0.0,16.7,45.4,308,24.33,41808.93,5.66,0,Mumbai,19.076,72.8777,Maharashtra
2025-03-26,31.6,23.9,27.7,36.2,28.6,0.0,0.0,15.2,42.8,295,24.38,41784.65,5.34,1,Mumbai,19.076,72.8777,Maharashtra
2025-03-27,30.8,24.3,27.1,34.9,29.5,0.0,0.0,16.5,45.4,318,23.4,40299.96,5.06,2,Mumbai,19.076,72.8777,Maharashtra
2025-03-28,32.5,23.7,28.5,37.3,27.6,0.0,0.0,17.3,46.4,335,24.12,41737.43,6.19,0,Mumbai,19.076,72.8777,Maharashtra
2025-03-29,36.2,26.4,30.9,37.0,24.1,0.0,0.0,16.2,40.3,334,24.65,42445.14,7.36,3,Mumbai,19.076,72.8777,Maharashtra
2025-03-30,37.7,26.6,31.5,38.5,29.0,0.0,0.0,18.2,45.4,321,23.88,41934.77,6.87,3,Mumbai,19.076,72.8777,Maharashtra
2025-03-31,37.1,25.5,31.3,38.6,28.7,0.0,0.0,16.0,43.2,323,23.57,42155.58,6.74,3,Mumbai,19.076,72.8777,Maharashtra
2025-04-01,38.9,25.9,31.7,39.3,30.1,0.0,0.0,14.5,39.6,330,21.45,42132.74,6.37,3,Mumbai,19.076,72.8777,Maharashtra
2025-04-02,37.4,27.8,31.8,39.8,28.8,0.0,0.0,15.3,41.8,252,24.51,40645.42,6.25,3,Mumbai,19.076,72.8777,Maharashtra
2025-04-03,32.5,27.3,29.4,39.4,31.5,0.6,0.6,12.1,34.6,220,22.11,41354.78,5.0,51,Mumbai,19.076,72.8777,Maharashtra
2025-04-04,33.3,26.4,29.2,39.2,32.0,1.0,1.0,15.4,41.8,294,22.94,40354.34,5.2,53,Mumbai,19.076,72.8777,Maharashtra
2025-04-05,35.4,24.7,29.7,38.7,29.9,0.0,0.0,18.5,46.1,323,24.39,43021.46,6.2,1,Mumbai,19.076,72.8777,Maharashtra
2025-04-06,35.7,24.8,30.0,40.1,28.8,0.0,0.0,16.1,43.2,286,24.09,43079.2,5.75,1,Mumbai,19.076,72.8777,Maharashtra
2025-04-07,36.4,24.9,30.7,40.3,30.6,0.0,0.0,19.1,46.1,320,24.21,43128.69,6.66,1,Mumbai,19.076,72.8777,Maharashtra
2025-04-08,36.6,26.0,31.1,41.6,28.5,0.0,0.0,19.9,46.4,328,24.36,43177.86,6.7,1,Mumbai,19.076,72.8777,Maharashtra
2025-04-09,34.6,26.1,30.4,40.4,29.0,0.0,0.0,16.2,42.8,266,24.65,41668.56,6.02,1,Mumbai,19.076,72.8777,Maharashtra
2025-04-10,33.2,26.7,29.4,38.3,32.1,0.0,0.0,12.4,37.4,204,20.24,38740.36,4.79,3,Mumbai,19.076,72.8777,Maharashtra
2025-04-11,33.0,25.6,29.0,37.4,31.0,0.0,0.0,14.5,41.0,209,25.46,43200.0,5.79,0,Mumbai,19.076,72.8777,Maharashtra
2025-04-12,32.3,25.6,28.8,37.9,31.4,0.1,0.1,14.7,42.1,229,24.36,43200.0,5.37,51,Mumbai,19.076,72.8777,Maharashtra
2025-04-13,32.7,25.6,28.9,38.7,31.2,0.0,0.0,16.1,43.9,307,24.52,43200.0,5.51,1,Mumbai,19.076,72.8777,Maharashtra
2025-04-14,36.4,24.6,30.1,38.3,29.4,0.0,0.0,19.3,50.0,332,26.09,43200.0,6.94,0,Mumbai,19.076,72.8777,Maharashtra
2025-04-15,35.1,25.6,30.0,38.5,29.8,0.0,0.0,16.9,43.9,320,25.69,43200.0,6.44,0,Mumbai,19.076,72.8777,Maharashtra
2025-04-16,33.0,25.7,29.1,39.0,31.5,0.0,0.0,15.4,42.8,283,25.52,43200.0,5.68,0,Mumbai,19.076,72.8777,Maharashtra
2025-04-17,32.4,25.7,28.8,38.5,31.9,0.0,0.0,15.7,41.8,270,25.28,43200.0,5.49,2,Mumbai,19.076,72.8777,Maharashtra
2025-04-18,32.3,26.0,28.9,38.3,32.2,0.0,0.0,14.9,40.7,265,25.25,43200.0,5.51,1,Mumbai,19.076,72.8777,Maharashtra
2025-04-19,32.7,26.1,29.2,39.1,32.1,0.0,0.0,15.9,43.2,258,25.19,43200.0,5.64,1,Mumbai,19.076,72.8777,Maharashtra
2025-04-20,33.0,25.3,29.2,38.5,30.5,0.0,0.0,14.5,41.0,287,25.78,43200.0,5.81,0,Mumbai,19.076,72.8777,Maharashtra
2025-04-21,32.7,25.9,29.1,39.2,31.1,0.0,0.0,15.3,42.1,306,25.33,43200.0,5.68,1,Mumbai,19.076,72.8777,Maharashtra
2025-04-22,34.3,25.4,29.8,40.4,30.7,0.0,0.0,16.8,45.0,312,25.56,43200.0,5.88,0,Mumbai,19.076,72.8777,Maharashtra
2025-04-23,34.8,26.5,30.2,40.8,32.6,0.0,0.0,16.7,42.1,264,25.75,43200.0,5.94,0,Mumbai,19.076,72.8777,Maharashtra
2025-04-24,33.4,26.7,29.7,39.7,32.5,0.0,0.0,14.4,40.3,248,25.73,43200.0,5.8,0,Mumbai,19.076,72.8777,Maharashtra
2025-04-25,33.7,26.3,29.6,38.6,32.4,0.0,0.0,14.9,40.7,289,25.22,43200.0,5.83,1,Mumbai,19.076,72.8777,Maharashtra
2025-04-26,33.3,26.2,29.4,37.5,32.4,0.0,0.0,15.6,42.1,276,22.08,42722.26,5.13,2,Mumbai,19.076,72.8777,Maharashtra
2025-04-27,33.4,25.9,29.3,39.9,31.4,0.0,0.0,15.6,42.8,295,25.93,43200.0,5.76,1,Mumbai,19.076,72.8777,Maharashtra
2025-04-28,32.8,26.2,29.3,39.0,32.0,0.0,0.0,16.1,41.8,250,25.61,43200.0,5.71,1,Mumbai,19.076,72.8777,Maharashtra
2025-04-29,32.8,26.3,29.4,39.0,32.6,0.0,0.0,14.1,40.7,236,25.54,43200.0,5.59,1,Mumbai,19.076,72.8777,Maharashtra
2025-04-30,33.1,26.3,29.6,39.6,32.4,0.0,0.0,15.2,42.8,267,25.03,43200.0,5.62,1,Mumbai,19.076,72.8777,Maharashtra
2025-05-01,33.4,26.0,29.8,40.0,32.3,0.0,0.0,18.4,45.4,283,25.59,43200.0,5.75,1,Mumbai,19.076,72.8777,Maharashtra
2025-05-02,34.5,26.0,30.0,40.0,32.3,0.0,0.0,14.4,41.0,283,26.32,43200.0,6.2,0,Mumbai,19.076,72.8777,Maharashtra
2025-05-03,33.2,25.7,29.8,39.1,30.1,0.0,0.0,15.6,43.2,241,26.23,43200.0,6.04,0,Mumbai,19.076,72.8777,Maharashtra
2025-05-04,32.9,26.7,30.0,38.1,31.9,0.0,0.0,15.4,42.5,255,25.03,43200.0,5.86,2,Mumbai,19.076,72.8777,Maharashtra
2025-05-05,33.5,27.8,30.2,39.4,33.4,0.0,0.0,14.6,44.3,251,25.46,43200.0,5.87,2,Mumbai,19.076,72.8777,Maharashtra
2025-05-06,32.9,23.3,28.7,38.5,26.7,6.3,6.3,15.9,50.4,246,23.82,36000.0,5.36,63,Mumbai,19.076,72.8777,Maharashtra
2025-05-07,32.3,25.4,27.9,37.7,29.2,3.0,3.0,17.6,50.8,220,21.75,37796.29,4.88,55,Mumbai,19.076,72.8777,Maharashtra
2025-05-08,29.4,22.7,26.6,35.5,25.8,9.3,9.3,14.3,46.4,206,22.96,41973.69,4.73,61,Mumbai,19.076,72.8777,Maharashtra
2025-05-09,28.5,25.0,27.1,33.9,29.2,2.0,2.0,15.2,39.6,196,20.57,43200.0,4.24,53,Mumbai,19.076,72.8777,Maharashtra
2025-05-10,30.9,24.6,28.0,37.4,29.3,0.5,0.5,11.5,34.2,225,24.24,42981.17,5.02,51,Mumbai,19.076,72.8777,Maharashtra
2025-05-11,32.5,25.8,29.1,39.1,31.6,0.4,0.4,12.0,35.3,258,24.63,43200.0,5.33,51,Mumbai,19.076,72.8777,Maharashtra
2025-05-12,33.6,27.1,30.3,39.0,33.2,1.6,1.6,13.1,38.2,261,23.61,43200.0,5.46,51,Mumbai,19.076,72.8777,Maharashtra
2025-05-13,33.8,27.7,30.5,39.9,34.2,1.7,1.7,13.1,39.6,302,24.21,43200.0,5.5,53,Mumbai,19.076,72.8777,Maharashtra
2025-05-14,33.3,24.7,29.9,39.1,29.4,0.6,0.6,12.3,37.8,306,24.97,40028.55,5.63,53,Mumbai,19.076,72.8777,Maharashtra
2025-05-15,33.2,27.8,30.5,39.5,34.0,1.8,1.8,14.3,40.7,291,22.45,43200.0,5.16,53,Mumbai,19.076,72.8777,Maharashtra
2025-05-16,33.8,28.9,31.0,39.5,34.7,1.0,1.0,14.1,42.8,245,21.7,35849.33,5.34,53,Mumbai,19.076,72.8777,Maharashtra
2025-05-17,32.5,28.6,30.6,38.2,33.8,0.9,0.9,13.3,38.2,236,21.01,37892.88,5.1,51,Mumbai,19.076,72.8777,Maharashtra
2025-05-18,34.4,28.7,31.2,39.7,34.1,0.0,0.0,14.7,42.5,258,22.93,38834.88,5.62,3,Mumbai,19.076,72.8777,Maharashtra
2025-05-19,32.4,28.4,30.3,37.2,34.4,0.2,0.2,16.2,43.6,308,13.87,14095.81,3.65,51,Mumbai,19.076,72.8777,Maharashtra
2025-05-20,34.4,28.3,30.2,40.0,33.1,8.7,8.7,13.2,36.7,318,17.52,26426.27,4.17,63,Mumbai,19.076,72.8777,Maharashtra
2025-05-21,31.6,26.6,29.0,37.3,32.7,1.1,1.1,10.7,25.9,332,9.62,6768.38,2.38,53,Mumbai,19.076,72.8777,Maharashtra
2025-05-22,31.8,25.8,28.5,37.7,31.5,21.2,21.2,18.3,43.9,336,17.78,29675.48,3.96,65,Mumbai,19.076,72.8777,Maharashtra
2025-05-23,32.5,26.2,28.7,39.7,32.4,2.2,2.2,13.2,37.4,330,15.91,22639.32,3.49,55,Mumbai,19.076,72.8777,Maharashtra
2025-05-24,32.1,25.7,28.8,39.7,30.6,8.9,8.9,12.0,36.4,343,17.22,28148.7,3.82,63,Mumbai,19.076,72.8777,Maharashtra
2025-05-25,28.5,23.9,26.5,35.1,28.1,27.3,27.3,11.6,28.1,325,6.58,3600.0,1.52,65,Mumbai,19.076,72.8777,Maharashtra
2025-05-26,27.8,25.1,26.2,34.5,28.9,54.0,54.0,21.3,45.0,352,3.79,0.0,0.99,65,Mumbai,19.076,72.8777,Maharashtra
2025-05-27,29.8,25.6,27.3,35.9,31.6,9.1,9.1,13.0,33.5,275,10.6,5040.72,2.38,63,Mumbai,19.076,72.8777,Maharashtra
2025-05-28,27.8,25.9,26.9,33.5,31.9,11.5,11.5,13.5,34.6,212,11.18,6473.62,2.32,63,Mumbai,19.076,72.8777,Maharashtra
2025-05-29,31.4,26.6,28.9,38.5,33.0,5.6,5.6,17.8,43.6,257,22.13,42463.47,4.64,55,Mumbai,19.076,72.8777,Maharashtra
2025-05-30,31.5,28.2,29.6,37.4,33.3,1.8,1.8,17.8,43.6,251,22.88,42895.21,5.33,51,Mumbai,19.076,72.8777,Maharashtra
2025-05-31,31.1,27.5,29.2,36.9,32.5,3.5,3.5,20.0,46.8,233,22.77,42597.95,5.06,53,Mumbai,19.076,72.8777,Maharashtra
2025-06-01,29.2,25.7,27.3,34.3,30.1,11.1,11.1,19.1,47.2,200,20.61,36238.47,4.14,63,Mumbai,19.076,72.8777,Maharashtra
2025-06-02,30.7,25.6,27.8,35.8,30.0,8.8,8.8,19.9,48.2,202,21.96,40057.38,4.69,61,Mumbai,19.076,72.8777,Maharashtra
2025-06-03,30.2,25.4,27.4,35.3,29.2,12.8,12.8,20.9,48.2,197,20.16,36199.55,4.26,61,Mumbai,19.076,72.8777,Maharashtra
2025-06-04,29.3,24.3,27.0,35.5,28.2,4.5,4.5,14.6,40.0,177,22.73,41047.83,4.5,55,Mumbai,19.076,72.8777,Maharashtra
2025-06-05,30.2,24.7,27.8,37.4,29.2,1.6,1.6,10.0,28.4,186,20.96,40956.42,4.3,53,Mumbai,19.076,72.8777,Maharashtra
2025-06-06,30.2,26.5,28.3,38.1,33.1,4.7,4.7,10.0,29.5,271,22.4,40770.93,4.59,61,Mumbai,19.076,72.8777,Maharashtra
2025-06-07,29.7,25.2,27.7,37.3,30.9,8.1,8.1,10.1,30.2,257,19.59,29933.19,3.97,63,Mumbai,19.076,72.8777,Maharashtra
2025-06-08,30.3,26.4,28.4,36.9,32.2,4.4,4.4,14.0,35.6,281,21.15,41346.51,4.46,53,Mumbai,19.076,72.8777,Maharashtra
2025-06-09,30.8,27.3,29.0,36.1,32.0,2.0,2.0,18.8,46.4,297,23.21,43200.0,5.06,53,Mumbai,19.076,72.8777,Maharashtra
2025-06-10,30.6,27.2,28.8,36.5,32.2,0.8,0.8,17.5,44.6,297,21.84,42640.15,4.69,51,Mumbai,19.076,72.8777,Maharashtra
2025-06-11,31.8,27.8,29.7,37.8,32.9,0.8,0.8,17.1,43.9,304,21.12,38971.4,4.93,53,Mumbai,19.076,72.8777,Maharashtra
2025-06-12,31.6,28.6,30.0,36.1,33.6,2.8,2.8,23.7,57.2,309,18.1,33009.34,4.51,53,Mumbai,19.076,72.8777,Maharashtra
2025-06-13,30.5,25.4,28.3,36.1,31.8,29.6,29.6,19.9,48.6,331,13.59,11651.4,3.15,65,Mumbai,19.076,72.8777,Maharashtra
2025-06-14,30.6,25.4,27.5,37.1,30.7,58.0,58.0,13.1,33.1,336,14.94,20456.57,3.15,65,Mumbai,19.076,72.8777,Maharashtra
2025-06-15,29.6,25.3,26.7,36.1,29.7,55.5,55.5,15.3,31.3,154,8.63,8047.01,1.88,65,Mumbai,19.076,72.8777,Maharashtra
2025-06-16,27.2,25.7,26.2,31.2,28.2,100.9,100.9,28.8,61.2,250,3.15,0.0,1.18,65,Mumbai,19.076,72.8777,Maharashtra
2025-06-17,29.5,25.7,27.5,33.6,29.0,17.5,17.5,25.0,58.0,223,18.38,36249.7,4.0,63,Mumbai,19.076,72.8777,Maharashtra
2025-06-18,28.4,25.9,27.0,32.0,29.0,86.1,86.1,26.4,59.0,249,13.36,19138.51,2.91,65,Mumbai,19.076,72.8777,Maharashtra
2025-06-19,28.4,24.4,26.4,32.3,28.2,65.8,65.8,23.7,51.8,246,3.75,0.0,1.34,65,Mumbai,19.076,72.8777,Maharashtra
2025-06-20,29.5,26.0,27.6,34.4,30.0,11.3,11.3,20.5,50.8,230,18.46,38371.06,4.02,61,Mumbai,19.076,72.8777,Maharashtra
2025-06-21,30.1,24.9,27.6,34.8,28.8,10.0,10.0,20.4,52.6,231,18.13,36594.15,3.95,61,Mumbai,19.076,72.8777,Maharashtra
2025-06-22,29.2,25.7,27.5,33.7,29.5,15.8,15.8,23.1,58.0,234,17.72,37968.17,3.96,63,Mumbai,19.076,72.8777,Maharashtra
2025-06-23,28.3,25.5,26.8,32.7,28.3,51.2,51.2,24.8,60.5,240,12.25,21127.72,2.87,65,Mumbai,19.076,72.8777,Maharashtra
2025-06-24,29.1,25.4,27.0,33.1,28.3,26.7,26.7,24.0,53.3,244,10.88,8612.62,2.74,63,Mumbai,19.076,72.8777,Maharashtra
2025-06-25,30.0,26.4,28.1,34.8,30.3,10.0,10.0,24.1,56.2,244,19.75,39047.0,4.48,61,Mumbai,19.076,72.8777,Maharashtra
2025-06-26,28.6,25.3,26.7,33.0,29.4,25.0,25.0,18.1,40.3,230,9.56,14323.27,2.28,63,Mumbai,19.076,72.8777,Maharashtra
2025-06-27,28.8,24.9,27.2,33.3,28.4,13.9,13.9,22.4,56.9,224,17.35,23098.16,3.93,61,Mumbai,19.076,72.8777,Maharashtra
2025-06-28,29.4,25.7,27.3,32.5,28.5,21.5,21.5,26.0,65.5,229,18.98,33236.19,4.38,65,Mumbai,19.076,72.8777,Maharashtra
2025-06-29,28.9,25.7,27.3,32.8,29.3,18.1,18.1,22.0,61.6,230,12.12,19264.44,3.06,63,Mumbai,19.076,72.8777,Maharashtra
2025-06-30,29.1,24.8,26.9,33.0,28.0,22.2,22.2,23.4,61.2,244,18.05,35434.47,3.94,63,Mumbai,19.076,72.8777,Maharashtra
2025-07-01,28.8,24.5,26.8,33.4,28.2,34.3,34.3,19.2,49.0,244,12.78,17213.09,3.05,63,Mumbai,19.076,72.8777,Maharashtra
2025-07-02,28.7,25.1,26.5,32.5,28.6,40.8,40.8,19.5,46.8,247,11.12,14106.66,2.62,65,Mumbai,19.076,72.8777,Maharashtra
2025-07-03,28.3,24.8,26.4,32.6,28.5,26.3,26.3,22.6,54.7,231,16.68,36359.9,3.48,65,Mumbai,19.076,72.8777,Maharashtra
2025-07-04,28.0,25.5,26.7,31.6,28.4,20.2,20.2,21.7,52.9,229,15.4,28864.0,3.49,63,Mumbai,19.076,72.8777,Maharashtra
2025-07-05,27.5,25.8,26.6,31.5,28.6,37.9,37.9,23.4,57.2,241,12.14,14689.55,2.95,63,Mumbai,19.076,72.8777,Maharashtra
2025-07-06,27.6,25.6,26.4,31.6,28.4,31.3,31.3,26.5,54.4,240,9.01,3599.76,2.35,63,Mumbai,19.076,72.8777,Maharashtra
2025-07-07,28.6,25.5,27.0,31.8,29.7,7.6,7.6,22.8,59.0,243,10.51,5139.43,2.8,61,Mumbai,19.076,72.8777,Maharashtra
2025-07-08,28.6,26.4,27.5,32.5,30.0,3.7,3.7,23.0,52.9,244,13.55,16671.93,3.4,55,Mumbai,19.076,72.8777,Maharashtra
2025-07-09,27.5,25.7,26.7,33.2,29.8,15.4,15.4,18.9,46.1,246,11.66,9988.64,2.72,63,Mumbai,19.076,72.8777,Maharashtra
2025-07-10,29.1,24.8,27.0,35.5,29.8,6.5,6.5,14.4,37.1,237,16.86,29136.32,3.57,53,Mumbai,19.076,72.8777,Maharashtra
2025-07-11,28.0,25.1,26.7,33.5,29.2,6.1,6.1,12.9,33.1,235,15.81,31398.09,3.35,53,Mumbai,19.076,72.8777,Maharashtra
2025-07-12,29.3,25.1,27.1,35.5,30.2,4.9,4.9,17.0,41.4,251,21.34,40006.36,4.33,53,Mumbai,19.076,72.8777,Maharashtra
2025-07-13,28.5,25.4,26.7,33.4,29.9,14.7,14.7,15.7,39.6,242,16.2,25362.16,3.42,63,Mumbai,19.076,72.8777,Maharashtra
2025-07-14,27.5,24.6,26.1,31.4,29.0,51.0,51.0,21.7,48.2,242,10.56,5654.07,2.29,65,Mumbai,19.076,72.8777,Maharashtra
2025-07-15,27.6,25.2,26.5,32.7,29.3,15.8,15.8,14.8,35.6,250,13.54,19321.74,2.94,61,Mumbai,19.076,72.8777,Maharashtra
2025-07-16,29.2,25.5,27.3,34.2,30.1,7.9,7.9,16.0,39.6,263,19.88,40500.58,4.04,53,Mumbai,19.076,72.8777,Maharashtra
2025-07-17,29.3,25.5,27.4,35.5,30.9,4.1,4.1,11.2,31.0,247,20.21,33121.76,4.13,53,Mumbai,19.076,72.8777,Maharashtra
2025-07-18,29.5,25.6,27.6,35.7,30.9,2.7,2.7,12.1,32.4,256,20.59,36424.15,4.26,51,Mumbai,19.076,72.8777,Maharashtra
2025-07-19,28.3,24.9,27.0,33.8,29.9,6.3,6.3,13.3,38.2,242,19.37,39419.33,3.92,53,Mumbai,19.076,72.8777,Maharashtra
2025-07-20,28.0,24.9,26.3,33.8,29.3,12.3,12.3,14.3,37.1,223,16.86,32185.78,3.4,61,Mumbai,19.076,72.8777,Maharashtra
2025-07-21,28.1,25.6,26.4,32.6,30.3,17.7,17.7,12.9,34.6,234,10.37,8131.79,2.29,63,Mumbai,19.076,72.8777,Maharashtra
2025-07-22,28.1,25.2,26.5,33.6,29.8,18.4,18.4,14.7,37.8,251,12.11,12046.57,2.62,63,Mumbai,19.076,72.8777,Maharashtra
2025-07-23,28.0,24.7,26.3,32.4,28.7,18.6,18.6,17.3,47.9,251,12.61,16211.55,2.83,63,Mumbai,19.076,72.8777,Maharashtra
2025-07-24,27.4,24.9,26.1,31.6,28.4,14.9,14.9,19.8,43.9,237,9.09,4663.49,2.25,61,Mumbai,19.076,72.8777,Maharashtra
2025-07-25,27.2,25.7,26.3,31.3,28.8,40.3,40.3,20.5,50.4,249,8.39,4414.94,2.15,63,Mumbai,19.076,72.8777,Maharashtra
2025-07-26,28.0,25.5,26.4,30.6,28.6,17.4,17.4,22.4,54.7,255,9.79,3600.0,2.55,63,Mumbai,19.076,72.8777,Maharashtra
2025-07-27,28.2,25.3,26.8,30.6,28.1,10.5,10.5,28.2,66.6,250,18.46,37587.35,4.09,61,Mumbai,19.076,72.8777,Maharashtra
2025-07-28,28.3,25.6,26.7,31.3,27.4,8.8,8.8,25.0,62.6,249,16.04,28542.46,3.83,55,Mumbai,19.076,72.8777,Maharashtra
2025-07-29,27.6,25.6,26.5,30.2,27.6,8.6,8.6,26.4,61.2,254,10.22,5007.61,2.84,55,Mumbai,19.076,72.8777,Maharashtra
2025-07-30,27.2,25.7,26.5,30.6,28.2,7.8,7.8,24.6,49.7,247,7.43,219.52,2.2,61,Mumbai,19.076,72.8777,Maharashtra
2025-07-31,27.6,25.9,26.8,31.1,28.9,3.9,3.9,21.3,50.8,238,12.63,21140.5,3.08,51,Mumbai,19.076,72.8777,Maharashtra
2025-08-01,28.4,25.6,27.0,32.8,28.8,4.1,4.1,18.5,41.4,243,17.68,40188.11,3.9,53,Mumbai,19.076,72.8777,Maharashtra
2025-08-02,28.3,25.1,26.5,33.4,29.0,8.7,8.7,15.3,39.2,247,17.94,39418.38,3.67,55,Mumbai,19.076,72.8777,Maharashtra
2025-08-03,28.2,24.9,26.5,33.6,29.4,4.0,4.0,12.3,32.4,226,18.96,39012.15,3.78,53,Mumbai,19.076,72.8777,Maharashtra
2025-08-04,28.7,25.0,26.9,34.6,30.0,3.5,3.5,13.0,32.8,250,20.52,38616.36,4.11,51,Mumbai,19.076,72.8777,Maharashtra
2025-08-05,28.9,25.1,27.0,34.9,30.5,4.3,4.3,13.9,36.0,268,21.47,39322.78,4.24,53,Mumbai,19.076,72.8777,Maharashtra
2025-08-06,29.3,25.2,27.2,35.1,30.7,1.2,1.2,14.3,36.4,297,19.5,34758.18,3.97,51,Mumbai,19.076,72.8777,Maharashtra
2025-08-07,27.9,25.8,26.9,33.3,31.6,3.2,3.2,11.6,30.6,292,13.31,21921.25,2.75,53,Mumbai,19.076,72.8777,Maharashtra
2025-08-08,28.1,25.8,26.8,33.3,31.5,2.9,2.9,8.3,23.4,273,11.15,7385.23,2.42,53,Mumbai,19.076,72.8777,Maharashtra
2025-08-09,28.5,24.8,26.7,34.5,30.2,1.6,1.6,9.6,29.9,241,18.07,36790.2,3.6,51,Mumbai,19.076,72.8777,Maharashtra
2025-08-10,28.1,25.0,26.5,32.9,30.4,3.2,3.2,12.7,32.0,238,15.69,25269.96,3.17,53,Mumbai,19.076,72.8777,Maharashtra
2025-08-11,28.2,25.0,26.6,33.6,30.0,4.3,4.3,15.0,39.2,254,18.36,33095.7,3.75,53,Mumbai,19.076,72.8777,Maharashtra
2025-08-12,28.6,24.9,26.6,32.7,29.7,5.0,5.0,15.9,40.0,258,17.78,38542.87,3.69,53,Mumbai,19.076,72.8777,Maharashtra
2025-08-13,28.3,25.0,26.1,34.0,29.6,15.4,15.4,11.9,34.6,247,13.54,16922.03,2.86,63,Mumbai,19.076,72.8777,Maharashtra
2025-08-14,27.2,25.1,25.9,31.8,29.7,38.9,38.9,13.1,32.0,218,8.09,1683.72,1.86,65,Mumbai,19.076,72.8777,Maharashtra
2025-08-15,27.2,25.2,26.1,32.0,29.3,35.8,35.8,14.4,39.6,243,10.0,4141.89,2.24,65,Mumbai,19.076,72.8777,Maharashtra
2025-08-16,26.5,24.7,25.4,31.3,29.3,34.2,34.2,14.2,36.0,246,4.82,0.0,1.22,63,Mumbai,19.076,72.8777,Maharashtra
2025-08-17,28.1,25.1,26.2,33.1,28.9,16.3,16.3,20.1,49.7,234,17.43,29215.65,3.53,61,Mumbai,19.076,72.8777,Maharashtra
2025-08-18,26.0,25.1,25.4,29.4,27.7,127.0,127.0,23.6,49.7,242,4.11,1900.66,1.21,65,Mumbai,19.076,72.8777,Maharashtra
2025-08-19,26.2,25.1,25.5,29.2,27.3,136.5,136.5,30.3,62.6,249,3.4,164.12,1.28,65,Mumbai,19.076,72.8777,Maharashtra
2025-08-20,26.5,24.8,25.6,29.4,27.4,61.5,61.5,27.4,56.5,242,4.22,0.0,1.56,63,Mumbai,19.076,72.8777,Maharashtra
2025-08-21,28.0,25.3,26.6,31.4,27.9,26.0,26.0,25.3,61.6,235,18.85,36967.03,3.96,63,Mumbai,19.076,72.8777,Maharashtra
2025-08-22,28.2,25.6,26.9,32.2,28.3,4.5,4.5,22.1,59.0,240,19.79,36325.98,4.34,53,Mumbai,19.076,72.8777,Maharashtra
2025-08-23,28.3,24.7,26.6,30.7,27.3,10.4,10.4,25.0,61.6,241,17.64,38613.33,4.07,61,Mumbai,19.076,72.8777,Maharashtra
2025-08-24,28.5,25.4,26.7,32.2,27.6,6.7,6.7,24.1,59.4,239,21.15,41030.05,4.53,55,Mumbai,19.076,72.8777,Maharashtra
2025-08-25,26.8,24.6,25.5,29.9,27.3,23.2,23.2,22.3,50.4,243,6.74,1312.42,2.0,63,Mumbai,19.076,72.8777,Maharashtra
2025-08-26,27.8,24.9,26.4,31.7,28.9,14.9,14.9,17.5,42.8,255,15.51,31979.41,3.32,61,Mumbai,19.076,72.8777,Maharashtra
2025-08-27,28.4,25.0,26.5,33.9,29.5,7.6,7.6,12.6,36.0,277,16.95,33515.3,3.5,61,Mumbai,19.076,72.8777,Maharashtra
2025-08-28,28.3,25.1,26.5,33.6,30.0,16.3,16.3,11.4,31.3,286,13.43,18382.51,2.84,63,Mumbai,19.076,72.8777,Maharashtra
2025-08-29,28.0,25.4,26.4,32.9,30.1,7.5,7.5,12.2,31.3,239,13.26,20572.36,2.82,61,Mumbai,19.076,72.8777,Maharashtra
2025-08-30,28.4,25.0,26.5,33.7,29.5,2.8,2.8,12.0,32.0,228,16.6,30099.51,3.48,53,Mumbai,19.076,72.8777,Maharashtra
2025-08-31,27.7,25.0,26.4,31.8,29.4,10.0,10.0,18.2,43.9,245,15.58,33442.59,3.26,55,Mumbai,19.076,72.8777,Maharashtra
2025-09-01,27.8,25.1,26.4,31.0,28.9,6.7,6.7,21.1,55.1,257,14.79,35488.97,3.27,55,Mumbai,19.076,72.8777,Maharashtra
2025-09-02,28.3,24.9,26.6,34.2,28.8,5.7,5.7,15.4,40.3,272,19.84,32629.26,4.02,53,Mumbai,19.076,72.8777,Maharashtra
2025-09-03,28.7,24.7,26.8,33.7,29.0,4.8,4.8,16.2,40.0,283,20.43,38267.67,4.25,53,Mumbai,19.076,72.8777,Maharashtra
2025-09-04,26.2,24.8,25.6,30.5,28.8,17.2,17.2,12.4,30.6,279,5.47,0.0,1.49,61,Mumbai,19.076,72.8777,Maharashtra
2025-09-05,27.4,24.9,25.9,31.5,29.1,18.2,18.2,17.6,38.9,260,9.26,5159.75,2.09,63,Mumbai,19.076,72.8777,Maharashtra
2025-09-06,26.5,24.8,25.7,30.2,27.8,24.9,24.9,19.8,46.8,237,8.04,7040.2,2.05,63,Mumbai,19.076,72.8777,Maharashtra
2025-09-07,28.1,24.7,26.2,32.3,28.0,9.2,9.2,17.8,46.1,229,16.72,33485.29,3.6,63,Mumbai,19.076,72.8777,Maharashtra
2025-09-08,27.8,24.3,26.1,32.8,27.8,5.5,5.5,17.1,42.5,205,21.14,42461.19,4.08,61,Mumbai,19.076,72.8777,Maharashtra
2025-09-09,28.9,24.2,26.4,35.2,28.7,0.7,0.7,10.4,29.2,189,23.13,43188.15,4.5,51,Mumbai,19.076,72.8777,Maharashtra
2025-09-10,29.5,24.6,26.7,35.9,30.1,0.3,0.3,11.9,31.7,295,23.04,36907.73,4.62,51,Mumbai,19.076,72.8777,Maharashtra
2025-09-11,28.9,24.2,26.6,34.9,29.6,1.5,1.5,11.5,31.3,290,20.14,40877.04,4.13,51,Mumbai,19.076,72.8777,Maharashtra
2025-09-12,29.3,24.8,26.9,34.5,30.0,1.2,1.2,12.9,33.8,313,19.58,35991.03,4.01,53,Mumbai,19.076,72.8777,Maharashtra
2025-09-13,28.6,25.0,26.5,33.3,30.9,12.7,12.7,14.6,38.2,321,13.94,19738.37,2.94,63,Mumbai,19.076,72.8777,Maharashtra
2025-09-14,29.1,24.8,26.5,35.0,29.6,12.2,12.2,15.6,38.2,322,16.12,18174.34,3.38,63,Mumbai,19.076,72.8777,Maharashtra
2025-09-15,27.1,24.9,25.9,31.9,29.9,65.5,65.5,16.2,41.0,304,8.78,7200.0,1.93,65,Mumbai,19.076,72.8777,Maharashtra
2025-09-16,27.8,25.2,26.1,32.8,30.7,5.2,5.2,11.8,30.6,282,10.17,11922.22,2.15,53,Mumbai,19.076,72.8777,Maharashtra
2025-09-17,28.2,24.7,26.3,34.3,30.4,25.7,25.7,9.9,27.7,255,15.2,33333.95,3.0,65,Mumbai,19.076,72.8777,Maharashtra
2025-09-18,27.8,24.6,26.1,33.7,30.4,10.4,10.4,9.8,27.7,290,12.61,16263.5,2.58,61,Mumbai,19.076,72.8777,Maharashtra
2025-09-19,28.2,24.7,26.1,33.9,30.0,8.2,8.2,11.7,30.6,250,15.37,33408.31,3.05,61,Mumbai,19.076,72.8777,Maharashtra
2025-09-20,29.0,24.7,26.4,35.0,29.9,12.3,12.3,11.3,35.3,243,18.37,35801.13,3.65,63,Mumbai,19.076,72.8777,Maharashtra
2025-09-21,28.6,24.8,26.2,34.3,30.2,15.7,15.7,13.5,33.1,282,16.32,35450.45,3.22,63,Mumbai,19.076,72.8777,Maharashtra
2025-09-22,28.3,24.0,25.8,33.9,29.3,17.0,17.0,12.7,32.8,292,13.26,22072.75,2.69,63,Mumbai,19.076,72.8777,Maharashtra
2025-09-23,28.7,24.5,26.3,33.3,29.8,10.7,10.7,16.4,40.3,270,13.13,24846.54,2.78,63,Mumbai,19.076,72.8777,Maharashtra
2025-09-24,28.6,25.0,26.8,34.4,29.9,2.5,2.5,11.7,32.4,272,19.65,41634.0,4.01,53,Mumbai,19.076,72.8777,Maharashtra
2025-09-25,28.1,24.2,26.2,34.5,28.8,3.1,3.1,10.2,28.4,258,19.27,36609.48,3.79,53,Mumbai,19.076,72.8777,Maharashtra
2025-09-26,29.1,24.2,26.6,34.8,29.3,3.0,3.0,12.7,33.8,324,18.91,35778.68,3.77,61,Mumbai,19.076,72.8777,Maharashtra
2025-09-27,28.3,24.5,26.2,32.9,29.0,14.1,14.1,14.9,36.0,291,11.09,14400.0,2.49,63,Mumbai,19.076,72.8777,Maharashtra
2025-09-28,26.5,25.4,25.8,30.0,27.2,125.7,125.7,31.7,62.3,278,2.18,0.0,1.21,65,Mumbai,19.076,72.8777,Maharashtra
2025-09-29,28.3,25.3,26.5,30.7,27.3,15.8,15.8,26.5,52.2,229,12.84,24926.19,3.48,63,Mumbai,19.076,72.8777,Maharashtra
2025-09-30,27.6,24.1,25.5,31.1,26.9,11.2,11.2,20.8,50.8,192,17.85,40225.65,3.6,63,Mumbai,19.076,72.8777,Maharashtra
2025-10-01,28.5,24.1,25.7,32.5,27.4,12.0,12.0,21.6,52.9,184,18.54,33040.93,3.66,63,Mumbai,19.076,72.8777,Maharashtra
2025-10-02,27.9,24.2,25.9,31.9,27.8,4.1,4.1,22.3,54.7,178,13.96,27291.36,2.91,51,Mumbai,19.076,72.8777,Maharashtra
2025-10-03,28.7,24.7,26.5,34.1,28.7,2.4,2.4,15.9,39.6,183,19.43,38866.93,3.79,53,Mumbai,19.076,72.8777,Maharashtra
2025-10-04,28.8,24.7,26.7,34.8,29.8,3.1,3.1,12.4,34.2,199,19.71,38657.97,3.86,51,Mumbai,19.076,72.8777,Maharashtra
2025-10-05,28.1,24.3,26.3,33.5,28.7,0.7,0.7,10.7,30.2,200,16.95,37286.53,3.38,51,Mumbai,19.076,72.8777,Maharashtra
2025-10-06,28.4,24.5,26.1,33.8,29.2,1.1,1.1,12.5,33.5,216,20.22,40694.15,3.93,51,Mumbai,19.076,72.8777,Maharashtra
2025-10-07,28.9,24.2,26.1,35.3,29.1,2.1,2.1,13.2,34.6,273,19.42,38275.77,3.77,51,Mumbai,19.076,72.8777,Maharashtra
2025-10-08,29.4,24.6,26.8,35.6,30.2,0.3,0.3,13.2,33.1,334,20.33,40279.16,4.08,51,Mumbai,19.076,72.8777,Maharashtra
2025-10-09,31.6,24.7,27.7,38.2,29.4,0.0,0.0,10.9,28.4,353,21.22,41360.75,4.66,3,Mumbai,19.076,72.8777,Maharashtra
2025-10-10,33.0,24.0,28.0,37.7,27.1,0.1,0.1,10.7,28.4,1,21.12,41372.05,4.92,51,Mumbai,19.076,72.8777,Maharashtra
2025-10-11,33.8,24.5,28.5,37.9,28.1,0.1,0.1,12.9,34.2,349,21.25,41136.31,5.03,51,Mumbai,19.076,72.8777,Maharashtra
2025-10-12,34.8,24.5,29.0,38.4,27.8,0.1,0.1,12.2,33.5,348,21.03,41145.64,5.16,51,Mumbai,19.076,72.8777,Maharashtra
2025-10-13,34.5,24.6,29.2,37.5,27.6,0.0,0.0,14.1,37.8,350,21.08,40907.28,5.39,2,Mumbai,19.076,72.8777,Maharashtra
2025-10-14,35.2,24.1,29.2,38.6,26.5,0.0,0.0,14.1,39.2,343,21.15,40667.43,5.4,2,Mumbai,19.076,72.8777,Maharashtra
2025-10-15,34.9,24.6,29.2,39.3,26.5,1.5,1.5,7.5,24.8,58,19.65,39932.13,4.55,53,Mumbai,19.076,72.8777,Maharashtra
2025-10-16,35.0,26.3,29.5,40.0,30.8,6.2,6.2,16.6,39.6,61,18.84,39123.27,4.41,63,Mumbai,19.076,72.8777,Maharashtra
2025-10-17,36.1,26.0,30.6,40.0,30.4,0.1,0.1,12.4,35.3,18,19.54,38894.1,5.11,51,Mumbai,19.076,72.8777,Maharashtra
2025-10-18,35.7,26.6,30.5,39.4,30.0,1.1,1.1,12.2,29.5,9,19.2,39945.89,4.82,53,Mumbai,19.076,72.8777,Maharashtra
2025-10-19,35.2,26.4,30.3,38.8,30.0,0.5,0.5,11.7,29.9,11,19.3,39949.4,4.94,51,Mumbai,19.076,72.8777,Maharashtra
2025-10-20,35.1,26.0,30.2,38.4,29.5,0.2,0.2,14.3,36.4,12,19.62,39952.26,5.07,51,Mumbai,19.076,72.8777,Maharashtra
2025-10-21,34.4,26.1,29.6,39.4,29.4,5.9,5.9,11.6,34.2,46,18.89,39100.64,4.71,61,Mumbai,19.076,72.8777,Maharashtra
2025-10-22,33.9,26.0,29.2,40.2,30.3,4.8,4.8,11.2,27.7,41,18.9,38088.29,4.34,63,Mumbai,19.076,72.8777,Maharashtra
2025-10-23,34.6,26.4,29.9,40.0,31.4,6.1,6.1,13.8,34.2,43,18.82,37976.35,4.61,63,Mumbai,19.076,72.8777,Maharashtra
2025-10-24,33.0,27.0,29.5,37.4,32.3,8.7,8.7,13.7,38.5,128,12.84,30088.43,3.3,63,Mumbai,19.076,72.8777,Maharashtra
2025-10-25,30.2,25.2,27.1,34.1,29.8,13.8,13.8,14.4,43.9,138,13.27,25200.0,2.97,63,Mumbai,19.076,72.8777,Maharashtra
2025-10-26,26.8,24.0,25.2,31.3,28.1,34.3,34.3,17.8,40.0,128,3.99,0.0,1.02,63,Mumbai,19.076,72.8777,Maharashtra
2025-10-27,30.4,23.7,26.0,34.9,28.0,13.3,13.3,20.5,48.2,151,14.19,28332.79,3.06,63,Mumbai,19.076,72.8777,Maharashtra
2025-10-28,31.7,25.3,27.5,35.3,28.7,0.4,0.4,16.8,47.2,146,17.33,34950.82,4.17,51,Mumbai,19.076,72.8777,Maharashtra
2025-10-29,30.9,25.9,27.4,36.3,28.9,0.1,0.1,18.5,45.0,153,17.97,36000.0,4.0,51,Mumbai,19.076,72.8777,Maharashtra
2025-10-30,28.7,24.6,26.4,31.7,28.8,11.5,11.5,20.2,46.1,157,12.97,25200.0,3.06,63,Mumbai,19.076,72.8777,Maharashtra
2025-10-31,29.2,24.4,26.6,32.8,27.5,8.6,8.6,24.2,56.2,161,14.85,31750.58,3.39,63,Mumbai,19.076,72.8777,Maharashtra
2025-11-01,28.4,25.0,26.5,33.5,29.0,3.1,3.1,19.2,45.4,170,15.36,32931.67,3.12,53,Mumbai,19.076,72.8777,Maharashtra
2025-11-02,27.6,25.2,26.2,31.9,29.6,4.2,4.2,16.2,41.0,183,13.1,33561.31,2.63,55,Mumbai,19.076,72.8777,Maharashtra
2025-11-03,28.7,23.9,26.1,34.2,28.1,2.5,2.5,12.2,32.0,201,16.95,36900.12,3.28,53,Mumbai,19.076,72.8777,Maharashtra
2025-11-04,28.1,24.4,25.8,33.0,29.5,1.6,1.6,13.0,33.1,241,15.8,37173.08,3.06,51,Mumbai,19.076,72.8777,Maharashtra
2025-11-05,28.6,23.4,25.7,33.2,28.4,0.1,0.1,9.0,25.6,334,17.79,36000.0,3.61,51,Mumbai,19.076,72.8777,Maharashtra
2025-11-06,29.1,22.9,25.7,34.8,27.0,0.6,0.6,12.3,30.6,348,17.01,37722.71,3.53,53,Mumbai,19.076,72.8777,Maharashtra
2025-11-07,31.4,23.8,26.7,36.6,26.9,0.0,0.0,12.3,30.2,346,18.54,36000.0,4.13,2,Mumbai,19.076,72.8777,Maharashtra
2025-11-08,33.4,22.5,27.2,34.1,24.4,0.0,0.0,11.3,30.6,19,19.41,38188.45,4.79,0,Mumbai,19.076,72.8777,Maharashtra
2025-11-09,31.4,21.3,26.0,32.1,23.0,0.0,0.0,12.0,34.6,329,19.55,38479.2,4.63,0,Mumbai,19.076,72.8777,Maharashtra
2025-11-10,32.2,20.7,26.1,32.8,22.6,0.0,0.0,11.1,31.3,258,19.36,38063.04,4.45,0,Mumbai,19.076,72.8777,Maharashtra
2025-11-11,32.1,21.4,26.4,33.3,23.9,0.0,0.0,12.7,34.9,346,19.12,37568.42,4.54,0,Mumbai,19.076,72.8777,Maharashtra
2025-11-12,32.8,21.3,26.9,34.4,21.6,0.0,0.0,13.4,34.6,18,19.07,37848.18,4.93,0,Mumbai,19.076,72.8777,Maharashtra
2025-11-13,33.4,21.9,27.2,34.8,22.0,0.0,0.0,13.6,35.6,16,19.05,37869.92,5.09,0,Mumbai,19.076,72.8777,Maharashtra
2025-11-14,33.1,21.3,26.8,34.3,21.7,0.0,0.0,10.8,31.3,15,19.08,37891.81,4.73,0,Mumbai,19.076,72.8777,Maharashtra
2025-11-15,33.2,20.9,26.4,33.8,20.7,0.0,0.0,11.8,30.2,30,19.18,37913.86,4.83,0,Mumbai,19.076,72.8777,Maharashtra
2025-11-16,33.1,20.8,26.3,33.1,19.6,0.0,0.0,12.9,29.2,39,19.13,37675.63,5.09,0,Mumbai,19.076,72.8777,Maharashtra
2025-11-17,32.4,20.9,25.8,32.4,19.9,0.0,0.0,15.9,39.2,30,19.11,37697.42,5.19,0,Mumbai,19.076,72.8777,Maharashtra
2025-11-18,32.3,19.7,25.2,32.0,18.4,0.0,0.0,14.4,33.1,28,19.26,37723.25,4.98,0,Mumbai,19.076,72.8777,Maharashtra
2025-11-19,32.8,18.7,25.5,33.7,17.4,0.0,0.0,12.3,32.4,21,18.9,37489.28,5.0,0,Mumbai,19.076,72.8777,Maharashtra
2025-11-20,32.9,19.8,25.9,34.1,19.8,0.0,0.0,12.0,29.9,2,18.7,37253.79,4.7,3,Mumbai,19.076,72.8777,Maharashtra
2025-11-21,33.8,20.1,26.2,34.6,19.6,0.0,0.0,11.2,30.2,17,18.27,37279.13,4.66,0,Mumbai,19.076,72.8777,Maharashtra
2025-11-22,33.3,22.4,27.2,35.1,23.6,0.0,0.0,9.5,28.4,342,17.54,36755.24,4.33,0,Mumbai,19.076,72.8777,Maharashtra
2025-11-23,32.7,23.9,27.5,36.3,26.6,0.0,0.0,11.6,32.8,333,17.29,36512.17,4.06,3,Mumbai,19.076,72.8777,Maharashtra
2025-11-24,32.9,23.5,27.5,36.6,26.7,0.0,0.0,12.2,33.8,333,17.15,36532.01,4.07,3,Mumbai,19.076,72.8777,Maharashtra
2025-11-25,33.0,23.8,27.5,36.2,26.6,0.0,0.0,9.2,29.2,334,16.48,36552.14,3.86,2,Mumbai,19.076,72.8777,Maharashtra
2025-11-26,32.6,24.2,27.6,35.0,28.3,0.0,0.0,11.0,31.3,306,16.92,36308.35,3.84,1,Mumbai,19.076,72.8777,Maharashtra
2025-11-27,33.7,23.6,27.6,35.1,26.6,0.0,0.0,13.3,34.9,360,17.29,36328.6,4.29,0,Mumbai,19.076,72.8777,Maharashtra
2025-11-28,33.3,22.7,27.2,34.7,23.9,0.0,0.0,12.1,31.0,357,17.44,36349.02,4.32,3,Mumbai,19.076,72.8777,Maharashtra
2025-11-29,32.9,23.2,27.2,33.6,24.0,0.0,0.0,11.6,27.0,38,17.36,36000.0,4.53,3,Mumbai,19.076,72.8777,Maharashtra
2025-11-30,32.0,20.4,25.4,31.9,20.0,0.0,0.0,13.3,34.2,6,17.68,36390.13,4.38,3,Mumbai,19.076,72.8777,Maharashtra
2025-12-01,32.5,19.6,25.3,32.5,19.3,0.0,0.0,13.4,36.0,11,17.57,36410.73,4.43,3,Mumbai,19.076,72.8777,Maharashtra
2025-12-02,32.3,19.9,25.4,31.8,19.9,0.0,0.0,12.9,34.6,350,16.89,36000.0,4.1,3,Mumbai,19.076,72.8777,Maharashtra
2025-12-03,33.3,20.2,26.1,33.6,19.8,0.0,0.0,12.3,29.9,18,17.51,36200.32,4.6,3,Mumbai,19.076,72.8777,Maharashtra
2025-12-04,33.7,21.9,27.2,34.9,21.4,0.0,0.0,13.8,33.1,27,17.19,36215.7,4.93,0,Mumbai,19.076,72.8777,Maharashtra
2025-12-05,34.1,23.1,28.0,36.0,23.1,0.0,0.0,13.1,31.0,34,16.96,36004.78,5.01,0,Mumbai,19.076,72.8777,Maharashtra
2025-12-06,33.0,23.3,27.3,34.1,23.1,0.0,0.0,13.0,34.2,23,15.72,36000.0,4.6,3,Mumbai,19.076,72.8777,Maharashtra
2025-12-07,33.6,21.8,26.7,33.7,20.7,0.0,0.0,13.0,29.5,24,16.92,36000.0,4.73,3,Mumbai,19.076,72.8777,Maharashtra
2025-12-08,33.7,20.9,26.4,33.9,21.1,0.0,0.0,13.3,32.0,8,17.25,36016.5,4.46,0,Mumbai,19.076,72.8777,Maharashtra
2025-12-09,33.1,20.3,26.5,32.4,18.4,0.0,0.0,11.4,30.6,32,17.8,36035.15,4.9,0,Mumbai,19.076,72.8777,Maharashtra
2025-12-10,33.3,20.7,26.2,31.9,18.9,0.0,0.0,12.5,33.1,20,17.8,36291.61,4.92,0,Mumbai,19.076,72.8777,Maharashtra
2025-12-11,33.0,20.4,25.6,31.9,18.3,0.0,0.0,12.1,31.7,23,17.73,36229.92,4.86,0,Mumbai,19.076,72.8777,Maharashtra
2025-12-12,32.4,18.9,24.8,31.5,17.6,0.0,0.0,12.1,32.4,8,17.55,36221.2,4.51,0,Mumbai,19.076,72.8777,Maharashtra
2025-12-13,33.0,19.1,25.1,32.3,19.2,0.0,0.0,13.3,33.1,360,17.36,36211.96,4.32,0,Mumbai,19.076,72.8777,Maharashtra
2025-12-14,32.4,19.7,25.5,32.4,19.1,0.0,0.0,14.2,31.0,17,17.24,36201.87,4.67,3,Mumbai,19.076,72.8777,Maharashtra
2025-12-15,32.6,19.7,25.7,31.9,19.2,0.0,0.0,12.4,32.0,33,17.33,36190.93,4.7,2,Mumbai,19.076,72.8777,Maharashtra
2025-12-16,32.9,19.5,25.5,32.3,17.7,0.0,0.0,14.4,37.4,47,17.28,36179.26,4.81,0,Mumbai,19.076,72.8777,Maharashtra
2025-12-17,33.1,20.6,26.1,33.8,19.8,0.0,0.0,12.2,29.2,11,16.75,36166.82,4.43,0,Mumbai,19.076,72.8777,Maharashtra
2025-12-18,33.1,20.0,25.9,33.0,19.2,0.0,0.0,11.9,30.6,9,17.45,36423.13,4.47,0,Mumbai,19.076,72.8777,Maharashtra
2025-12-19,33.2,19.6,25.2,32.6,18.0,0.0,0.0,15.6,33.1,11,17.77,36409.43,4.6,1,Mumbai,19.076,72.8777,Maharashtra
2025-12-20,33.1,19.0,24.9,31.9,17.1,0.0,0.0,13.9,35.6,15,17.78,36395.13,4.45,3,Mumbai,19.076,72.8777,Maharashtra
2025-12-21,32.4,19.2,24.9,30.9,16.7,0.0,0.0,12.6,28.1,23,15.31,34814.01,4.35,3,Mumbai,19.076,72.8777,Maharashtra
2025-12-22,31.7,18.6,24.5,30.9,17.0,0.0,0.0,14.8,33.8,359,17.08,36364.82,4.42,3,Mumbai,19.076,72.8777,Maharashtra
2025-12-23,32.4,19.9,25.2,32.0,18.4,0.0,0.0,15.7,37.8,11,17.21,36618.67,4.62,3,Mumbai,19.076,72.8777,Maharashtra
2025-12-24,32.2,20.8,25.2,32.1,19.0,0.0,0.0,14.8,38.5,17,16.82,36000.0,4.7,3,Mumbai,19.076,72.8777,Maharashtra
2025-12-25,31.6,19.1,24.7,31.7,18.4,0.0,0.0,13.7,32.4,15,17.13,36585.62,4.42,3,Mumbai,19.076,72.8777,Maharashtra
2025-12-26,31.3,19.0,24.7,31.2,18.6,0.0,0.0,15.1,33.5,357,17.1,36838.26,4.35,0,Mumbai,19.076,72.8777,Maharashtra
2025-12-27,32.0,19.7,25.0,32.2,19.1,0.0,0.0,13.4,32.4,12,17.07,36820.83,4.5,0,Mumbai,19.076,72.8777,Maharashtra
2025-12-28,31.5,20.0,24.9,31.2,19.6,0.0,0.0,12.0,33.1,6,17.2,37072.7,4.4,0,Mumbai,19.076,72.8777,Maharashtra
2025-12-29,31.2,19.1,24.6,30.8,19.2,0.0,0.0,11.5,31.0,359,17.34,37054.69,4.26,0,Mumbai,19.076,72.8777,Maharashtra
2025-12-30,29.4,18.6,23.5,29.8,19.4,0.0,0.0,11.3,31.3,322,17.22,37036.49,3.72,3,Mumbai,19.076,72.8777,Maharashtra
2025-12-31,28.8,18.1,23.2,30.3,20.2,0.0,0.0,13.4,36.4,299,16.76,36961.31,3.53,2,Mumbai,19.076,72.8777,Maharashtra
2026-01-01,28.0,20.1,23.5,30.5,22.6,0.9,0.9,13.6,35.6,332,15.7,36999.7,3.34,53,Mumbai,19.076,72.8777,Maharashtra
2026-01-02,28.5,20.2,23.8,31.4,22.8,0.0,0.0,14.3,37.8,340,16.28,36981.13,3.53,3,Mumbai,19.076,72.8777,Maharashtra
2026-01-03,30.3,20.2,24.5,31.9,21.4,0.0,0.0,12.1,32.4,342,16.01,36961.99,3.75,1,Mumbai,19.076,72.8777,Maharashtra
2026-01-04,30.4,21.4,25.4,32.5,23.2,0.0,0.0,12.2,32.0,344,15.33,37210.95,3.8,3,Mumbai,19.076,72.8777,Maharashtra
2026-01-05,31.7,21.9,25.8,33.4,23.1,0.0,0.0,12.3,32.0,334,16.25,37190.54,4.02,1,Mumbai,19.076,72.8777,Maharashtra
2026-01-06,31.4,21.6,25.5,31.8,23.3,0.0,0.0,13.4,34.9,15,17.27,37706.06,4.19,0,Mumbai,19.076,72.8777,Maharashtra
2026-01-07,31.1,19.6,24.7,31.5,21.1,0.0,0.0,12.8,34.2,354,17.49,37952.26,4.14,0,Mumbai,19.076,72.8777,Maharashtra
2026-01-08,30.5,19.0,24.1,29.9,18.8,0.0,0.0,13.4,36.0,352,17.75,37929.83,4.31,1,Mumbai,19.076,72.8777,Maharashtra
2026-01-09,31.4,17.9,23.8,31.0,17.1,0.0,0.0,13.5,35.3,358,17.79,38174.46,4.39,3,Mumbai,19.076,72.8777,Maharashtra
2026-01-10,30.2,19.0,23.6,29.9,18.0,0.0,0.0,16.3,42.1,354,17.6,38418.22,4.49,0,Mumbai,19.076,72.8777,Maharashtra
2026-01-11,31.6,18.8,24.3,31.3,17.9,0.0,0.0,14.1,35.6,358,17.7,38394.26,4.53,0,Mumbai,19.076,72.8777,Maharashtra
2026-01-12,32.2,20.1,25.3,32.1,18.9,0.0,0.0,11.3,31.0,10,16.93,37570.36,4.44,2,Mumbai,19.076,72.8777,Maharashtra
2026-01-13,31.4,22.0,26.4,32.9,22.4,0.0,0.0,9.0,27.7,327,16.96,37813.15,4.04,1,Mumbai,19.076,72.8777,Maharashtra
2026-01-14,31.1,22.3,25.9,32.7,22.5,0.0,0.0,15.9,42.5,337,17.16,38803.35,4.42,1,Mumbai,19.076,72.8777,Maharashtra
2026-01-15,29.8,18.9,24.1,30.3,18.8,0.0,0.0,13.1,35.6,339,18.11,38843.07,4.41,1,Mumbai,19.076,72.8777,Maharashtra
2026-01-16,30.1,19.0,24.0,32.0,20.5,0.0,0.0,11.1,30.6,322,18.12,38882.58,3.86,2,Mumbai,19.076,72.8777,Maharashtra
2026-01-17,29.7,18.9,23.6,31.0,21.3,0.0,0.0,12.6,33.5,307,17.45,38247.33,3.88,3,Mumbai,19.076,72.8777,Maharashtra
2026-01-18,26.6,19.7,22.8,28.6,22.0,0.0,0.0,14.5,39.6,329,17.65,38960.59,3.62,1,Mumbai,19.076,72.8777,Maharashtra
2026-01-19,27.7,18.1,22.6,28.3,19.0,0.0,0.0,16.7,44.6,345,18.3,38998.93,4.17,0,Mumbai,19.076,72.8777,Maharashtra
2026-01-20,28.2,17.8,22.9,29.2,18.4,0.0,0.0,11.4,32.8,339,18.22,39036.7,4.1,0,Mumbai,19.076,72.8777,Maharashtra
2026-01-21,31.0,19.3,24.6,31.8,21.0,0.0,0.0,13.7,36.4,266,18.17,39073.84,4.05,0,Mumbai,19.076,72.8777,Maharashtra
2026-01-22,30.2,20.5,24.7,30.6,21.3,0.0,0.0,14.5,38.9,279,18.26,39110.35,4.08,0,Mumbai,19.076,72.8777,Maharashtra
2026-01-23,28.1,20.4,23.7,30.7,22.4,0.0,0.0,17.1,43.2,335,18.2,39146.76,3.88,1,Mumbai,19.076,72.8777,Maharashtra
2026-01-24,28.8,18.8,23.2,30.4,19.9,0.0,0.0,15.2,39.2,340,18.36,39183.09,4.17,0,Mumbai,19.076,72.8777,Maharashtra
2026-01-25,30.1,19.0,23.7,31.9,20.3,0.0,0.0,10.6,29.9,345,18.5,39219.32,4.08,2,Mumbai,19.076,72.8777,Maharashtra
2026-01-26,31.0,19.8,24.8,32.6,21.9,0.0,0.0,8.8,29.5,317,18.23,39255.41,3.98,1,Mumbai,19.076,72.8777,Maharashtra
2026-01-27,27.6,21.8,23.9,30.0,23.6,0.4,0.4,16.4,45.0,334,17.71,39291.31,3.75,51,Mumbai,19.076,72.8777,Maharashtra
2026-01-28,29.8,19.8,23.8,30.8,20.4,0.0,0.0,13.6,37.1,349,19.08,39327.01,4.5,1,Mumbai,19.076,72.8777,Maharashtra
2026-01-29,32.5,19.7,25.1,34.7,19.3,0.0,0.0,11.2,33.1,338,18.36,39362.45,4.39,3,Mumbai,19.076,72.8777,Maharashtra
2026-01-30,31.6,23.0,26.0,33.6,24.7,0.0,0.0,13.6,37.8,225,17.09,37348.22,3.81,3,Mumbai,19.076,72.8777,Maharashtra
2026-01-31,28.8,22.1,25.0,33.5,26.1,0.0,0.0,14.9,38.9,321,18.31,39287.28,3.67,2,Mumbai,19.076,72.8777,Maharashtra
2026-02-01,31.8,21.3,25.5,35.0,24.3,0.0,0.0,13.1,34.6,338,18.42,39466.95,4.23,2,Mumbai,19.076,72.8777,Maharashtra
2026-02-02,33.2,21.5,26.4,34.3,23.4,0.0,0.0,12.4,34.6,327,19.2,39501.06,4.65,1,Mumbai,19.076,72.8777,Maharashtra
2026-02-03,32.3,21.7,26.2,34.0,21.9,0.0,0.0,12.7,32.8,337,19.1,39534.74,4.68,1,Mumbai,19.076,72.8777,Maharashtra
2026-02-04,33.8,21.9,26.8,35.0,22.3,0.0,0.0,14.2,32.0,348,19.04,39567.98,4.78,2,Mumbai,19.076,72.8777,Maharashtra
2026-02-05,33.9,22.6,27.3,34.6,22.9,0.0,0.0,14.0,37.4,335,19.35,39600.0,5.07,1,Mumbai,19.076,72.8777,Maharashtra
2026-02-06,33.7,22.2,27.2,34.2,22.9,0.0,0.0,18.1,42.5,353,20.0,39600.0,5.48,0,Mumbai,19.076,72.8777,Maharashtra
2026-02-07,33.3,21.7,26.9,34.3,22.0,0.0,0.0,13.2,36.7,341,20.27,39600.0,5.36,0,Mumbai,19.076,72.8777,Maharashtra
2026-02-08,33.5,21.9,27.2,33.9,21.8,0.0,0.0,12.3,32.4,342,20.4,39600.0,5.36,1,Mumbai,19.076,72.8777,Maharashtra
2026-02-09,31.1,21.6,26.0,33.3,22.9,0.0,0.0,13.5,36.0,327,20.45,39600.0,4.83,0,Mumbai,19.076,72.8777,Maharashtra
2026-02-10,30.5,21.8,25.7,33.0,22.9,0.0,0.0,15.0,40.0,336,20.4,39600.0,5.04,2,Mumbai,19.076,72.8777,Maharashtra
2026-02-11,33.9,22.0,26.8,35.3,22.5,0.0,0.0,15.2,40.3,341,20.52,39600.0,5.21,3,Mumbai,19.076,72.8777,Maharashtra
2026-02-12,32.7,22.0,26.8,33.7,23.5,0.0,0.0,13.7,37.8,318,20.79,39600.0,5.06,0,Mumbai,19.076,72.8777,Maharashtra
2026-02-13,33.1,21.9,26.6,34.8,23.1,0.0,0.0,12.1,34.9,326,20.8,39600.0,4.81,3,Mumbai,19.076,72.8777,Maharashtra
2026-02-14,34.6,22.1,27.3,35.9,23.2,0.0,0.0,14.4,38.9,332,21.07,39600.0,5.11,3,Mumbai,19.076,72.8777,Maharashtra
2026-02-15,34.5,23.0,28.0,35.6,24.1,0.0,0.0,14.7,39.6,339,21.11,39600.0,5.65,0,Mumbai,19.076,72.8777,Maharashtra
2026-02-16,32.0,22.8,26.7,34.3,22.7,0.0,0.0,13.7,37.4,327,21.3,39600.0,5.18,0,Mumbai,19.076,72.8777,Maharashtra
2026-02-17,30.3,22.6,25.7,32.3,23.9,0.0,0.0,14.9,41.4,332,21.14,39600.0,5.05,0,Mumbai,19.076,72.8777,Maharashtra
2026-02-18,28.5,21.6,24.7,31.9,23.7,0.0,0.0,15.8,43.2,331,20.86,39600.0,4.59,1,Mumbai,19.076,72.8777,Maharashtra
2026-02-19,30.4,21.3,25.3,33.5,23.0,0.0,0.0,13.4,37.4,330,21.08,39600.0,4.66,0,Mumbai,19.076,72.8777,Maharashtra
2026-02-20,32.7,23.0,27.0,35.9,25.9,0.0,0.0,11.9,32.4,316,21.07,39600.0,4.79,1,Mumbai,19.076,72.8777,Maharashtra
2026-02-21,35.8,23.8,28.8,37.2,25.8,0.0,0.0,11.5,32.0,342,20.91,39600.0,5.4,1,Mumbai,19.076,72.8777,Maharashtra
2026-02-22,34.2,23.1,27.9,36.7,25.2,0.0,0.0,13.3,35.3,324,20.35,39600.0,5.08,2,Mumbai,19.076,72.8777,Maharashtra
2026-02-23,34.0,23.9,27.9,36.2,24.4,0.0,0.0,12.5,36.4,326,21.66,39600.0,5.58,1,Mumbai,19.076,72.8777,Maharashtra
2026-02-24,32.5,23.4,27.3,35.8,24.9,0.0,0.0,13.4,37.4,323,21.79,39600.0,5.2,3,Mumbai,19.076,72.8777,Maharashtra
2026-02-25,31.9,23.1,26.9,34.7,25.5,0.0,0.0,13.5,37.8,312,21.74,39600.0,5.01,1,Mumbai,19.076,72.8777,Maharashtra
2026-02-26,29.8,22.1,25.4,33.5,25.3,0.0,0.0,14.0,40.0,315,21.85,39600.0,4.57,0,Mumbai,19.076,72.8777,Maharashtra
2026-02-27,29.8,22.1,25.3,32.0,25.2,0.0,0.0,13.4,38.5,306,22.01,39600.0,4.67,1,Mumbai,19.076,72.8777,Maharashtra
2026-02-28,30.2,21.9,25.6,31.7,24.3,0.0,0.0,15.9,44.3,320,22.0,39600.0,5.03,1,Mumbai,19.076,72.8777,Maharashtra
2026-03-01,30.3,21.5,25.5,33.1,23.4,0.0,0.0,14.7,41.4,326,22.41,39600.0,4.98,0,Mumbai,19.076,72.8777,Maharashtra
2026-03-02,30.4,21.7,25.8,34.2,25.0,0.0,0.0,16.3,42.1,333,22.35,39600.0,4.92,1,Mumbai,19.076,72.8777,Maharashtra
2026-03-03,34.2,23.6,28.3,37.6,24.7,0.0,0.0,18.0,42.8,337,22.44,39600.0,6.05,0,Mumbai,19.076,72.8777,Maharashtra
2026-03-04,38.1,25.4,31.0,39.0,25.3,0.0,0.0,19.8,43.6,349,22.82,39661.98,7.25,0,Mumbai,19.076,72.8777,Maharashtra
2026-03-05,38.0,25.7,31.0,37.9,25.0,0.0,0.0,22.6,53.3,349,23.11,39638.89,7.62,0,Mumbai,19.076,72.8777,Maharashtra
2026-03-06,34.6,25.2,28.7,36.3,23.7,0.0,0.0,18.1,45.7,334,23.31,39860.06,6.6,0,Mumbai,19.076,72.8777,Maharashtra
2026-03-07,32.2,23.2,27.3,37.2,25.4,0.0,0.0,16.9,41.4,331,23.09,39835.96,5.58,0,Mumbai,19.076,72.8777,Maharashtra
2026-03-08,35.5,24.0,29.4,39.7,25.9,0.0,0.0,17.8,39.6,337,23.37,39811.56,6.67,0,Mumbai,19.076,72.8777,Maharashtra
2026-03-09,38.8,25.1,31.4,39.9,24.9,0.0,0.0,18.5,43.6,343,23.71,40031.04,7.12,0,Mumbai,19.076,72.8777,Maharashtra
2026-03-10,39.8,27.4,31.8,40.8,25.1,0.0,0.0,14.9,42.5,360,23.63,40005.93,7.08,1,Mumbai,19.076,72.8777,Maharashtra
2026-03-11,33.2,25.1,28.7,38.1,27.8,0.0,0.0,15.0,39.2,215,22.62,39980.65,5.14,2,Mumbai,19.076,72.8777,Maharashtra
2026-03-12,34.0,24.1,28.6,40.4,29.2,0.0,0.0,15.6,38.5,293,22.83,39600.0,5.19,1,Mumbai,19.076,72.8777,Maharashtra
2026-03-13,37.7,25.1,30.5,39.2,25.9,0.0,0.0,19.1,44.6,340,23.7,40416.98,6.81,0,Mumbai,19.076,72.8777,Maharashtra
2026-03-14,33.7,25.2,28.9,38.2,26.5,0.0,0.0,13.0,36.7,318,23.45,40391.18,5.77,0,Mumbai,19.076,72.8777,Maharashtra
2026-03-15,31.8,23.6,27.4,36.2,28.5,0.0,0.0,14.0,40.0,288,23.52,40121.88,5.22,1,Mumbai,19.076,72.8777,Maharashtra
2026-03-16,31.5,23.9,27.1,36.1,28.8,0.0,0.0,14.5,40.3,298,23.05,39609.3,4.99,3,Mumbai,19.076,72.8777,Maharashtra
2026-03-17,31.1,23.7,26.9,35.7,28.9,0.0,0.0,14.2,41.0,293,23.14,39827.13,5.05,3,Mumbai,19.076,72.8777,Maharashtra
2026-03-18,30.8,22.8,26.8,35.0,27.3,0.0,0.0,15.1,42.1,307,23.49,40531.6,5.13,1,Mumbai,19.076,72.8777,Maharashtra
2026-03-19,30.4,23.3,26.8,35.0,26.7,0.0,0.0,13.0,37.1,302,23.65,40749.43,5.27,3,Mumbai,19.076,72.8777,Maharashtra
2026-03-20,31.0,23.2,26.8,34.8,26.7,0.0,0.0,16.4,41.4,323,23.49,40967.4,5.35,2,Mumbai,19.076,72.8777,Maharashtra
2026-03-21,33.9,23.8,28.0,34.9,24.9,0.0,0.0,21.9,55.1,338,24.2,41185.63,6.52,0,Mumbai,19.076,72.8777,Maharashtra
2026-03-22,35.9,24.3,29.3,36.6,24.0,0.0,0.0,17.7,47.2,346,24.17,41160.91,7.0,1,Mumbai,19.076,72.8777,Maharashtra
2026-03-23,36.3,25.0,30.3,37.8,25.0,0.0,0.0,15.0,41.4,338,23.96,39600.0,6.63,3,Mumbai,19.076,72.8777,Maharashtra
2026-03-24,35.8,26.2,30.1,37.6,27.3,0.0,0.0,18.5,48.6,334,23.98,41355.58,6.77,2,Mumbai,19.076,72.8777,Maharashtra
2026-03-25,34.1,25.4,29.6,38.7,28.8,0.0,0.0,15.1,43.9,337,23.79,41331.23,5.98,3,Mumbai,19.076,72.8777,Maharashtra
2026-03-26,35.5,26.4,30.8,38.7,28.5,0.0,0.0,17.4,46.8,339,23.32,41793.63,6.6,3,Mumbai,19.076,72.8777,Maharashtra
2026-03-27,36.8,27.5,31.3,38.6,28.6,0.0,0.0,15.9,41.8,330,22.91,41525.87,6.6,1,Mumbai,19.076,72.8777,Maharashtra
2026-03-28,31.9,26.0,28.4,38.0,31.4,0.0,0.0,16.5,45.0,284,24.54,41988.62,5.32,1,Mumbai,19.076,72.8777,Maharashtra
2026-03-29,31.3,25.4,27.9,36.1,30.9,0.2,0.2,14.9,41.0,302,21.84,40990.08,4.87,51,Mumbai,19.076,72.8777,Maharashtra
2026-03-30,32.7,25.0,28.6,38.1,30.4,0.0,0.0,16.6,46.1,322,23.71,41696.91,5.34,1,Mumbai,19.076,72.8777,Maharashtra
2026-03-31,32.5,25.7,28.4,37.6,31.0,0.0,0.0,17.6,43.6,322,24.01,41429.19,5.44,1,Mumbai,19.076,72.8777,Maharashtra
2026-04-01,31.1,25.6,27.9,35.4,29.4,0.0,0.0,16.7,45.7,324,23.26,41649.32,5.29,3,Mumbai,19.076,72.8777,Maharashtra
2026-04-02,31.6,24.3,27.5,36.0,28.5,0.0,0.0,15.5,41.0,321,21.21,40293.73,4.98,3,Mumbai,19.076,72.8777,Maharashtra
2026-04-03,32.5,24.4,28.1,36.5,27.8,0.0,0.0,16.3,42.8,307,24.04,42823.8,5.7,3,Mumbai,19.076,72.8777,Maharashtra
2026-04-04,32.1,24.9,27.8,36.3,29.0,0.0,0.0,17.0,43.9,311,23.95,42557.31,5.36,2,Mumbai,19.076,72.8777,Maharashtra
2026-04-05,30.2,25.5,27.4,34.0,27.9,0.0,0.0,15.9,41.4,296,24.38,42535.45,5.54,1,Mumbai,19.076,72.8777,Maharashtra
2026-04-06,30.7,24.3,27.3,32.9,27.4,0.0,0.0,16.0,43.6,290,22.53,42513.98,5.26,3,Mumbai,19.076,72.8777,Maharashtra
2026-04-07,31.4,24.9,27.8,34.6,28.4,0.0,0.0,13.4,39.2,274,24.76,43120.8,5.45,1,Mumbai,19.076,72.8777,Maharashtra
2026-04-08,31.7,26.9,29.0,36.3,30.7,0.0,0.0,14.1,40.7,263,24.3,42472.38,5.66,2,Mumbai,19.076,72.8777,Maharashtra
2026-04-09,31.9,25.2,28.5,35.9,29.9,3.2,3.2,15.0,41.0,309,23.77,41687.64,5.61,53,Mumbai,19.076,72.8777,Maharashtra
2026-04-10,33.4,25.4,28.8,37.8,28.4,0.0,0.0,16.8,43.9,321,25.29,43200.0,5.96,0,Mumbai,19.076,72.8777,Maharashtra
2026-04-11,33.5,26.3,29.5,38.5,30.9,0.0,0.0,15.1,41.4,303,25.45,43200.0,5.92,0,Mumbai,19.076,72.8777,Maharashtra
2026-04-12,34.7,25.0,29.6,40.2,29.5,0.0,0.0,14.9,40.0,317,25.61,43200.0,5.98,0,Mumbai,19.076,72.8777,Maharashtra
2026-04-13,32.2,25.5,28.6,38.7,31.3,0.0,0.0,13.8,38.9,239,25.74,43200.0,5.45,0,Mumbai,19.076,72.8777,Maharashtra
2026-04-14,34.8,25.4,29.8,39.6,31.3,0.0,0.0,18.0,46.8,319,25.78,43200.0,6.24,2,Mumbai,19.076,72.8777,Maharashtra
2026-04-15,34.0,25.2,29.1,39.3,30.5,0.0,0.0,15.9,43.6,312,26.1,43200.0,5.97,1,Mumbai,19.076,72.8777,Maharashtra
2026-04-16,32.5,25.2,28.3,37.3,31.3,0.0,0.0,13.0,38.5,291,25.9,43200.0,5.62,1,Mumbai,19.076,72.8777,Maharashtra
2026-04-17,32.6,24.8,28.6,38.5,29.7,0.0,0.0,15.5,42.5,300,23.41,37710.62,5.21,3,Mumbai,19.076,72.8777,Maharashtra
2026-04-18,34.3,25.7,29.8,39.4,31.6,0.0,0.0,16.8,43.6,325,22.58,42008.31,5.5,3,Mumbai,19.076,72.8777,Maharashtra
2026-04-19,34.3,27.2,30.5,39.5,29.4,0.0,0.0,18.4,48.6,325,23.76,42522.81,6.2,2,Mumbai,19.076,72.8777,Maharashtra
2026-04-20,35.1,26.8,30.1,39.5,31.5,0.0,0.0,14.9,40.7,292,25.11,43200.0,5.91,1,Mumbai,19.076,72.8777,Maharashtra
2026-04-21,35.4,26.4,30.4,41.5,31.9,0.0,0.0,18.3,46.1,319,25.37,43200.0,6.3,2,Mumbai,19.076,72.8777,Maharashtra
2026-04-22,33.9,26.7,30.2,40.3,30.7,0.0,0.0,16.7,45.0,304,25.21,43200.0,5.94,1,Mumbai,19.076,72.8777,Maharashtra
2026-04-23,36.1,26.4,31.2,41.3,29.3,0.0,0.0,17.4,46.4,332,24.65,42585.56,6.7,2,Mumbai,19.076,72.8777,Maharashtra
2026-04-24,37.3,27.7,31.5,41.3,31.1,0.0,0.0,15.2,41.0,330,23.04,41969.33,6.29,2,Mumbai,19.076,72.8777,Maharashtra
2026-04-25,37.3,27.9,32.0,42.4,30.0,0.0,0.0,15.8,42.8,335,25.42,43200.0,7.15,3,Mumbai,19.076,72.8777,Maharashtra
2026-04-26,34.7,27.8,31.0,41.9,31.2,0.0,0.0,12.8,37.1,258,24.18,43200.0,5.69,1,Mumbai,19.076,72.8777,Maharashtra
2026-04-27,32.8,27.6,29.9,38.9,33.6,0.0,0.0,15.8,43.9,214,25.2,43200.0,5.59,2,Mumbai,19.076,72.8777,Maharashtra
2026-04-28,33.3,27.2,29.8,39.1,33.8,0.0,0.0,14.4,40.3,230,25.53,43200.0,5.7,1,Mumbai,19.076,72.8777,Maharashtra
2026-04-29,33.1,26.8,29.7,37.7,33.1,0.0,0.0,16.9,46.1,225,25.91,43200.0,5.8,3,Mumbai,19.076,72.8777,Maharashtra
2026-04-30,32.7,27.0,29.7,38.7,33.0,0.0,0.0,14.8,41.8,209,25.01,43200.0,5.62,1,Mumbai,19.076,72.8777,Maharashtra
2026-05-01,32.5,28.2,30.0,37.7,33.2,0.0,0.0,17.1,46.4,218,23.89,43200.0,5.83,2,Mumbai,19.076,72.8777,Maharashtra
2026-05-02,32.7,27.7,30.0,38.3,33.4,0.0,0.0,15.1,42.1,216,24.34,43200.0,5.8,1,Mumbai,19.076,72.8777,Maharashtra
2026-05-03,32.9,28.5,30.2,39.0,33.5,0.0,0.0,14.8,41.0,218,25.46,43200.0,6.05,1,Mumbai,19.076,72.8777,Maharashtra
2026-05-04,32.9,28.4,30.3,38.7,33.0,0.0,0.0,16.3,44.6,217,24.7,43200.0,6.14,1,Mumbai,19.076,72.8777,Maharashtra
2026-05-05,33.0,28.6,30.3,39.2,33.4,0.0,0.0,14.4,40.7,247,25.63,43200.0,6.02,1,Mumbai,19.076,72.8777,Maharashtra
2026-05-06,33.0,27.3,29.9,38.6,32.6,0.0,0.0,18.4,48.2,307,25.77,43200.0,5.91,2,Mumbai,19.076,72.8777,Maharashtra
2026-05-07,33.8,27.0,30.4,40.7,33.8,0.0,0.0,14.7,43.9,316,24.32,43200.0,5.63,1,Mumbai,19.076,72.8777,Maharashtra
2026-05-08,35.1,27.6,30.9,41.6,34.8,0.0,0.0,18.3,48.2,316,23.27,43200.0,5.52,2,Mumbai,19.076,72.8777,Maharashtra
2026-05-09,36.3,27.9,31.7,43.7,34.8,0.0,0.0,17.4,48.2,307,23.55,43200.0,5.92,3,Mumbai,19.076,72.8777,Maharashtra
2026-05-10,36.2,27.3,31.7,43.4,33.8,0.0,0.0,18.2,46.8,315,24.72,43200.0,6.35,1,Mumbai,19.076,72.8777,Maharashtra
2026-05-11,37.9,28.9,32.1,42.5,34.6,0.0,0.0,20.9,53.6,295,24.76,43200.0,6.27,3,Mumbai,19.076,72.8777,Maharashtra
2026-05-12,34.5,28.4,31.1,41.0,34.4,0.0,0.0,17.7,47.5,287,25.77,43200.0,5.96,2,Mumbai,19.076,72.8777,Maharashtra
2026-05-13,33.2,29.5,30.8,38.9,35.0,0.0,0.0,15.0,40.7,245,18.58,33535.53,4.58,3,Mumbai,19.076,72.8777,Maharashtra
2026-05-14,33.6,29.2,30.9,39.8,34.8,0.0,0.0,16.9,45.4,281,24.1,40626.47,5.72,3,Mumbai,19.076,72.8777,Maharashtra
2026-05-15,33.0,29.1,30.6,39.1,34.0,0.0,0.0,15.0,42.1,296,23.15,42385.37,5.58,3,Mumbai,19.076,72.8777,Maharashtra
2026-05-16,33.9,28.8,30.7,39.0,33.7,0.0,0.0,18.7,50.0,319,24.33,43200.0,5.96,3,Mumbai,19.076,72.8777,Maharashtra
2026-05-17,33.4,28.6,30.8,39.5,34.6,0.0,0.0,17.6,46.1,303,22.95,43200.0,5.46,3,Mumbai,19.076,72.8777,Maharashtra
2026-05-18,33.4,28.2,30.7,40.5,34.8,0.0,0.0,16.9,44.6,286,24.87,41296.81,5.65,3,Mumbai,19.076,72.8777,Maharashtra
2026-05-19,32.6,28.3,30.2,38.3,34.2,0.0,0.0,14.5,41.0,258,23.26,42732.3,5.39,3,Mumbai,19.076,72.8777,Maharashtra
2026-05-20,33.1,28.6,30.7,39.0,34.0,0.1,0.1,13.7,39.2,247,21.88,43001.46,5.33,51,Mumbai,19.076,72.8777,Maharashtra
2026-05-21,33.9,29.5,31.3,39.0,34.9,0.0,0.0,15.9,43.2,276,23.82,43200.0,5.78,3,Mumbai,19.076,72.8777,Maharashtra
2026-05-22,33.5,29.5,31.2,40.5,35.8,1.9,1.9,12.0,37.8,228,20.36,41316.7,4.95,51,Mumbai,19.076,72.8777,Maharashtra
2026-05-23,33.5,29.6,31.5,39.7,35.9,1.2,1.2,10.9,32.8,250,20.03,40172.76,4.99,51,Mumbai,19.076,72.8777,Maharashtra
2026-05-24,34.0,29.7,31.4,39.9,35.0,3.0,3.0,15.3,42.8,257,22.71,42365.05,5.73,53,Mumbai,19.076,72.8777,Maharashtra
2026-05-25,33.9,28.8,31.2,40.0,35.7,2.2,2.2,16.3,44.3,286,23.52,43200.0,5.63,51,Mumbai,19.076,72.8777,Maharashtra
2026-05-26,33.8,28.8,31.5,40.2,34.6,1.0,1.0,13.1,38.2,265,23.03,43200.0,5.74,51,Mumbai,19.076,72.8777,Maharashtra
2026-05-27,34.4,29.1,31.7,40.3,35.4,0.3,0.3,13.7,39.6,271,25.42,43200.0,6.29,51,Mumbai,19.076,72.8777,Maharashtra
2026-05-28,34.4,29.9,31.7,40.9,35.1,0.0,0.0,14.7,41.0,266,25.74,43200.0,6.39,3,Mumbai,19.076,72.8777,Maharashtra
2026-05-29,34.2,30.0,31.8,40.2,34.3,1.2,1.2,14.7,41.4,247,24.07,43200.0,6.5,51,Mumbai,19.076,72.8777,Maharashtra
2026-05-30,34.6,29.8,32.0,41.0,34.9,0.9,0.9,15.9,38.9,249,24.72,43200.0,6.64,51,Mumbai,19.076,72.8777,Maharashtra
2026-05-31,34.2,28.5,31.3,40.5,34.1,4.8,4.8,15.1,39.2,260,23.67,40907.78,5.99,53,Mumbai,19.076,72.8777,Maharashtra
2026-06-01,34.1,29.7,31.7,40.7,35.5,0.3,0.3,15.0,41.0,260,24.7,43200.0,6.13,51,Mumbai,19.076,72.8777,Maharashtra
2026-06-02,34.2,25.0,30.3,40.1,28.5,1.2,1.2,16.0,44.3,266,25.06,43200.0,5.91,51,Mumbai,19.076,72.8777,Maharashtra
2026-06-03,32.5,25.2,29.7,39.3,30.0,2.3,2.3,14.1,38.9,215,24.87,40200.97,5.65,61,Mumbai,19.076,72.8777,Maharashtra
2026-06-04,32.9,28.1,30.9,39.1,33.5,0.6,0.6,14.2,40.0,213,24.67,43200.0,6.08,51,Mumbai,19.076,72.8777,Maharashtra
2026-06-05,33.4,28.6,31.1,40.7,34.4,3.4,3.4,14.6,40.3,239,24.86,40738.68,5.9,53,Mumbai,19.076,72.8777,Maharashtra
2026-06-06,34.0,27.7,31.2,40.8,34.4,2.1,2.1,14.8,39.6,249,24.98,41902.97,5.97,51,Mumbai,19.076,72.8777,Maharashtra
2026-06-07,33.8,29.8,31.5,39.9,35.8,2.1,2.1,13.6,38.2,257,23.77,43200.0,5.87,53,Mumbai,19.076,72.8777,Maharashtra
2026-06-08,33.7,26.8,30.5,38.9,31.5,4.5,4.5,17.1,45.4,241,23.8,43283.54,5.85,53,Mumbai,19.076,72.8777,Maharashtra
2026-06-09,33.5,28.0,30.7,39.3,34.0,6.1,6.1,18.4,47.9,261,23.56,43274.83,5.78,61,Mumbai,19.076,72.8777,Maharashtra
2026-06-10,33.3,28.0,30.8,39.1,33.5,9.7,9.7,17.8,45.7,258,24.08,43266.42,5.96,61,Mumbai,19.076,72.8777,Maharashtra
2026-06-11,33.6,29.7,31.4,38.6,34.1,1.6,1.6,17.6,45.4,244,23.13,43258.27,6.25,51,Mumbai,19.076,72.8777,Maharashtra
2026-06-12,33.9,30.0,31.7,38.9,34.5,1.1,1.1,17.6,46.4,241,23.31,42986.37,6.54,51,Mumbai,19.076,72.8777,Maharashtra
2026-06-13,33.8,29.8,31.5,38.5,34.5,1.2,1.2,19.7,51.5,258,23.61,43507.14,6.46,51,Mumbai,19.076,72.8777,Maharashtra
2026-06-14,33.6,29.4,31.1,38.0,34.2,2.8,2.8,19.0,49.3,273,24.12,43233.85,6.36,53,Mumbai,19.076,72.8777,Maharashtra
2026-06-15,32.3,29.3,30.8,37.5,33.4,2.3,2.3,18.6,48.2,271,23.27,43756.48,5.93,53,Mumbai,19.076,72.8777,Maharashtra
2026-06-16,33.2,28.9,31.1,38.5,33.9,0.9,0.9,16.8,44.6,260,24.03,43217.83,6.17,51,Mumbai,19.076,72.8777,Maharashtra
2026-06-17,33.5,29.1,31.2,38.9,34.0,0.7,0.7,19.5,51.5,259,24.64,43740.93,6.33,51,Mumbai,19.076,72.8777,Maharashtra
2026-06-18,33.5,28.9,31.2,38.5,33.7,0.5,0.5,15.5,43.2,254,25.3,43998.84,6.48,51,Mumbai,19.076,72.8777,Maharashtra
2026-06-19,33.4,29.5,31.2,38.4,33.4,0.0,0.0,16.5,45.0,235,25.58,43725.9,6.56,3,Mumbai,19.076,72.8777,Maharashtra
2026-06-20,33.5,29.5,31.3,38.7,33.7,0.0,0.0,14.3,41.0,250,24.69,43718.67,6.22,3,Mumbai,19.076,72.8777,Maharashtra
2026-06-21,32.8,29.5,30.8,37.6,33.8,0.5,0.5,13.1,37.8,261,18.84,31586.96,4.93,51,Mumbai,19.076,72.8777,Maharashtra
2026-06-22,31.8,25.4,29.3,37.1,30.9,12.4,12.4,13.6,37.1,197,22.26,40394.8,5.09,63,Mumbai,19.076,72.8777,Maharashtra
2026-06-23,27.6,25.6,26.4,32.4,30.6,51.6,51.6,11.7,29.9,188,8.21,7200.0,1.87,63,Mumbai,19.076,72.8777,Maharashtra
2026-06-24,27.7,24.9,26.5,32.6,29.5,29.0,29.0,12.0,29.2,178,6.29,0.0,1.71,63,Mumbai,19.076,72.8777,Maharashtra
2026-06-25,29.7,25.9,27.9,36.3,30.9,6.7,6.7,15.3,42.1,209,21.74,42435.67,4.56,55,Mumbai,19.076,72.8777,Maharashtra
2026-06-26,30.3,26.2,28.1,37.0,31.5,5.8,5.8,15.3,38.2,209,19.88,37702.17,4.21,61,Mumbai,19.076,72.8777,Maharashtra
2026-06-27,31.1,26.9,29.2,39.0,33.0,0.8,0.8,11.2,31.3,218,24.47,43676.34,5.18,51,Mumbai,19.076,72.8777,Maharashtra
2026-06-28,30.6,25.7,28.1,38.2,30.6,11.5,11.5,13.0,35.6,226,19.09,32621.73,4.04,63,Mumbai,19.076,72.8777,Maharashtra
2026-06-29,28.4,25.7,26.9,33.7,30.5,26.4,26.4,12.4,32.0,221,9.89,8722.0,2.26,61,Mumbai,19.076,72.8777,Maharashtra
2026-06-30,28.6,25.1,26.8,33.6,29.3,57.5,57.5,20.7,43.9,229,10.82,10219.63,2.42,63,Mumbai,19.076,72.8777,Maharashtra
2026-07-01,27.3,25.0,26.6,32.1,29.8,86.6,86.6,21.4,45.4,247,4.61,0.0,1.47,65,Mumbai,19.076,72.8777,Maharashtra
2026-07-02,27.6,25.3,26.3,32.5,30.1,55.7,55.7,19.8,45.4,238,5.09,484.07,1.36,63,Mumbai,19.076,72.8777,Maharashtra
2026-07-03,27.3,25.2,26.2,32.1,29.6,51.8,51.8,18.8,40.0,267,5.62,3600.0,1.48,63,Mumbai,19.076,72.8777,Maharashtra
2026-07-04,27.3,25.8,26.3,31.5,29.6,78.1,78.1,19.1,46.1,258,3.37,0.0,1.18,63,Mumbai,19.076,72.8777,Maharashtra
2026-07-05,27.0,25.9,26.4,30.9,28.7,136.9,136.9,30.3,68.8,263,4.15,15.18,1.44,65,Mumbai,19.076,72.8777,Maharashtra
2026-07-06,27.6,26.4,27.0,31.1,28.1,131.8,131.8,34.6,71.6,265,3.0,0.0,1.62,65,Mumbai,19.076,72.8777,Maharashtra
2026-07-07,28.1,25.6,27.0,31.8,29.3,55.4,55.4,26.5,62.6,264,9.08,7789.19,2.43,63,Mumbai,19.076,72.8777,Maharashtra
2026-07-08,29.2,26.2,27.7,34.2,29.1,25.9,25.9,27.8,60.1,262,7.7,3600.0,2.23,63,Mumbai,19.076,72.8777,Maharashtra
2026-07-09,29.2,26.8,28.2,33.3,30.9,4.0,4.0,20.7,47.5,242,14.73,23041.23,3.54,53,Mumbai,19.076,72.8777,Maharashtra
2026-07-10,30.2,26.7,28.4,36.0,30.7,3.2,3.2,18.0,44.6,246,22.14,43437.33,4.76,51,Mumbai,19.076,72.8777,Maharashtra
2026-07-11,29.7,27.2,28.3,34.1,31.8,7.6,7.6,21.5,52.6,242,21.87,42328.91,4.66,61,Mumbai,19.076,72.8777,Maharashtra
2026-07-12,30.0,27.5,28.5,34.6,31.4,7.6,7.6,23.2,56.5,227,23.14,43200.0,4.97,61,Mumbai,19.076,72.8777,Maharashtra
2026-07-13,30.2,27.6,28.7,35.4,31.4,0.9,0.9,20.3,50.0,227,24.21,43091.7,5.43,51,Mumbai,19.076,72.8777,Maharashtra
2026-07-14,30.1,27.3,28.6,35.8,31.1,1.3,1.3,16.1,41.0,231,23.85,42202.62,5.45,51,Mumbai,19.076,72.8777,Maharashtra
2026-07-15,29.4,23.6,27.8,34.2,27.6,15.9,15.9,19.6,48.2,223,18.21,36390.74,4.25,63,Mumbai,19.076,72.8777,Maharashtra
2026-07-16,29.6,25.9,27.6,35.0,30.4,8.7,8.7,12.5,34.6,222,14.86,25371.02,3.42,53,Mumbai,19.076,72.8777,Maharashtra
2026-07-17,30.3,24.8,27.7,34.7,29.6,16.4,16.4,16.9,41.4,258,14.52,26376.85,3.42,63,Mumbai,19.076,72.8777,Maharashtra
2026-07-18,30.6,25.9,27.4,35.7,31.0,16.2,16.2,21.8,51.8,256,16.21,28543.33,3.54,63,Mumbai,19.076,72.8777,Maharashtra
2026-07-19,28.6,25.1,26.9,32.9,29.3,33.1,33.1,18.1,43.2,242,13.77,17571.03,3.06,63,Mumbai,19.076,72.8777,Maharashtra
2026-07-20,28.9,25.3,26.7,33.1,29.3,52.9,52.9,24.0,49.3,241,10.07,5060.3,2.51,63,Mumbai,19.076,72.8777,Maharashtra
2026-07-21,29.0,24.8,27.2,32.7,28.6,25.2,25.2,23.7,55.4,242,13.92,26348.36,3.47,63,Mumbai,19.076,72.8777,Maharashtra
2026-07-22,27.9,25.6,26.7,30.8,28.3,71.0,71.0,34.0,60.1,236,5.1,0.0,2.04,63,Mumbai,19.076,72.8777,Maharashtra
2026-07-23,28.1,25.7,26.9,30.7,26.6,107.0,107.0,33.5,69.8,231,3.39,0.0,1.95,65,Mumbai,19.076,72.8777,Maharashtra
2026-07-24,28.6,25.0,27.2,32.3,27.5,46.0,46.0,30.1,64.8,237,17.47,33399.85,3.91,63,Mumbai,19.076,72.8777,Maharashtra
2026-07-25,29.6,25.4,27.8,35.5,29.4,20.6,20.6,24.3,54.7,248,20.38,32400.0,4.48,63,Mumbai,19.076,72.8777,Maharashtra
2026-07-26,29.1,25.3,27.0,34.1,29.3,32.1,32.1,17.2,43.2,258,13.14,17313.14,2.86,63,Mumbai,19.076,72.8777,Maharashtra
2026-07-27,29.0,25.8,26.9,33.9,30.4,42.9,42.9,18.2,45.7,267,15.98,28987.05,3.18,65,Mumbai,19.076,72.8777,Maharashtra
2026-07-28,29.6,25.8,27.8,33.9,30.8,9.2,9.2,21.9,52.9,263,20.07,42726.31,4.23,61,Mumbai,19.076,72.8777,Maharashtra
2026-07-29,29.5,26.5,27.9,33.7,30.4,10.0,10.0,25.1,60.8,263,19.7,29829.54,4.39,53,Mumbai,19.076,72.8777,Maharashtra
2026-07-30,28.2,26.4,27.3,32.7,30.5,9.8,9.8,20.2,48.6,269,9.44,2956.63,2.55,55,Mumbai,19.076,72.8777,Maharashtra
2026-07-31,28.4,26.8,27.4,32.5,30.2,14.7,14.7,23.7,57.6,269,6.37,0.0,2.15,61,Mumbai,19.076,72.8777,Maharashtra
2026-08-01,28.8,26.6,27.8,32.3,30.3,9.0,9.0,25.3,63.7,258,16.34,33635.77,3.89,61,Mumbai,19.076,72.8777,Maharashtra
2026-08-02,29.2,26.3,27.5,34.2,29.7,25.3,25.3,22.1,52.2,258,18.89,41383.68,4.11,63,Mumbai,19.076,72.8777,Maharashtra
2026-08-03,29.5,25.9,27.4,33.7,30.0,18.7,18.7,19.3,47.5,268,16.51,18624.3,3.66,63,Mumbai,19.076,72.8777,Maharashtra
2026-08-04,29.4,25.6,27.4,33.7,30.2,13.8,13.8,18.8,46.4,269,17.08,30858.95,3.85,61,Mumbai,19.076,72.8777,Maharashtra
2026-08-05,28.3,25.4,27.0,32.8,29.8,15.1,15.1,17.5,45.0,259,15.92,23781.09,3.43,63,Mumbai,19.076,72.8777,Maharashtra
2026-08-06,29.3,26.0,27.6,34.1,30.5,10.4,10.4,20.2,49.7,265,21.38,39600.0,4.56,61,Mumbai,19.076,72.8777,Maharashtra
2026-08-07,29.7,26.8,27.9,33.6,30.5,7.2,7.2,21.2,49.7,274,21.91,37200.81,4.8,53,Mumbai,19.076,72.8777,Maharashtra
2026-08-08,29.2,26.2,27.7,34.0,30.1,5.8,5.8,18.5,46.1,272,21.6,42310.36,4.6,55,Mumbai,19.076,72.8777,Maharashtra
2026-08-09,29.6,26.5,27.7,34.7,30.0,5.8,5.8,17.7,45.0,270,20.55,41944.02,4.42,55,Mumbai,19.076,72.8777,Maharashtra
2026-08-10,29.3,25.5,27.3,34.7,29.8,8.1,8.1,19.0,49.7,271,20.69,39600.0,4.29,61,Mumbai,19.076,72.8777,Maharashtra
2026-08-11,27.1,25.4,26.1,31.4,29.7,30.6,30.6,18.7,45.7,272,7.1,3069.9,1.77,63,Mumbai,19.076,72.8777,Maharashtra
2026-08-12,28.5,24.8,26.8,32.6,28.8,12.0,12.0,17.6,40.7,269,14.01,26707.59,3.06,55,Mumbai,19.076,72.8777,Maharashtra
2026-08-13,28.3,25.5,27.0,33.1,29.4,12.6,12.6,17.8,47.2,259,15.12,30678.64,3.44,63,Mumbai,19.076,72.8777,Maharashtra
2026-08-14,29.0,25.4,27.1,33.4,29.5,8.5,8.5,18.2,46.1,260,18.23,38427.61,3.98,53,Mumbai,19.076,72.8777,Maharashtra
2026-08-15,28.4,24.8,26.6,33.1,29.3,13.5,13.5,16.2,41.8,249,16.15,31710.21,3.37,61,Mumbai,19.076,72.8777,Maharashtra
2026-08-16,29.7,25.5,27.1,34.8,29.5,11.3,11.3,18.7,46.1,247,21.97,39110.49,4.52,61,Mumbai,19.076,72.8777,Maharashtra
2026-08-17,29.4,25.5,27.4,34.3,28.3,11.4,11.4,18.6,49.3,245,17.34,38259.68,4.1,61,Mumbai,19.076,72.8777,Maharashtra
2026-08-18,29.2,25.8,27.5,34.2,29.5,9.6,9.6,20.6,51.1,265,19.54,40403.75,4.28,55,Mumbai,19.076,72.8777,Maharashtra
2026-08-19,29.1,26.0,27.5,34.0,29.9,5.0,5.0,18.1,44.3,270,18.48,29487.81,4.04,53,Mumbai,19.076,72.8777,Maharashtra
2026-08-20,29.7,25.9,27.8,34.8,30.1,2.1,2.1,16.4,42.1,270,23.39,39903.39,5.01,51,Mumbai,19.076,72.8777,Maharashtra
2026-08-21,28.9,25.4,27.4,32.8,30.0,9.9,9.9,19.6,48.2,262,19.57,40158.1,4.3,55,Mumbai,19.076,72.8777,Maharashtra
2026-08-22,29.0,24.7,27.0,33.4,29.7,16.7,16.7,20.0,47.2,264,15.82,28251.26,3.4,63,Mumbai,19.076,72.8777,Maharashtra
2026-08-23,29.3,26.0,27.5,34.7,30.3,6.3,6.3,17.0,42.8,259,19.99,34801.91,4.27,55,Mumbai,19.076,72.8777,Maharashtra
2026-08-24,28.9,25.8,27.4,34.6,31.1,4.4,4.4,16.8,40.7,275,20.04,42529.28,4.13,53,Mumbai,19.076,72.8777,Maharashtra
2026-08-25,29.4,25.7,27.6,34.9,30.4,7.3,7.3,15.3,39.2,275,21.79,41258.08,4.62,53,Mumbai,19.076,72.8777,Maharashtra
2026-08-26,29.4,26.1,27.6,35.4,30.9,4.2,4.2,16.2,41.4,272,21.95,42035.29,4.56,53,Mumbai,19.076,72.8777,Maharashtra
2026-08-27,29.6,26.1,27.6,34.4,29.8,7.6,7.6,17.8,44.6,265,21.96,42169.49,4.8,53,Mumbai,19.076,72.8777,Maharashtra
2026-08-28,29.1,26.6,27.6,33.4,30.2,5.4,5.4,21.1,52.6,268,21.51,41534.22,4.72,53,Mumbai,19.076,72.8777,Maharashtra
2026-08-29,28.9,26.2,27.4,32.7,29.6,4.6,4.6,20.9,51.5,270,18.89,41457.65,4.31,53,Mumbai,19.076,72.8777,Maharashtra
2026-08-30,29.5,26.4,27.7,34.1,30.1,2.9,2.9,20.2,49.7,262,22.28,42685.33,4.92,51,Mumbai,19.076,72.8777,Maharashtra
2026-08-31,29.1,26.3,27.6,33.4,29.7,4.6,4.6,18.4,45.4,268,22.23,40032.61,4.89,53,Mumbai,19.076,72.8777,Maharashtra
2026-09-01,29.6,26.1,27.5,34.1,29.8,6.1,6.1,17.5,45.0,266,20.29,42064.45,4.36,53,Mumbai,19.076,72.8777,Maharashtra
2026-09-02,28.2,25.0,26.6,33.8,29.1,13.8,13.8,14.1,39.2,248,16.86,33539.45,3.44,61,Mumbai,19.076,72.8777,Maharashtra
2026-09-03,29.4,25.2,27.1,34.4,30.1,5.6,5.6,16.2,41.4,255,20.62,37945.1,4.23,53,Mumbai,19.076,72.8777,Maharashtra
2026-09-04,29.6,24.8,26.9,34.8,30.5,9.1,9.1,14.6,38.5,266,18.98,37078.59,3.92,53,Mumbai,19.076,72.8777,Maharashtra
2026-09-05,28.5,25.0,26.3,34.1,30.2,16.1,16.1,15.3,40.0,268,18.28,37039.73,3.57,61,Mumbai,19.076,72.8777,Maharashtra
2026-09-06,28.9,24.7,26.7,34.0,30.2,5.7,5.7,14.8,38.9,276,18.82,40082.46,3.78,53,Mumbai,19.076,72.8777,Maharashtra
2026-09-07,29.0,24.7,26.7,33.6,30.0,7.3,7.3,14.6,37.1,296,18.19,36698.92,3.78,53,Mumbai,19.076,72.8777,Maharashtra
2026-09-08,29.3,24.5,26.8,33.9,29.9,6.9,6.9,15.3,39.2,304,20.51,42450.81,4.2,53,Mumbai,19.076,72.8777,Maharashtra
2026-09-09,29.1,24.8,27.2,34.9,30.5,4.0,4.0,14.7,38.5,297,21.58,43200.0,4.32,53,Mumbai,19.076,72.8777,Maharashtra
2026-09-10,29.1,25.2,27.1,35.2,29.7,2.8,2.8,10.2,30.6,312,21.2,37777.42,4.27,51,Mumbai,19.076,72.8777,Maharashtra
2026-09-11,29.7,25.5,27.4,36.3,30.8,1.5,1.5,11.9,32.0,312,21.87,41095.79,4.52,51,Mumbai,19.076,72.8777,Maharashtra
