time,temperature_2m_max,temperature_2m_min,temperature_2m_mean,apparent_temperature_max,apparent_temperature_min,precipitation_sum,rain_sum,windspeed_10m_max,windgusts_10m_max,winddirection_10m_dominant,shortwave_radiation_sum,sunshine_duration,et0_fao_evapotranspiration,weathercode,city,latitude,longitude,region
2023-09-11,28.1,22.0,24.4,30.5,24.5,1.2,1.2,24.2,46.4,269,20.87,36000.0,4.19,51,Pune,18.5204,73.8567,Maharashtra
2023-09-12,28.6,21.0,24.0,30.6,22.9,3.3,3.3,22.0,42.8,267,21.16,43200.0,4.44,55,Pune,18.5204,73.8567,Maharashtra
2023-09-13,28.4,21.5,24.2,31.1,23.6,1.1,1.1,20.5,39.6,266,20.53,40072.95,4.33,53,Pune,18.5204,73.8567,Maharashtra
2023-09-14,28.9,21.5,24.3,31.9,24.1,0.8,0.8,20.2,41.0,267,21.56,40346.91,4.5,51,Pune,18.5204,73.8567,Maharashtra
2023-09-15,28.6,20.8,24.2,30.4,23.0,0.4,0.4,21.3,42.1,263,20.11,37972.68,4.4,51,Pune,18.5204,73.8567,Maharashtra
2023-09-16,26.4,22.5,23.9,26.9,24.1,0.0,0.0,26.9,51.1,258,12.23,6702.98,2.97,3,Pune,18.5204,73.8567,Maharashtra
2023-09-17,26.8,22.5,24.0,28.1,24.2,2.3,2.3,27.6,53.6,250,17.97,33912.29,3.73,53,Pune,18.5204,73.8567,Maharashtra
2023-09-18,28.0,21.8,24.2,30.3,23.4,3.0,3.0,25.8,52.2,239,21.8,41254.71,4.41,61,Pune,18.5204,73.8567,Maharashtra
2023-09-19,28.3,22.2,24.5,31.9,24.4,1.6,1.6,22.9,46.4,233,20.26,37586.66,4.16,51,Pune,18.5204,73.8567,Maharashtra
2023-09-20,28.9,23.0,25.0,33.1,25.6,2.3,2.3,20.6,41.4,238,19.04,34959.43,4.04,55,Pune,18.5204,73.8567,Maharashtra
2023-09-21,29.8,23.3,24.9,34.4,26.0,18.5,18.5,14.5,33.5,249,15.0,26100.07,3.26,63,Pune,18.5204,73.8567,Maharashtra
2023-09-22,27.4,22.8,23.9,31.2,26.0,33.4,33.4,14.5,27.7,270,7.61,3089.07,1.7,63,Pune,18.5204,73.8567,Maharashtra
2023-09-23,27.5,22.3,23.6,32.4,25.8,32.1,32.1,12.3,30.6,260,10.37,12425.63,2.17,63,Pune,18.5204,73.8567,Maharashtra
2023-09-24,27.6,21.5,23.6,30.7,24.5,7.9,7.9,14.5,33.1,265,14.37,34672.09,2.9,63,Pune,18.5204,73.8567,Maharashtra
2023-09-25,28.7,21.5,24.0,33.0,25.0,5.8,5.8,14.3,32.4,271,18.55,40869.25,3.67,63,Pune,18.5204,73.8567,Maharashtra
2023-09-26,29.3,21.6,24.4,35.6,25.5,14.5,14.5,13.3,29.2,293,19.88,38697.92,4.05,63,Pune,18.5204,73.8567,Maharashtra
2023-09-27,27.9,21.4,23.5,32.1,24.9,33.6,33.6,9.8,31.7,27,13.76,22129.82,2.72,65,Pune,18.5204,73.8567,Maharashtra
2023-09-28,28.9,21.7,24.3,32.8,25.4,11.2,11.2,14.0,33.1,67,16.34,34594.59,3.3,63,Pune,18.5204,73.8567,Maharashtra
2023-09-29,29.4,21.1,24.0,34.1,24.4,19.9,19.9,14.8,31.3,84,17.48,34555.61,3.43,65,Pune,18.5204,73.8567,Maharashtra
2023-09-30,28.7,21.4,23.9,32.6,24.1,9.6,9.6,16.4,36.4,72,15.5,24496.23,3.17,63,Pune,18.5204,73.8567,Maharashtra
2023-10-01,27.7,21.3,23.6,31.0,24.0,14.1,14.1,20.6,40.7,25,10.8,19765.98,2.27,63,Pune,18.5204,73.8567,Maharashtra
2023-10-02,27.7,21.5,24.0,29.2,23.9,0.0,0.0,17.3,34.9,264,12.63,25949.0,2.97,3,Pune,18.5204,73.8567,Maharashtra
2023-10-03,29.8,20.8,24.7,33.5,23.3,0.2,0.2,13.4,27.4,267,20.06,35456.46,4.17,51,Pune,18.5204,73.8567,Maharashtra
2023-10-04,29.7,21.4,24.9,33.5,24.4,0.0,0.0,13.1,23.4,276,20.79,36591.27,4.34,3,Pune,18.5204,73.8567,Maharashtra
2023-10-05,30.0,20.4,24.6,33.8,23.6,0.0,0.0,9.0,17.3,268,22.52,37549.61,4.71,3,Pune,18.5204,73.8567,Maharashtra
2023-10-06,29.8,20.2,24.3,34.3,23.4,0.0,0.0,9.8,18.4,269,22.37,37016.29,4.58,3,Pune,18.5204,73.8567,Maharashtra
2023-10-07,30.5,20.8,25.1,34.0,24.1,0.0,0.0,8.8,19.4,322,21.8,38092.27,4.63,3,Pune,18.5204,73.8567,Maharashtra
2023-10-08,30.7,20.4,25.3,33.8,22.8,0.0,0.0,8.2,19.1,66,21.39,39725.19,4.47,2,Pune,18.5204,73.8567,Maharashtra
2023-10-09,30.8,20.4,25.3,34.7,22.7,0.0,0.0,6.5,14.8,279,20.73,41464.06,4.46,2,Pune,18.5204,73.8567,Maharashtra
2023-10-10,31.3,20.3,25.6,34.5,22.9,0.0,0.0,9.7,20.5,328,21.88,41475.63,4.81,2,Pune,18.5204,73.8567,Maharashtra
2023-10-11,30.1,20.6,25.3,34.9,23.5,0.0,0.0,10.9,24.8,325,20.25,40261.72,4.41,1,Pune,18.5204,73.8567,Maharashtra
2023-10-12,31.1,21.2,25.6,34.0,24.0,0.5,0.5,10.3,24.5,107,20.49,40615.62,4.56,51,Pune,18.5204,73.8567,Maharashtra
2023-10-13,31.9,20.3,25.6,33.5,23.7,0.0,0.0,12.7,27.7,93,21.17,40771.88,4.76,3,Pune,18.5204,73.8567,Maharashtra
2023-10-14,31.5,20.2,25.2,33.5,22.4,0.0,0.0,12.1,22.7,29,19.64,40940.13,4.54,3,Pune,18.5204,73.8567,Maharashtra
2023-10-15,30.8,20.7,25.6,34.1,22.8,0.0,0.0,7.9,19.8,306,20.62,40789.86,4.56,3,Pune,18.5204,73.8567,Maharashtra
2023-10-16,31.0,21.3,25.9,32.9,24.1,0.5,0.5,12.6,28.1,61,20.44,39812.8,4.62,51,Pune,18.5204,73.8567,Maharashtra
2023-10-17,30.9,20.5,25.9,33.7,23.1,0.2,0.2,8.4,20.9,55,20.68,40558.66,4.58,51,Pune,18.5204,73.8567,Maharashtra
2023-10-18,30.7,21.3,26.1,32.8,23.5,0.0,0.0,12.7,28.8,71,20.76,39824.38,4.82,3,Pune,18.5204,73.8567,Maharashtra
2023-10-19,30.8,21.1,25.3,33.9,23.6,1.0,1.0,13.7,26.6,129,19.59,39424.18,4.27,53,Pune,18.5204,73.8567,Maharashtra
2023-10-20,30.3,21.1,25.0,33.6,23.2,1.9,1.9,12.0,25.6,160,15.31,33754.32,3.4,55,Pune,18.5204,73.8567,Maharashtra
2023-10-21,30.5,21.0,25.8,33.1,23.0,0.5,0.5,11.3,26.6,92,19.52,39386.1,4.43,51,Pune,18.5204,73.8567,Maharashtra
2023-10-22,31.7,22.1,26.3,32.7,24.6,0.0,0.0,14.8,30.2,56,20.11,39588.24,4.7,3,Pune,18.5204,73.8567,Maharashtra
2023-10-23,31.5,19.2,25.8,32.4,22.4,0.0,0.0,10.2,25.2,34,20.16,38561.9,4.65,3,Pune,18.5204,73.8567,Maharashtra
2023-10-24,31.2,21.5,26.2,32.4,23.2,0.0,0.0,10.3,24.8,53,20.46,39324.6,4.57,3,Pune,18.5204,73.8567,Maharashtra
2023-10-25,31.0,20.8,25.5,31.7,20.8,0.0,0.0,11.0,25.9,62,19.66,39584.4,4.69,3,Pune,18.5204,73.8567,Maharashtra
2023-10-26,30.0,19.4,24.6,30.0,18.9,0.0,0.0,14.0,31.7,86,20.96,39830.44,4.87,3,Pune,18.5204,73.8567,Maharashtra
2023-10-27,30.2,18.5,24.0,29.6,18.1,0.0,0.0,15.1,33.1,81,21.46,39826.56,5.18,3,Pune,18.5204,73.8567,Maharashtra
2023-10-28,30.1,18.7,24.0,30.9,17.9,0.0,0.0,10.9,25.2,86,21.42,39571.68,4.98,3,Pune,18.5204,73.8567,Maharashtra
2023-10-29,30.6,17.4,23.8,31.5,17.2,0.0,0.0,14.4,28.4,74,20.78,39565.72,4.95,1,Pune,18.5204,73.8567,Maharashtra
2023-10-30,31.0,19.7,24.6,31.7,18.7,0.0,0.0,13.6,28.1,73,20.64,39307.93,4.99,0,Pune,18.5204,73.8567,Maharashtra
2023-10-31,30.5,18.9,24.2,31.4,19.9,0.0,0.0,14.3,31.3,83,19.74,39551.13,4.68,3,Pune,18.5204,73.8567,Maharashtra
2023-11-01,30.4,18.0,23.8,31.7,17.9,0.0,0.0,11.3,27.7,62,20.69,39542.49,4.77,3,Pune,18.5204,73.8567,Maharashtra
2023-11-02,30.4,19.4,24.4,32.7,19.3,0.0,0.0,11.1,23.4,70,20.38,39280.74,4.62,3,Pune,18.5204,73.8567,Maharashtra
2023-11-03,31.0,19.8,24.8,32.6,20.2,0.0,0.0,12.0,28.1,68,20.22,39269.79,4.58,3,Pune,18.5204,73.8567,Maharashtra
2023-11-04,30.8,19.9,24.9,32.4,19.8,0.0,0.0,14.8,32.4,74,19.7,39054.86,4.62,3,Pune,18.5204,73.8567,Maharashtra
2023-11-05,31.4,19.2,25.5,32.3,19.8,0.0,0.0,13.7,30.6,77,19.04,36779.32,4.77,3,Pune,18.5204,73.8567,Maharashtra
2023-11-06,31.3,19.3,24.5,32.0,18.7,0.0,0.0,15.1,33.1,78,19.43,38073.26,4.97,3,Pune,18.5204,73.8567,Maharashtra
2023-11-07,31.0,19.4,25.3,33.2,19.0,0.0,0.0,15.5,27.7,86,19.07,38970.68,4.73,3,Pune,18.5204,73.8567,Maharashtra
2023-11-08,30.0,21.3,25.0,32.2,24.1,1.6,1.6,16.7,36.0,111,16.2,38626.28,3.7,53,Pune,18.5204,73.8567,Maharashtra
2023-11-09,30.4,19.5,23.8,32.7,22.2,9.5,9.5,15.0,34.9,110,17.73,38647.89,3.81,63,Pune,18.5204,73.8567,Maharashtra
2023-11-10,29.8,19.9,23.7,32.9,22.9,2.5,2.5,13.7,32.8,104,16.95,36474.97,3.48,61,Pune,18.5204,73.8567,Maharashtra
2023-11-11,30.8,19.2,24.9,32.3,22.3,0.0,0.0,14.1,32.4,72,18.24,34911.66,4.17,3,Pune,18.5204,73.8567,Maharashtra
2023-11-12,31.1,19.1,24.4,32.5,19.7,0.0,0.0,13.4,31.7,90,18.61,38869.24,4.28,3,Pune,18.5204,73.8567,Maharashtra
2023-11-13,30.4,19.3,24.2,32.6,19.9,0.0,0.0,7.7,20.9,85,18.91,38736.0,4.12,3,Pune,18.5204,73.8567,Maharashtra
2023-11-14,30.0,19.5,24.0,31.7,20.2,0.0,0.0,10.4,19.4,69,19.36,38824.56,4.15,3,Pune,18.5204,73.8567,Maharashtra
2023-11-15,29.2,16.7,23.3,29.6,16.6,0.0,0.0,10.1,24.5,62,19.65,38800.38,4.39,3,Pune,18.5204,73.8567,Maharashtra
2023-11-16,29.3,17.4,22.6,30.1,17.2,0.0,0.0,9.8,24.8,55,19.55,38694.77,4.25,3,Pune,18.5204,73.8567,Maharashtra
2023-11-17,29.3,17.7,23.2,30.5,18.5,0.0,0.0,11.3,26.3,64,19.38,38747.95,4.32,1,Pune,18.5204,73.8567,Maharashtra
2023-11-18,30.3,16.7,23.3,32.6,16.9,0.0,0.0,10.0,18.7,271,17.97,38627.34,3.97,3,Pune,18.5204,73.8567,Maharashtra
2023-11-19,31.3,17.3,24.3,33.2,18.1,0.0,0.0,8.7,22.0,254,18.13,38353.02,4.05,3,Pune,18.5204,73.8567,Maharashtra
2023-11-20,30.8,19.6,24.6,32.5,21.3,0.0,0.0,12.8,29.2,93,17.91,37592.98,4.21,3,Pune,18.5204,73.8567,Maharashtra
2023-11-21,29.8,18.8,24.1,30.5,19.8,0.0,0.0,14.3,31.3,69,18.91,38399.47,4.44,3,Pune,18.5204,73.8567,Maharashtra
2023-11-22,29.7,18.4,23.6,31.3,19.1,0.0,0.0,10.5,26.3,58,18.79,38422.91,4.19,0,Pune,18.5204,73.8567,Maharashtra
2023-11-23,30.4,18.4,23.9,32.5,18.8,0.0,0.0,9.5,21.2,21,16.71,38184.13,3.73,3,Pune,18.5204,73.8567,Maharashtra
2023-11-24,30.8,18.6,24.0,32.3,19.8,0.4,0.4,14.6,30.6,88,16.26,37419.4,3.74,51,Pune,18.5204,73.8567,Maharashtra
2023-11-25,29.6,18.3,23.8,31.6,19.4,1.9,1.9,14.3,31.3,103,15.82,34588.58,3.57,53,Pune,18.5204,73.8567,Maharashtra
2023-11-26,30.2,19.6,23.2,31.3,21.6,25.0,25.0,16.6,37.1,125,14.61,28741.31,3.32,65,Pune,18.5204,73.8567,Maharashtra
2023-11-27,28.1,18.9,22.8,29.8,21.7,2.4,2.4,14.3,29.5,221,13.87,33094.16,3.02,53,Pune,18.5204,73.8567,Maharashtra
2023-11-28,28.6,19.0,22.8,30.8,22.0,0.3,0.3,11.8,25.9,253,15.1,33729.41,3.13,51,Pune,18.5204,73.8567,Maharashtra
2023-11-29,28.8,18.6,22.7,30.6,21.2,0.3,0.3,8.7,21.2,235,14.46,26975.35,3.12,51,Pune,18.5204,73.8567,Maharashtra
2023-11-30,29.3,17.6,22.6,30.5,19.9,0.3,0.3,13.3,29.9,215,15.18,34899.24,3.35,51,Pune,18.5204,73.8567,Maharashtra
2023-12-01,29.3,17.0,22.6,31.1,18.9,0.3,0.3,8.3,18.4,241,15.32,34818.94,3.27,51,Pune,18.5204,73.8567,Maharashtra
2023-12-02,30.3,18.3,23.9,30.6,20.1,0.3,0.3,16.3,34.9,119,16.01,36796.18,3.79,51,Pune,18.5204,73.8567,Maharashtra
2023-12-03,29.9,18.5,23.9,30.2,20.3,0.0,0.0,14.9,33.1,97,16.55,36815.9,3.97,3,Pune,18.5204,73.8567,Maharashtra
2023-12-04,30.5,18.5,24.2,31.3,20.5,0.0,0.0,13.7,29.2,85,17.46,36569.43,4.08,3,Pune,18.5204,73.8567,Maharashtra
2023-12-05,29.9,18.0,23.5,31.0,19.4,0.0,0.0,10.2,25.6,69,17.14,36000.0,3.88,3,Pune,18.5204,73.8567,Maharashtra
2023-12-06,28.1,18.8,22.6,29.8,20.9,0.5,0.5,10.8,25.9,77,15.18,32400.0,3.18,51,Pune,18.5204,73.8567,Maharashtra
2023-12-07,27.5,17.4,21.9,29.7,18.9,0.5,0.5,8.7,22.7,98,14.84,36000.0,3.01,51,Pune,18.5204,73.8567,Maharashtra
2023-12-08,28.3,17.4,22.3,29.8,19.2,0.3,0.3,8.6,23.4,70,15.47,36113.04,3.31,51,Pune,18.5204,73.8567,Maharashtra
2023-12-09,29.1,17.1,22.8,30.7,18.0,0.0,0.0,10.5,25.9,81,16.88,36398.89,3.7,3,Pune,18.5204,73.8567,Maharashtra
2023-12-10,29.3,16.8,22.4,30.8,17.8,0.0,0.0,11.0,26.6,76,16.85,36212.42,3.73,3,Pune,18.5204,73.8567,Maharashtra
2023-12-11,29.4,17.8,23.1,31.5,18.4,0.0,0.0,9.5,22.7,29,17.39,36489.17,3.73,3,Pune,18.5204,73.8567,Maharashtra
2023-12-12,29.3,16.7,22.7,31.2,17.7,0.0,0.0,10.5,20.5,312,16.13,36042.19,3.52,3,Pune,18.5204,73.8567,Maharashtra
2023-12-13,29.0,15.6,22.0,29.5,16.3,0.0,0.0,13.1,26.3,77,17.74,36238.82,4.1,3,Pune,18.5204,73.8567,Maharashtra
2023-12-14,28.0,16.0,21.6,27.4,15.6,0.0,0.0,13.3,30.2,99,17.83,36246.08,4.23,0,Pune,18.5204,73.8567,Maharashtra
2023-12-15,27.3,15.7,21.0,26.7,15.7,0.0,0.0,14.0,31.3,106,17.88,36520.2,4.07,1,Pune,18.5204,73.8567,Maharashtra
2023-12-16,27.4,15.5,20.7,27.7,15.1,0.0,0.0,13.0,30.6,78,17.56,36261.23,3.82,3,Pune,18.5204,73.8567,Maharashtra
2023-12-17,27.4,15.3,21.2,27.7,15.5,0.0,0.0,14.5,32.0,87,14.08,36010.73,3.26,3,Pune,18.5204,73.8567,Maharashtra
2023-12-18,27.0,16.9,21.6,25.6,17.4,0.0,0.0,19.4,40.3,86,16.36,36000.0,3.94,3,Pune,18.5204,73.8567,Maharashtra
2023-12-19,26.3,17.5,21.2,25.3,17.5,0.0,0.0,16.6,36.0,86,16.21,36226.46,3.92,3,Pune,18.5204,73.8567,Maharashtra
2023-12-20,27.2,14.1,20.1,26.8,13.3,0.0,0.0,14.8,32.4,85,16.78,36000.0,3.81,3,Pune,18.5204,73.8567,Maharashtra
2023-12-21,29.3,15.6,21.5,29.3,15.5,0.0,0.0,10.6,25.6,86,17.29,36000.0,3.92,3,Pune,18.5204,73.8567,Maharashtra
2023-12-22,29.6,15.9,22.1,31.2,16.3,0.0,0.0,9.2,18.4,56,16.52,36453.4,3.58,3,Pune,18.5204,73.8567,Maharashtra
2023-12-23,29.4,14.3,21.4,29.1,14.1,0.0,0.0,12.1,24.5,75,17.59,36707.5,4.08,3,Pune,18.5204,73.8567,Maharashtra
2023-12-24,29.1,16.3,21.6,28.5,15.0,0.0,0.0,12.3,26.3,78,17.32,36156.19,4.09,3,Pune,18.5204,73.8567,Maharashtra
2023-12-25,29.6,14.9,21.7,29.5,14.4,0.0,0.0,11.2,23.8,80,17.49,36677.64,4.02,3,Pune,18.5204,73.8567,Maharashtra
2023-12-26,30.6,16.8,22.6,31.1,16.0,0.0,0.0,10.6,21.2,76,17.74,36661.68,4.11,0,Pune,18.5204,73.8567,Maharashtra
2023-12-27,30.1,16.6,22.6,29.3,16.3,0.0,0.0,12.1,28.1,76,17.69,36913.31,4.23,3,Pune,18.5204,73.8567,Maharashtra
2023-12-28,30.0,15.8,22.1,30.7,15.4,0.0,0.0,11.3,24.5,86,17.72,36895.99,4.11,3,Pune,18.5204,73.8567,Maharashtra
2023-12-29,29.8,16.8,22.1,29.9,16.5,0.0,0.0,11.5,24.8,94,17.83,37146.22,4.04,3,Pune,18.5204,73.8567,Maharashtra
2023-12-30,29.6,14.3,21.5,31.1,14.2,0.0,0.0,10.0,20.5,48,17.74,37127.7,3.87,0,Pune,18.5204,73.8567,Maharashtra
2023-12-31,30.1,16.4,23.0,30.3,15.8,0.0,0.0,11.1,27.4,99,17.65,37108.7,3.98,3,Pune,18.5204,73.8567,Maharashtra
2024-01-01,29.5,16.5,22.2,29.6,16.6,0.0,0.0,10.1,22.0,92,17.61,37089.24,3.98,1,Pune,18.5204,73.8567,Maharashtra
2024-01-02,30.0,15.9,22.1,30.6,16.1,0.0,0.0,10.6,24.8,170,17.48,37069.42,3.92,1,Pune,18.5204,73.8567,Maharashtra
2024-01-03,29.8,16.6,22.5,30.7,17.2,0.0,0.0,7.6,20.9,251,17.06,37316.69,3.69,1,Pune,18.5204,73.8567,Maharashtra
2024-01-04,30.0,15.9,22.1,30.4,17.1,0.0,0.0,13.0,27.0,276,17.24,37563.32,3.97,2,Pune,18.5204,73.8567,Maharashtra
2024-01-05,29.6,13.9,21.3,30.1,13.6,0.0,0.0,13.2,26.3,283,17.18,36473.91,3.76,3,Pune,18.5204,73.8567,Maharashtra
2024-01-06,29.2,16.0,22.3,30.0,15.6,0.0,0.0,10.2,26.6,88,16.28,37520.96,3.54,3,Pune,18.5204,73.8567,Maharashtra
2024-01-07,29.5,17.2,22.9,29.5,17.9,0.8,0.8,13.0,31.7,112,15.34,35142.89,3.7,53,Pune,18.5204,73.8567,Maharashtra
2024-01-08,29.7,17.4,23.3,29.5,17.3,0.2,0.2,15.4,35.3,106,16.87,36145.9,4.33,51,Pune,18.5204,73.8567,Maharashtra
2024-01-09,28.2,18.1,22.4,29.1,19.6,1.0,1.0,16.3,35.6,110,12.96,34384.63,3.1,51,Pune,18.5204,73.8567,Maharashtra
2024-01-10,28.4,16.7,20.9,30.3,17.8,3.1,3.1,9.8,27.7,74,14.8,34989.95,2.93,61,Pune,18.5204,73.8567,Maharashtra
2024-01-11,28.7,16.9,22.5,31.4,18.4,0.0,0.0,10.4,18.4,60,16.62,37678.91,3.48,3,Pune,18.5204,73.8567,Maharashtra
2024-01-12,29.3,17.6,22.7,30.5,17.9,0.0,0.0,11.6,22.7,80,18.14,38453.25,4.06,3,Pune,18.5204,73.8567,Maharashtra
2024-01-13,29.7,17.7,23.2,30.6,17.0,0.0,0.0,11.2,18.4,304,18.45,38559.86,3.97,0,Pune,18.5204,73.8567,Maharashtra
2024-01-14,29.9,16.7,23.2,31.0,17.1,0.0,0.0,14.5,28.1,308,18.33,38596.82,4.14,0,Pune,18.5204,73.8567,Maharashtra
2024-01-15,28.4,14.1,21.1,27.7,13.1,0.0,0.0,13.4,27.7,274,19.14,38634.09,4.37,3,Pune,18.5204,73.8567,Maharashtra
2024-01-16,29.5,12.1,20.1,30.0,11.6,0.0,0.0,13.2,26.3,263,19.03,38671.6,4.09,3,Pune,18.5204,73.8567,Maharashtra
2024-01-17,28.9,13.2,20.4,28.8,12.8,0.0,0.0,16.6,34.2,245,18.91,38709.29,4.28,1,Pune,18.5204,73.8567,Maharashtra
2024-01-18,27.4,14.0,19.5,27.1,14.2,0.0,0.0,12.3,29.5,248,18.47,36972.04,3.94,3,Pune,18.5204,73.8567,Maharashtra
2024-01-19,28.8,13.0,20.1,29.5,13.4,0.0,0.0,13.8,28.4,246,18.37,38382.37,4.16,3,Pune,18.5204,73.8567,Maharashtra
2024-01-20,28.8,15.7,21.3,28.5,15.2,0.0,0.0,17.3,36.7,254,18.83,38822.88,4.38,0,Pune,18.5204,73.8567,Maharashtra
2024-01-21,28.5,15.9,20.9,28.8,16.2,0.0,0.0,10.6,27.0,72,19.11,38860.7,3.9,3,Pune,18.5204,73.8567,Maharashtra
2024-01-22,29.9,13.7,21.3,30.0,12.8,0.0,0.0,16.1,32.0,247,19.23,38898.41,4.37,3,Pune,18.5204,73.8567,Maharashtra
2024-01-23,27.4,15.4,20.0,27.0,14.9,0.0,0.0,11.0,22.3,356,19.7,38935.93,4.0,3,Pune,18.5204,73.8567,Maharashtra
2024-01-24,27.0,14.2,19.8,26.2,12.7,0.0,0.0,10.5,26.3,77,19.82,38973.22,4.41,3,Pune,18.5204,73.8567,Maharashtra
2024-01-25,27.4,13.5,19.7,27.0,11.3,0.0,0.0,10.9,27.7,84,19.76,39010.2,4.38,0,Pune,18.5204,73.8567,Maharashtra
2024-01-26,29.9,13.0,21.2,30.3,11.7,0.0,0.0,11.3,23.4,55,19.53,39046.83,4.42,3,Pune,18.5204,73.8567,Maharashtra
2024-01-27,29.9,16.3,22.3,30.3,14.2,0.0,0.0,11.5,26.3,66,19.44,39083.04,4.76,3,Pune,18.5204,73.8567,Maharashtra
2024-01-28,31.2,15.0,23.0,31.8,15.0,0.0,0.0,14.5,24.8,335,19.57,39118.77,4.55,3,Pune,18.5204,73.8567,Maharashtra
2024-01-29,30.7,15.8,23.0,31.6,14.9,0.0,0.0,8.7,18.7,292,19.63,39153.97,4.4,3,Pune,18.5204,73.8567,Maharashtra
2024-01-30,30.6,16.7,23.3,31.3,16.3,0.0,0.0,13.4,25.6,283,19.63,39188.58,4.52,3,Pune,18.5204,73.8567,Maharashtra
2024-01-31,31.4,15.5,22.8,31.3,15.1,0.0,0.0,18.1,38.2,255,19.78,39222.55,5.02,3,Pune,18.5204,73.8567,Maharashtra
2024-02-01,28.5,14.1,20.8,27.8,13.0,0.0,0.0,16.3,35.6,282,20.4,39255.81,4.69,3,Pune,18.5204,73.8567,Maharashtra
2024-02-02,28.8,15.3,21.4,28.3,15.3,0.0,0.0,10.9,27.0,62,20.36,39288.36,4.47,3,Pune,18.5204,73.8567,Maharashtra
2024-02-03,31.1,15.3,23.0,30.6,14.2,0.0,0.0,14.9,34.2,79,20.28,39320.5,5.15,3,Pune,18.5204,73.8567,Maharashtra
2024-02-04,33.1,16.7,24.9,34.1,16.7,0.0,0.0,8.8,23.4,17,20.1,39352.24,4.59,0,Pune,18.5204,73.8567,Maharashtra
2024-02-05,33.6,18.3,25.5,33.9,18.9,0.0,0.0,15.0,32.0,280,20.2,39383.58,5.11,0,Pune,18.5204,73.8567,Maharashtra
2024-02-06,34.6,18.0,25.7,35.2,18.5,0.0,0.0,18.5,35.3,289,19.97,39414.5,5.09,1,Pune,18.5204,73.8567,Maharashtra
2024-02-07,33.8,18.8,25.7,33.7,19.7,0.0,0.0,16.8,33.1,294,20.4,39445.01,5.11,0,Pune,18.5204,73.8567,Maharashtra
2024-02-08,32.9,17.1,23.9,33.2,16.0,0.0,0.0,10.0,24.5,36,21.02,39475.08,5.19,3,Pune,18.5204,73.8567,Maharashtra
2024-02-09,33.7,14.5,23.9,32.0,12.8,0.0,0.0,18.2,37.1,292,21.48,39504.72,5.45,2,Pune,18.5204,73.8567,Maharashtra
2024-02-10,34.2,14.5,23.9,32.2,13.8,0.0,0.0,20.3,40.3,279,21.66,39533.91,5.73,0,Pune,18.5204,73.8567,Maharashtra
2024-02-11,32.9,14.5,23.5,31.1,13.3,0.0,0.0,18.7,36.4,286,21.48,39562.65,5.51,3,Pune,18.5204,73.8567,Maharashtra
2024-02-12,33.1,15.6,23.9,31.5,14.6,0.0,0.0,18.4,36.4,273,21.22,39590.93,5.48,3,Pune,18.5204,73.8567,Maharashtra
2024-02-13,33.8,16.6,24.2,32.9,14.2,0.0,0.0,18.4,38.2,263,21.16,38948.11,5.73,3,Pune,18.5204,73.8567,Maharashtra
2024-02-14,32.7,15.5,23.7,32.3,14.1,0.0,0.0,9.8,26.6,338,20.18,36000.0,5.08,3,Pune,18.5204,73.8567,Maharashtra
2024-02-15,33.6,17.6,24.9,33.5,15.3,0.0,0.0,11.4,28.1,136,20.07,39600.0,5.19,3,Pune,18.5204,73.8567,Maharashtra
2024-02-16,35.2,18.8,26.3,34.5,19.4,0.0,0.0,12.9,29.2,205,21.32,39600.0,5.44,3,Pune,18.5204,73.8567,Maharashtra
2024-02-17,33.9,17.6,25.9,34.5,17.7,0.0,0.0,9.3,24.1,269,21.93,39600.0,5.22,1,Pune,18.5204,73.8567,Maharashtra
2024-02-18,34.6,17.8,25.6,34.1,17.3,0.0,0.0,15.6,31.3,283,21.28,39600.0,5.59,3,Pune,18.5204,73.8567,Maharashtra
2024-02-19,33.9,18.6,25.8,32.8,17.6,0.0,0.0,17.1,36.0,286,22.32,39600.0,6.02,1,Pune,18.5204,73.8567,Maharashtra
2024-02-20,33.7,17.8,25.0,32.8,15.5,0.0,0.0,21.5,43.6,278,22.29,39600.0,6.2,3,Pune,18.5204,73.8567,Maharashtra
2024-02-21,31.5,17.5,23.7,29.7,16.2,0.0,0.0,18.9,40.7,280,22.64,39774.57,6.15,3,Pune,18.5204,73.8567,Maharashtra
2024-02-22,30.5,16.2,22.6,29.0,17.0,0.0,0.0,18.7,40.3,285,22.3,39600.0,5.79,3,Pune,18.5204,73.8567,Maharashtra
2024-02-23,31.2,15.0,22.4,31.4,13.2,0.0,0.0,11.6,25.2,272,22.93,39736.08,5.26,3,Pune,18.5204,73.8567,Maharashtra
2024-02-24,33.0,14.6,23.3,31.4,14.4,0.0,0.0,18.0,38.2,285,23.12,39962.58,5.61,0,Pune,18.5204,73.8567,Maharashtra
2024-02-25,33.2,18.0,24.4,31.9,14.0,0.0,0.0,12.1,30.6,64,23.04,39941.72,5.84,0,Pune,18.5204,73.8567,Maharashtra
2024-02-26,34.9,16.6,25.7,36.3,14.6,0.0,0.0,16.6,43.2,258,21.62,38281.51,5.58,3,Pune,18.5204,73.8567,Maharashtra
2024-02-27,35.1,20.9,27.4,35.6,21.0,0.0,0.0,22.0,41.8,309,20.16,39652.85,5.75,2,Pune,18.5204,73.8567,Maharashtra
2024-02-28,33.6,22.0,27.6,34.2,21.1,0.0,0.0,11.9,30.2,65,20.66,39876.35,5.41,1,Pune,18.5204,73.8567,Maharashtra
2024-02-29,35.1,21.4,28.1,34.0,21.4,0.0,0.0,17.1,37.4,100,20.26,39853.77,5.99,3,Pune,18.5204,73.8567,Maharashtra
2024-03-01,35.8,20.9,27.9,35.6,20.3,0.0,0.0,15.5,31.0,250,20.75,39600.0,5.88,3,Pune,18.5204,73.8567,Maharashtra
2024-03-02,34.5,20.8,26.4,32.6,20.4,0.0,0.0,24.5,49.3,259,20.56,39807.68,6.37,1,Pune,18.5204,73.8567,Maharashtra
2024-03-03,31.1,18.6,23.8,30.4,19.4,0.0,0.0,22.2,46.4,273,22.54,38706.94,5.71,3,Pune,18.5204,73.8567,Maharashtra
2024-03-04,32.4,15.2,23.1,30.3,15.7,0.0,0.0,18.7,39.2,285,23.85,40493.51,6.01,3,Pune,18.5204,73.8567,Maharashtra
2024-03-05,34.6,14.5,24.3,34.1,14.3,0.0,0.0,19.5,39.6,284,23.68,40469.14,6.0,3,Pune,18.5204,73.8567,Maharashtra
2024-03-06,34.9,16.7,24.9,33.6,16.0,0.0,0.0,22.7,47.5,274,23.76,40444.69,6.48,3,Pune,18.5204,73.8567,Maharashtra
2024-03-07,34.7,14.4,25.2,33.7,11.8,0.0,0.0,17.8,32.8,290,24.24,40663.91,6.23,3,Pune,18.5204,73.8567,Maharashtra
2024-03-08,35.5,20.1,27.4,35.5,18.3,0.0,0.0,20.8,41.4,325,23.76,40639.25,6.28,1,Pune,18.5204,73.8567,Maharashtra
2024-03-09,35.2,18.5,27.3,34.8,16.0,0.0,0.0,15.3,31.0,317,24.12,40858.06,6.47,3,Pune,18.5204,73.8567,Maharashtra
2024-03-10,36.5,17.7,27.1,35.8,16.0,0.0,0.0,19.5,38.5,292,24.09,40833.37,6.64,2,Pune,18.5204,73.8567,Maharashtra
2024-03-11,36.0,19.9,27.5,36.5,17.6,0.0,0.0,18.8,35.3,282,24.14,41051.99,6.69,0,Pune,18.5204,73.8567,Maharashtra
2024-03-12,37.2,20.6,28.2,36.2,20.1,0.0,0.0,20.5,41.8,289,24.28,41270.56,7.09,0,Pune,18.5204,73.8567,Maharashtra
2024-03-13,35.4,19.9,27.1,32.5,18.2,0.0,0.0,18.1,40.0,287,24.81,41489.14,7.43,3,Pune,18.5204,73.8567,Maharashtra
2024-03-14,35.2,17.3,26.0,33.8,16.0,0.0,0.0,17.8,36.0,287,24.79,41707.52,6.88,1,Pune,18.5204,73.8567,Maharashtra
2024-03-15,35.1,18.0,26.0,33.8,15.8,0.0,0.0,20.5,42.1,271,24.62,41682.7,6.82,0,Pune,18.5204,73.8567,Maharashtra
2024-03-16,35.6,17.7,26.5,35.2,16.4,0.0,0.0,20.7,43.9,266,24.18,40709.77,7.03,3,Pune,18.5204,73.8567,Maharashtra
2024-03-17,36.2,18.8,26.8,35.7,17.6,0.0,0.0,23.9,46.4,276,24.39,41875.27,7.05,0,Pune,18.5204,73.8567,Maharashtra
2024-03-18,35.1,20.4,27.2,34.0,17.7,0.0,0.0,21.5,46.4,275,24.42,41122.13,7.66,3,Pune,18.5204,73.8567,Maharashtra
2024-03-19,34.9,19.7,27.1,32.3,17.4,0.0,0.0,17.4,39.2,296,25.12,42067.37,7.6,2,Pune,18.5204,73.8567,Maharashtra
2024-03-20,35.5,20.6,27.8,33.9,19.0,0.0,0.0,16.6,37.1,58,25.45,42478.79,6.77,0,Pune,18.5204,73.8567,Maharashtra
2024-03-21,36.3,19.2,27.9,36.2,15.9,0.0,0.0,13.1,32.0,124,24.49,42529.14,6.69,3,Pune,18.5204,73.8567,Maharashtra
2024-03-22,36.4,19.9,27.9,37.0,19.3,0.0,0.0,20.8,42.8,281,24.92,42579.67,6.49,0,Pune,18.5204,73.8567,Maharashtra
2024-03-23,36.6,19.9,28.4,37.6,18.2,0.0,0.0,22.2,47.2,280,25.05,42630.32,6.76,3,Pune,18.5204,73.8567,Maharashtra
2024-03-24,37.6,22.0,29.5,37.2,19.6,0.0,0.0,18.5,38.9,278,24.76,42681.0,7.63,2,Pune,18.5204,73.8567,Maharashtra
2024-03-25,37.8,22.8,29.9,39.8,21.4,0.0,0.0,15.8,30.2,279,24.39,42731.64,6.6,3,Pune,18.5204,73.8567,Maharashtra
2024-03-26,38.3,21.7,30.1,38.6,21.6,0.0,0.0,16.9,40.3,281,24.86,42782.15,6.71,0,Pune,18.5204,73.8567,Maharashtra
2024-03-27,39.5,22.2,30.4,40.0,22.1,0.0,0.0,20.9,50.0,263,22.71,42832.46,6.91,2,Pune,18.5204,73.8567,Maharashtra
2024-03-28,38.7,23.6,30.6,40.4,22.6,0.0,0.0,22.7,49.0,269,21.46,41116.55,6.41,3,Pune,18.5204,73.8567,Maharashtra
2024-03-29,38.9,23.8,30.6,40.0,23.8,0.1,0.1,21.1,42.8,266,20.73,41092.91,6.5,51,Pune,18.5204,73.8567,Maharashtra
2024-03-30,38.2,23.8,30.7,40.7,25.1,0.0,0.0,20.9,40.0,265,22.46,42981.31,6.38,3,Pune,18.5204,73.8567,Maharashtra
2024-03-31,38.4,24.5,31.1,40.1,23.9,0.0,0.0,21.7,42.8,288,22.89,42401.85,6.79,2,Pune,18.5204,73.8567,Maharashtra
2024-04-01,39.0,24.9,30.9,39.8,23.1,0.0,0.0,21.1,41.4,277,24.67,42727.78,6.66,3,Pune,18.5204,73.8567,Maharashtra
2024-04-02,39.1,21.8,29.9,38.9,20.8,0.0,0.0,21.7,40.7,281,25.5,43125.39,7.56,3,Pune,18.5204,73.8567,Maharashtra
2024-04-03,39.1,21.8,29.7,38.9,21.3,0.0,0.0,23.1,46.4,278,25.27,43172.56,7.4,3,Pune,18.5204,73.8567,Maharashtra
2024-04-04,39.2,23.1,30.4,38.8,21.4,0.0,0.0,21.3,45.4,288,25.06,43200.0,7.9,3,Pune,18.5204,73.8567,Maharashtra
2024-04-05,39.9,22.7,30.6,39.7,21.8,0.0,0.0,22.9,45.0,288,25.78,43200.0,7.65,3,Pune,18.5204,73.8567,Maharashtra
2024-04-06,39.4,23.5,31.0,39.9,22.0,0.0,0.0,25.8,49.0,329,23.44,43200.0,6.95,3,Pune,18.5204,73.8567,Maharashtra
2024-04-07,38.2,23.4,30.0,37.2,21.7,0.0,0.0,25.8,49.7,283,22.81,42506.03,7.93,3,Pune,18.5204,73.8567,Maharashtra
2024-04-08,38.0,20.5,29.3,37.5,17.8,0.0,0.0,17.7,34.2,284,26.26,43200.0,7.34,0,Pune,18.5204,73.8567,Maharashtra
2024-04-09,38.8,20.9,29.8,37.5,19.9,0.0,0.0,22.0,45.0,276,25.88,43200.0,7.97,1,Pune,18.5204,73.8567,Maharashtra
2024-04-10,38.8,21.5,29.6,38.1,20.5,0.0,0.0,22.0,44.6,279,25.85,43200.0,7.82,1,Pune,18.5204,73.8567,Maharashtra
2024-04-11,39.1,22.8,30.1,38.7,21.8,0.0,0.0,23.8,53.3,278,25.17,43200.0,7.39,3,Pune,18.5204,73.8567,Maharashtra
2024-04-12,38.3,22.6,29.5,38.3,21.4,0.0,0.0,23.6,48.2,258,25.35,43200.0,7.35,3,Pune,18.5204,73.8567,Maharashtra
2024-04-13,37.9,20.8,28.8,36.6,20.4,0.0,0.0,20.9,43.6,258,26.37,43200.0,7.28,3,Pune,18.5204,73.8567,Maharashtra
2024-04-14,39.2,19.7,29.0,38.7,21.2,0.0,0.0,24.0,44.3,292,26.42,43200.0,6.8,2,Pune,18.5204,73.8567,Maharashtra
2024-04-15,40.4,23.2,31.8,40.6,25.8,0.1,0.1,20.2,36.7,308,24.17,41804.39,6.72,51,Pune,18.5204,73.8567,Maharashtra
2024-04-16,39.5,27.3,33.2,40.0,28.3,0.0,0.0,14.8,27.7,358,21.31,41787.55,6.46,3,Pune,18.5204,73.8567,Maharashtra
2024-04-17,40.7,27.4,33.1,42.5,27.5,0.3,0.3,22.5,50.0,291,22.09,43200.0,6.61,51,Pune,18.5204,73.8567,Maharashtra
2024-04-18,40.3,25.5,31.9,41.3,29.9,0.1,0.1,18.8,53.6,280,21.91,42267.98,6.52,51,Pune,18.5204,73.8567,Maharashtra
2024-04-19,40.2,25.8,31.8,42.1,26.4,0.0,0.0,24.6,52.6,278,22.92,43200.0,7.24,3,Pune,18.5204,73.8567,Maharashtra
2024-04-20,38.9,25.4,30.9,39.9,25.7,0.0,0.0,19.3,38.5,268,23.26,43200.0,6.76,2,Pune,18.5204,73.8567,Maharashtra
2024-04-21,38.2,23.8,30.6,40.4,24.3,0.0,0.0,19.7,42.8,280,22.87,43200.0,6.39,3,Pune,18.5204,73.8567,Maharashtra
2024-04-22,38.8,24.0,30.8,39.0,23.8,0.0,0.0,19.5,41.4,273,24.05,43200.0,7.34,1,Pune,18.5204,73.8567,Maharashtra
2024-04-23,39.4,23.5,31.1,39.3,23.6,0.0,0.0,23.3,45.4,283,25.57,43005.75,7.38,1,Pune,18.5204,73.8567,Maharashtra
2024-04-24,39.4,23.8,31.4,41.3,24.5,0.0,0.0,11.3,24.5,267,23.14,43200.0,6.23,2,Pune,18.5204,73.8567,Maharashtra
2024-04-25,39.2,24.8,31.2,41.9,25.8,3.0,3.0,17.0,55.8,259,22.74,38877.82,6.37,63,Pune,18.5204,73.8567,Maharashtra
2024-04-26,39.4,25.3,31.4,42.0,24.4,0.1,0.1,24.2,44.3,283,21.77,43200.0,7.0,51,Pune,18.5204,73.8567,Maharashtra
2024-04-27,40.3,25.4,32.5,40.8,26.3,0.0,0.0,14.4,32.4,135,24.25,43200.0,7.03,3,Pune,18.5204,73.8567,Maharashtra
2024-04-28,41.0,25.5,33.3,41.4,26.4,0.0,0.0,22.2,42.1,308,23.53,43200.0,7.45,3,Pune,18.5204,73.8567,Maharashtra
2024-04-29,40.8,25.6,33.5,43.0,25.2,0.0,0.0,21.4,39.6,277,23.58,43200.0,7.35,3,Pune,18.5204,73.8567,Maharashtra
2024-04-30,40.9,24.8,33.1,40.4,22.9,0.0,0.0,20.0,41.0,284,26.65,43200.0,8.72,0,Pune,18.5204,73.8567,Maharashtra
2024-05-01,38.3,25.2,31.1,36.5,23.6,0.0,0.0,24.3,50.4,274,26.64,43200.0,9.49,3,Pune,18.5204,73.8567,Maharashtra
2024-05-02,38.8,22.6,29.6,37.0,19.7,0.0,0.0,18.7,40.3,277,27.2,43200.0,8.42,0,Pune,18.5204,73.8567,Maharashtra
2024-05-03,39.8,20.4,29.6,38.0,18.4,0.0,0.0,18.6,34.9,280,27.83,43200.0,7.96,0,Pune,18.5204,73.8567,Maharashtra
2024-05-04,39.0,21.6,30.2,38.1,22.2,0.0,0.0,16.7,38.2,281,27.13,43200.0,8.19,3,Pune,18.5204,73.8567,Maharashtra
2024-05-05,39.2,23.4,30.7,39.6,23.9,0.0,0.0,23.0,44.6,284,26.2,43200.0,8.11,2,Pune,18.5204,73.8567,Maharashtra
2024-05-06,37.9,23.4,29.8,38.4,23.8,0.0,0.0,21.5,44.6,279,26.73,43200.0,8.09,0,Pune,18.5204,73.8567,Maharashtra
2024-05-07,37.4,21.7,28.7,38.2,23.0,0.0,0.0,23.6,44.6,278,26.26,43200.0,7.41,1,Pune,18.5204,73.8567,Maharashtra
2024-05-08,38.6,21.2,28.9,40.4,24.0,0.0,0.0,26.2,49.7,275,25.95,43200.0,6.47,3,Pune,18.5204,73.8567,Maharashtra
2024-05-09,36.5,22.6,29.1,38.3,24.0,0.4,0.4,22.8,45.4,273,23.17,43200.0,6.61,51,Pune,18.5204,73.8567,Maharashtra
2024-05-10,36.9,23.7,28.6,39.5,26.9,11.8,11.8,17.1,40.3,278,20.19,43200.0,5.36,65,Pune,18.5204,73.8567,Maharashtra
2024-05-11,36.4,23.8,29.2,39.6,27.0,0.2,0.2,25.4,54.0,272,21.78,41927.7,5.58,51,Pune,18.5204,73.8567,Maharashtra
2024-05-12,36.1,24.1,28.9,39.7,25.7,2.1,2.1,16.1,36.7,300,21.12,40912.88,5.55,55,Pune,18.5204,73.8567,Maharashtra
2024-05-13,34.8,24.1,28.2,39.2,25.0,7.0,7.0,24.0,53.3,275,18.52,35733.35,4.63,63,Pune,18.5204,73.8567,Maharashtra
2024-05-14,37.7,24.0,30.1,39.1,27.8,0.0,0.0,17.6,46.8,329,22.6,43200.0,6.0,3,Pune,18.5204,73.8567,Maharashtra
2024-05-15,38.3,23.0,30.3,39.8,24.5,0.0,0.0,19.1,38.5,308,25.43,43200.0,6.75,2,Pune,18.5204,73.8567,Maharashtra
2024-05-16,39.1,24.0,29.3,40.6,27.0,4.4,4.4,14.0,33.1,270,23.08,39166.79,5.62,61,Pune,18.5204,73.8567,Maharashtra
2024-05-17,37.7,23.4,29.2,39.9,27.0,2.0,2.0,23.1,43.6,337,23.79,41913.49,6.19,61,Pune,18.5204,73.8567,Maharashtra
2024-05-18,38.7,23.0,30.4,40.4,26.7,0.3,0.3,19.1,41.4,298,23.69,43200.0,6.66,51,Pune,18.5204,73.8567,Maharashtra
2024-05-19,38.9,24.9,30.8,39.7,28.1,0.3,0.3,20.8,56.9,276,19.75,39897.42,6.01,51,Pune,18.5204,73.8567,Maharashtra
2024-05-20,40.5,25.6,30.9,42.0,30.4,0.8,0.8,24.5,51.5,273,20.82,32400.0,6.2,51,Pune,18.5204,73.8567,Maharashtra
2024-05-21,41.7,24.5,31.7,41.6,28.6,0.0,0.0,21.8,46.8,286,21.99,40689.71,6.93,3,Pune,18.5204,73.8567,Maharashtra
2024-05-22,39.9,25.2,31.3,42.9,29.0,0.4,0.4,20.4,42.1,262,21.68,37703.91,6.15,51,Pune,18.5204,73.8567,Maharashtra
2024-05-23,38.8,25.4,30.5,41.4,30.3,2.7,2.7,20.9,47.2,270,21.06,41826.13,5.66,61,Pune,18.5204,73.8567,Maharashtra
2024-05-24,35.9,24.7,29.5,39.1,26.3,0.3,0.3,26.4,50.4,268,22.41,43200.0,6.6,51,Pune,18.5204,73.8567,Maharashtra
2024-05-25,34.1,23.6,28.1,36.2,24.8,0.0,0.0,27.4,54.0,269,20.62,39230.67,6.07,3,Pune,18.5204,73.8567,Maharashtra
2024-05-26,34.3,24.4,28.5,36.3,26.2,0.0,0.0,26.9,54.4,273,24.74,43200.0,6.79,3,Pune,18.5204,73.8567,Maharashtra
2024-05-27,32.7,24.8,27.6,35.1,26.9,0.0,0.0,27.8,56.2,269,16.57,21716.08,4.96,3,Pune,18.5204,73.8567,Maharashtra
2024-05-28,34.1,24.2,28.2,35.1,26.1,0.0,0.0,31.8,62.3,268,24.76,42882.9,6.86,3,Pune,18.5204,73.8567,Maharashtra
2024-05-29,34.4,23.5,28.1,35.5,25.1,0.0,0.0,28.1,57.2,261,25.91,43200.0,7.1,3,Pune,18.5204,73.8567,Maharashtra
2024-05-30,36.2,23.3,28.7,37.7,25.5,0.0,0.0,23.1,47.2,271,26.29,43200.0,7.27,1,Pune,18.5204,73.8567,Maharashtra
2024-05-31,35.8,24.1,29.1,38.1,27.2,0.0,0.0,21.7,44.6,276,24.96,43200.0,6.89,3,Pune,18.5204,73.8567,Maharashtra
2024-06-01,35.9,24.0,29.3,38.0,27.2,0.1,0.1,20.2,42.8,272,25.19,43200.0,6.96,51,Pune,18.5204,73.8567,Maharashtra
2024-06-02,36.2,24.6,29.7,38.3,27.8,0.0,0.0,18.8,40.0,272,25.03,42831.37,7.1,3,Pune,18.5204,73.8567,Maharashtra
2024-06-03,37.4,24.2,29.4,40.5,26.9,2.1,2.1,19.4,42.5,263,22.0,37267.6,5.95,53,Pune,18.5204,73.8567,Maharashtra
2024-06-04,31.4,24.1,26.4,35.2,28.8,21.0,21.0,16.5,39.6,269,13.26,13317.97,3.26,65,Pune,18.5204,73.8567,Maharashtra
2024-06-05,33.2,24.4,26.8,37.6,26.8,7.9,7.9,23.9,46.8,266,17.51,29518.33,4.05,63,Pune,18.5204,73.8567,Maharashtra
2024-06-06,33.6,23.6,27.1,37.6,27.8,6.1,6.1,17.5,36.7,271,19.23,29517.74,4.52,61,Pune,18.5204,73.8567,Maharashtra
2024-06-07,33.9,23.3,26.6,38.1,26.6,13.8,13.8,19.2,40.7,278,21.75,40746.97,4.91,63,Pune,18.5204,73.8567,Maharashtra
2024-06-08,32.3,23.5,26.1,36.6,27.2,9.3,9.3,17.3,37.1,282,18.98,23862.14,4.34,63,Pune,18.5204,73.8567,Maharashtra
2024-06-09,27.0,23.1,24.9,30.3,26.2,2.8,2.8,16.1,32.0,278,7.19,1795.5,2.04,53,Pune,18.5204,73.8567,Maharashtra
2024-06-10,27.7,22.1,24.5,30.5,25.2,17.1,17.1,18.2,36.0,278,10.21,6412.02,2.5,63,Pune,18.5204,73.8567,Maharashtra
2024-06-11,27.9,22.7,24.6,30.3,25.5,21.9,21.9,19.9,39.2,271,10.89,8189.97,2.61,63,Pune,18.5204,73.8567,Maharashtra
2024-06-12,28.8,22.9,25.1,32.0,25.8,9.5,9.5,18.4,37.4,261,15.03,25565.07,3.32,63,Pune,18.5204,73.8567,Maharashtra
2024-06-13,28.8,23.2,25.4,32.2,26.4,9.1,9.1,19.8,39.2,258,18.45,39774.75,3.98,63,Pune,18.5204,73.8567,Maharashtra
2024-06-14,28.9,22.9,25.0,32.4,25.6,1.2,1.2,20.6,40.0,255,16.05,34098.86,3.61,53,Pune,18.5204,73.8567,Maharashtra
2024-06-15,29.3,23.0,25.4,33.1,25.9,3.4,3.4,16.0,37.1,245,18.67,40852.12,4.03,61,Pune,18.5204,73.8567,Maharashtra
2024-06-16,30.5,22.6,25.4,35.1,26.0,8.7,8.7,15.9,38.2,266,20.1,37977.51,4.25,63,Pune,18.5204,73.8567,Maharashtra
2024-06-17,30.6,22.8,25.7,34.7,26.6,5.9,5.9,17.1,36.7,263,19.56,36935.25,4.21,61,Pune,18.5204,73.8567,Maharashtra
2024-06-18,29.6,23.2,25.5,32.7,26.3,19.5,19.5,23.2,46.4,251,19.83,38498.56,4.32,65,Pune,18.5204,73.8567,Maharashtra
2024-06-19,27.8,23.1,25.0,29.5,25.6,1.8,1.8,23.2,46.8,250,15.73,28167.0,3.62,51,Pune,18.5204,73.8567,Maharashtra
2024-06-20,29.0,23.2,25.1,32.1,25.9,3.4,3.4,23.7,49.0,246,17.92,31446.32,3.84,55,Pune,18.5204,73.8567,Maharashtra
2024-06-21,29.4,23.4,25.7,32.3,26.1,0.6,0.6,23.8,47.5,255,19.41,31679.12,4.32,51,Pune,18.5204,73.8567,Maharashtra
2024-06-22,29.8,22.8,25.9,33.7,25.5,0.5,0.5,20.5,40.7,264,21.51,38858.03,4.78,51,Pune,18.5204,73.8567,Maharashtra
2024-06-23,30.3,23.2,25.7,34.8,26.1,2.5,2.5,15.5,32.8,261,18.92,37784.17,4.19,53,Pune,18.5204,73.8567,Maharashtra
2024-06-24,30.8,23.2,25.8,36.2,26.6,5.4,5.4,16.2,34.2,241,20.03,36930.62,4.33,63,Pune,18.5204,73.8567,Maharashtra
2024-06-25,29.4,23.9,25.8,32.8,26.5,4.0,4.0,22.3,45.4,214,14.87,23602.2,3.46,55,Pune,18.5204,73.8567,Maharashtra
2024-06-26,29.7,23.7,25.5,32.6,26.0,5.3,5.3,26.7,54.0,228,16.86,22499.47,3.74,61,Pune,18.5204,73.8567,Maharashtra
2024-06-27,27.6,23.4,25.0,28.8,25.8,2.2,2.2,28.4,54.0,232,14.19,20725.41,3.2,51,Pune,18.5204,73.8567,Maharashtra
2024-06-28,27.8,23.6,25.0,29.7,25.7,11.5,11.5,28.8,55.4,231,18.46,35264.77,3.81,63,Pune,18.5204,73.8567,Maharashtra
2024-06-29,28.4,23.1,25.3,30.8,25.3,1.7,1.7,27.6,54.4,229,19.47,35442.98,4.13,51,Pune,18.5204,73.8567,Maharashtra
2024-06-30,27.9,23.4,25.0,30.0,25.7,4.7,4.7,26.1,55.1,234,14.56,17041.44,3.26,61,Pune,18.5204,73.8567,Maharashtra
2024-07-01,27.2,22.5,24.5,28.5,23.9,4.9,4.9,32.1,61.2,231,15.97,22296.13,3.43,53,Pune,18.5204,73.8567,Maharashtra
2024-07-02,27.4,22.5,24.2,30.1,23.5,11.4,11.4,27.2,59.0,240,16.01,20189.83,3.33,61,Pune,18.5204,73.8567,Maharashtra
2024-07-03,27.5,22.9,24.8,29.0,24.2,0.7,0.7,25.8,49.3,239,11.93,7465.71,3.0,51,Pune,18.5204,73.8567,Maharashtra
2024-07-04,26.8,23.4,24.8,28.8,25.5,1.0,1.0,22.9,45.7,241,11.93,6784.35,2.88,51,Pune,18.5204,73.8567,Maharashtra
2024-07-05,28.1,23.3,25.0,30.6,25.6,4.5,4.5,27.7,55.4,242,18.86,30145.18,3.92,61,Pune,18.5204,73.8567,Maharashtra
2024-07-06,27.7,23.0,24.7,28.8,25.0,4.3,4.3,30.8,58.3,241,18.96,32710.58,3.9,55,Pune,18.5204,73.8567,Maharashtra
2024-07-07,26.0,22.9,24.0,28.3,25.1,6.4,6.4,19.9,38.2,245,8.47,3898.01,2.16,61,Pune,18.5204,73.8567,Maharashtra
2024-07-08,27.1,22.7,24.1,29.9,25.0,63.8,63.8,19.2,36.7,248,11.1,7763.63,2.47,65,Pune,18.5204,73.8567,Maharashtra
2024-07-09,27.7,22.2,24.1,31.2,24.7,17.1,17.1,17.2,39.2,244,13.78,16934.09,3.02,63,Pune,18.5204,73.8567,Maharashtra
2024-07-10,28.2,22.6,24.8,31.7,24.7,0.7,0.7,21.6,41.4,244,19.29,39600.0,4.1,51,Pune,18.5204,73.8567,Maharashtra
2024-07-11,26.9,22.6,24.0,29.4,24.6,12.0,12.0,23.1,46.4,249,12.67,19972.25,2.75,63,Pune,18.5204,73.8567,Maharashtra
2024-07-12,26.2,22.9,24.0,28.1,25.4,22.2,22.2,24.0,46.1,252,14.21,22456.3,2.86,65,Pune,18.5204,73.8567,Maharashtra
2024-07-13,26.5,22.7,24.0,27.9,24.7,17.9,17.9,27.2,53.6,252,13.69,21166.04,2.94,63,Pune,18.5204,73.8567,Maharashtra
2024-07-14,24.3,22.7,23.2,27.3,24.7,74.5,74.5,19.8,37.8,261,6.21,3600.0,1.45,65,Pune,18.5204,73.8567,Maharashtra
2024-07-15,28.7,22.5,24.5,31.5,25.3,6.1,6.1,20.5,39.6,269,15.42,19184.13,3.34,61,Pune,18.5204,73.8567,Maharashtra
2024-07-16,28.8,22.5,24.6,32.0,24.8,2.5,2.5,26.7,51.5,236,19.44,31389.96,4.07,53,Pune,18.5204,73.8567,Maharashtra
2024-07-17,26.9,22.9,24.3,29.5,24.9,11.0,11.0,25.0,47.9,245,12.1,7149.28,2.72,63,Pune,18.5204,73.8567,Maharashtra
2024-07-18,26.7,22.9,24.2,28.0,25.2,6.3,6.3,26.7,53.3,252,11.83,11982.91,2.62,55,Pune,18.5204,73.8567,Maharashtra
2024-07-19,25.1,23.2,23.9,26.7,24.8,5.8,5.8,24.9,46.1,249,8.11,3600.0,2.0,53,Pune,18.5204,73.8567,Maharashtra
2024-07-20,25.9,22.9,23.9,26.9,24.7,21.3,21.3,27.3,52.2,249,9.95,4790.24,2.28,63,Pune,18.5204,73.8567,Maharashtra
2024-07-21,26.7,22.9,24.2,28.1,24.7,10.6,10.6,28.0,52.6,250,12.14,9151.69,2.74,63,Pune,18.5204,73.8567,Maharashtra
2024-07-22,24.4,22.8,23.6,26.0,24.2,21.3,21.3,26.9,53.3,250,6.9,0.0,1.76,61,Pune,18.5204,73.8567,Maharashtra
2024-07-23,24.1,22.7,23.3,25.6,23.7,21.7,21.7,27.6,51.5,252,5.79,0.0,1.55,61,Pune,18.5204,73.8567,Maharashtra
2024-07-24,24.6,22.6,23.4,25.3,23.2,24.5,24.5,32.9,60.8,254,8.03,222.43,1.92,63,Pune,18.5204,73.8567,Maharashtra
2024-07-25,23.7,21.9,22.9,24.9,22.5,54.9,54.9,29.4,55.1,258,3.83,0.0,1.26,63,Pune,18.5204,73.8567,Maharashtra
2024-07-26,25.1,22.0,23.3,26.4,22.7,15.9,15.9,26.1,48.2,257,8.5,4734.77,2.06,63,Pune,18.5204,73.8567,Maharashtra
2024-07-27,25.1,22.8,23.5,25.5,23.4,10.0,10.0,32.8,62.6,261,7.82,798.86,1.92,61,Pune,18.5204,73.8567,Maharashtra
2024-07-28,25.0,22.7,23.5,26.4,23.7,11.4,11.4,27.7,52.6,261,8.21,0.0,1.95,63,Pune,18.5204,73.8567,Maharashtra
2024-07-29,26.3,22.5,23.7,28.4,24.2,13.0,13.0,26.0,51.5,255,9.36,4756.68,2.18,63,Pune,18.5204,73.8567,Maharashtra
2024-07-30,27.7,22.4,24.4,30.7,24.7,7.4,7.4,26.5,50.8,248,19.77,35952.45,3.89,63,Pune,18.5204,73.8567,Maharashtra
2024-07-31,26.3,22.1,23.9,27.9,24.7,14.7,14.7,24.4,46.4,253,10.92,8334.98,2.42,63,Pune,18.5204,73.8567,Maharashtra
2024-08-01,26.6,22.8,24.2,29.1,25.0,2.2,2.2,26.8,52.9,253,16.28,25288.13,3.33,51,Pune,18.5204,73.8567,Maharashtra
2024-08-02,26.7,22.0,24.0,28.4,23.9,9.8,9.8,30.1,60.1,251,19.71,28097.99,3.79,63,Pune,18.5204,73.8567,Maharashtra
2024-08-03,25.8,22.6,23.6,26.7,23.7,8.2,8.2,29.6,58.3,249,13.27,13456.45,2.85,61,Pune,18.5204,73.8567,Maharashtra
2024-08-04,26.0,22.8,23.3,27.4,23.8,28.4,28.4,30.0,56.5,253,8.87,6720.22,1.99,63,Pune,18.5204,73.8567,Maharashtra
2024-08-05,26.8,22.6,24.1,29.1,24.4,3.3,3.3,26.5,51.8,248,17.45,28564.48,3.51,53,Pune,18.5204,73.8567,Maharashtra
2024-08-06,27.4,22.5,24.5,29.1,24.5,0.7,0.7,25.5,50.0,256,20.19,36128.81,4.13,51,Pune,18.5204,73.8567,Maharashtra
2024-08-07,27.0,22.7,24.3,29.3,25.2,2.7,2.7,23.8,46.8,264,18.96,35456.75,3.8,53,Pune,18.5204,73.8567,Maharashtra
2024-08-08,27.2,22.3,24.2,29.7,24.9,2.9,2.9,22.3,43.9,263,20.08,41628.35,4.01,51,Pune,18.5204,73.8567,Maharashtra
2024-08-09,24.8,22.1,23.3,26.9,25.0,6.4,6.4,20.1,39.6,258,7.51,1143.79,1.76,61,Pune,18.5204,73.8567,Maharashtra
2024-08-10,28.6,21.9,24.2,32.6,24.3,4.4,4.4,22.6,44.3,260,20.36,37107.56,4.07,61,Pune,18.5204,73.8567,Maharashtra
2024-08-11,27.6,22.0,24.2,30.0,24.5,1.1,1.1,23.2,45.7,262,20.88,36580.38,4.18,51,Pune,18.5204,73.8567,Maharashtra
2024-08-12,28.2,21.7,24.4,31.7,24.7,1.2,1.2,21.6,41.4,263,20.44,39575.36,4.11,51,Pune,18.5204,73.8567,Maharashtra
2024-08-13,29.5,21.5,24.8,33.6,24.4,0.5,0.5,16.7,31.3,270,19.27,35900.34,4.12,51,Pune,18.5204,73.8567,Maharashtra
2024-08-14,29.2,21.2,24.6,33.2,24.4,0.8,0.8,16.7,32.0,278,18.46,34449.33,3.9,51,Pune,18.5204,73.8567,Maharashtra
2024-08-15,30.4,21.4,25.0,34.4,24.9,0.3,0.3,17.3,33.8,277,21.18,35222.33,4.5,51,Pune,18.5204,73.8567,Maharashtra
2024-08-16,30.3,21.1,25.0,34.8,24.4,1.0,1.0,17.0,36.4,275,20.81,37937.56,4.42,51,Pune,18.5204,73.8567,Maharashtra
2024-08-17,28.8,21.4,24.6,33.5,24.9,2.9,2.9,11.5,26.3,276,14.32,22104.76,3.06,55,Pune,18.5204,73.8567,Maharashtra
2024-08-18,28.3,23.0,24.8,33.2,27.3,31.0,31.0,6.8,20.5,322,12.56,17495.82,2.64,65,Pune,18.5204,73.8567,Maharashtra
2024-08-19,30.3,22.4,25.3,35.7,26.8,8.9,8.9,8.1,19.8,325,18.49,34408.85,3.83,61,Pune,18.5204,73.8567,Maharashtra
2024-08-20,29.8,22.5,25.2,34.4,26.7,8.7,8.7,12.8,25.9,281,18.48,32315.01,3.84,61,Pune,18.5204,73.8567,Maharashtra
2024-08-21,30.3,22.0,24.9,36.7,26.5,18.1,18.1,14.0,29.9,141,18.58,33893.78,3.8,65,Pune,18.5204,73.8567,Maharashtra
2024-08-22,28.9,22.5,25.0,34.0,27.2,16.4,16.4,12.1,26.6,274,17.28,28313.42,3.54,63,Pune,18.5204,73.8567,Maharashtra
2024-08-23,27.9,23.0,24.5,31.0,27.1,15.4,15.4,17.6,34.2,236,9.19,3621.22,2.09,65,Pune,18.5204,73.8567,Maharashtra
2024-08-24,24.1,22.5,22.9,27.0,23.8,61.8,61.8,21.2,39.6,254,3.64,0.0,0.99,65,Pune,18.5204,73.8567,Maharashtra
2024-08-25,25.3,21.4,22.9,26.1,22.5,24.3,24.3,30.5,58.7,254,10.81,11633.79,2.26,63,Pune,18.5204,73.8567,Maharashtra
2024-08-26,24.3,21.1,22.8,25.5,21.8,6.1,6.1,25.3,49.3,245,11.37,10888.3,2.48,55,Pune,18.5204,73.8567,Maharashtra
2024-08-27,26.1,21.4,23.3,27.8,22.5,7.9,7.9,27.9,58.7,233,18.91,32935.22,3.57,61,Pune,18.5204,73.8567,Maharashtra
2024-08-28,26.7,21.5,23.6,28.6,23.4,4.0,4.0,30.5,59.0,237,20.99,37093.58,3.92,53,Pune,18.5204,73.8567,Maharashtra
2024-08-29,27.1,22.1,24.2,29.5,24.3,1.5,1.5,25.5,49.0,241,20.29,36348.86,4.0,51,Pune,18.5204,73.8567,Maharashtra
2024-08-30,27.1,22.3,24.3,30.3,24.8,2.2,2.2,20.8,41.8,251,18.85,33016.59,3.8,53,Pune,18.5204,73.8567,Maharashtra
2024-08-31,25.6,22.2,23.6,28.7,25.0,9.7,9.7,17.6,34.6,274,11.31,21334.21,2.38,63,Pune,18.5204,73.8567,Maharashtra
2024-09-01,25.6,21.6,23.1,26.9,24.6,2.3,2.3,22.3,42.5,277,7.72,0.0,1.87,53,Pune,18.5204,73.8567,Maharashtra
2024-09-02,23.8,22.2,22.7,26.3,24.2,49.4,49.4,18.8,37.1,270,4.74,0.0,1.17,63,Pune,18.5204,73.8567,Maharashtra
2024-09-03,26.4,21.9,23.6,29.2,23.7,10.4,10.4,21.3,41.8,260,13.08,20039.7,2.75,63,Pune,18.5204,73.8567,Maharashtra
2024-09-04,26.6,22.6,24.0,28.5,24.8,1.4,1.4,23.8,46.1,263,16.53,35062.26,3.36,51,Pune,18.5204,73.8567,Maharashtra
2024-09-05,27.5,22.6,24.0,30.4,25.0,17.8,17.8,23.3,47.9,261,17.74,28633.27,3.53,65,Pune,18.5204,73.8567,Maharashtra
2024-09-06,26.4,21.9,23.8,27.9,24.6,1.7,1.7,24.9,47.2,262,14.81,29056.68,3.08,51,Pune,18.5204,73.8567,Maharashtra
2024-09-07,27.8,21.7,24.1,30.8,24.0,0.9,0.9,23.6,45.4,265,20.07,39189.06,4.01,51,Pune,18.5204,73.8567,Maharashtra
2024-09-08,28.2,22.2,24.3,32.2,24.9,1.8,1.8,19.8,40.0,264,20.73,40286.62,4.19,53,Pune,18.5204,73.8567,Maharashtra
2024-09-09,28.2,21.8,24.0,33.0,24.6,2.9,2.9,19.9,40.0,267,20.12,34920.02,3.98,55,Pune,18.5204,73.8567,Maharashtra
2024-09-10,27.7,22.4,24.0,31.3,25.0,18.7,18.7,17.7,34.9,259,14.38,23694.34,3.04,65,Pune,18.5204,73.8567,Maharashtra
2024-09-11,27.8,22.2,24.0,31.3,24.9,2.3,2.3,19.9,40.3,248,19.64,37349.93,3.89,53,Pune,18.5204,73.8567,Maharashtra
2024-09-12,27.5,21.8,24.0,29.6,24.1,0.3,0.3,23.6,47.9,252,21.52,40541.86,4.35,51,Pune,18.5204,73.8567,Maharashtra
2024-09-13,27.1,21.2,23.6,29.0,23.7,0.3,0.3,21.2,42.5,253,20.5,42289.19,4.16,51,Pune,18.5204,73.8567,Maharashtra
2024-09-14,27.1,20.6,23.3,29.4,23.2,0.9,0.9,22.8,45.4,251,22.31,42480.43,4.34,51,Pune,18.5204,73.8567,Maharashtra
2024-09-15,26.8,20.6,23.2,28.8,23.1,1.6,1.6,21.7,44.3,263,19.58,39079.86,3.91,53,Pune,18.5204,73.8567,Maharashtra
2024-09-16,28.3,20.0,23.7,31.5,22.4,0.7,0.7,16.5,33.5,272,21.61,39600.0,4.5,51,Pune,18.5204,73.8567,Maharashtra
2024-09-17,27.8,20.0,23.3,30.2,22.4,1.3,1.3,16.2,32.8,280,21.16,43200.0,4.41,51,Pune,18.5204,73.8567,Maharashtra
2024-09-18,28.6,19.1,23.1,31.2,21.0,0.0,0.0,14.1,30.6,270,24.4,43200.0,4.99,3,Pune,18.5204,73.8567,Maharashtra
2024-09-19,29.0,19.3,23.7,32.9,21.4,0.0,0.0,15.3,31.0,269,20.26,39403.45,4.33,3,Pune,18.5204,73.8567,Maharashtra
2024-09-20,28.1,20.7,23.7,31.4,23.6,4.4,4.4,14.9,33.5,273,16.51,35300.21,3.39,61,Pune,18.5204,73.8567,Maharashtra
2024-09-21,29.5,22.3,24.3,34.7,25.7,7.2,7.2,17.3,34.9,281,17.63,30245.11,3.69,63,Pune,18.5204,73.8567,Maharashtra
2024-09-22,29.6,21.3,24.2,34.4,24.2,13.0,13.0,13.8,29.2,297,17.77,38044.28,3.66,63,Pune,18.5204,73.8567,Maharashtra
2024-09-23,28.6,22.2,24.1,33.8,26.2,33.5,33.5,14.2,28.8,293,13.02,21247.34,2.65,65,Pune,18.5204,73.8567,Maharashtra
2024-09-24,29.5,21.7,24.3,35.8,25.0,19.7,19.7,8.9,18.0,286,15.27,22863.06,3.14,63,Pune,18.5204,73.8567,Maharashtra
2024-09-25,27.6,22.4,23.7,32.8,26.0,39.1,39.1,14.0,26.6,269,9.69,8586.78,2.07,65,Pune,18.5204,73.8567,Maharashtra
2024-09-26,25.4,21.7,23.1,28.2,22.9,13.3,13.3,22.7,41.0,242,9.28,3418.23,2.02,61,Pune,18.5204,73.8567,Maharashtra
2024-09-27,25.6,22.2,23.5,26.4,23.6,2.7,2.7,26.9,51.1,240,11.7,14976.61,2.57,55,Pune,18.5204,73.8567,Maharashtra
2024-09-28,27.5,22.2,24.2,30.4,24.2,0.9,0.9,20.2,40.3,253,19.01,38410.11,3.83,51,Pune,18.5204,73.8567,Maharashtra
2024-09-29,28.2,21.6,24.3,32.3,24.6,2.0,2.0,15.5,33.5,262,16.78,35280.43,3.48,53,Pune,18.5204,73.8567,Maharashtra
2024-09-30,29.8,20.8,24.9,35.2,24.2,0.0,0.0,8.6,17.6,277,21.82,39990.28,4.46,3,Pune,18.5204,73.8567,Maharashtra
2024-10-01,30.4,22.0,25.6,36.1,26.2,0.0,0.0,10.1,18.7,238,21.19,36304.9,4.39,3,Pune,18.5204,73.8567,Maharashtra
2024-10-02,30.6,22.5,25.0,36.9,26.6,2.5,2.5,14.9,37.8,262,18.76,29160.43,3.85,61,Pune,18.5204,73.8567,Maharashtra
2024-10-03,29.8,21.8,24.6,34.5,25.2,2.9,2.9,16.2,35.3,268,18.48,39583.67,3.79,55,Pune,18.5204,73.8567,Maharashtra
2024-10-04,28.8,21.0,24.0,33.6,23.9,1.0,1.0,16.1,32.8,266,18.36,41121.17,3.71,53,Pune,18.5204,73.8567,Maharashtra
2024-10-05,29.4,20.8,24.1,34.1,24.0,0.0,0.0,13.1,25.9,276,21.65,37621.52,4.45,3,Pune,18.5204,73.8567,Maharashtra
2024-10-06,29.5,20.9,24.3,33.4,24.4,1.3,1.3,17.5,34.6,80,19.58,38307.12,4.03,53,Pune,18.5204,73.8567,Maharashtra
2024-10-07,30.5,20.7,25.4,33.2,23.7,0.0,0.0,17.1,37.8,87,21.71,39955.93,4.69,3,Pune,18.5204,73.8567,Maharashtra
2024-10-08,30.4,20.6,25.3,34.0,23.5,0.4,0.4,12.3,28.4,84,21.18,40485.43,4.5,51,Pune,18.5204,73.8567,Maharashtra
2024-10-09,27.8,22.0,24.4,30.5,25.6,3.1,3.1,13.0,28.1,104,10.5,5570.42,2.44,61,Pune,18.5204,73.8567,Maharashtra
2024-10-10,29.0,21.1,24.0,31.7,24.0,4.2,4.2,23.2,43.9,103,13.79,29708.81,3.03,61,Pune,18.5204,73.8567,Maharashtra
2024-10-11,29.4,21.3,24.2,32.5,23.7,8.2,8.2,21.5,40.7,105,15.18,27381.18,3.2,63,Pune,18.5204,73.8567,Maharashtra
2024-10-12,29.8,21.3,24.3,33.8,24.7,5.8,5.8,15.7,33.5,99,17.05,33320.15,3.47,61,Pune,18.5204,73.8567,Maharashtra
2024-10-13,29.9,21.3,24.3,34.4,24.9,6.0,6.0,16.0,31.3,113,15.71,35787.52,3.3,63,Pune,18.5204,73.8567,Maharashtra
2024-10-14,29.2,20.6,24.1,33.1,23.8,7.0,7.0,15.4,31.7,103,17.76,38259.22,3.65,61,Pune,18.5204,73.8567,Maharashtra
2024-10-15,28.9,20.2,23.7,32.0,23.3,1.7,1.7,12.3,28.4,94,15.12,26894.32,3.14,51,Pune,18.5204,73.8567,Maharashtra
2024-10-16,29.8,21.2,24.3,33.6,24.5,14.5,14.5,13.7,29.9,90,17.64,30653.6,3.63,63,Pune,18.5204,73.8567,Maharashtra
2024-10-17,27.8,22.0,24.0,31.1,25.7,5.5,5.5,14.0,29.9,79,10.7,18228.58,2.3,61,Pune,18.5204,73.8567,Maharashtra
2024-10-18,29.1,21.6,24.5,32.7,24.9,17.4,17.4,20.8,40.0,102,15.98,29733.05,3.31,63,Pune,18.5204,73.8567,Maharashtra
2024-10-19,29.7,21.3,23.8,34.9,24.9,22.0,22.0,11.2,29.5,104,13.74,24223.45,2.85,63,Pune,18.5204,73.8567,Maharashtra
2024-10-20,28.2,21.1,23.5,32.5,24.6,7.4,7.4,12.5,25.6,93,12.8,27511.61,2.64,63,Pune,18.5204,73.8567,Maharashtra
2024-10-21,27.2,20.7,23.7,31.2,23.7,6.4,6.4,11.9,25.6,88,13.8,32457.4,2.79,63,Pune,18.5204,73.8567,Maharashtra
2024-10-22,28.3,19.8,24.1,32.2,22.9,0.4,0.4,9.2,19.4,87,14.43,30139.21,2.98,51,Pune,18.5204,73.8567,Maharashtra
2024-10-23,28.8,19.6,24.1,33.4,22.6,0.0,0.0,11.4,25.6,80,18.92,39584.04,3.83,3,Pune,18.5204,73.8567,Maharashtra
2024-10-24,28.7,19.5,23.8,32.1,22.2,0.0,0.0,9.3,22.3,72,20.03,39582.38,4.12,3,Pune,18.5204,73.8567,Maharashtra
2024-10-25,29.0,19.7,24.0,31.6,21.3,0.0,0.0,10.2,20.2,27,20.47,39579.91,4.29,3,Pune,18.5204,73.8567,Maharashtra
2024-10-26,29.1,18.7,23.7,31.6,19.9,0.0,0.0,11.7,23.4,48,21.3,39826.35,4.39,3,Pune,18.5204,73.8567,Maharashtra
2024-10-27,30.5,18.1,23.9,32.6,19.1,0.0,0.0,12.0,24.5,312,21.12,39572.5,4.56,3,Pune,18.5204,73.8567,Maharashtra
2024-10-28,30.7,18.9,24.1,33.3,20.6,0.0,0.0,11.1,19.1,322,20.69,39567.49,4.44,2,Pune,18.5204,73.8567,Maharashtra
2024-10-29,30.7,18.2,24.2,32.0,20.6,0.0,0.0,12.9,28.8,352,20.1,39310.7,4.42,3,Pune,18.5204,73.8567,Maharashtra
2024-10-30,29.6,19.0,24.1,32.1,21.4,0.3,0.3,9.7,20.5,73,18.86,39303.42,4.04,51,Pune,18.5204,73.8567,Maharashtra
2024-10-31,30.5,20.6,25.4,33.2,22.6,0.3,0.3,14.8,33.8,92,19.58,39141.26,4.25,51,Pune,18.5204,73.8567,Maharashtra
2024-11-01,30.0,20.7,25.2,32.8,23.5,0.1,0.1,14.3,32.4,72,18.65,39115.6,4.06,51,Pune,18.5204,73.8567,Maharashtra
2024-11-02,30.1,20.1,24.8,32.2,21.5,0.0,0.0,13.9,30.6,78,19.9,39275.59,4.43,2,Pune,18.5204,73.8567,Maharashtra
2024-11-03,30.2,18.6,24.6,32.1,19.8,0.0,0.0,13.9,30.6,80,20.13,39062.81,4.43,0,Pune,18.5204,73.8567,Maharashtra
2024-11-04,30.1,18.6,24.5,30.9,19.4,0.0,0.0,14.3,30.6,93,18.77,39035.67,4.31,3,Pune,18.5204,73.8567,Maharashtra
2024-11-05,29.7,19.0,24.5,30.5,20.6,0.0,0.0,14.3,31.0,88,19.99,39008.05,4.48,3,Pune,18.5204,73.8567,Maharashtra
2024-11-06,30.2,17.9,23.7,31.6,19.1,0.0,0.0,11.5,27.4,41,20.25,38979.94,4.41,1,Pune,18.5204,73.8567,Maharashtra
2024-11-07,30.0,19.0,23.9,31.1,19.2,0.0,0.0,11.3,26.6,77,20.09,38952.65,4.58,0,Pune,18.5204,73.8567,Maharashtra
2024-11-08,29.6,19.1,24.1,29.4,19.7,0.0,0.0,16.6,35.3,85,20.09,38935.01,4.76,0,Pune,18.5204,73.8567,Maharashtra
2024-11-09,29.7,18.4,23.9,30.0,19.3,0.0,0.0,14.8,32.0,80,19.9,38916.17,4.61,0,Pune,18.5204,73.8567,Maharashtra
2024-11-10,29.4,19.5,23.8,30.7,19.5,0.0,0.0,12.0,28.1,55,18.8,38896.0,4.22,1,Pune,18.5204,73.8567,Maharashtra
2024-11-11,29.1,18.5,23.4,29.2,18.6,0.0,0.0,17.5,37.1,85,19.92,38874.61,4.68,1,Pune,18.5204,73.8567,Maharashtra
2024-11-12,29.3,16.4,23.1,29.4,16.3,0.0,0.0,16.2,34.9,91,19.72,38851.99,4.58,3,Pune,18.5204,73.8567,Maharashtra
2024-11-13,30.2,17.8,24.0,30.6,18.5,0.0,0.0,13.0,35.3,94,19.68,38828.24,4.56,2,Pune,18.5204,73.8567,Maharashtra
2024-11-14,32.1,18.9,25.4,33.2,20.2,0.0,0.0,13.7,32.8,99,17.58,38733.8,4.33,3,Pune,18.5204,73.8567,Maharashtra
2024-11-15,31.3,21.5,25.8,33.5,23.8,1.1,1.1,10.2,29.5,92,15.97,36039.08,3.61,53,Pune,18.5204,73.8567,Maharashtra
2024-11-16,31.2,22.4,26.4,32.7,25.8,0.1,0.1,11.3,32.0,98,15.79,36229.06,3.82,51,Pune,18.5204,73.8567,Maharashtra
2024-11-17,30.9,21.8,25.7,31.5,23.0,0.0,0.0,13.5,35.3,91,18.35,37285.68,4.54,3,Pune,18.5204,73.8567,Maharashtra
2024-11-18,28.9,17.8,23.4,28.5,18.6,0.0,0.0,12.6,33.5,86,19.47,38597.6,4.6,0,Pune,18.5204,73.8567,Maharashtra
2024-11-19,28.4,16.4,22.3,28.4,17.2,0.0,0.0,10.1,28.8,85,19.55,38562.7,4.29,1,Pune,18.5204,73.8567,Maharashtra
2024-11-20,28.0,15.9,21.9,27.9,15.9,0.0,0.0,11.4,31.7,92,19.35,38527.56,4.24,0,Pune,18.5204,73.8567,Maharashtra
2024-11-21,29.0,16.0,22.2,29.2,16.0,0.0,0.0,9.5,25.6,92,19.38,38492.25,4.23,2,Pune,18.5204,73.8567,Maharashtra
2024-11-22,29.2,15.7,22.5,29.9,16.4,0.0,0.0,9.3,23.0,78,19.18,38442.11,4.09,2,Pune,18.5204,73.8567,Maharashtra
2024-11-23,29.6,15.6,22.7,30.6,16.3,0.0,0.0,10.1,20.5,56,18.98,38202.61,3.9,3,Pune,18.5204,73.8567,Maharashtra
2024-11-24,28.9,16.8,22.7,29.4,17.5,0.0,0.0,11.0,26.3,75,18.67,38225.19,4.07,3,Pune,18.5204,73.8567,Maharashtra
2024-11-25,27.9,15.6,21.9,27.0,15.5,0.0,0.0,11.6,32.8,82,18.94,37984.32,4.32,3,Pune,18.5204,73.8567,Maharashtra
2024-11-26,27.4,14.8,21.3,26.4,14.6,0.0,0.0,11.5,32.0,82,18.93,38006.17,4.33,3,Pune,18.5204,73.8567,Maharashtra
2024-11-27,27.4,14.4,20.9,26.0,13.1,0.0,0.0,11.0,31.3,88,19.11,38027.8,4.27,3,Pune,18.5204,73.8567,Maharashtra
2024-11-28,27.5,14.4,20.8,25.1,13.5,0.0,0.0,16.5,42.5,85,18.96,37784.92,4.83,3,Pune,18.5204,73.8567,Maharashtra
2024-11-29,27.0,14.1,20.4,25.5,12.7,0.0,0.0,11.6,32.0,88,19.12,37922.97,4.32,3,Pune,18.5204,73.8567,Maharashtra
2024-11-30,27.9,14.0,21.2,28.0,13.6,0.0,0.0,10.4,24.8,79,18.65,37562.35,3.86,3,Pune,18.5204,73.8567,Maharashtra
2024-12-01,29.0,16.1,22.9,30.2,16.5,0.0,0.0,9.7,28.1,75,16.98,35942.2,3.65,3,Pune,18.5204,73.8567,Maharashtra
2024-12-02,28.9,21.1,24.1,30.0,22.9,0.3,0.3,14.8,36.4,74,12.01,27399.32,3.02,51,Pune,18.5204,73.8567,Maharashtra
2024-12-03,29.5,20.7,24.9,31.8,23.1,1.1,1.1,15.9,40.7,86,13.13,31556.73,3.3,51,Pune,18.5204,73.8567,Maharashtra
2024-12-04,30.6,21.3,25.5,31.9,23.9,0.9,0.9,15.9,38.2,99,13.62,35086.49,3.37,51,Pune,18.5204,73.8567,Maharashtra
2024-12-05,31.4,20.8,25.7,33.3,23.7,0.2,0.2,10.3,24.5,73,16.74,36337.32,3.65,51,Pune,18.5204,73.8567,Maharashtra
2024-12-06,31.8,21.3,26.3,34.3,23.9,0.0,0.0,7.3,19.4,57,16.28,36090.81,3.48,3,Pune,18.5204,73.8567,Maharashtra
2024-12-07,31.6,21.0,25.7,32.4,23.1,0.0,0.0,11.4,29.2,272,17.32,36377.04,4.18,3,Pune,18.5204,73.8567,Maharashtra
2024-12-08,30.1,18.9,24.1,29.8,20.1,0.0,0.0,12.2,31.0,271,17.54,36733.39,4.27,3,Pune,18.5204,73.8567,Maharashtra
2024-12-09,29.5,16.1,22.5,29.2,16.7,0.0,0.0,10.5,22.7,59,18.03,36744.57,3.99,3,Pune,18.5204,73.8567,Maharashtra
2024-12-10,28.4,15.5,21.9,28.6,15.7,0.0,0.0,7.9,24.8,77,17.71,36435.3,3.76,3,Pune,18.5204,73.8567,Maharashtra
2024-12-11,29.3,16.7,22.7,30.8,17.9,0.0,0.0,7.8,22.3,29,17.63,36229.92,3.71,3,Pune,18.5204,73.8567,Maharashtra
2024-12-12,28.4,16.2,22.4,29.6,17.0,0.0,0.0,8.1,20.5,50,17.78,36505.8,3.66,3,Pune,18.5204,73.8567,Maharashtra
2024-12-13,27.8,15.9,21.5,27.0,15.3,0.0,0.0,10.8,30.6,81,17.91,36245.93,4.0,3,Pune,18.5204,73.8567,Maharashtra
2024-12-14,27.6,14.1,20.5,26.0,13.4,0.0,0.0,11.3,31.0,84,18.17,36520.33,4.02,3,Pune,18.5204,73.8567,Maharashtra
2024-12-15,27.9,13.2,20.2,26.8,12.4,0.0,0.0,9.3,25.6,75,18.33,36526.33,3.86,1,Pune,18.5204,73.8567,Maharashtra
2024-12-16,27.8,12.5,19.6,25.6,11.8,0.0,0.0,7.9,24.5,77,18.66,36799.31,3.79,0,Pune,18.5204,73.8567,Maharashtra
2024-12-17,28.6,12.1,20.1,27.6,11.0,0.0,0.0,9.3,22.7,72,18.4,36535.54,3.81,3,Pune,18.5204,73.8567,Maharashtra
2024-12-18,28.8,12.4,20.4,27.7,11.8,0.0,0.0,6.4,18.7,33,18.4,36806.78,3.55,3,Pune,18.5204,73.8567,Maharashtra
2024-12-19,29.6,12.6,21.0,29.8,11.6,0.0,0.0,8.3,16.9,294,18.17,36540.95,3.68,3,Pune,18.5204,73.8567,Maharashtra
2024-12-20,30.1,15.5,22.3,30.4,16.0,0.0,0.0,10.6,28.8,279,17.68,36273.88,3.78,3,Pune,18.5204,73.8567,Maharashtra
2024-12-21,30.3,16.3,22.1,31.4,17.8,0.0,0.0,12.3,34.2,255,16.51,32592.22,3.5,3,Pune,18.5204,73.8567,Maharashtra
2024-12-22,29.5,17.6,21.8,30.0,19.2,0.0,0.0,15.1,34.9,258,14.2,28977.16,3.24,3,Pune,18.5204,73.8567,Maharashtra
2024-12-23,27.9,17.2,21.5,27.9,18.9,0.1,0.1,11.9,29.2,261,13.38,32400.0,3.03,51,Pune,18.5204,73.8567,Maharashtra
2024-12-24,28.1,17.4,22.1,28.7,19.7,0.3,0.3,10.1,22.7,255,13.81,34829.23,3.03,51,Pune,18.5204,73.8567,Maharashtra
2024-12-25,30.0,17.4,23.3,30.8,19.3,0.1,0.1,11.9,27.4,5,15.89,36000.0,3.38,51,Pune,18.5204,73.8567,Maharashtra
2024-12-26,30.1,19.6,24.1,30.5,22.0,0.2,0.2,11.9,29.9,149,14.21,36111.27,3.3,51,Pune,18.5204,73.8567,Maharashtra
2024-12-27,29.9,19.7,23.9,30.8,21.6,0.7,0.7,11.4,30.2,158,13.58,31875.18,3.17,51,Pune,18.5204,73.8567,Maharashtra
2024-12-28,29.7,19.1,23.8,31.0,21.9,1.8,1.8,11.4,28.8,268,15.48,36343.74,3.46,53,Pune,18.5204,73.8567,Maharashtra
2024-12-29,30.6,19.2,24.4,31.7,21.5,0.2,0.2,7.6,19.1,3,14.86,34564.2,3.19,51,Pune,18.5204,73.8567,Maharashtra
2024-12-30,30.7,19.4,24.6,31.9,21.4,0.0,0.0,8.2,24.5,66,17.3,36842.5,3.73,0,Pune,18.5204,73.8567,Maharashtra
2024-12-31,30.3,18.5,24.2,30.9,20.2,0.0,0.0,9.9,25.6,69,17.66,36823.32,4.0,0,Pune,18.5204,73.8567,Maharashtra
2025-01-01,29.9,17.6,23.6,30.4,18.6,0.0,0.0,10.6,29.9,73,17.73,37071.63,4.01,0,Pune,18.5204,73.8567,Maharashtra
2025-01-02,31.0,16.7,23.6,30.1,17.6,0.0,0.0,11.4,30.2,81,18.22,37319.43,4.27,3,Pune,18.5204,73.8567,Maharashtra
2025-01-03,29.8,16.2,22.8,27.2,16.1,0.0,0.0,13.6,35.6,84,18.52,37566.77,4.5,3,Pune,18.5204,73.8567,Maharashtra
2025-01-04,30.4,15.0,22.4,28.6,13.6,0.0,0.0,10.3,29.5,88,18.63,37813.68,4.27,1,Pune,18.5204,73.8567,Maharashtra
2025-01-05,30.8,15.2,22.5,30.4,14.4,0.0,0.0,9.1,18.4,331,18.3,37793.2,3.79,0,Pune,18.5204,73.8567,Maharashtra
2025-01-06,29.9,16.6,22.8,30.0,17.2,0.0,0.0,8.8,25.9,282,18.28,38039.4,4.02,1,Pune,18.5204,73.8567,Maharashtra
2025-01-07,29.0,15.6,22.1,28.5,15.7,0.0,0.0,10.4,26.6,71,18.35,37752.13,4.11,3,Pune,18.5204,73.8567,Maharashtra
2025-01-08,28.4,15.5,21.8,28.5,15.7,0.0,0.0,10.6,25.9,76,18.26,37997.41,4.18,3,Pune,18.5204,73.8567,Maharashtra
2025-01-09,28.2,15.3,21.7,27.5,14.3,0.0,0.0,13.0,30.6,92,18.4,38241.68,4.51,3,Pune,18.5204,73.8567,Maharashtra
2025-01-10,29.1,14.2,22.0,29.4,14.1,0.0,0.0,10.4,25.6,67,18.18,37422.15,3.9,3,Pune,18.5204,73.8567,Maharashtra
2025-01-11,30.2,16.1,22.7,29.6,16.7,0.0,0.0,15.5,36.0,275,16.21,37665.64,3.74,3,Pune,18.5204,73.8567,Maharashtra
2025-01-12,30.2,17.1,23.2,30.8,18.3,0.0,0.0,8.8,24.1,331,17.37,37908.24,3.75,3,Pune,18.5204,73.8567,Maharashtra
2025-01-13,30.3,17.6,23.5,30.5,18.6,0.0,0.0,12.0,32.4,76,16.93,37885.13,3.73,3,Pune,18.5204,73.8567,Maharashtra
2025-01-14,30.9,17.4,24.3,31.0,18.1,0.0,0.0,10.5,30.2,124,17.15,37332.88,3.98,3,Pune,18.5204,73.8567,Maharashtra
2025-01-15,30.8,19.7,24.6,31.3,20.7,0.5,0.5,11.6,28.8,203,16.04,37012.7,3.79,51,Pune,18.5204,73.8567,Maharashtra
2025-01-16,31.1,18.4,24.4,32.4,21.1,0.0,0.0,9.2,23.0,75,17.22,36000.0,3.77,3,Pune,18.5204,73.8567,Maharashtra
2025-01-17,29.7,18.3,24.1,29.8,19.0,0.0,0.0,13.3,35.6,87,18.04,38581.13,4.44,3,Pune,18.5204,73.8567,Maharashtra
2025-01-18,29.1,17.3,23.3,28.5,16.8,0.0,0.0,13.0,34.6,97,18.9,38778.74,4.82,0,Pune,18.5204,73.8567,Maharashtra
2025-01-19,30.4,16.2,23.3,30.1,15.6,0.0,0.0,11.7,27.4,76,18.87,38817.23,4.62,0,Pune,18.5204,73.8567,Maharashtra
2025-01-20,30.7,16.4,23.6,30.3,16.3,0.0,0.0,8.1,25.9,74,19.01,38855.45,4.12,1,Pune,18.5204,73.8567,Maharashtra
2025-01-21,31.4,16.2,23.9,31.2,16.2,0.0,0.0,6.2,22.0,21,19.17,38893.35,3.99,0,Pune,18.5204,73.8567,Maharashtra
2025-01-22,32.4,17.0,24.5,32.1,17.6,0.0,0.0,10.5,21.2,339,19.41,38930.83,4.28,0,Pune,18.5204,73.8567,Maharashtra
2025-01-23,32.6,17.6,24.7,32.6,18.8,0.0,0.0,12.2,26.3,279,19.41,38967.82,4.24,3,Pune,18.5204,73.8567,Maharashtra
2025-01-24,33.1,17.3,25.2,34.8,17.7,0.0,0.0,7.6,20.9,353,19.14,39004.27,4.15,3,Pune,18.5204,73.8567,Maharashtra
2025-01-25,34.0,18.9,26.0,33.9,19.9,0.0,0.0,5.5,19.1,61,19.57,39040.08,4.19,2,Pune,18.5204,73.8567,Maharashtra
2025-01-26,33.1,18.8,25.7,32.5,19.4,0.0,0.0,11.6,25.9,74,19.75,39075.2,4.68,3,Pune,18.5204,73.8567,Maharashtra
2025-01-27,33.4,18.3,25.9,33.4,18.8,0.0,0.0,7.7,18.4,271,19.86,39109.63,4.31,3,Pune,18.5204,73.8567,Maharashtra
2025-01-28,34.0,18.4,25.9,33.6,19.1,0.0,0.0,14.7,32.4,275,18.91,39143.78,4.55,3,Pune,18.5204,73.8567,Maharashtra
2025-01-29,34.1,18.6,26.0,33.7,19.1,0.0,0.0,13.6,28.8,287,19.93,39177.66,4.59,3,Pune,18.5204,73.8567,Maharashtra
2025-01-30,33.8,19.3,26.0,33.7,19.3,0.0,0.0,15.2,36.0,265,19.96,39211.26,4.74,3,Pune,18.5204,73.8567,Maharashtra
2025-01-31,33.3,18.8,25.5,33.1,18.9,0.0,0.0,13.1,31.0,264,20.13,39244.56,4.98,3,Pune,18.5204,73.8567,Maharashtra
2025-02-01,33.6,17.1,24.7,32.9,17.7,0.0,0.0,13.9,32.4,268,20.13,39277.53,4.79,3,Pune,18.5204,73.8567,Maharashtra
2025-02-02,33.0,17.9,25.2,33.1,19.5,0.0,0.0,13.9,32.0,333,19.45,39310.16,4.63,3,Pune,18.5204,73.8567,Maharashtra
2025-02-03,33.8,19.2,25.9,33.9,19.8,0.0,0.0,16.7,37.1,238,20.3,39342.42,4.84,3,Pune,18.5204,73.8567,Maharashtra
2025-02-04,33.7,18.2,25.4,32.7,19.4,0.0,0.0,16.7,38.2,270,20.53,39374.29,5.04,3,Pune,18.5204,73.8567,Maharashtra
2025-02-05,32.6,18.3,25.1,31.8,19.1,0.0,0.0,15.2,35.3,330,20.39,38386.08,4.93,3,Pune,18.5204,73.8567,Maharashtra
2025-02-06,33.7,18.5,25.8,33.8,18.1,0.0,0.0,13.1,32.0,170,20.56,39436.81,4.77,1,Pune,18.5204,73.8567,Maharashtra
2025-02-07,34.0,19.3,26.4,34.2,20.0,0.0,0.0,10.2,28.1,255,20.65,39467.42,4.8,3,Pune,18.5204,73.8567,Maharashtra
2025-02-08,33.9,19.7,26.6,33.9,20.4,0.0,0.0,13.9,35.3,23,20.31,39497.56,5.17,0,Pune,18.5204,73.8567,Maharashtra
2025-02-09,34.3,20.0,27.1,34.5,20.5,0.0,0.0,12.5,27.7,334,20.82,39527.22,5.16,2,Pune,18.5204,73.8567,Maharashtra
2025-02-10,34.1,21.1,27.4,34.2,21.7,0.0,0.0,13.7,29.9,283,20.82,39556.39,5.06,2,Pune,18.5204,73.8567,Maharashtra
2025-02-11,34.0,19.9,26.9,34.3,19.9,0.0,0.0,16.0,36.0,295,21.17,39585.04,5.37,0,Pune,18.5204,73.8567,Maharashtra
2025-02-12,34.6,18.7,26.6,34.0,18.4,0.0,0.0,10.9,23.8,289,21.68,39600.0,5.14,0,Pune,18.5204,73.8567,Maharashtra
2025-02-13,34.1,17.9,26.0,32.7,17.2,0.0,0.0,9.8,23.8,51,21.93,39600.0,4.98,0,Pune,18.5204,73.8567,Maharashtra
2025-02-14,33.3,18.3,25.9,32.2,17.7,0.0,0.0,9.3,28.1,80,21.82,39600.0,4.99,0,Pune,18.5204,73.8567,Maharashtra
2025-02-15,34.3,18.2,26.7,33.0,17.4,0.0,0.0,11.0,24.1,15,22.23,39622.46,5.0,0,Pune,18.5204,73.8567,Maharashtra
2025-02-16,34.2,19.0,26.7,33.1,17.9,0.0,0.0,12.3,26.6,283,22.2,39605.79,5.17,0,Pune,18.5204,73.8567,Maharashtra
2025-02-17,35.3,18.8,27.0,34.2,18.0,0.0,0.0,10.6,26.3,292,22.18,39600.0,5.32,0,Pune,18.5204,73.8567,Maharashtra
2025-02-18,34.7,20.0,27.1,34.6,19.4,0.0,0.0,15.1,33.5,289,21.98,39600.0,5.45,0,Pune,18.5204,73.8567,Maharashtra
2025-02-19,34.4,19.6,26.7,33.6,20.2,0.0,0.0,15.7,36.7,288,22.22,39600.0,5.54,2,Pune,18.5204,73.8567,Maharashtra
2025-02-20,34.3,19.3,26.6,33.5,19.7,0.0,0.0,7.4,24.1,95,22.26,39780.97,4.71,2,Pune,18.5204,73.8567,Maharashtra
2025-02-21,34.1,20.0,27.2,33.7,19.6,0.0,0.0,11.6,33.5,47,21.83,39761.17,5.09,1,Pune,18.5204,73.8567,Maharashtra
2025-02-22,34.5,20.7,27.6,33.6,20.3,0.0,0.0,8.6,27.4,82,21.18,39740.87,5.1,1,Pune,18.5204,73.8567,Maharashtra
2025-02-23,34.4,20.3,27.4,33.9,20.2,0.0,0.0,8.4,26.6,57,22.16,39684.34,4.89,3,Pune,18.5204,73.8567,Maharashtra
2025-02-24,33.6,19.5,27.0,32.4,18.1,0.0,0.0,14.4,37.8,85,22.82,39945.37,5.65,3,Pune,18.5204,73.8567,Maharashtra
2025-02-25,33.9,20.0,27.1,32.9,18.8,0.0,0.0,11.7,32.0,72,22.72,39677.58,5.83,3,Pune,18.5204,73.8567,Maharashtra
2025-02-26,33.7,19.7,26.9,33.1,19.6,0.0,0.0,11.7,33.1,86,22.8,39901.56,5.5,1,Pune,18.5204,73.8567,Maharashtra
2025-02-27,34.4,20.5,27.5,33.9,20.6,0.0,0.0,12.0,29.5,77,22.89,39879.24,5.62,0,Pune,18.5204,73.8567,Maharashtra
2025-02-28,35.1,21.5,28.1,35.3,21.7,0.0,0.0,13.9,37.1,349,22.49,39856.7,5.55,3,Pune,18.5204,73.8567,Maharashtra
2025-03-01,36.6,21.7,28.5,37.3,22.0,0.0,0.0,13.6,30.2,288,22.89,40078.96,5.52,3,Pune,18.5204,73.8567,Maharashtra
2025-03-02,35.1,21.6,28.4,36.4,22.6,0.0,0.0,12.7,27.0,282,21.6,38992.95,5.41,3,Pune,18.5204,73.8567,Maharashtra
2025-03-03,36.6,21.8,29.2,36.4,22.2,0.0,0.0,17.4,40.7,333,22.73,40032.61,5.82,3,Pune,18.5204,73.8567,Maharashtra
2025-03-04,36.3,21.8,29.0,35.6,21.3,0.0,0.0,10.4,25.9,48,23.05,40253.68,5.45,3,Pune,18.5204,73.8567,Maharashtra
2025-03-05,34.8,20.8,27.8,34.6,20.2,0.0,0.0,11.0,29.5,74,23.73,40474.29,5.56,2,Pune,18.5204,73.8567,Maharashtra
2025-03-06,35.1,18.5,27.0,33.4,17.1,0.0,0.0,7.8,24.5,38,24.48,40694.54,5.34,0,Pune,18.5204,73.8567,Maharashtra
2025-03-07,34.9,19.1,27.2,33.5,17.7,0.0,0.0,8.5,26.6,77,24.41,40670.76,5.45,0,Pune,18.5204,73.8567,Maharashtra
2025-03-08,36.7,18.8,27.9,35.6,17.6,0.0,0.0,14.9,35.6,283,24.29,40890.7,6.13,0,Pune,18.5204,73.8567,Maharashtra
2025-03-09,35.9,21.1,28.6,35.0,20.6,0.0,0.0,10.9,31.0,68,24.11,40866.73,5.78,0,Pune,18.5204,73.8567,Maharashtra
2025-03-10,36.4,21.3,29.1,36.1,20.2,0.0,0.0,15.0,38.5,93,23.77,40842.4,6.26,0,Pune,18.5204,73.8567,Maharashtra
2025-03-11,36.1,22.7,29.5,36.0,22.3,0.0,0.0,12.2,33.1,79,23.93,40817.78,6.17,0,Pune,18.5204,73.8567,Maharashtra
2025-03-12,36.9,21.8,29.5,36.0,22.1,0.0,0.0,12.6,36.4,14,24.21,41036.0,6.33,0,Pune,18.5204,73.8567,Maharashtra
2025-03-13,37.3,22.9,29.9,38.0,22.6,0.0,0.0,14.9,38.9,260,24.07,41253.79,6.01,2,Pune,18.5204,73.8567,Maharashtra
2025-03-14,37.5,23.7,30.2,37.6,23.0,0.0,0.0,15.5,37.8,264,24.3,41228.39,6.29,3,Pune,18.5204,73.8567,Maharashtra
2025-03-15,36.6,23.5,29.8,36.8,21.3,0.0,0.0,14.4,37.8,281,23.68,41445.69,6.57,2,Pune,18.5204,73.8567,Maharashtra
2025-03-16,36.4,23.2,29.5,37.1,22.0,0.0,0.0,18.0,41.0,279,23.79,40934.55,6.27,1,Pune,18.5204,73.8567,Maharashtra
2025-03-17,36.7,22.7,29.2,36.2,22.2,0.0,0.0,16.9,37.1,279,24.27,41637.11,6.71,3,Pune,18.5204,73.8567,Maharashtra
2025-03-18,38.3,21.2,29.3,38.9,20.9,0.0,0.0,22.4,51.5,274,24.43,41854.1,6.64,3,Pune,18.5204,73.8567,Maharashtra
2025-03-19,37.9,22.5,29.1,37.2,21.0,0.0,0.0,18.3,47.9,276,23.98,41828.52,6.86,3,Pune,18.5204,73.8567,Maharashtra
2025-03-20,36.5,22.1,28.6,36.4,21.3,0.0,0.0,18.2,42.1,290,24.62,42045.67,6.62,0,Pune,18.5204,73.8567,Maharashtra
2025-03-21,35.1,22.2,27.8,34.2,19.8,0.0,0.0,18.1,42.8,278,24.58,42263.01,6.77,0,Pune,18.5204,73.8567,Maharashtra
2025-03-22,35.3,20.2,27.5,34.7,20.0,0.0,0.0,13.3,30.6,276,25.3,42572.34,6.11,0,Pune,18.5204,73.8567,Maharashtra
2025-03-23,36.2,20.2,28.1,35.9,21.8,0.0,0.0,13.8,37.8,286,25.25,42622.42,5.85,0,Pune,18.5204,73.8567,Maharashtra
2025-03-24,37.1,22.1,29.6,36.1,21.9,0.0,0.0,12.0,32.8,191,25.18,42672.26,6.77,0,Pune,18.5204,73.8567,Maharashtra
2025-03-25,36.9,21.9,29.2,36.8,23.4,0.0,0.0,18.8,43.2,298,25.05,42721.78,6.56,0,Pune,18.5204,73.8567,Maharashtra
2025-03-26,37.3,23.0,28.9,37.6,21.9,0.0,0.0,20.9,52.6,276,24.88,42770.89,7.0,1,Pune,18.5204,73.8567,Maharashtra
2025-03-27,36.2,22.3,28.1,36.3,20.3,0.0,0.0,18.8,45.4,280,24.9,42819.51,7.08,0,Pune,18.5204,73.8567,Maharashtra
2025-03-28,37.0,21.8,29.2,38.4,22.1,0.0,0.0,16.1,38.2,277,24.28,39267.56,6.06,3,Pune,18.5204,73.8567,Maharashtra
2025-03-29,37.6,24.1,30.8,37.8,24.4,0.0,0.0,14.4,33.8,21,20.49,38965.02,6.05,3,Pune,18.5204,73.8567,Maharashtra
2025-03-30,38.6,25.7,31.2,38.8,25.1,0.0,0.0,20.6,45.4,263,21.06,38558.88,6.33,3,Pune,18.5204,73.8567,Maharashtra
2025-03-31,38.5,26.1,31.9,39.6,25.6,0.0,0.0,12.8,31.0,267,21.92,38853.68,6.18,3,Pune,18.5204,73.8567,Maharashtra
2025-04-01,35.5,25.8,30.1,35.2,25.7,0.9,0.9,13.8,42.8,24,18.52,41187.33,5.23,53,Pune,18.5204,73.8567,Maharashtra
2025-04-02,36.1,22.7,28.4,37.8,24.1,7.2,7.2,9.7,44.3,108,21.23,38313.22,5.47,63,Pune,18.5204,73.8567,Maharashtra
2025-04-03,34.3,22.9,28.0,36.7,25.6,0.1,0.1,22.4,56.9,276,21.3,43159.31,5.3,51,Pune,18.5204,73.8567,Maharashtra
2025-04-04,36.1,21.9,28.1,35.6,25.0,0.0,0.0,14.7,39.2,314,23.94,43200.0,5.87,2,Pune,18.5204,73.8567,Maharashtra
2025-04-05,37.1,22.6,29.9,36.5,25.8,0.0,0.0,13.8,33.8,68,25.51,43200.0,6.58,0,Pune,18.5204,73.8567,Maharashtra
2025-04-06,39.4,23.8,30.9,37.9,22.6,0.0,0.0,18.2,45.0,338,25.26,43200.0,7.25,2,Pune,18.5204,73.8567,Maharashtra
2025-04-07,39.0,24.7,31.8,37.0,22.7,0.0,0.0,14.1,36.7,255,25.9,43200.0,7.38,1,Pune,18.5204,73.8567,Maharashtra
2025-04-08,39.9,25.2,32.5,37.9,23.4,0.0,0.0,15.2,39.6,39,24.46,41555.81,7.31,3,Pune,18.5204,73.8567,Maharashtra
2025-04-09,39.8,23.4,31.5,37.6,24.6,0.0,0.0,17.8,42.5,313,25.51,43200.0,7.81,1,Pune,18.5204,73.8567,Maharashtra
2025-04-10,37.1,24.0,29.3,37.0,25.1,0.0,0.0,18.2,47.2,269,21.39,43200.0,6.64,3,Pune,18.5204,73.8567,Maharashtra
2025-04-11,36.6,22.1,28.7,35.2,23.5,0.0,0.0,18.7,46.8,268,23.49,43200.0,6.92,3,Pune,18.5204,73.8567,Maharashtra
2025-04-12,36.2,21.8,28.0,34.2,21.3,0.0,0.0,16.8,44.3,272,23.17,43200.0,6.86,3,Pune,18.5204,73.8567,Maharashtra
2025-04-13,39.1,20.5,28.7,37.5,22.4,0.0,0.0,19.8,46.8,298,23.55,41534.57,6.48,3,Pune,18.5204,73.8567,Maharashtra
2025-04-14,39.5,23.3,31.2,38.8,23.6,0.0,0.0,19.3,49.0,298,25.8,43200.0,7.71,2,Pune,18.5204,73.8567,Maharashtra
2025-04-15,40.6,24.2,31.5,41.0,22.5,0.0,0.0,21.5,52.9,273,24.24,43200.0,7.66,3,Pune,18.5204,73.8567,Maharashtra
2025-04-16,39.9,25.0,31.0,39.9,23.0,0.0,0.0,20.6,49.0,277,23.66,43200.0,7.53,3,Pune,18.5204,73.8567,Maharashtra
2025-04-17,39.4,22.4,29.5,39.2,22.8,0.0,0.0,23.4,58.3,272,24.7,43200.0,7.43,3,Pune,18.5204,73.8567,Maharashtra
2025-04-18,38.5,22.9,29.7,38.8,23.0,0.0,0.0,20.3,51.5,274,23.54,43200.0,6.82,1,Pune,18.5204,73.8567,Maharashtra
2025-04-19,38.5,23.9,29.9,37.9,22.7,0.0,0.0,20.4,47.5,280,25.42,43200.0,7.79,1,Pune,18.5204,73.8567,Maharashtra
2025-04-20,38.0,23.7,30.1,36.7,23.2,0.0,0.0,17.4,41.8,279,26.52,43200.0,7.84,0,Pune,18.5204,73.8567,Maharashtra
2025-04-21,40.0,23.4,30.6,40.4,23.9,0.0,0.0,19.4,44.6,277,25.16,42105.94,6.63,2,Pune,18.5204,73.8567,Maharashtra
2025-04-22,40.4,24.7,31.6,42.1,27.4,0.0,0.0,18.4,52.2,259,23.81,42099.46,6.46,3,Pune,18.5204,73.8567,Maharashtra
2025-04-23,40.3,24.6,31.8,41.5,25.4,0.0,0.0,18.7,42.8,263,24.6,43200.0,7.01,1,Pune,18.5204,73.8567,Maharashtra
2025-04-24,40.8,23.9,31.2,41.3,25.1,0.0,0.0,19.8,50.8,270,25.63,43200.0,7.27,2,Pune,18.5204,73.8567,Maharashtra
2025-04-25,39.2,23.9,31.0,39.7,24.5,0.0,0.0,18.7,49.3,275,24.67,43200.0,7.24,3,Pune,18.5204,73.8567,Maharashtra
2025-04-26,39.2,23.4,30.6,39.3,24.7,0.0,0.0,18.8,49.3,279,24.28,43200.0,7.12,1,Pune,18.5204,73.8567,Maharashtra
2025-04-27,40.8,23.4,30.7,40.4,24.5,0.0,0.0,28.7,66.2,270,25.42,43200.0,7.16,2,Pune,18.5204,73.8567,Maharashtra
2025-04-28,40.7,21.8,30.5,40.2,23.4,0.0,0.0,22.4,52.9,274,25.66,43200.0,7.17,3,Pune,18.5204,73.8567,Maharashtra
2025-04-29,40.1,23.7,30.5,40.3,24.6,0.0,0.0,23.5,57.6,276,25.94,43200.0,7.35,1,Pune,18.5204,73.8567,Maharashtra
2025-04-30,38.1,22.5,29.9,37.4,24.0,0.0,0.0,19.8,46.1,276,23.4,43200.0,6.96,2,Pune,18.5204,73.8567,Maharashtra
2025-05-01,39.5,23.9,30.6,38.6,24.3,0.0,0.0,24.8,57.6,277,23.12,43200.0,7.12,2,Pune,18.5204,73.8567,Maharashtra
2025-05-02,40.3,25.3,31.5,39.7,23.4,0.0,0.0,19.3,47.5,278,26.34,43200.0,8.24,1,Pune,18.5204,73.8567,Maharashtra
2025-05-03,36.6,25.0,30.1,35.1,22.5,0.0,0.0,17.0,43.2,273,24.07,43200.0,7.97,2,Pune,18.5204,73.8567,Maharashtra
2025-05-04,35.9,22.4,28.5,35.6,22.5,0.0,0.0,19.4,48.6,276,25.07,43200.0,7.37,2,Pune,18.5204,73.8567,Maharashtra
2025-05-05,36.9,22.1,28.7,38.9,23.9,0.0,0.0,17.6,45.4,274,23.99,43200.0,6.59,3,Pune,18.5204,73.8567,Maharashtra
2025-05-06,35.6,22.2,27.7,36.1,25.0,0.0,0.0,20.4,51.5,272,24.22,43200.0,6.55,3,Pune,18.5204,73.8567,Maharashtra
2025-05-07,33.9,22.1,27.0,33.5,24.5,0.1,0.1,24.3,63.7,263,22.5,43200.0,6.33,51,Pune,18.5204,73.8567,Maharashtra
2025-05-08,32.7,22.0,26.1,34.1,24.4,0.0,0.0,23.6,57.6,244,22.18,35459.1,5.83,3,Pune,18.5204,73.8567,Maharashtra
2025-05-09,32.1,21.9,25.9,35.0,24.4,3.2,3.2,13.7,44.6,243,22.62,43200.0,5.25,61,Pune,18.5204,73.8567,Maharashtra
2025-05-10,33.4,21.8,27.0,35.3,25.6,1.3,1.3,18.9,45.0,246,24.15,43200.0,5.77,51,Pune,18.5204,73.8567,Maharashtra
2025-05-11,35.1,22.9,27.5,38.7,27.2,1.1,1.1,18.3,44.3,268,23.39,43200.0,5.49,51,Pune,18.5204,73.8567,Maharashtra
2025-05-12,35.3,23.3,27.7,38.8,27.5,2.1,2.1,17.1,47.5,266,21.47,40306.22,4.97,61,Pune,18.5204,73.8567,Maharashtra
2025-05-13,33.2,23.3,26.9,38.0,27.8,1.5,1.5,12.6,39.2,279,21.65,41586.1,4.81,61,Pune,18.5204,73.8567,Maharashtra
2025-05-14,33.2,22.8,27.0,36.5,27.4,0.7,0.7,11.2,33.1,269,19.05,38627.54,4.35,53,Pune,18.5204,73.8567,Maharashtra
2025-05-15,35.0,23.5,27.5,38.9,27.6,3.7,3.7,13.3,44.6,266,23.67,43200.0,5.24,63,Pune,18.5204,73.8567,Maharashtra
2025-05-16,32.7,23.7,26.9,37.8,28.1,4.0,4.0,12.8,36.7,259,17.79,27099.71,4.2,61,Pune,18.5204,73.8567,Maharashtra
2025-05-17,32.5,23.4,26.7,37.1,27.9,4.1,4.1,13.3,42.1,270,22.32,39600.0,4.98,63,Pune,18.5204,73.8567,Maharashtra
2025-05-18,32.8,23.0,26.6,38.3,27.2,1.6,1.6,14.0,44.3,274,19.91,34953.1,4.45,55,Pune,18.5204,73.8567,Maharashtra
2025-05-19,32.0,23.5,26.7,38.8,28.1,6.7,6.7,12.0,35.6,295,19.36,32270.43,4.22,63,Pune,18.5204,73.8567,Maharashtra
2025-05-20,29.5,23.3,25.7,35.5,27.5,15.0,15.0,9.6,27.7,279,15.3,26611.96,3.23,61,Pune,18.5204,73.8567,Maharashtra
2025-05-21,29.1,22.4,25.2,33.1,26.6,4.3,4.3,9.9,25.9,86,15.63,20804.49,3.36,55,Pune,18.5204,73.8567,Maharashtra
2025-05-22,27.9,22.3,24.2,32.3,26.1,17.1,17.1,15.0,31.7,90,7.88,3600.0,1.74,63,Pune,18.5204,73.8567,Maharashtra
2025-05-23,25.0,21.6,23.2,28.7,24.7,22.3,22.3,18.4,38.9,69,6.1,0.0,1.3,61,Pune,18.5204,73.8567,Maharashtra
2025-05-24,25.7,22.4,23.5,29.4,26.3,34.2,34.2,10.3,31.3,22,4.75,0.0,1.12,63,Pune,18.5204,73.8567,Maharashtra
2025-05-25,24.6,22.0,23.1,28.9,25.3,37.4,37.4,16.0,37.8,297,5.52,0.0,1.2,63,Pune,18.5204,73.8567,Maharashtra
2025-05-26,26.7,22.0,24.0,31.8,25.5,55.0,55.0,12.4,28.4,285,9.63,8802.8,2.06,63,Pune,18.5204,73.8567,Maharashtra
2025-05-27,28.6,22.3,24.3,31.8,25.6,6.5,6.5,14.0,35.3,262,11.57,7371.38,2.59,61,Pune,18.5204,73.8567,Maharashtra
2025-05-28,29.2,22.6,25.3,32.4,25.2,3.5,3.5,20.5,48.6,269,19.34,39600.0,4.1,61,Pune,18.5204,73.8567,Maharashtra
2025-05-29,31.1,23.2,26.4,35.7,26.1,0.0,0.0,19.4,46.8,267,21.61,41500.15,4.89,3,Pune,18.5204,73.8567,Maharashtra
2025-05-30,30.7,23.8,26.5,33.8,26.8,0.1,0.1,22.2,51.5,263,24.22,39935.25,5.46,51,Pune,18.5204,73.8567,Maharashtra
2025-05-31,30.4,23.6,26.3,33.7,26.2,0.0,0.0,21.0,48.6,256,25.25,43200.0,5.52,3,Pune,18.5204,73.8567,Maharashtra
2025-06-01,28.9,22.9,25.2,31.9,26.0,2.0,2.0,19.5,46.1,241,22.05,43200.0,4.57,55,Pune,18.5204,73.8567,Maharashtra
2025-06-02,29.8,22.4,25.4,32.7,25.6,0.0,0.0,20.9,48.2,244,23.62,43200.0,5.05,3,Pune,18.5204,73.8567,Maharashtra
2025-06-03,29.3,22.7,25.2,31.8,25.4,0.7,0.7,20.4,48.2,242,20.68,34070.52,4.63,51,Pune,18.5204,73.8567,Maharashtra
2025-06-04,29.6,22.0,24.4,33.5,24.0,2.1,2.1,16.8,40.3,245,18.79,39274.93,4.0,53,Pune,18.5204,73.8567,Maharashtra
2025-06-05,29.2,21.0,24.6,33.6,23.6,1.1,1.1,11.3,31.3,273,20.7,40924.43,4.34,53,Pune,18.5204,73.8567,Maharashtra
2025-06-06,30.5,22.1,25.4,35.6,24.9,1.9,1.9,13.9,37.4,269,22.68,43200.0,4.85,55,Pune,18.5204,73.8567,Maharashtra
2025-06-07,29.6,22.6,25.3,34.6,25.9,9.3,9.3,12.6,32.0,267,21.17,43200.0,4.4,63,Pune,18.5204,73.8567,Maharashtra
2025-06-08,31.5,21.7,25.6,36.2,24.7,0.4,0.4,15.5,36.4,273,24.65,43200.0,5.25,51,Pune,18.5204,73.8567,Maharashtra
2025-06-09,29.5,23.1,25.8,32.8,26.2,2.5,2.5,19.2,46.4,281,20.18,42307.4,4.49,61,Pune,18.5204,73.8567,Maharashtra
2025-06-10,31.6,21.9,25.9,35.6,24.5,1.6,1.6,17.0,41.4,279,24.33,43200.0,5.29,55,Pune,18.5204,73.8567,Maharashtra
2025-06-11,31.9,23.2,26.4,36.3,25.8,2.4,2.4,17.7,40.0,280,19.71,30211.43,4.66,61,Pune,18.5204,73.8567,Maharashtra
2025-06-12,31.6,23.6,25.6,35.8,27.2,28.0,28.0,16.6,45.0,283,14.18,20634.71,3.19,65,Pune,18.5204,73.8567,Maharashtra
2025-06-13,31.2,22.8,26.2,35.5,27.1,6.2,6.2,14.1,35.6,350,20.33,32895.74,4.38,61,Pune,18.5204,73.8567,Maharashtra
2025-06-14,30.9,22.7,25.8,37.5,27.5,31.3,31.3,11.2,33.5,250,19.75,32524.93,4.11,65,Pune,18.5204,73.8567,Maharashtra
2025-06-15,29.2,23.6,25.6,33.6,27.4,3.7,3.7,12.6,25.2,200,13.27,13289.13,2.95,61,Pune,18.5204,73.8567,Maharashtra
2025-06-16,25.0,22.5,23.6,27.3,24.4,25.8,25.8,28.2,56.9,240,5.59,455.07,1.46,63,Pune,18.5204,73.8567,Maharashtra
2025-06-17,26.7,22.1,24.2,29.2,24.3,6.6,6.6,23.9,58.7,233,21.16,38816.15,4.05,55,Pune,18.5204,73.8567,Maharashtra
2025-06-18,27.0,22.6,24.5,29.0,24.2,9.0,9.0,30.0,65.2,240,20.51,37205.93,3.94,53,Pune,18.5204,73.8567,Maharashtra
2025-06-19,26.5,22.5,23.8,28.6,24.4,35.3,35.3,27.2,59.0,252,11.91,11857.42,2.44,63,Pune,18.5204,73.8567,Maharashtra
2025-06-20,27.2,22.5,24.5,29.6,24.3,2.5,2.5,25.8,58.0,249,22.06,43200.0,4.31,53,Pune,18.5204,73.8567,Maharashtra
2025-06-21,27.0,22.5,24.4,29.5,24.8,3.6,3.6,25.2,56.2,246,21.73,39088.52,4.22,53,Pune,18.5204,73.8567,Maharashtra
2025-06-22,27.3,22.5,24.4,29.7,24.7,2.4,2.4,26.0,58.3,246,22.4,42896.96,4.37,53,Pune,18.5204,73.8567,Maharashtra
2025-06-23,26.9,22.5,24.0,28.3,24.1,7.8,7.8,30.2,65.2,248,19.26,38288.68,3.73,61,Pune,18.5204,73.8567,Maharashtra
2025-06-24,26.5,22.5,23.8,28.3,24.4,15.7,15.7,23.2,55.1,253,12.47,14870.23,2.63,63,Pune,18.5204,73.8567,Maharashtra
2025-06-25,26.9,23.1,24.4,28.5,24.5,3.4,3.4,27.9,63.0,251,18.53,32193.9,3.68,55,Pune,18.5204,73.8567,Maharashtra
2025-06-26,26.7,22.9,24.2,29.8,25.3,4.2,4.2,21.6,51.1,244,15.12,17028.81,3.15,61,Pune,18.5204,73.8567,Maharashtra
2025-06-27,26.8,22.8,24.2,28.8,25.1,4.3,4.3,25.3,58.3,239,20.07,35231.77,3.93,53,Pune,18.5204,73.8567,Maharashtra
2025-06-28,27.1,21.6,23.8,29.9,23.6,7.3,7.3,29.6,63.4,239,21.76,38670.85,4.04,53,Pune,18.5204,73.8567,Maharashtra
2025-06-29,26.2,22.0,23.7,28.1,23.8,5.9,5.9,25.4,59.4,247,17.97,30676.63,3.53,61,Pune,18.5204,73.8567,Maharashtra
2025-06-30,26.0,22.0,23.6,27.8,23.5,4.3,4.3,25.3,55.8,250,18.13,38395.01,3.49,53,Pune,18.5204,73.8567,Maharashtra
2025-07-01,25.9,21.9,23.7,27.3,24.1,2.1,2.1,24.7,55.8,253,15.43,27251.63,3.11,53,Pune,18.5204,73.8567,Maharashtra
2025-07-02,26.1,21.7,23.6,28.3,23.5,21.5,21.5,22.8,56.2,253,13.1,16517.58,2.77,65,Pune,18.5204,73.8567,Maharashtra
2025-07-03,26.1,21.7,23.6,28.4,23.1,5.1,5.1,26.5,60.5,244,19.84,39327.31,3.68,53,Pune,18.5204,73.8567,Maharashtra
2025-07-04,26.3,22.4,23.7,28.0,24.0,6.0,6.0,27.4,61.9,245,18.79,29551.87,3.59,61,Pune,18.5204,73.8567,Maharashtra
2025-07-05,26.2,22.6,23.8,28.1,24.5,7.5,7.5,25.8,59.0,249,18.81,34169.12,3.59,63,Pune,18.5204,73.8567,Maharashtra
2025-07-06,25.2,22.4,23.3,26.3,24.0,6.3,6.3,25.2,55.8,248,11.27,9471.68,2.4,53,Pune,18.5204,73.8567,Maharashtra
2025-07-07,25.5,22.2,23.5,26.6,23.8,3.1,3.1,26.6,58.0,253,14.49,22255.18,2.96,53,Pune,18.5204,73.8567,Maharashtra
2025-07-08,25.8,22.3,23.4,27.3,24.6,1.4,1.4,24.7,55.4,253,10.13,6722.74,2.23,51,Pune,18.5204,73.8567,Maharashtra
2025-07-09,26.0,22.5,23.7,28.3,25.1,2.4,2.4,18.4,43.9,256,12.5,15639.03,2.63,51,Pune,18.5204,73.8567,Maharashtra
2025-07-10,27.8,22.2,24.4,30.0,24.9,0.1,0.1,16.8,42.5,257,18.24,36039.99,3.85,51,Pune,18.5204,73.8567,Maharashtra
2025-07-11,28.0,22.5,24.4,31.1,25.7,1.8,1.8,18.7,44.3,260,20.45,35825.71,4.14,53,Pune,18.5204,73.8567,Maharashtra
2025-07-12,28.3,22.5,24.5,32.0,25.2,0.8,0.8,19.0,45.0,262,22.78,41189.67,4.59,51,Pune,18.5204,73.8567,Maharashtra
2025-07-13,27.7,22.5,24.5,30.6,24.9,1.7,1.7,21.0,48.6,258,22.05,39600.0,4.44,53,Pune,18.5204,73.8567,Maharashtra
2025-07-14,26.7,22.8,24.3,29.2,25.2,7.8,7.8,24.4,56.5,247,20.67,36192.71,3.97,63,Pune,18.5204,73.8567,Maharashtra
2025-07-15,25.4,22.7,23.6,28.6,25.3,33.9,33.9,15.4,40.0,259,9.08,1371.29,1.96,65,Pune,18.5204,73.8567,Maharashtra
2025-07-16,28.1,22.6,24.7,31.6,25.5,1.5,1.5,19.1,43.9,267,21.52,39600.0,4.33,53,Pune,18.5204,73.8567,Maharashtra
2025-07-17,28.7,22.4,24.9,32.5,25.7,1.1,1.1,14.5,37.8,267,20.89,35011.74,4.31,51,Pune,18.5204,73.8567,Maharashtra
2025-07-18,28.1,22.2,24.6,31.8,25.5,1.1,1.1,16.5,38.2,269,20.79,39167.52,4.26,51,Pune,18.5204,73.8567,Maharashtra
2025-07-19,28.4,21.9,24.6,32.0,24.9,1.0,1.0,18.5,45.7,262,22.3,41496.26,4.54,51,Pune,18.5204,73.8567,Maharashtra
2025-07-20,27.9,22.4,24.5,31.3,25.4,3.4,3.4,15.7,38.9,255,20.6,42159.71,4.17,55,Pune,18.5204,73.8567,Maharashtra
2025-07-21,27.2,22.3,24.1,30.9,25.5,30.6,30.6,14.9,36.7,259,16.01,27803.29,3.16,65,Pune,18.5204,73.8567,Maharashtra
2025-07-22,27.5,22.2,23.8,31.6,24.8,26.3,26.3,19.0,40.0,265,15.16,21025.01,3.07,65,Pune,18.5204,73.8567,Maharashtra
2025-07-23,25.5,22.4,23.4,27.6,24.7,3.4,3.4,20.8,45.4,261,10.95,10469.33,2.33,53,Pune,18.5204,73.8567,Maharashtra
2025-07-24,25.3,21.8,23.4,27.1,23.8,4.6,4.6,22.7,50.0,254,12.74,16680.34,2.6,55,Pune,18.5204,73.8567,Maharashtra
2025-07-25,25.1,22.8,23.5,26.9,24.8,6.3,6.3,21.8,47.9,255,9.68,4977.05,2.16,53,Pune,18.5204,73.8567,Maharashtra
2025-07-26,25.0,22.7,23.4,25.9,24.0,5.6,5.6,26.0,57.6,259,8.97,3600.0,2.12,53,Pune,18.5204,73.8567,Maharashtra
2025-07-27,25.9,22.1,23.5,27.5,23.2,7.2,7.2,30.6,68.8,253,19.41,32029.06,3.61,55,Pune,18.5204,73.8567,Maharashtra
2025-07-28,25.5,21.7,23.3,26.7,22.8,4.7,4.7,29.8,64.8,254,18.51,30926.43,3.51,53,Pune,18.5204,73.8567,Maharashtra
2025-07-29,25.2,21.7,23.2,26.2,22.2,3.1,3.1,31.1,67.0,257,13.81,12918.46,2.81,53,Pune,18.5204,73.8567,Maharashtra
2025-07-30,25.3,22.3,23.4,26.2,23.4,1.4,1.4,30.3,64.4,257,11.15,4741.12,2.45,51,Pune,18.5204,73.8567,Maharashtra
2025-07-31,26.7,22.2,23.8,28.7,23.6,1.5,1.5,27.2,59.8,255,18.27,30181.76,3.57,51,Pune,18.5204,73.8567,Maharashtra
2025-08-01,27.1,21.9,24.1,29.8,24.0,0.7,0.7,20.9,47.5,258,21.43,41812.98,4.22,51,Pune,18.5204,73.8567,Maharashtra
2025-08-02,27.9,22.3,24.3,31.6,24.9,1.8,1.8,17.7,42.8,263,21.84,40239.96,4.25,53,Pune,18.5204,73.8567,Maharashtra
2025-08-03,28.3,22.1,24.4,32.1,25.1,1.2,1.2,14.6,33.8,262,20.71,38165.29,4.23,51,Pune,18.5204,73.8567,Maharashtra
2025-08-04,28.4,21.5,24.4,32.1,24.6,1.1,1.1,16.7,38.2,270,20.27,40252.75,4.15,51,Pune,18.5204,73.8567,Maharashtra
2025-08-05,29.0,21.1,24.4,33.0,24.2,4.6,4.6,13.6,32.4,272,21.02,36024.66,4.32,63,Pune,18.5204,73.8567,Maharashtra
2025-08-06,29.6,21.3,24.6,35.4,24.8,2.9,2.9,10.0,25.2,277,19.65,33815.45,4.09,61,Pune,18.5204,73.8567,Maharashtra
2025-08-07,29.3,21.6,24.6,34.6,25.0,4.3,4.3,13.8,33.5,271,20.63,32400.0,4.24,61,Pune,18.5204,73.8567,Maharashtra
2025-08-08,28.0,21.5,23.7,32.1,24.9,6.0,6.0,11.6,29.5,268,13.28,15312.96,2.75,63,Pune,18.5204,73.8567,Maharashtra
2025-08-09,27.2,21.5,23.7,30.7,25.1,0.9,0.9,10.2,26.6,264,13.6,19399.04,2.87,51,Pune,18.5204,73.8567,Maharashtra
2025-08-10,27.1,21.6,23.7,31.0,24.8,2.9,2.9,14.8,37.1,258,17.78,31005.29,3.59,53,Pune,18.5204,73.8567,Maharashtra
2025-08-11,27.7,21.3,23.8,31.2,24.0,1.1,1.1,19.7,45.7,262,22.44,39302.82,4.4,51,Pune,18.5204,73.8567,Maharashtra
2025-08-12,27.3,21.5,23.7,30.8,24.1,2.8,2.8,18.5,41.4,267,18.54,37883.81,3.76,61,Pune,18.5204,73.8567,Maharashtra
2025-08-13,27.0,21.6,23.7,29.7,24.3,2.4,2.4,15.9,38.2,264,15.42,19531.81,3.19,55,Pune,18.5204,73.8567,Maharashtra
2025-08-14,26.7,21.9,23.6,30.2,24.8,4.8,4.8,15.9,37.8,248,13.7,17563.75,2.81,53,Pune,18.5204,73.8567,Maharashtra
2025-08-15,26.7,22.1,23.4,29.9,24.7,6.6,6.6,15.4,34.6,263,12.09,9069.41,2.55,61,Pune,18.5204,73.8567,Maharashtra
2025-08-16,26.7,21.8,23.2,30.0,24.2,6.2,6.2,17.2,38.9,261,11.88,10800.0,2.5,61,Pune,18.5204,73.8567,Maharashtra
2025-08-17,26.1,21.7,23.5,28.5,24.7,6.6,6.6,20.0,47.9,251,13.83,25638.82,2.79,61,Pune,18.5204,73.8567,Maharashtra
2025-08-18,24.1,22.2,22.8,26.9,23.9,25.2,25.2,20.5,47.2,256,7.28,3600.0,1.63,63,Pune,18.5204,73.8567,Maharashtra
2025-08-19,23.8,22.1,22.7,25.8,23.6,38.4,38.4,25.2,51.1,251,6.1,0.0,1.41,63,Pune,18.5204,73.8567,Maharashtra
2025-08-20,24.2,21.9,22.9,25.4,23.5,25.5,25.5,27.2,56.5,250,12.36,10504.11,2.42,63,Pune,18.5204,73.8567,Maharashtra
2025-08-21,26.1,22.2,23.6,28.5,23.6,3.7,3.7,26.2,58.0,247,21.01,37277.51,3.89,53,Pune,18.5204,73.8567,Maharashtra
2025-08-22,26.4,22.0,23.6,28.9,23.8,2.7,2.7,24.5,56.5,254,21.67,34646.5,4.04,53,Pune,18.5204,73.8567,Maharashtra
2025-08-23,26.3,21.8,23.2,28.1,23.3,2.8,2.8,26.4,64.4,254,22.19,40512.56,4.13,53,Pune,18.5204,73.8567,Maharashtra
2025-08-24,25.8,21.5,23.1,27.0,22.8,3.5,3.5,27.0,59.0,251,20.9,37520.11,3.83,53,Pune,18.5204,73.8567,Maharashtra
2025-08-25,25.0,21.6,22.9,25.6,23.3,2.4,2.4,25.1,56.2,252,11.8,13127.24,2.5,51,Pune,18.5204,73.8567,Maharashtra
2025-08-26,26.7,22.0,23.5,29.9,24.4,3.2,3.2,19.2,42.8,259,16.13,19461.56,3.23,53,Pune,18.5204,73.8567,Maharashtra
2025-08-27,27.7,21.8,23.8,32.4,24.2,3.4,3.4,17.3,40.3,272,18.6,38420.7,3.69,61,Pune,18.5204,73.8567,Maharashtra
2025-08-28,26.9,22.0,23.5,30.4,24.6,14.6,14.6,15.4,39.2,270,13.9,18889.93,2.82,63,Pune,18.5204,73.8567,Maharashtra
2025-08-29,26.9,21.6,23.3,30.8,24.1,17.6,17.6,14.3,34.9,261,13.25,18865.65,2.69,63,Pune,18.5204,73.8567,Maharashtra
2025-08-30,27.7,21.7,24.1,31.4,24.6,4.5,4.5,16.4,39.2,255,20.19,38390.34,3.99,63,Pune,18.5204,73.8567,Maharashtra
2025-08-31,27.6,22.5,24.1,31.3,24.8,4.6,4.6,19.6,47.2,261,20.17,42007.96,3.95,61,Pune,18.5204,73.8567,Maharashtra
2025-09-01,26.4,21.9,23.5,28.5,23.8,2.7,2.7,25.2,55.1,262,20.03,39600.0,3.79,53,Pune,18.5204,73.8567,Maharashtra
2025-09-02,26.4,22.3,23.7,29.1,24.3,2.7,2.7,21.7,49.7,269,20.35,37727.87,3.82,53,Pune,18.5204,73.8567,Maharashtra
2025-09-03,26.6,21.5,23.4,29.8,24.0,2.1,2.1,19.0,45.0,271,19.91,30089.98,3.85,53,Pune,18.5204,73.8567,Maharashtra
2025-09-04,26.5,21.7,23.2,29.4,24.1,1.2,1.2,20.9,47.2,265,18.88,33132.22,3.66,51,Pune,18.5204,73.8567,Maharashtra
2025-09-05,26.8,21.9,23.5,28.8,24.1,0.4,0.4,20.9,48.2,255,19.34,36656.76,3.8,51,Pune,18.5204,73.8567,Maharashtra
2025-09-06,26.2,21.7,23.3,27.7,23.9,0.3,0.3,19.8,45.0,250,15.06,28379.61,3.11,51,Pune,18.5204,73.8567,Maharashtra
2025-09-07,27.1,21.1,23.2,29.8,23.1,1.1,1.1,20.6,47.5,250,18.94,33064.43,3.7,51,Pune,18.5204,73.8567,Maharashtra
2025-09-08,27.6,21.2,23.6,32.0,24.0,2.3,2.3,14.9,35.3,248,20.35,39600.0,3.98,53,Pune,18.5204,73.8567,Maharashtra
2025-09-09,29.0,19.5,23.6,32.8,22.1,0.4,0.4,12.8,30.6,266,21.87,39592.74,4.46,51,Pune,18.5204,73.8567,Maharashtra
2025-09-10,29.1,19.7,23.9,33.7,22.5,0.9,0.9,10.8,28.1,270,23.12,43200.0,4.68,51,Pune,18.5204,73.8567,Maharashtra
2025-09-11,28.9,20.1,23.8,32.7,22.8,0.2,0.2,12.7,32.4,270,21.55,36298.64,4.43,51,Pune,18.5204,73.8567,Maharashtra
2025-09-12,27.6,20.7,23.7,30.6,23.4,0.4,0.4,12.1,28.8,280,19.04,39600.0,3.91,51,Pune,18.5204,73.8567,Maharashtra
2025-09-13,28.7,21.4,23.4,34.0,24.6,15.6,15.6,9.4,25.9,274,15.81,20793.5,3.26,63,Pune,18.5204,73.8567,Maharashtra
2025-09-14,27.7,21.7,23.5,33.7,24.8,36.7,36.7,12.7,29.2,278,15.76,24310.67,3.15,65,Pune,18.5204,73.8567,Maharashtra
2025-09-15,26.2,21.4,22.9,30.9,24.5,17.8,17.8,16.4,35.6,268,9.21,10226.5,1.87,63,Pune,18.5204,73.8567,Maharashtra
2025-09-16,25.8,21.1,23.1,29.4,23.6,5.2,5.2,13.5,29.5,273,10.66,10358.82,2.23,61,Pune,18.5204,73.8567,Maharashtra
2025-09-17,28.5,20.6,23.6,34.3,23.3,13.8,13.8,10.6,28.8,262,18.08,25374.35,3.64,63,Pune,18.5204,73.8567,Maharashtra
2025-09-18,27.0,21.8,23.4,31.7,25.0,19.5,19.5,10.8,25.9,270,12.06,16717.34,2.44,65,Pune,18.5204,73.8567,Maharashtra
2025-09-19,27.9,21.8,23.7,33.3,24.8,12.4,12.4,12.1,31.3,263,16.91,32032.74,3.32,63,Pune,18.5204,73.8567,Maharashtra
2025-09-20,27.9,21.4,23.7,32.1,24.5,7.7,7.7,13.8,32.8,268,18.77,40129.54,3.65,63,Pune,18.5204,73.8567,Maharashtra
2025-09-21,28.1,21.3,23.8,32.7,24.4,3.2,3.2,13.8,34.6,269,18.76,39700.72,3.64,55,Pune,18.5204,73.8567,Maharashtra
2025-09-22,26.3,21.0,22.9,30.0,23.9,7.3,7.3,14.4,32.4,267,10.52,10912.42,2.2,61,Pune,18.5204,73.8567,Maharashtra
2025-09-23,25.9,20.6,22.6,28.9,22.8,8.5,8.5,17.4,41.8,269,13.71,20355.13,2.74,61,Pune,18.5204,73.8567,Maharashtra
2025-09-24,26.8,20.7,23.2,30.0,23.0,1.3,1.3,15.4,37.4,271,20.3,42931.98,3.97,51,Pune,18.5204,73.8567,Maharashtra
2025-09-25,27.7,20.3,23.3,31.0,22.9,1.0,1.0,13.5,34.6,272,19.16,39660.58,3.82,51,Pune,18.5204,73.8567,Maharashtra
2025-09-26,26.6,21.0,22.9,30.4,23.5,5.3,5.3,12.8,31.7,271,10.8,15826.94,2.23,61,Pune,18.5204,73.8567,Maharashtra
2025-09-27,25.6,21.4,22.5,28.0,22.5,27.8,27.8,21.6,42.1,266,6.39,1255.89,1.45,63,Pune,18.5204,73.8567,Maharashtra
2025-09-28,22.8,21.0,22.0,25.7,21.1,67.9,67.9,27.9,55.8,254,4.54,0.0,1.09,65,Pune,18.5204,73.8567,Maharashtra
2025-09-29,26.6,21.3,23.1,29.0,22.6,1.9,1.9,21.2,46.8,241,18.48,34270.95,3.63,53,Pune,18.5204,73.8567,Maharashtra
2025-09-30,26.6,21.0,23.2,30.2,23.8,1.4,1.4,19.0,45.4,231,19.78,40113.63,3.73,53,Pune,18.5204,73.8567,Maharashtra
2025-10-01,27.1,21.6,23.7,30.2,24.6,0.4,0.4,17.5,43.9,231,20.73,37231.31,4.01,51,Pune,18.5204,73.8567,Maharashtra
2025-10-02,28.0,21.0,23.8,31.3,23.7,0.2,0.2,16.6,39.2,230,20.14,39600.0,4.04,51,Pune,18.5204,73.8567,Maharashtra
2025-10-03,28.2,21.8,24.1,32.8,25.1,2.0,2.0,11.2,28.4,239,19.46,40527.83,3.87,53,Pune,18.5204,73.8567,Maharashtra
2025-10-04,28.8,21.8,24.0,33.2,25.4,3.5,3.5,12.3,30.6,258,18.72,37121.3,3.76,61,Pune,18.5204,73.8567,Maharashtra
2025-10-05,27.6,21.4,23.4,32.1,24.3,2.8,2.8,13.6,31.3,260,17.09,41143.1,3.4,61,Pune,18.5204,73.8567,Maharashtra
2025-10-06,28.0,20.0,23.3,31.0,22.5,0.2,0.2,13.5,33.1,257,19.75,41414.08,3.97,51,Pune,18.5204,73.8567,Maharashtra
2025-10-07,27.4,20.6,23.3,31.4,23.7,0.6,0.6,13.0,33.8,272,16.47,38058.56,3.32,51,Pune,18.5204,73.8567,Maharashtra
2025-10-08,28.5,20.5,23.7,33.0,24.1,2.4,2.4,10.1,22.3,266,19.53,33778.45,3.97,55,Pune,18.5204,73.8567,Maharashtra
2025-10-09,29.2,20.3,24.5,32.8,23.8,0.2,0.2,8.5,23.4,27,20.55,39050.35,4.23,51,Pune,18.5204,73.8567,Maharashtra
2025-10-10,30.4,20.3,25.0,33.9,23.4,0.0,0.0,9.5,25.9,13,21.55,40996.98,4.6,3,Pune,18.5204,73.8567,Maharashtra
2025-10-11,30.9,20.6,25.6,34.0,23.5,0.2,0.2,9.1,23.0,334,21.33,41007.24,4.59,51,Pune,18.5204,73.8567,Maharashtra
2025-10-12,31.3,20.7,25.9,33.2,23.0,0.0,0.0,8.1,26.6,61,21.57,40771.18,4.68,2,Pune,18.5204,73.8567,Maharashtra
2025-10-13,31.6,21.0,26.2,33.3,23.2,0.0,0.0,9.3,27.4,42,21.47,40533.62,4.7,3,Pune,18.5204,73.8567,Maharashtra
2025-10-14,31.5,20.3,25.9,32.9,22.5,0.0,0.0,11.9,34.9,82,21.89,40540.4,4.91,3,Pune,18.5204,73.8567,Maharashtra
2025-10-15,31.1,21.2,25.7,33.1,22.2,0.7,0.7,17.0,42.5,85,19.63,38818.07,4.43,51,Pune,18.5204,73.8567,Maharashtra
2025-10-16,32.3,22.0,27.0,34.4,25.5,0.1,0.1,15.5,41.8,93,19.93,40059.64,4.9,51,Pune,18.5204,73.8567,Maharashtra
2025-10-17,31.8,22.8,27.2,32.5,25.3,0.4,0.4,16.9,44.3,88,19.74,40311.12,5.02,51,Pune,18.5204,73.8567,Maharashtra
2025-10-18,32.1,22.1,27.1,33.3,24.5,0.4,0.4,13.3,35.6,89,20.33,39821.68,5.08,51,Pune,18.5204,73.8567,Maharashtra
2025-10-19,32.2,22.2,27.0,33.3,24.4,0.0,0.0,14.4,38.5,86,20.68,40072.31,5.01,3,Pune,18.5204,73.8567,Maharashtra
2025-10-20,32.4,22.3,27.1,32.6,24.0,0.0,0.0,15.5,40.3,82,21.37,40075.35,5.67,0,Pune,18.5204,73.8567,Maharashtra
2025-10-21,31.9,22.7,26.1,34.7,25.0,2.1,2.1,12.9,36.0,85,18.06,36441.79,4.42,61,Pune,18.5204,73.8567,Maharashtra
2025-10-22,31.8,21.5,26.1,34.1,24.3,0.5,0.5,15.4,37.4,80,18.68,37546.43,4.46,51,Pune,18.5204,73.8567,Maharashtra
2025-10-23,32.1,22.9,26.2,33.7,25.6,4.4,4.4,19.3,49.3,89,19.37,39332.04,4.75,61,Pune,18.5204,73.8567,Maharashtra
2025-10-24,29.0,21.1,24.3,31.3,23.7,19.5,19.5,18.1,47.2,92,14.12,21381.95,3.11,63,Pune,18.5204,73.8567,Maharashtra
2025-10-25,28.2,21.5,24.0,30.2,24.8,2.5,2.5,13.6,37.1,116,13.11,31578.49,2.81,53,Pune,18.5204,73.8567,Maharashtra
2025-10-26,26.0,21.0,22.9,29.6,23.9,18.3,18.3,16.3,39.6,110,7.91,11479.3,1.74,63,Pune,18.5204,73.8567,Maharashtra
2025-10-27,29.1,21.4,23.6,32.6,24.2,15.2,15.2,19.2,41.0,132,13.46,26523.66,2.74,63,Pune,18.5204,73.8567,Maharashtra
2025-10-28,29.1,20.6,24.2,32.4,24.1,0.0,0.0,10.3,25.6,140,18.73,36906.42,3.81,3,Pune,18.5204,73.8567,Maharashtra
2025-10-29,30.2,20.8,24.4,33.5,24.6,0.0,0.0,11.5,30.2,202,17.04,34810.81,3.55,3,Pune,18.5204,73.8567,Maharashtra
2025-10-30,27.8,20.4,23.3,29.8,23.8,8.6,8.6,16.8,40.0,223,11.58,19525.07,2.55,63,Pune,18.5204,73.8567,Maharashtra
2025-10-31,27.6,19.8,23.2,30.1,22.9,1.1,1.1,13.6,34.9,199,13.07,28800.0,2.65,51,Pune,18.5204,73.8567,Maharashtra
2025-11-01,28.4,21.4,23.9,32.7,25.6,5.1,5.1,13.0,30.2,235,13.62,25645.14,2.77,61,Pune,18.5204,73.8567,Maharashtra
2025-11-02,27.7,21.5,23.7,31.7,24.9,2.0,2.0,12.6,31.3,247,15.23,36735.22,3.06,53,Pune,18.5204,73.8567,Maharashtra
2025-11-03,27.9,21.2,23.8,31.9,24.1,0.5,0.5,13.9,33.1,263,17.06,38785.33,3.43,51,Pune,18.5204,73.8567,Maharashtra
2025-11-04,27.9,20.1,23.2,30.7,22.6,0.0,0.0,14.9,35.6,259,18.45,39042.92,3.72,2,Pune,18.5204,73.8567,Maharashtra
2025-11-05,27.7,19.2,22.9,30.5,21.9,0.2,0.2,11.5,28.8,270,16.85,36120.1,3.46,51,Pune,18.5204,73.8567,Maharashtra
2025-11-06,28.3,19.7,23.4,29.8,22.6,0.0,0.0,11.0,28.4,54,16.58,36805.36,3.45,3,Pune,18.5204,73.8567,Maharashtra
2025-11-07,29.1,18.7,23.4,30.6,20.6,0.0,0.0,10.0,26.6,63,19.75,38957.21,4.07,3,Pune,18.5204,73.8567,Maharashtra
2025-11-08,29.3,17.8,23.4,30.1,19.6,0.0,0.0,7.6,23.8,360,20.28,38927.4,4.09,3,Pune,18.5204,73.8567,Maharashtra
2025-11-09,29.3,16.8,22.8,29.4,18.0,0.0,0.0,8.3,25.6,324,20.49,38916.11,4.19,0,Pune,18.5204,73.8567,Maharashtra
2025-11-10,29.6,16.0,22.6,30.2,17.1,0.0,0.0,5.7,21.6,23,20.4,38895.99,3.99,0,Pune,18.5204,73.8567,Maharashtra
2025-11-11,29.8,16.0,22.6,30.0,17.1,0.0,0.0,6.8,24.8,80,20.2,38874.82,4.05,0,Pune,18.5204,73.8567,Maharashtra
2025-11-12,29.7,16.4,23.0,29.9,16.9,0.0,0.0,9.9,27.0,66,20.01,38852.69,4.32,0,Pune,18.5204,73.8567,Maharashtra
2025-11-13,30.1,16.8,23.2,30.3,17.3,0.0,0.0,9.6,27.0,66,20.0,38829.54,4.43,0,Pune,18.5204,73.8567,Maharashtra
2025-11-14,29.4,16.5,22.7,29.1,17.0,0.0,0.0,10.7,25.2,69,20.11,38805.43,4.53,0,Pune,18.5204,73.8567,Maharashtra
2025-11-15,29.4,15.5,22.2,28.5,15.7,0.0,0.0,10.1,27.7,76,20.2,38780.38,4.62,0,Pune,18.5204,73.8567,Maharashtra
2025-11-16,28.7,15.2,21.8,27.4,14.6,0.0,0.0,11.6,32.4,80,20.05,38754.43,4.67,0,Pune,18.5204,73.8567,Maharashtra
2025-11-17,28.4,14.7,21.4,26.2,13.9,0.0,0.0,14.8,37.8,84,20.23,38727.58,4.79,0,Pune,18.5204,73.8567,Maharashtra
2025-11-18,28.8,13.7,21.1,27.2,12.5,0.0,0.0,11.4,32.4,83,20.11,38699.86,4.6,0,Pune,18.5204,73.8567,Maharashtra
2025-11-19,30.0,13.7,21.6,30.0,13.3,0.0,0.0,8.7,24.1,61,19.77,38671.29,4.23,0,Pune,18.5204,73.8567,Maharashtra
2025-11-20,29.5,15.1,22.2,29.5,15.0,0.0,0.0,10.5,27.4,67,19.62,38641.9,4.46,3,Pune,18.5204,73.8567,Maharashtra
2025-11-21,30.7,15.0,23.0,30.9,14.5,0.0,0.0,8.0,23.8,69,18.8,38502.0,4.14,2,Pune,18.5204,73.8567,Maharashtra
2025-11-22,32.7,17.9,25.1,34.0,18.9,0.0,0.0,10.7,25.2,74,18.21,37911.25,4.11,3,Pune,18.5204,73.8567,Maharashtra
2025-11-23,32.5,19.5,25.7,33.9,21.6,0.0,0.0,11.7,30.6,330,17.9,37932.78,4.09,3,Pune,18.5204,73.8567,Maharashtra
2025-11-24,31.7,19.5,25.3,32.9,21.9,0.0,0.0,9.0,24.8,89,17.68,37691.67,3.97,3,Pune,18.5204,73.8567,Maharashtra
2025-11-25,31.1,20.0,25.3,31.6,21.8,0.0,0.0,10.6,28.8,89,18.09,37713.23,4.26,1,Pune,18.5204,73.8567,Maharashtra
2025-11-26,30.3,18.9,24.4,30.6,20.5,0.0,0.0,11.2,29.9,86,18.29,37735.03,4.23,3,Pune,18.5204,73.8567,Maharashtra
2025-11-27,29.5,18.3,23.8,30.0,18.7,0.0,0.0,12.7,34.2,90,18.25,37493.15,4.45,1,Pune,18.5204,73.8567,Maharashtra
2025-11-28,29.2,18.4,23.5,28.6,19.3,0.0,0.0,12.8,34.2,82,18.46,37250.74,4.46,3,Pune,18.5204,73.8567,Maharashtra
2025-11-29,28.3,17.3,22.1,26.7,17.0,0.0,0.0,13.5,35.6,79,17.99,36214.3,4.52,3,Pune,18.5204,73.8567,Maharashtra
2025-11-30,28.3,14.1,21.2,25.7,13.2,0.0,0.0,11.6,32.4,85,18.92,37558.61,4.49,3,Pune,18.5204,73.8567,Maharashtra
2025-12-01,28.7,14.5,21.4,28.1,14.3,0.0,0.0,8.3,23.4,72,18.04,37315.34,3.91,3,Pune,18.5204,73.8567,Maharashtra
2025-12-02,28.2,15.0,21.6,27.7,14.6,0.0,0.0,10.2,25.6,65,16.36,36275.3,3.67,3,Pune,18.5204,73.8567,Maharashtra
2025-12-03,28.5,14.5,21.7,28.7,14.7,0.0,0.0,10.7,31.0,76,18.21,36826.85,4.0,3,Pune,18.5204,73.8567,Maharashtra
2025-12-04,29.3,16.3,22.8,29.3,16.8,0.0,0.0,11.5,32.4,81,18.02,36847.51,4.17,0,Pune,18.5204,73.8567,Maharashtra
2025-12-05,29.9,17.3,23.3,30.1,18.0,0.0,0.0,12.4,33.5,79,17.29,36601.85,4.12,3,Pune,18.5204,73.8567,Maharashtra
2025-12-06,29.0,17.2,22.8,27.7,17.3,0.0,0.0,11.7,34.2,87,17.06,35404.76,4.22,3,Pune,18.5204,73.8567,Maharashtra
2025-12-07,29.1,16.6,22.7,28.4,16.1,0.0,0.0,10.8,29.5,89,17.69,36186.9,4.28,3,Pune,18.5204,73.8567,Maharashtra
2025-12-08,30.1,15.4,22.4,29.0,14.9,0.0,0.0,11.8,29.5,70,18.14,36732.36,4.38,0,Pune,18.5204,73.8567,Maharashtra
2025-12-09,29.7,13.7,21.7,26.1,12.3,0.0,0.0,15.7,40.0,84,18.68,37010.72,4.89,0,Pune,18.5204,73.8567,Maharashtra
2025-12-10,29.3,13.6,21.4,26.0,12.3,0.0,0.0,14.9,38.5,78,18.7,36754.23,4.74,0,Pune,18.5204,73.8567,Maharashtra
2025-12-11,28.6,13.0,20.7,25.9,11.8,0.0,0.0,10.1,29.5,79,18.72,37030.85,4.11,0,Pune,18.5204,73.8567,Maharashtra
2025-12-12,28.7,13.0,20.7,26.3,11.6,0.0,0.0,9.6,28.8,81,18.5,36772.2,3.95,0,Pune,18.5204,73.8567,Maharashtra
2025-12-13,29.5,13.3,21.3,27.6,11.9,0.0,0.0,9.6,26.3,73,18.33,36779.82,4.18,0,Pune,18.5204,73.8567,Maharashtra
2025-12-14,29.1,15.2,21.7,26.9,13.7,0.0,0.0,13.9,36.4,83,18.32,36786.39,4.31,3,Pune,18.5204,73.8567,Maharashtra
2025-12-15,28.5,14.6,21.2,26.1,12.7,0.0,0.0,14.3,37.1,90,18.32,36524.35,4.42,2,Pune,18.5204,73.8567,Maharashtra
2025-12-16,28.8,14.2,21.4,27.0,12.6,0.0,0.0,15.1,38.9,97,18.23,36529.17,4.43,0,Pune,18.5204,73.8567,Maharashtra
2025-12-17,30.1,15.1,22.1,29.6,14.4,0.0,0.0,10.9,27.0,72,17.7,36265.25,4.24,0,Pune,18.5204,73.8567,Maharashtra
2025-12-18,30.6,14.6,22.0,27.7,14.4,0.0,0.0,11.5,31.0,76,18.48,36804.29,4.36,0,Pune,18.5204,73.8567,Maharashtra
2025-12-19,29.6,13.3,21.2,26.9,11.7,0.0,0.0,12.0,32.8,76,18.61,36806.66,4.51,0,Pune,18.5204,73.8567,Maharashtra
2025-12-20,29.0,13.3,20.9,26.6,11.9,0.0,0.0,11.0,29.2,79,18.57,36272.07,4.32,3,Pune,18.5204,73.8567,Maharashtra
2025-12-21,28.0,13.4,20.7,25.5,12.0,0.0,0.0,11.5,31.7,80,16.73,36000.0,4.14,3,Pune,18.5204,73.8567,Maharashtra
2025-12-22,29.1,13.2,21.0,26.9,12.0,0.0,0.0,12.2,33.5,81,18.27,36809.1,4.33,3,Pune,18.5204,73.8567,Maharashtra
2025-12-23,28.7,14.0,21.4,27.0,12.8,0.0,0.0,12.5,33.8,81,17.96,36539.8,4.26,3,Pune,18.5204,73.8567,Maharashtra
2025-12-24,28.0,14.5,21.1,25.7,13.2,0.0,0.0,14.2,37.8,88,17.56,36414.53,4.23,3,Pune,18.5204,73.8567,Maharashtra
2025-12-25,27.9,13.9,21.0,27.1,12.6,0.0,0.0,10.5,29.9,83,18.03,36666.18,4.15,2,Pune,18.5204,73.8567,Maharashtra
2025-12-26,27.6,13.5,20.8,26.0,13.0,0.0,0.0,9.4,28.1,85,18.15,36917.42,4.05,0,Pune,18.5204,73.8567,Maharashtra
2025-12-27,28.2,13.9,21.1,27.0,13.4,0.0,0.0,9.1,27.4,82,18.23,36900.04,4.09,0,Pune,18.5204,73.8567,Maharashtra
2025-12-28,28.4,14.1,21.2,27.3,13.4,0.0,0.0,9.6,25.2,80,18.17,36882.45,4.15,0,Pune,18.5204,73.8567,Maharashtra
2025-12-29,28.4,13.4,20.9,27.3,12.5,0.0,0.0,8.8,27.0,86,18.19,37132.65,3.93,0,Pune,18.5204,73.8567,Maharashtra
2025-12-30,29.4,13.3,21.0,28.0,13.0,0.0,0.0,10.4,27.0,295,18.29,37114.56,3.89,2,Pune,18.5204,73.8567,Maharashtra
2025-12-31,28.8,14.0,20.9,27.2,14.2,0.0,0.0,12.9,32.4,269,18.16,37364.17,4.18,3,Pune,18.5204,73.8567,Maharashtra
2026-01-01,28.3,14.4,21.2,28.1,14.5,0.0,0.0,7.4,19.1,282,17.68,37078.01,3.64,2,Pune,18.5204,73.8567,Maharashtra
2026-01-02,29.6,15.9,22.4,29.2,17.5,0.0,0.0,11.7,32.0,296,15.92,35526.08,3.55,3,Pune,18.5204,73.8567,Maharashtra
2026-01-03,29.6,16.6,23.0,30.0,17.8,0.0,0.0,6.9,22.7,27,16.09,37040.59,3.35,3,Pune,18.5204,73.8567,Maharashtra
2026-01-04,29.3,18.4,23.4,29.4,19.7,0.0,0.0,11.2,25.6,21,15.44,33716.85,3.46,3,Pune,18.5204,73.8567,Maharashtra
2026-01-05,28.2,17.4,22.8,27.7,17.9,0.0,0.0,9.6,28.4,82,17.62,37268.07,3.94,1,Pune,18.5204,73.8567,Maharashtra
2026-01-06,27.9,15.6,21.8,27.2,16.0,0.0,0.0,11.9,28.4,92,18.21,37780.98,4.14,0,Pune,18.5204,73.8567,Maharashtra
2026-01-07,28.3,14.1,21.3,25.6,13.4,0.0,0.0,12.3,33.5,97,18.69,38025.99,4.51,0,Pune,18.5204,73.8567,Maharashtra
2026-01-08,27.7,13.4,20.6,24.8,12.2,0.0,0.0,13.5,36.0,97,18.6,38270.1,4.56,1,Pune,18.5204,73.8567,Maharashtra
2026-01-09,27.1,13.1,20.3,24.8,11.2,0.0,0.0,14.0,37.1,87,18.54,38247.28,4.39,3,Pune,18.5204,73.8567,Maharashtra
2026-01-10,27.9,14.0,20.7,26.2,12.3,0.0,0.0,11.4,31.7,80,18.41,38224.15,4.35,2,Pune,18.5204,73.8567,Maharashtra
2026-01-11,28.3,14.0,21.2,25.9,12.5,0.0,0.0,12.2,33.1,88,18.37,38466.22,4.67,0,Pune,18.5204,73.8567,Maharashtra
2026-01-12,30.1,15.3,22.4,30.7,13.8,1.5,1.5,9.5,28.1,109,16.51,37116.49,3.75,51,Pune,18.5204,73.8567,Maharashtra
2026-01-13,30.0,18.3,24.0,31.9,19.2,0.0,0.0,8.5,22.0,305,16.96,37623.67,3.74,1,Pune,18.5204,73.8567,Maharashtra
2026-01-14,28.8,18.2,23.5,29.6,20.1,0.3,0.3,11.9,27.0,284,16.31,38129.5,3.64,51,Pune,18.5204,73.8567,Maharashtra
2026-01-15,30.2,17.2,23.3,30.9,17.9,0.0,0.0,9.6,23.8,11,18.31,38369.76,3.89,3,Pune,18.5204,73.8567,Maharashtra
2026-01-16,31.0,16.8,23.6,31.7,17.1,0.0,0.0,11.4,24.8,355,18.68,38696.64,3.92,3,Pune,18.5204,73.8567,Maharashtra
2026-01-17,30.7,17.5,23.4,30.0,18.1,0.0,0.0,16.5,42.5,278,17.01,38735.24,4.14,3,Pune,18.5204,73.8567,Maharashtra
2026-01-18,29.1,16.8,21.9,28.3,16.5,0.0,0.0,15.9,40.3,258,18.59,38773.43,4.43,1,Pune,18.5204,73.8567,Maharashtra
2026-01-19,29.0,14.3,20.8,28.6,15.2,0.0,0.0,14.5,36.4,271,18.98,38811.14,4.17,0,Pune,18.5204,73.8567,Maharashtra
2026-01-20,29.5,14.9,21.7,29.4,15.8,0.0,0.0,9.4,27.4,193,19.04,38511.69,4.09,1,Pune,18.5204,73.8567,Maharashtra
2026-01-21,29.5,15.8,22.6,28.4,16.3,0.0,0.0,11.1,31.7,97,16.42,33487.95,4.08,3,Pune,18.5204,73.8567,Maharashtra
2026-01-22,28.6,16.8,22.6,27.0,16.1,0.0,0.0,12.4,32.8,114,16.78,38920.59,3.7,3,Pune,18.5204,73.8567,Maharashtra
2026-01-23,28.6,16.4,22.1,27.5,17.1,0.0,0.0,10.4,29.5,230,19.38,38956.3,4.2,1,Pune,18.5204,73.8567,Maharashtra
2026-01-24,29.2,15.9,22.0,27.9,17.2,0.0,0.0,10.5,29.5,170,18.73,38991.92,3.98,1,Pune,18.5204,73.8567,Maharashtra
2026-01-25,29.7,15.6,22.7,29.4,16.6,0.0,0.0,8.3,27.0,193,18.44,39027.41,3.82,3,Pune,18.5204,73.8567,Maharashtra
2026-01-26,29.5,17.2,23.5,29.4,17.8,1.9,1.9,12.3,32.8,207,16.53,39062.75,3.74,53,Pune,18.5204,73.8567,Maharashtra
2026-01-27,28.7,19.1,23.3,29.1,21.0,0.4,0.4,14.4,37.1,259,16.56,39097.88,3.93,51,Pune,18.5204,73.8567,Maharashtra
2026-01-28,29.6,16.0,22.8,30.7,17.6,0.0,0.0,10.1,25.6,37,17.16,37218.99,3.64,3,Pune,18.5204,73.8567,Maharashtra
2026-01-29,30.9,17.5,24.2,31.0,18.3,0.0,0.0,9.7,28.8,85,17.69,39167.44,3.78,3,Pune,18.5204,73.8567,Maharashtra
2026-01-30,30.5,19.6,24.7,30.0,20.1,0.0,0.0,9.9,29.5,195,16.34,34731.47,3.98,3,Pune,18.5204,73.8567,Maharashtra
2026-01-31,30.1,18.2,24.1,29.6,20.6,0.0,0.0,11.5,30.2,105,18.1,34362.6,4.47,3,Pune,18.5204,73.8567,Maharashtra
2026-02-01,29.9,17.6,23.7,29.2,17.6,0.0,0.0,14.1,33.8,82,19.58,39269.45,4.73,2,Pune,18.5204,73.8567,Maharashtra
2026-02-02,30.0,16.9,23.2,29.7,16.9,0.0,0.0,14.9,37.8,77,18.93,39302.7,4.56,2,Pune,18.5204,73.8567,Maharashtra
2026-02-03,30.4,17.3,23.7,30.4,17.7,0.0,0.0,8.1,26.6,103,18.96,38949.48,4.07,2,Pune,18.5204,73.8567,Maharashtra
2026-02-04,30.0,17.7,24.1,29.6,18.1,0.0,0.0,14.6,33.5,94,19.18,39367.89,4.82,1,Pune,18.5204,73.8567,Maharashtra
2026-02-05,29.9,17.8,23.8,29.6,17.5,0.0,0.0,12.5,31.7,77,19.41,38390.41,4.89,1,Pune,18.5204,73.8567,Maharashtra
2026-02-06,29.8,17.0,23.7,29.0,16.5,0.0,0.0,13.4,35.3,81,20.75,39431.12,4.86,0,Pune,18.5204,73.8567,Maharashtra
2026-02-07,30.5,16.9,23.8,30.1,16.7,0.0,0.0,11.1,29.2,72,21.03,39461.92,4.88,0,Pune,18.5204,73.8567,Maharashtra
2026-02-08,31.7,16.8,24.1,30.9,17.0,0.0,0.0,11.8,29.5,71,21.14,39492.15,4.8,2,Pune,18.5204,73.8567,Maharashtra
2026-02-09,32.6,17.3,24.7,32.5,17.6,0.0,0.0,9.4,22.7,289,21.27,39521.76,4.63,1,Pune,18.5204,73.8567,Maharashtra
2026-02-10,32.8,18.3,25.2,33.7,19.6,0.0,0.0,13.9,31.3,266,21.01,38281.17,4.71,3,Pune,18.5204,73.8567,Maharashtra
2026-02-11,31.7,19.3,25.1,31.1,19.6,0.0,0.0,12.5,33.1,86,21.28,39579.05,5.19,3,Pune,18.5204,73.8567,Maharashtra
2026-02-12,31.3,18.0,24.7,30.5,17.4,0.0,0.0,12.2,31.7,78,21.5,39600.0,5.2,1,Pune,18.5204,73.8567,Maharashtra
2026-02-13,31.8,18.1,24.8,31.0,19.2,0.0,0.0,11.3,31.0,95,21.56,39600.0,5.13,3,Pune,18.5204,73.8567,Maharashtra
2026-02-14,31.8,18.4,25.0,31.1,18.5,0.0,0.0,11.4,27.4,51,21.88,39600.0,5.23,3,Pune,18.5204,73.8567,Maharashtra
2026-02-15,32.3,18.6,25.5,31.7,18.9,0.0,0.0,10.1,25.6,339,21.84,39600.0,5.02,0,Pune,18.5204,73.8567,Maharashtra
2026-02-16,32.8,18.7,25.7,32.4,18.8,0.0,0.0,9.8,29.5,164,21.96,39610.58,5.11,1,Pune,18.5204,73.8567,Maharashtra
2026-02-17,32.2,19.7,26.1,32.0,20.1,0.0,0.0,10.7,27.0,173,20.34,39600.0,4.77,3,Pune,18.5204,73.8567,Maharashtra
2026-02-18,32.0,19.3,25.1,31.0,19.8,0.0,0.0,13.5,35.6,204,19.41,39600.0,4.9,3,Pune,18.5204,73.8567,Maharashtra
2026-02-19,32.8,19.4,25.4,32.0,21.2,0.0,0.0,11.8,33.1,171,20.62,39600.0,4.91,1,Pune,18.5204,73.8567,Maharashtra
2026-02-20,33.8,20.0,26.2,33.8,20.4,0.0,0.0,11.4,32.4,152,20.79,39600.0,5.09,1,Pune,18.5204,73.8567,Maharashtra
2026-02-21,34.1,20.2,26.6,33.9,21.1,0.0,0.0,13.0,34.6,311,21.01,39600.0,5.33,3,Pune,18.5204,73.8567,Maharashtra
2026-02-22,33.3,22.2,27.3,33.5,22.5,0.0,0.0,8.6,25.2,9,17.76,39600.0,4.32,3,Pune,18.5204,73.8567,Maharashtra
2026-02-23,32.6,21.0,26.5,31.7,20.7,0.0,0.0,11.6,28.1,359,18.98,39600.0,4.91,3,Pune,18.5204,73.8567,Maharashtra
2026-02-24,33.2,19.2,26.1,33.1,18.8,0.0,0.0,10.1,28.1,278,19.61,38983.74,4.69,3,Pune,18.5204,73.8567,Maharashtra
2026-02-25,33.4,20.4,26.0,31.9,20.0,0.0,0.0,17.7,40.0,264,19.82,34635.02,5.57,3,Pune,18.5204,73.8567,Maharashtra
2026-02-26,31.9,19.0,24.9,31.3,19.2,0.0,0.0,14.9,37.1,273,22.97,39905.17,5.83,0,Pune,18.5204,73.8567,Maharashtra
2026-02-27,31.2,18.1,23.8,30.0,17.5,0.0,0.0,15.9,42.1,269,23.14,39883.42,6.07,0,Pune,18.5204,73.8567,Maharashtra
2026-02-28,31.4,16.8,23.4,30.1,16.5,0.0,0.0,14.1,36.7,261,23.38,40106.81,5.68,0,Pune,18.5204,73.8567,Maharashtra
2026-03-01,33.6,17.2,24.6,33.7,18.2,0.0,0.0,13.7,35.6,267,23.22,40084.61,5.46,0,Pune,18.5204,73.8567,Maharashtra
2026-03-02,34.5,19.0,26.4,35.1,21.2,0.0,0.0,13.7,32.4,360,22.87,40062.36,5.56,2,Pune,18.5204,73.8567,Maharashtra
2026-03-03,34.3,21.0,27.9,34.6,22.3,0.0,0.0,12.6,34.6,77,23.15,40040.11,5.77,2,Pune,18.5204,73.8567,Maharashtra
2026-03-04,34.7,21.2,28.3,34.5,21.2,0.0,0.0,13.7,37.1,72,23.49,40261.98,6.08,0,Pune,18.5204,73.8567,Maharashtra
2026-03-05,35.5,20.3,28.2,35.1,19.8,0.0,0.0,11.8,32.0,56,23.83,40483.0,5.94,0,Pune,18.5204,73.8567,Maharashtra
2026-03-06,35.2,20.9,28.0,34.6,21.1,0.0,0.0,14.5,29.5,66,24.09,40459.24,5.75,0,Pune,18.5204,73.8567,Maharashtra
2026-03-07,35.8,20.6,28.4,34.5,20.7,0.0,0.0,10.4,31.0,62,24.03,40678.98,5.85,0,Pune,18.5204,73.8567,Maharashtra
2026-03-08,36.9,20.7,29.0,35.7,21.2,0.0,0.0,14.5,33.5,77,24.12,40654.43,6.36,0,Pune,18.5204,73.8567,Maharashtra
2026-03-09,36.2,21.9,29.1,34.9,21.7,0.0,0.0,15.3,35.6,72,24.22,40873.11,6.27,0,Pune,18.5204,73.8567,Maharashtra
2026-03-10,35.7,21.0,28.8,34.6,20.0,0.0,0.0,16.3,42.8,77,24.03,40847.98,6.19,3,Pune,18.5204,73.8567,Maharashtra
2026-03-11,36.3,21.6,29.1,35.9,21.3,0.0,0.0,16.4,41.8,53,23.91,40822.69,6.17,0,Pune,18.5204,73.8567,Maharashtra
2026-03-12,36.6,22.4,29.5,35.3,23.9,0.0,0.0,12.9,35.6,71,24.21,41040.4,6.13,0,Pune,18.5204,73.8567,Maharashtra
2026-03-13,36.5,22.0,29.5,35.7,22.1,0.0,0.0,11.9,32.4,22,24.27,41257.85,6.43,0,Pune,18.5204,73.8567,Maharashtra
2026-03-14,36.2,23.1,29.3,36.8,21.8,0.0,0.0,20.9,46.8,264,21.59,41232.18,5.86,3,Pune,18.5204,73.8567,Maharashtra
2026-03-15,34.8,23.0,28.3,33.5,20.5,0.0,0.0,16.3,40.7,273,23.57,41449.38,7.14,0,Pune,18.5204,73.8567,Maharashtra
2026-03-16,34.1,20.1,26.6,32.9,19.6,0.0,0.0,17.1,43.6,273,23.99,41666.53,6.43,3,Pune,18.5204,73.8567,Maharashtra
2026-03-17,34.2,19.5,26.1,33.9,20.8,0.0,0.0,17.0,42.1,275,23.7,41883.7,5.99,2,Pune,18.5204,73.8567,Maharashtra
2026-03-18,34.1,20.9,26.3,34.9,22.7,0.1,0.1,14.2,45.4,235,20.87,38966.95,5.18,51,Pune,18.5204,73.8567,Maharashtra
2026-03-19,32.9,20.7,25.6,33.2,22.3,0.1,0.1,18.4,42.5,276,21.62,41347.93,5.48,51,Pune,18.5204,73.8567,Maharashtra
2026-03-20,33.4,18.8,25.4,32.7,21.1,0.0,0.0,18.3,48.2,288,23.71,41565.7,5.92,2,Pune,18.5204,73.8567,Maharashtra
2026-03-21,33.2,19.8,26.3,34.4,22.5,0.0,0.0,9.1,25.9,275,24.71,42268.92,5.52,0,Pune,18.5204,73.8567,Maharashtra
2026-03-22,34.5,20.8,27.6,34.5,20.8,0.0,0.0,9.0,26.3,348,24.54,42244.74,5.78,0,Pune,18.5204,73.8567,Maharashtra
2026-03-23,36.2,21.8,28.5,36.2,22.0,0.0,0.0,14.8,36.7,304,24.58,42606.8,6.4,3,Pune,18.5204,73.8567,Maharashtra
2026-03-24,36.4,22.5,29.1,37.9,22.9,0.0,0.0,12.1,33.1,284,23.57,42654.96,6.09,3,Pune,18.5204,73.8567,Maharashtra
2026-03-25,36.8,23.3,29.9,37.8,22.8,0.0,0.0,11.6,30.2,309,23.22,40527.96,6.13,3,Pune,18.5204,73.8567,Maharashtra
2026-03-26,36.9,23.8,30.6,37.5,24.5,0.0,0.0,12.6,30.6,45,22.94,42752.71,5.94,2,Pune,18.5204,73.8567,Maharashtra
2026-03-27,37.0,25.1,30.6,38.5,26.5,0.0,0.0,16.5,44.3,299,22.56,42611.85,6.33,2,Pune,18.5204,73.8567,Maharashtra
2026-03-28,36.2,23.4,28.9,34.9,23.1,0.0,0.0,20.7,51.5,274,25.06,42851.83,7.32,3,Pune,18.5204,73.8567,Maharashtra
2026-03-29,35.3,21.0,27.4,35.6,20.8,0.0,0.0,15.5,37.4,281,25.23,42901.71,6.59,3,Pune,18.5204,73.8567,Maharashtra
2026-03-30,36.1,21.9,27.9,37.4,25.5,0.3,0.3,14.8,40.0,251,21.03,42298.92,5.36,51,Pune,18.5204,73.8567,Maharashtra
2026-03-31,33.7,22.7,28.0,35.2,26.5,0.0,0.0,7.7,24.1,324,22.46,43001.74,5.08,1,Pune,18.5204,73.8567,Maharashtra
2026-04-01,36.6,22.2,28.4,37.1,25.9,0.7,0.7,15.1,40.0,263,22.37,42253.04,5.61,53,Pune,18.5204,73.8567,Maharashtra
2026-04-02,34.6,22.6,26.9,35.8,25.6,2.4,2.4,11.4,49.3,269,18.36,34413.44,4.64,61,Pune,18.5204,73.8567,Maharashtra
2026-04-03,32.5,20.7,25.8,34.6,24.0,0.3,0.3,13.7,34.2,271,23.07,41721.15,5.51,51,Pune,18.5204,73.8567,Maharashtra
2026-04-04,33.2,20.2,25.9,33.4,22.7,0.0,0.0,15.9,39.6,280,24.35,43200.0,5.97,2,Pune,18.5204,73.8567,Maharashtra
2026-04-05,32.8,20.5,26.0,32.4,21.6,0.0,0.0,18.7,47.2,272,25.52,43200.0,6.74,0,Pune,18.5204,73.8567,Maharashtra
2026-04-06,31.7,18.6,24.6,32.1,20.0,0.0,0.0,12.8,34.6,281,25.77,43200.0,6.08,0,Pune,18.5204,73.8567,Maharashtra
2026-04-07,33.8,19.4,26.1,33.8,21.1,0.0,0.0,15.7,41.8,282,25.57,43200.0,6.56,0,Pune,18.5204,73.8567,Maharashtra
2026-04-08,33.3,20.7,26.4,33.7,22.8,0.0,0.0,18.1,45.4,278,24.54,43200.0,6.27,1,Pune,18.5204,73.8567,Maharashtra
2026-04-09,33.8,20.5,26.8,34.6,23.1,0.0,0.0,15.2,39.2,282,25.42,41467.45,6.43,3,Pune,18.5204,73.8567,Maharashtra
2026-04-10,36.7,21.5,28.9,37.5,23.5,0.0,0.0,15.9,35.6,13,25.84,43200.0,6.54,0,Pune,18.5204,73.8567,Maharashtra
2026-04-11,39.1,23.4,30.4,39.9,25.9,0.0,0.0,18.9,46.8,282,25.92,43200.0,6.9,0,Pune,18.5204,73.8567,Maharashtra
2026-04-12,39.4,23.4,31.2,40.4,24.5,0.0,0.0,15.0,39.6,297,26.19,43200.0,6.9,0,Pune,18.5204,73.8567,Maharashtra
2026-04-13,38.6,24.5,30.2,38.1,24.2,0.0,0.0,16.8,42.8,273,26.27,43200.0,7.52,0,Pune,18.5204,73.8567,Maharashtra
2026-04-14,40.2,23.0,31.1,40.3,24.1,0.0,0.0,17.7,43.2,281,26.46,43200.0,7.47,0,Pune,18.5204,73.8567,Maharashtra
2026-04-15,39.1,24.8,31.4,38.0,23.3,0.0,0.0,16.2,40.7,273,26.64,43200.0,8.05,0,Pune,18.5204,73.8567,Maharashtra
2026-04-16,38.9,22.7,30.5,37.6,20.5,0.0,0.0,17.5,43.9,274,26.85,43200.0,8.19,0,Pune,18.5204,73.8567,Maharashtra
2026-04-17,39.6,22.2,30.5,38.9,23.8,0.0,0.0,15.0,45.0,281,24.47,41403.91,6.4,3,Pune,18.5204,73.8567,Maharashtra
2026-04-18,38.8,25.1,31.5,38.7,28.6,0.0,0.0,15.4,36.0,296,18.99,39466.34,5.33,3,Pune,18.5204,73.8567,Maharashtra
2026-04-19,39.8,26.0,31.9,40.2,27.6,0.0,0.0,15.6,37.4,276,21.38,40385.4,6.17,3,Pune,18.5204,73.8567,Maharashtra
2026-04-20,38.6,25.4,31.1,40.2,27.0,0.0,0.0,15.7,41.0,302,22.56,43200.0,6.34,3,Pune,18.5204,73.8567,Maharashtra
2026-04-21,38.7,25.4,31.7,38.7,25.2,0.0,0.0,13.8,37.1,354,22.98,40120.48,6.57,3,Pune,18.5204,73.8567,Maharashtra
2026-04-22,38.4,24.9,30.9,40.3,27.2,0.0,0.0,20.6,48.2,286,22.08,43200.0,5.86,3,Pune,18.5204,73.8567,Maharashtra
2026-04-23,38.7,25.1,31.1,38.8,27.9,0.8,0.8,13.8,47.2,280,22.67,39088.38,6.29,53,Pune,18.5204,73.8567,Maharashtra
2026-04-24,39.7,25.6,32.1,38.4,25.9,0.0,0.0,17.5,47.2,280,21.2,39977.09,6.43,3,Pune,18.5204,73.8567,Maharashtra
2026-04-25,40.0,26.7,33.1,39.3,28.4,0.0,0.0,13.6,36.4,65,20.5,32508.24,6.31,3,Pune,18.5204,73.8567,Maharashtra
2026-04-26,41.0,26.8,33.0,42.4,25.4,0.0,0.0,18.5,42.8,254,23.62,42360.8,6.89,3,Pune,18.5204,73.8567,Maharashtra
2026-04-27,39.9,24.6,31.5,39.8,26.8,0.0,0.0,17.9,41.8,274,23.72,43200.0,6.68,3,Pune,18.5204,73.8567,Maharashtra
2026-04-28,39.1,24.9,31.4,39.8,26.8,0.0,0.0,17.1,43.9,278,24.85,43200.0,7.32,1,Pune,18.5204,73.8567,Maharashtra
2026-04-29,38.6,25.2,31.2,38.6,24.5,0.0,0.0,16.1,43.6,278,25.78,43200.0,7.59,2,Pune,18.5204,73.8567,Maharashtra
2026-04-30,37.5,24.2,30.1,36.6,24.0,0.0,0.0,20.2,49.3,269,26.07,43200.0,8.01,1,Pune,18.5204,73.8567,Maharashtra
2026-05-01,35.5,23.2,28.5,36.4,23.5,0.0,0.0,20.2,49.3,263,26.4,43200.0,7.45,0,Pune,18.5204,73.8567,Maharashtra
2026-05-02,37.0,22.6,29.0,37.2,24.1,0.0,0.0,20.3,48.6,269,25.52,43200.0,7.35,1,Pune,18.5204,73.8567,Maharashtra
2026-05-03,37.2,21.9,29.0,36.6,24.2,0.0,0.0,20.0,47.9,269,26.45,43200.0,7.62,0,Pune,18.5204,73.8567,Maharashtra
2026-05-04,36.2,21.7,28.4,35.0,23.7,0.0,0.0,20.3,51.8,267,26.34,43200.0,7.51,0,Pune,18.5204,73.8567,Maharashtra
2026-05-05,36.5,21.7,28.4,36.1,24.5,0.0,0.0,20.3,46.8,275,24.79,43200.0,6.77,1,Pune,18.5204,73.8567,Maharashtra
2026-05-06,37.2,22.3,29.2,38.3,25.7,0.0,0.0,16.4,43.6,278,25.58,43136.42,6.28,3,Pune,18.5204,73.8567,Maharashtra
2026-05-07,37.3,24.5,31.2,37.4,27.8,0.0,0.0,16.0,41.0,327,22.98,39896.14,6.71,3,Pune,18.5204,73.8567,Maharashtra
2026-05-08,37.1,26.0,31.7,35.7,29.4,0.0,0.0,15.9,40.7,62,18.89,38272.91,5.95,3,Pune,18.5204,73.8567,Maharashtra
2026-05-09,37.4,25.9,31.8,37.9,28.8,0.0,0.0,14.0,36.4,37,23.19,43200.0,6.55,1,Pune,18.5204,73.8567,Maharashtra
2026-05-10,40.7,26.2,33.1,40.3,26.4,0.0,0.0,14.7,36.0,322,21.79,35036.85,7.07,3,Pune,18.5204,73.8567,Maharashtra
2026-05-11,41.0,26.5,33.1,40.7,28.4,0.0,0.0,18.5,46.8,297,23.07,40164.1,7.51,3,Pune,18.5204,73.8567,Maharashtra
2026-05-12,41.8,26.2,32.7,41.9,25.3,0.0,0.0,20.2,56.5,281,22.68,43200.0,7.44,3,Pune,18.5204,73.8567,Maharashtra
2026-05-13,38.3,26.2,31.3,38.7,28.7,0.6,0.6,19.3,49.3,272,21.59,40648.11,6.7,51,Pune,18.5204,73.8567,Maharashtra
2026-05-14,37.8,25.3,30.7,36.9,28.3,0.0,0.0,18.6,45.4,282,17.26,37512.74,5.72,3,Pune,18.5204,73.8567,Maharashtra
2026-05-15,36.3,25.4,30.2,36.2,26.2,0.0,0.0,17.0,44.3,284,24.87,43200.0,7.37,3,Pune,18.5204,73.8567,Maharashtra
2026-05-16,38.8,23.6,30.5,41.2,26.6,0.1,0.1,16.7,40.3,290,25.48,43200.0,6.83,51,Pune,18.5204,73.8567,Maharashtra
2026-05-17,39.0,25.0,31.2,40.7,28.9,0.1,0.1,16.9,39.6,289,25.13,43200.0,6.94,51,Pune,18.5204,73.8567,Maharashtra
2026-05-18,40.2,24.8,31.4,41.5,26.7,0.2,0.2,18.2,48.6,281,26.23,43200.0,6.97,51,Pune,18.5204,73.8567,Maharashtra
2026-05-19,36.2,24.9,29.7,38.6,27.4,2.0,2.0,17.0,43.9,270,24.62,43200.0,6.82,61,Pune,18.5204,73.8567,Maharashtra
2026-05-20,35.9,23.9,28.6,38.7,26.4,2.4,2.4,15.8,41.4,267,22.9,42778.67,6.1,61,Pune,18.5204,73.8567,Maharashtra
2026-05-21,37.6,24.1,29.8,40.4,27.1,1.0,1.0,15.5,48.6,272,24.78,42885.16,6.53,53,Pune,18.5204,73.8567,Maharashtra
2026-05-22,36.5,25.2,28.9,40.5,28.9,3.4,3.4,16.4,41.0,264,22.23,40965.65,5.58,61,Pune,18.5204,73.8567,Maharashtra
2026-05-23,33.3,24.8,28.1,37.3,29.0,1.7,1.7,13.3,38.9,271,23.09,43200.0,5.42,53,Pune,18.5204,73.8567,Maharashtra
2026-05-24,33.9,25.3,28.1,37.9,29.1,2.8,2.8,18.4,52.2,270,23.57,42376.24,5.65,55,Pune,18.5204,73.8567,Maharashtra
2026-05-25,35.3,23.7,28.2,38.9,28.1,2.4,2.4,18.1,43.9,270,24.12,43200.0,5.85,61,Pune,18.5204,73.8567,Maharashtra
2026-05-26,35.3,24.1,29.0,38.4,27.9,0.0,0.0,15.4,36.7,277,25.62,43200.0,6.45,1,Pune,18.5204,73.8567,Maharashtra
2026-05-27,36.8,24.2,29.3,40.1,27.8,1.3,1.3,14.5,42.5,272,24.48,41850.84,6.3,53,Pune,18.5204,73.8567,Maharashtra
2026-05-28,37.2,24.1,29.4,39.8,27.0,0.0,0.0,17.2,43.6,273,26.06,43200.0,6.94,3,Pune,18.5204,73.8567,Maharashtra
2026-05-29,35.5,24.4,29.2,37.9,27.2,0.0,0.0,17.8,46.8,266,25.83,43200.0,6.94,3,Pune,18.5204,73.8567,Maharashtra
2026-05-30,36.1,24.7,29.5,38.3,27.4,0.1,0.1,18.2,41.8,267,25.37,43200.0,6.9,51,Pune,18.5204,73.8567,Maharashtra
2026-05-31,34.3,25.3,28.9,37.5,28.4,1.7,1.7,15.8,38.9,275,23.97,43200.0,6.23,51,Pune,18.5204,73.8567,Maharashtra
2026-06-01,36.6,24.0,29.3,39.0,28.1,1.4,1.4,17.8,42.1,268,25.66,43200.0,6.63,61,Pune,18.5204,73.8567,Maharashtra
2026-06-02,36.1,24.7,28.7,38.7,28.2,2.3,2.3,22.3,52.6,269,24.38,43200.0,6.28,53,Pune,18.5204,73.8567,Maharashtra
2026-06-03,35.9,23.7,28.6,39.2,27.1,0.2,0.2,17.8,42.5,256,25.0,43200.0,6.43,51,Pune,18.5204,73.8567,Maharashtra
2026-06-04,36.5,24.0,28.7,40.3,27.4,1.0,1.0,18.7,52.6,258,24.52,43200.0,6.14,53,Pune,18.5204,73.8567,Maharashtra
2026-06-05,35.9,25.3,29.0,39.5,28.8,2.4,2.4,16.3,42.8,263,23.82,43149.24,6.06,55,Pune,18.5204,73.8567,Maharashtra
2026-06-06,36.5,25.4,29.2,39.2,28.9,1.4,1.4,19.2,46.8,275,24.67,43200.0,6.36,55,Pune,18.5204,73.8567,Maharashtra
2026-06-07,35.3,24.9,28.9,38.5,28.1,1.6,1.6,18.7,46.1,269,24.5,43200.0,6.41,61,Pune,18.5204,73.8567,Maharashtra
2026-06-08,33.5,24.5,28.2,36.7,27.6,1.6,1.6,20.0,49.7,265,23.29,43165.95,6.03,53,Pune,18.5204,73.8567,Maharashtra
2026-06-09,33.1,24.3,27.7,35.5,27.0,1.1,1.1,20.2,50.0,262,22.95,43200.0,5.79,55,Pune,18.5204,73.8567,Maharashtra
2026-06-10,33.8,24.5,28.3,35.9,26.9,0.2,0.2,20.3,48.2,263,23.71,43200.0,6.35,51,Pune,18.5204,73.8567,Maharashtra
2026-06-11,35.2,24.7,28.8,37.7,27.5,0.0,0.0,19.1,46.8,264,26.11,43200.0,6.86,3,Pune,18.5204,73.8567,Maharashtra
2026-06-12,34.2,24.5,28.6,36.8,27.6,0.8,0.8,18.6,46.4,257,21.3,43200.0,5.84,51,Pune,18.5204,73.8567,Maharashtra
2026-06-13,34.4,24.9,28.6,36.5,28.0,1.2,1.2,21.6,51.8,266,24.45,40849.01,6.53,55,Pune,18.5204,73.8567,Maharashtra
2026-06-14,33.5,24.7,28.0,35.3,27.6,2.1,2.1,22.0,53.3,270,22.0,43384.11,6.0,53,Pune,18.5204,73.8567,Maharashtra
2026-06-15,33.8,24.0,27.9,35.6,27.0,1.7,1.7,21.5,51.8,274,22.91,43200.0,6.17,53,Pune,18.5204,73.8567,Maharashtra
2026-06-16,34.5,23.4,28.1,36.1,27.0,0.6,0.6,19.8,47.9,269,24.42,43632.74,6.38,53,Pune,18.5204,73.8567,Maharashtra
2026-06-17,35.1,23.9,28.2,37.0,26.9,2.8,2.8,20.9,50.4,271,25.45,43360.4,6.64,61,Pune,18.5204,73.8567,Maharashtra
2026-06-18,34.1,23.6,27.9,36.5,26.2,2.3,2.3,16.9,43.9,269,24.98,43617.39,6.57,61,Pune,18.5204,73.8567,Maharashtra
2026-06-19,34.0,22.7,27.8,35.7,25.3,1.6,1.6,16.8,41.4,261,24.9,43609.95,6.53,61,Pune,18.5204,73.8567,Maharashtra
2026-06-20,34.8,23.3,28.3,36.8,26.1,0.6,0.6,18.0,41.4,264,23.87,40842.1,6.22,53,Pune,18.5204,73.8567,Maharashtra
2026-06-21,35.7,24.5,28.0,39.0,27.4,2.8,2.8,20.0,51.5,267,21.64,43200.0,5.33,61,Pune,18.5204,73.8567,Maharashtra
2026-06-22,32.4,24.7,26.9,35.3,27.9,6.9,6.9,16.7,43.9,244,18.55,40505.2,4.39,63,Pune,18.5204,73.8567,Maharashtra
2026-06-23,28.0,22.1,24.4,30.7,24.5,19.5,19.5,19.3,45.0,234,9.9,5724.14,2.35,63,Pune,18.5204,73.8567,Maharashtra
2026-06-24,27.1,21.9,23.6,28.9,24.5,9.0,9.0,13.7,34.6,259,11.22,9466.33,2.59,61,Pune,18.5204,73.8567,Maharashtra
2026-06-25,29.9,22.7,25.3,34.0,25.0,0.9,0.9,16.6,38.5,262,18.64,28834.32,4.29,51,Pune,18.5204,73.8567,Maharashtra
2026-06-26,31.3,22.6,25.8,35.1,25.7,0.1,0.1,15.5,35.6,262,18.42,25726.24,4.34,51,Pune,18.5204,73.8567,Maharashtra
2026-06-27,32.8,23.1,26.7,36.5,26.4,1.6,1.6,16.8,41.0,263,23.72,41161.56,5.28,53,Pune,18.5204,73.8567,Maharashtra
2026-06-28,31.5,23.7,25.6,37.4,27.3,11.7,11.7,18.8,43.6,262,17.99,33251.13,3.76,63,Pune,18.5204,73.8567,Maharashtra
2026-06-29,28.3,23.0,24.9,32.1,26.5,4.0,4.0,16.2,38.5,263,17.89,32642.99,3.75,53,Pune,18.5204,73.8567,Maharashtra
2026-06-30,27.1,23.3,24.4,31.1,25.9,18.9,18.9,18.4,44.3,248,13.89,14885.84,2.91,63,Pune,18.5204,73.8567,Maharashtra
2026-07-01,27.1,22.6,23.9,29.8,25.0,26.6,26.6,20.7,43.2,252,12.6,13227.62,2.6,63,Pune,18.5204,73.8567,Maharashtra
2026-07-02,25.6,22.5,23.6,27.7,24.8,9.4,9.4,20.3,45.4,253,9.87,2499.41,2.11,55,Pune,18.5204,73.8567,Maharashtra
2026-07-03,25.1,22.4,23.3,27.5,24.9,23.4,23.4,19.6,45.7,255,7.99,177.97,1.71,63,Pune,18.5204,73.8567,Maharashtra
2026-07-04,24.2,22.2,23.1,27.0,23.9,27.4,27.4,21.7,44.6,258,6.2,0.0,1.37,63,Pune,18.5204,73.8567,Maharashtra
2026-07-05,24.9,22.7,23.5,28.1,24.9,87.7,87.7,23.5,52.2,245,7.83,809.89,1.61,65,Pune,18.5204,73.8567,Maharashtra
2026-07-06,24.2,22.9,23.5,26.7,23.7,44.2,44.2,31.3,61.9,250,6.12,398.18,1.41,63,Pune,18.5204,73.8567,Maharashtra
2026-07-07,26.7,22.9,24.2,28.4,24.6,15.4,15.4,27.5,63.4,253,16.5,24367.22,3.24,63,Pune,18.5204,73.8567,Maharashtra
2026-07-08,25.9,23.3,24.4,28.9,24.6,45.2,45.2,28.2,59.0,262,12.05,6493.57,2.56,65,Pune,18.5204,73.8567,Maharashtra
2026-07-09,28.3,23.4,25.2,31.2,25.9,0.6,0.6,21.6,50.0,255,20.98,39210.09,4.35,51,Pune,18.5204,73.8567,Maharashtra
2026-07-10,28.9,23.3,25.3,32.3,25.9,0.0,0.0,19.9,46.4,261,20.84,35426.75,4.43,3,Pune,18.5204,73.8567,Maharashtra
2026-07-11,28.8,23.3,25.2,30.3,25.3,0.2,0.2,22.8,57.2,258,20.69,40518.51,4.56,51,Pune,18.5204,73.8567,Maharashtra
2026-07-12,29.5,22.6,25.5,32.0,24.3,0.0,0.0,24.9,58.0,254,24.52,42907.48,5.29,3,Pune,18.5204,73.8567,Maharashtra
2026-07-13,29.3,23.0,25.4,32.0,24.8,0.0,0.0,21.8,50.8,257,25.32,43796.87,5.5,3,Pune,18.5204,73.8567,Maharashtra
2026-07-14,29.9,22.6,25.6,32.6,24.6,0.0,0.0,20.0,47.9,262,24.77,39600.0,5.51,3,Pune,18.5204,73.8567,Maharashtra
2026-07-15,28.5,22.6,24.8,31.0,25.1,2.4,2.4,21.0,49.7,251,19.02,31076.28,4.24,53,Pune,18.5204,73.8567,Maharashtra
2026-07-16,29.0,23.1,25.3,32.2,25.8,4.2,4.2,19.0,45.0,255,21.74,38774.14,4.72,61,Pune,18.5204,73.8567,Maharashtra
2026-07-17,28.3,23.4,25.1,31.8,25.9,2.9,2.9,20.8,48.2,261,19.16,34127.51,4.22,53,Pune,18.5204,73.8567,Maharashtra
2026-07-18,27.9,22.7,24.5,29.7,25.5,6.5,6.5,20.7,49.0,260,14.77,22451.58,3.38,61,Pune,18.5204,73.8567,Maharashtra
2026-07-19,27.4,22.7,24.4,30.2,25.5,1.9,1.9,19.7,46.8,256,15.87,24115.3,3.41,53,Pune,18.5204,73.8567,Maharashtra
2026-07-20,27.1,22.7,24.2,30.1,25.0,4.5,4.5,22.8,52.2,251,16.25,23060.91,3.36,53,Pune,18.5204,73.8567,Maharashtra
2026-07-21,26.4,22.7,23.9,28.7,24.3,11.5,11.5,25.2,55.8,252,14.76,20255.22,3.03,61,Pune,18.5204,73.8567,Maharashtra
2026-07-22,25.2,22.2,23.2,25.8,22.9,11.1,11.1,26.6,60.5,246,12.64,9829.97,2.64,61,Pune,18.5204,73.8567,Maharashtra
2026-07-23,25.3,20.7,23.1,26.8,19.9,15.4,15.4,28.2,60.8,241,9.63,10.75,2.31,63,Pune,18.5204,73.8567,Maharashtra
2026-07-24,26.2,22.6,24.0,28.9,23.9,12.0,12.0,28.2,62.6,244,22.39,40113.33,4.06,61,Pune,18.5204,73.8567,Maharashtra
2026-07-25,27.6,22.4,24.4,30.6,24.0,5.2,5.2,23.4,53.6,250,21.02,41217.8,4.12,55,Pune,18.5204,73.8567,Maharashtra
2026-07-26,27.8,22.5,24.4,29.9,24.9,2.4,2.4,22.7,51.8,254,21.05,38896.97,4.15,53,Pune,18.5204,73.8567,Maharashtra
2026-07-27,26.8,22.8,24.3,29.6,25.4,9.7,9.7,20.7,46.8,258,16.81,28538.81,3.27,63,Pune,18.5204,73.8567,Maharashtra
2026-07-28,27.2,22.3,24.4,30.5,25.2,5.0,5.0,22.9,51.5,259,19.26,37595.8,3.75,55,Pune,18.5204,73.8567,Maharashtra
2026-07-29,26.7,23.3,24.5,29.4,25.5,4.1,4.1,25.8,59.4,263,20.12,22760.91,3.86,53,Pune,18.5204,73.8567,Maharashtra
2026-07-30,26.1,23.2,24.3,28.0,25.2,5.8,5.8,23.8,52.9,265,12.37,7627.71,2.65,61,Pune,18.5204,73.8567,Maharashtra
2026-07-31,25.1,22.6,23.6,27.8,24.6,17.3,17.3,21.1,47.2,260,7.33,0.0,1.64,63,Pune,18.5204,73.8567,Maharashtra
2026-08-01,27.1,22.8,24.4,28.8,24.5,4.6,4.6,26.8,60.8,256,21.0,38841.68,4.09,53,Pune,18.5204,73.8567,Maharashtra
2026-08-02,27.2,23.0,24.5,29.0,25.2,2.6,2.6,22.4,51.5,259,17.27,34758.61,3.52,53,Pune,18.5204,73.8567,Maharashtra
2026-08-03,25.8,23.2,24.0,28.0,25.8,11.4,11.4,19.9,44.3,263,11.29,18034.03,2.38,61,Pune,18.5204,73.8567,Maharashtra
2026-08-04,27.8,23.0,24.8,31.3,25.7,2.1,2.1,18.4,43.6,266,20.97,32952.05,4.21,53,Pune,18.5204,73.8567,Maharashtra
2026-08-05,26.9,22.9,24.2,29.5,25.8,5.9,5.9,19.7,44.6,259,16.44,25953.03,3.27,61,Pune,18.5204,73.8567,Maharashtra
2026-08-06,26.9,22.9,24.4,30.0,25.2,8.3,8.3,22.8,52.9,264,20.78,39600.0,4.0,63,Pune,18.5204,73.8567,Maharashtra
2026-08-07,27.4,22.5,24.4,30.0,24.2,1.9,1.9,24.0,53.3,270,22.59,39600.0,4.39,53,Pune,18.5204,73.8567,Maharashtra
2026-08-08,27.1,22.6,24.5,30.1,24.9,2.2,2.2,21.4,51.8,270,23.44,39600.0,4.54,51,Pune,18.5204,73.8567,Maharashtra
2026-08-09,27.9,22.9,24.6,30.9,25.0,1.3,1.3,20.7,50.4,270,23.48,38652.31,4.64,51,Pune,18.5204,73.8567,Maharashtra
2026-08-10,27.4,22.4,24.1,30.0,25.1,4.6,4.6,23.8,52.9,268,22.51,41620.45,4.27,61,Pune,18.5204,73.8567,Maharashtra
2026-08-11,27.0,22.2,23.7,30.3,24.6,21.3,21.3,19.7,46.8,262,16.18,27249.62,3.2,63,Pune,18.5204,73.8567,Maharashtra
2026-08-12,26.1,22.3,23.8,28.4,24.5,6.9,6.9,19.8,46.8,264,15.95,27943.02,3.13,63,Pune,18.5204,73.8567,Maharashtra
2026-08-13,26.6,22.5,23.8,29.1,24.9,4.8,4.8,20.9,48.6,261,18.15,33474.67,3.53,55,Pune,18.5204,73.8567,Maharashtra
2026-08-14,27.0,22.5,24.1,29.9,24.8,2.6,2.6,20.9,50.8,261,21.56,41697.89,4.19,55,Pune,18.5204,73.8567,Maharashtra
2026-08-15,27.0,22.2,23.8,30.1,24.7,2.9,2.9,19.7,47.9,259,18.78,33070.88,3.69,53,Pune,18.5204,73.8567,Maharashtra
2026-08-16,27.7,22.2,24.3,30.6,24.6,0.7,0.7,19.3,46.1,255,21.96,40111.67,4.39,51,Pune,18.5204,73.8567,Maharashtra
2026-08-17,26.3,22.5,24.0,28.4,24.8,2.1,2.1,21.7,50.0,251,19.21,41237.06,3.81,51,Pune,18.5204,73.8567,Maharashtra
2026-08-18,27.3,22.5,24.3,30.0,24.8,2.5,2.5,22.3,53.3,264,22.81,42150.49,4.35,53,Pune,18.5204,73.8567,Maharashtra
2026-08-19,27.5,22.4,24.4,30.3,24.7,0.4,0.4,20.1,47.9,269,19.36,32178.45,3.96,51,Pune,18.5204,73.8567,Maharashtra
2026-08-20,28.2,22.7,24.5,31.5,24.9,0.4,0.4,18.9,45.0,270,21.01,38894.45,4.31,51,Pune,18.5204,73.8567,Maharashtra
2026-08-21,28.1,22.3,24.3,31.3,24.8,1.3,1.3,19.4,45.4,264,22.4,39184.53,4.55,53,Pune,18.5204,73.8567,Maharashtra
2026-08-22,27.0,22.3,24.1,30.2,24.9,2.3,2.3,20.4,48.2,266,17.43,33235.35,3.6,53,Pune,18.5204,73.8567,Maharashtra
2026-08-23,27.6,22.6,24.5,31.1,25.2,2.2,2.2,20.4,48.2,265,22.69,42055.88,4.44,51,Pune,18.5204,73.8567,Maharashtra
2026-08-24,28.2,22.6,24.7,31.8,25.8,1.6,1.6,20.7,47.5,267,21.73,41297.44,4.39,53,Pune,18.5204,73.8567,Maharashtra
2026-08-25,28.3,22.6,24.6,31.7,25.3,0.5,0.5,20.2,47.5,267,22.68,41703.11,4.56,51,Pune,18.5204,73.8567,Maharashtra
2026-08-26,28.3,22.6,24.7,31.5,24.8,0.8,0.8,19.1,46.1,269,22.39,40740.18,4.58,51,Pune,18.5204,73.8567,Maharashtra
2026-08-27,27.6,22.7,24.3,30.9,24.8,2.3,2.3,22.0,51.1,263,23.01,42689.81,4.62,53,Pune,18.5204,73.8567,Maharashtra
2026-08-28,27.3,22.2,24.1,29.8,24.3,2.3,2.3,23.0,53.6,264,22.58,40963.73,4.47,53,Pune,18.5204,73.8567,Maharashtra
2026-08-29,26.5,22.3,23.9,28.8,24.0,5.0,5.0,24.7,55.4,267,21.96,40183.22,4.23,55,Pune,18.5204,73.8567,Maharashtra
2026-08-30,28.0,21.8,24.3,29.9,23.1,0.1,0.1,24.2,56.2,266,23.11,41590.07,4.75,51,Pune,18.5204,73.8567,Maharashtra
2026-08-31,28.6,22.3,24.5,31.4,24.1,0.5,0.5,21.1,50.4,270,23.59,39600.0,4.93,51,Pune,18.5204,73.8567,Maharashtra
2026-09-01,29.1,22.5,24.9,32.3,24.6,1.6,1.6,19.8,46.8,269,23.58,41622.73,5.04,53,Pune,18.5204,73.8567,Maharashtra
2026-09-02,28.3,22.3,24.5,31.9,25.1,2.8,2.8,20.3,50.8,262,21.72,39057.13,4.46,53,Pune,18.5204,73.8567,Maharashtra
2026-09-03,28.6,22.2,24.4,31.8,25.1,1.2,1.2,19.6,48.6,262,21.81,38819.98,4.51,51,Pune,18.5204,73.8567,Maharashtra
2026-09-04,28.4,22.2,24.5,31.8,25.1,3.7,3.7,17.9,46.4,263,22.3,39633.11,4.57,55,Pune,18.5204,73.8567,Maharashtra
2026-09-05,28.2,22.3,24.5,31.5,25.2,1.4,1.4,19.3,48.2,268,23.13,40253.88,4.64,53,Pune,18.5204,73.8567,Maharashtra
2026-09-06,28.3,22.4,24.3,32.0,25.6,5.4,5.4,18.7,42.1,267,20.83,39600.0,4.18,55,Pune,18.5204,73.8567,Maharashtra
2026-09-07,28.5,22.0,24.6,32.0,24.9,2.0,2.0,17.6,43.9,273,22.34,39600.0,4.61,53,Pune,18.5204,73.8567,Maharashtra
2026-09-08,28.0,22.0,24.2,31.1,24.9,1.9,1.9,19.7,46.4,274,22.13,42145.45,4.5,53,Pune,18.5204,73.8567,Maharashtra
2026-09-09,29.0,21.4,24.5,32.4,24.3,1.9,1.9,15.5,37.8,279,22.14,43200.0,4.63,53,Pune,18.5204,73.8567,Maharashtra
2026-09-10,29.3,21.6,24.6,33.5,24.6,1.3,1.3,14.8,37.4,281,21.35,42180.24,4.56,51,Pune,18.5204,73.8567,Maharashtra
2026-09-11,29.9,21.5,25.0,33.8,24.2,1.5,1.5,13.6,34.6,283,22.76,42198.08,4.89,53,Pune,18.5204,73.8567,Maharashtra
